{ "editorVersion": 5.0, "instances": [ { "layer": 0.0, "deleted": 0.0, "variables": { "x": 64.0, "y": 480.0, "image_xscale": 60.0, "image_yscale": 2.0, "flipX": 0.0, "flipY": 0.0 }, "object": 517.0 }, { "layer": 0.0, "deleted": 0.0, "variables": { "x": 1984.0, "y": -320.0, "image_xscale": 2.0, "image_yscale": 27.0, "flipX": 0.0, "flipY": 0.0 }, "object": 517.0 }, { "layer": 0.0, "deleted": 0.0, "variables": { "x": 64.0, "y": -320.0, "image_xscale": 60.0, "image_yscale": 2.0, "flipX": 0.0, "flipY": 0.0 }, "object": 517.0 }, { "layer": 0.0, "deleted": 0.0, "variables": { "x": 0.0, "y": -320.0, "image_xscale": 2.0, "image_yscale": 27.0, "flipX": 0.0, "flipY": 0.0 }, "object": 517.0 }, { "layer": 0.0, "deleted": 0.0, "variables": { "x": 128.0, "flipX": 0.0, "y": 160.0, "flipY": 0.0 }, "object": 804.0 } ], "tile_data": { "5": { "2016_256": { "autotile": 1.0, "autotile_index": 0.0, "tileset": "tile_medieval3", "coord": [ 2.0, 2.0 ] }, "320_-320": { "autotile": 1.0, "autotile_index": 0.0, "tileset": "tile_medieval3", "coord": [ 2.0, 2.0 ] }, "768_512": { "coord": [ 2.0, 2.0 ], "autotile_index": 0.0, "tileset": "tile_medieval3", "autotile": 1.0 }, "1536_512": { "autotile": 1.0, "autotile_index": 0.0, "tileset": "tile_medieval3", "coord": [ 2.0, 2.0 ] }, "544_480": { "coord": [ 2.0, 1.0 ], "autotile_index": 0.0, "tileset": "tile_medieval3", "autotile": 1.0 }, "1440_512": { "autotile": 1.0, "autotile_index": 0.0, "tileset": "tile_medieval3", "coord": [ 2.0, 2.0 ] }, "1984_352": { "autotile": 1.0, "autotile_index": 0.0, "tileset": "tile_medieval3", "coord": [ 1.0, 2.0 ] }, "32_224": { "autotile": 1.0, "autotile_index": 0.0, "tileset": "tile_medieval3", "coord": [ 3.0, 2.0 ] }, "512_480": { "coord": [ 2.0, 1.0 ], "autotile_index": 0.0, "tileset": "tile_medieval3", "autotile": 1.0 }, "0_128": { "autotile": 1.0, "autotile_index": 0.0, "tileset": "tile_medieval3", "coord": [ 2.0, 2.0 ] }, "1536_-320": { "autotile": 1.0, "autotile_index": 0.0, "tileset": "tile_medieval3", "coord": [ 2.0, 2.0 ] }, "1504_512": { "autotile": 1.0, "autotile_index": 0.0, "tileset": "tile_medieval3", "coord": [ 2.0, 2.0 ] }, "1280_512": { "autotile": 1.0, "autotile_index": 0.0, "tileset": "tile_medieval3", "coord": [ 2.0, 2.0 ] }, "1984_-96": { "autotile": 1.0, "autotile_index": 0.0, "tileset": "tile_medieval3", "coord": [ 1.0, 2.0 ] }, "1856_-320": { "autotile": 1.0, "autotile_index": 0.0, "tileset": "tile_medieval3", "coord": [ 2.0, 2.0 ] }, "1632_480": { "autotile": 1.0, "autotile_index": 0.0, "tileset": "tile_medieval3", "coord": [ 2.0, 1.0 ] }, "1440_-320": { "autotile": 1.0, "autotile_index": 0.0, "tileset": "tile_medieval3", "coord": [ 2.0, 2.0 ] }, "0_-32": { "autotile": 1.0, "autotile_index": 0.0, "tileset": "tile_medieval3", "coord": [ 2.0, 2.0 ] }, "864_-288": { "autotile": 1.0, "autotile_index": 0.0, "tileset": "tile_medieval3", "coord": [ 2.0, 3.0 ] }, "384_-320": { "autotile": 1.0, "autotile_index": 0.0, "tileset": "tile_medieval3", "coord": [ 2.0, 2.0 ] }, "1184_512": { "autotile": 1.0, "autotile_index": 0.0, "tileset": "tile_medieval3", "coord": [ 2.0, 2.0 ] }, "1984_-320": { "autotile": 1.0, "autotile_index": 0.0, "tileset": "tile_medieval3", "coord": [ 2.0, 2.0 ] }, "1280_-320": { "autotile": 1.0, "autotile_index": 0.0, "tileset": "tile_medieval3", "coord": [ 2.0, 2.0 ] }, "0_160": { "autotile": 1.0, "autotile_index": 0.0, "tileset": "tile_medieval3", "coord": [ 2.0, 2.0 ] }, "1984_128": { "autotile": 1.0, "autotile_index": 0.0, "tileset": "tile_medieval3", "coord": [ 1.0, 2.0 ] }, "1792_-288": { "autotile": 1.0, "autotile_index": 0.0, "tileset": "tile_medieval3", "coord": [ 2.0, 3.0 ] }, "960_-288": { "autotile": 1.0, "autotile_index": 0.0, "tileset": "tile_medieval3", "coord": [ 2.0, 3.0 ] }, "864_-320": { "autotile": 1.0, "autotile_index": 0.0, "tileset": "tile_medieval3", "coord": [ 2.0, 2.0 ] }, "1568_512": { "autotile": 1.0, "autotile_index": 0.0, "tileset": "tile_medieval3", "coord": [ 2.0, 2.0 ] }, "480_-288": { "autotile": 1.0, "autotile_index": 0.0, "tileset": "tile_medieval3", "coord": [ 2.0, 3.0 ] }, "1088_-288": { "autotile": 1.0, "autotile_index": 0.0, "tileset": "tile_medieval3", "coord": [ 2.0, 3.0 ] }, "1376_512": { "autotile": 1.0, "autotile_index": 0.0, "tileset": "tile_medieval3", "coord": [ 2.0, 2.0 ] }, "2016_-224": { "autotile": 1.0, "autotile_index": 0.0, "tileset": "tile_medieval3", "coord": [ 2.0, 2.0 ] }, "128_-320": { "autotile": 1.0, "autotile_index": 0.0, "tileset": "tile_medieval3", "coord": [ 2.0, 2.0 ] }, "1600_-320": { "autotile": 1.0, "autotile_index": 0.0, "tileset": "tile_medieval3", "coord": [ 2.0, 2.0 ] }, "2016_96": { "autotile": 1.0, "autotile_index": 0.0, "tileset": "tile_medieval3", "coord": [ 2.0, 2.0 ] }, "832_-320": { "autotile": 1.0, "autotile_index": 0.0, "tileset": "tile_medieval3", "coord": [ 2.0, 2.0 ] }, "0_448": { "autotile": 1.0, "autotile_index": 0.0, "tileset": "tile_medieval3", "coord": [ 2.0, 2.0 ] }, "1984_-288": { "autotile": 1.0, "autotile_index": 0.0, "tileset": "tile_medieval3", "coord": [ 3.0, 5.0 ] }, "1792_480": { "autotile": 1.0, "autotile_index": 0.0, "tileset": "tile_medieval3", "coord": [ 2.0, 1.0 ] }, "480_480": { "coord": [ 2.0, 1.0 ], "autotile_index": 0.0, "tileset": "tile_medieval3", "autotile": 1.0 }, "1152_-320": { "autotile": 1.0, "autotile_index": 0.0, "tileset": "tile_medieval3", "coord": [ 2.0, 2.0 ] }, "1888_512": { "autotile": 1.0, "autotile_index": 0.0, "tileset": "tile_medieval3", "coord": [ 2.0, 2.0 ] }, "992_512": { "autotile": 1.0, "autotile_index": 0.0, "tileset": "tile_medieval3", "coord": [ 2.0, 2.0 ] }, "576_480": { "coord": [ 2.0, 1.0 ], "autotile_index": 0.0, "tileset": "tile_medieval3", "autotile": 1.0 }, "704_-320": { "autotile": 1.0, "autotile_index": 0.0, "tileset": "tile_medieval3", "coord": [ 2.0, 2.0 ] }, "32_-192": { "autotile": 1.0, "autotile_index": 0.0, "tileset": "tile_medieval3", "coord": [ 3.0, 2.0 ] }, "1152_480": { "autotile": 1.0, "autotile_index": 0.0, "tileset": "tile_medieval3", "coord": [ 2.0, 1.0 ] }, "0_384": { "autotile": 1.0, "autotile_index": 0.0, "tileset": "tile_medieval3", "coord": [ 2.0, 2.0 ] }, "416_480": { "coord": [ 2.0, 1.0 ], "autotile_index": 0.0, "tileset": "tile_medieval3", "autotile": 1.0 }, "1664_-288": { "autotile": 1.0, "autotile_index": 0.0, "tileset": "tile_medieval3", "coord": [ 2.0, 3.0 ] }, "1184_480": { "autotile": 1.0, "autotile_index": 0.0, "tileset": "tile_medieval3", "coord": [ 2.0, 1.0 ] }, "288_-288": { "autotile": 1.0, "autotile_index": 0.0, "tileset": "tile_medieval3", "coord": [ 2.0, 3.0 ] }, "32_320": { "autotile": 1.0, "autotile_index": 0.0, "tileset": "tile_medieval3", "coord": [ 3.0, 2.0 ] }, "0_-320": { "autotile": 1.0, "autotile_index": 0.0, "tileset": "tile_medieval3", "coord": [ 2.0, 2.0 ] }, "512_-320": { "autotile": 1.0, "autotile_index": 0.0, "tileset": "tile_medieval3", "coord": [ 2.0, 2.0 ] }, "32_-160": { "autotile": 1.0, "autotile_index": 0.0, "tileset": "tile_medieval3", "coord": [ 3.0, 2.0 ] }, "1088_512": { "autotile": 1.0, "autotile_index": 0.0, "tileset": "tile_medieval3", "coord": [ 2.0, 2.0 ] }, "832_512": { "coord": [ 2.0, 2.0 ], "autotile_index": 0.0, "tileset": "tile_medieval3", "autotile": 1.0 }, "1664_512": { "autotile": 1.0, "autotile_index": 0.0, "tileset": "tile_medieval3", "coord": [ 2.0, 2.0 ] }, "768_-320": { "autotile": 1.0, "autotile_index": 0.0, "tileset": "tile_medieval3", "coord": [ 2.0, 2.0 ] }, "256_512": { "coord": [ 2.0, 2.0 ], "autotile_index": 0.0, "tileset": "tile_medieval3", "autotile": 1.0 }, "1984_256": { "autotile": 1.0, "autotile_index": 0.0, "tileset": "tile_medieval3", "coord": [ 1.0, 2.0 ] }, "128_-288": { "autotile": 1.0, "autotile_index": 0.0, "tileset": "tile_medieval3", "coord": [ 2.0, 3.0 ] }, "800_512": { "coord": [ 2.0, 2.0 ], "autotile_index": 0.0, "tileset": "tile_medieval3", "autotile": 1.0 }, "1664_-320": { "autotile": 1.0, "autotile_index": 0.0, "tileset": "tile_medieval3", "coord": [ 2.0, 2.0 ] }, "832_-288": { "autotile": 1.0, "autotile_index": 0.0, "tileset": "tile_medieval3", "coord": [ 2.0, 3.0 ] }, "1152_512": { "autotile": 1.0, "autotile_index": 0.0, "tileset": "tile_medieval3", "coord": [ 2.0, 2.0 ] }, "1728_-320": { "autotile": 1.0, "autotile_index": 0.0, "tileset": "tile_medieval3", "coord": [ 2.0, 2.0 ] }, "64_480": { "autotile": 1.0, "autotile_index": 0.0, "tileset": "tile_medieval3", "coord": [ 2.0, 1.0 ] }, "1472_512": { "autotile": 1.0, "autotile_index": 0.0, "tileset": "tile_medieval3", "coord": [ 2.0, 2.0 ] }, "1888_-320": { "autotile": 1.0, "autotile_index": 0.0, "tileset": "tile_medieval3", "coord": [ 2.0, 2.0 ] }, "1344_512": { "autotile": 1.0, "autotile_index": 0.0, "tileset": "tile_medieval3", "coord": [ 2.0, 2.0 ] }, "0_512": { "autotile": 1.0, "autotile_index": 0.0, "tileset": "tile_medieval3", "coord": [ 2.0, 2.0 ] }, "2016_-256": { "autotile": 1.0, "autotile_index": 0.0, "tileset": "tile_medieval3", "coord": [ 2.0, 2.0 ] }, "2016_32": { "autotile": 1.0, "autotile_index": 0.0, "tileset": "tile_medieval3", "coord": [ 2.0, 2.0 ] }, "1472_480": { "autotile": 1.0, "autotile_index": 0.0, "tileset": "tile_medieval3", "coord": [ 2.0, 1.0 ] }, "2016_-32": { "autotile": 1.0, "autotile_index": 0.0, "tileset": "tile_medieval3", "coord": [ 2.0, 2.0 ] }, "896_-320": { "autotile": 1.0, "autotile_index": 0.0, "tileset": "tile_medieval3", "coord": [ 2.0, 2.0 ] }, "2016_416": { "autotile": 1.0, "autotile_index": 0.0, "tileset": "tile_medieval3", "coord": [ 2.0, 2.0 ] }, "1376_480": { "autotile": 1.0, "autotile_index": 0.0, "tileset": "tile_medieval3", "coord": [ 2.0, 1.0 ] }, "2016_-320": { "autotile": 1.0, "autotile_index": 0.0, "tileset": "tile_medieval3", "coord": [ 2.0, 2.0 ] }, "1120_-320": { "autotile": 1.0, "autotile_index": 0.0, "tileset": "tile_medieval3", "coord": [ 2.0, 2.0 ] }, "32_128": { "autotile": 1.0, "autotile_index": 0.0, "tileset": "tile_medieval3", "coord": [ 3.0, 2.0 ] }, "1408_512": { "autotile": 1.0, "autotile_index": 0.0, "tileset": "tile_medieval3", "coord": [ 2.0, 2.0 ] }, "1312_480": { "autotile": 1.0, "autotile_index": 0.0, "tileset": "tile_medieval3", "coord": [ 2.0, 1.0 ] }, "1984_-160": { "autotile": 1.0, "autotile_index": 0.0, "tileset": "tile_medieval3", "coord": [ 1.0, 2.0 ] }, "1024_-320": { "autotile": 1.0, "autotile_index": 0.0, "tileset": "tile_medieval3", "coord": [ 2.0, 2.0 ] }, "1248_512": { "autotile": 1.0, "autotile_index": 0.0, "tileset": "tile_medieval3", "coord": [ 2.0, 2.0 ] }, "2016_384": { "autotile": 1.0, "autotile_index": 0.0, "tileset": "tile_medieval3", "coord": [ 2.0, 2.0 ] }, "480_512": { "coord": [ 2.0, 2.0 ], "autotile_index": 0.0, "tileset": "tile_medieval3", "autotile": 1.0 }, "544_512": { "coord": [ 2.0, 2.0 ], "autotile_index": 0.0, "tileset": "tile_medieval3", "autotile": 1.0 }, "384_-288": { "autotile": 1.0, "autotile_index": 0.0, "tileset": "tile_medieval3", "coord": [ 2.0, 3.0 ] }, "0_-96": { "autotile": 1.0, "autotile_index": 0.0, "tileset": "tile_medieval3", "coord": [ 2.0, 2.0 ] }, "416_512": { "coord": [ 2.0, 2.0 ], "autotile_index": 0.0, "tileset": "tile_medieval3", "autotile": 1.0 }, "32_64": { "autotile": 1.0, "autotile_index": 0.0, "tileset": "tile_medieval3", "coord": [ 3.0, 2.0 ] }, "224_-288": { "autotile": 1.0, "autotile_index": 0.0, "tileset": "tile_medieval3", "coord": [ 2.0, 3.0 ] }, "0_-224": { "autotile": 1.0, "autotile_index": 0.0, "tileset": "tile_medieval3", "coord": [ 2.0, 2.0 ] }, "864_480": { "autotile": 1.0, "autotile_index": 0.0, "tileset": "tile_medieval3", "coord": [ 2.0, 1.0 ] }, "736_512": { "coord": [ 2.0, 2.0 ], "autotile_index": 0.0, "tileset": "tile_medieval3", "autotile": 1.0 }, "448_480": { "coord": [ 2.0, 1.0 ], "autotile_index": 0.0, "tileset": "tile_medieval3", "autotile": 1.0 }, "288_480": { "coord": [ 2.0, 1.0 ], "autotile_index": 0.0, "tileset": "tile_medieval3", "autotile": 1.0 }, "480_-320": { "autotile": 1.0, "autotile_index": 0.0, "tileset": "tile_medieval3", "coord": [ 2.0, 2.0 ] }, "672_-288": { "autotile": 1.0, "autotile_index": 0.0, "tileset": "tile_medieval3", "coord": [ 2.0, 3.0 ] }, "1984_0": { "autotile": 1.0, "autotile_index": 0.0, "tileset": "tile_medieval3", "coord": [ 1.0, 2.0 ] }, "2016_480": { "autotile": 1.0, "autotile_index": 0.0, "tileset": "tile_medieval3", "coord": [ 2.0, 2.0 ] }, "96_480": { "autotile": 1.0, "autotile_index": 0.0, "tileset": "tile_medieval3", "coord": [ 2.0, 1.0 ] }, "1120_-288": { "autotile": 1.0, "autotile_index": 0.0, "tileset": "tile_medieval3", "coord": [ 2.0, 3.0 ] }, "1728_512": { "autotile": 1.0, "autotile_index": 0.0, "tileset": "tile_medieval3", "coord": [ 2.0, 2.0 ] }, "1216_480": { "autotile": 1.0, "autotile_index": 0.0, "tileset": "tile_medieval3", "coord": [ 2.0, 1.0 ] }, "640_-288": { "autotile": 1.0, "autotile_index": 0.0, "tileset": "tile_medieval3", "coord": [ 2.0, 3.0 ] }, "32_384": { "autotile": 1.0, "autotile_index": 0.0, "tileset": "tile_medieval3", "coord": [ 3.0, 2.0 ] }, "928_480": { "autotile": 1.0, "autotile_index": 0.0, "tileset": "tile_medieval3", "coord": [ 2.0, 1.0 ] }, "1920_-320": { "autotile": 1.0, "autotile_index": 0.0, "tileset": "tile_medieval3", "coord": [ 2.0, 2.0 ] }, "1632_-320": { "autotile": 1.0, "autotile_index": 0.0, "tileset": "tile_medieval3", "coord": [ 2.0, 2.0 ] }, "1344_-288": { "autotile": 1.0, "autotile_index": 0.0, "tileset": "tile_medieval3", "coord": [ 2.0, 3.0 ] }, "1696_-288": { "autotile": 1.0, "autotile_index": 0.0, "tileset": "tile_medieval3", "coord": [ 2.0, 3.0 ] }, "1024_480": { "autotile": 1.0, "autotile_index": 0.0, "tileset": "tile_medieval3", "coord": [ 2.0, 1.0 ] }, "544_-288": { "autotile": 1.0, "autotile_index": 0.0, "tileset": "tile_medieval3", "coord": [ 2.0, 3.0 ] }, "1344_-320": { "autotile": 1.0, "autotile_index": 0.0, "tileset": "tile_medieval3", "coord": [ 2.0, 2.0 ] }, "32_0": { "autotile": 1.0, "autotile_index": 0.0, "tileset": "tile_medieval3", "coord": [ 3.0, 2.0 ] }, "1984_64": { "autotile": 1.0, "autotile_index": 0.0, "tileset": "tile_medieval3", "coord": [ 1.0, 2.0 ] }, "1120_480": { "autotile": 1.0, "autotile_index": 0.0, "tileset": "tile_medieval3", "coord": [ 2.0, 1.0 ] }, "800_-288": { "autotile": 1.0, "autotile_index": 0.0, "tileset": "tile_medieval3", "coord": [ 2.0, 3.0 ] }, "1984_-64": { "autotile": 1.0, "autotile_index": 0.0, "tileset": "tile_medieval3", "coord": [ 1.0, 2.0 ] }, "0_224": { "autotile": 1.0, "autotile_index": 0.0, "tileset": "tile_medieval3", "coord": [ 2.0, 2.0 ] }, "1408_-288": { "autotile": 1.0, "autotile_index": 0.0, "tileset": "tile_medieval3", "coord": [ 2.0, 3.0 ] }, "2016_192": { "autotile": 1.0, "autotile_index": 0.0, "tileset": "tile_medieval3", "coord": [ 2.0, 2.0 ] }, "800_480": { "coord": [ 2.0, 1.0 ], "autotile_index": 0.0, "tileset": "tile_medieval3", "autotile": 1.0 }, "768_-288": { "autotile": 1.0, "autotile_index": 0.0, "tileset": "tile_medieval3", "coord": [ 2.0, 3.0 ] }, "288_-320": { "autotile": 1.0, "autotile_index": 0.0, "tileset": "tile_medieval3", "coord": [ 2.0, 2.0 ] }, "1952_-288": { "autotile": 1.0, "autotile_index": 0.0, "tileset": "tile_medieval3", "coord": [ 2.0, 3.0 ] }, "96_-320": { "autotile": 1.0, "autotile_index": 0.0, "tileset": "tile_medieval3", "coord": [ 2.0, 2.0 ] }, "1216_-288": { "autotile": 1.0, "autotile_index": 0.0, "tileset": "tile_medieval3", "coord": [ 2.0, 3.0 ] }, "192_-288": { "autotile": 1.0, "autotile_index": 0.0, "tileset": "tile_medieval3", "coord": [ 2.0, 3.0 ] }, "736_-288": { "autotile": 1.0, "autotile_index": 0.0, "tileset": "tile_medieval3", "coord": [ 2.0, 3.0 ] }, "1984_512": { "autotile": 1.0, "autotile_index": 0.0, "tileset": "tile_medieval3", "coord": [ 2.0, 2.0 ] }, "1696_480": { "autotile": 1.0, "autotile_index": 0.0, "tileset": "tile_medieval3", "coord": [ 2.0, 1.0 ] }, "704_-288": { "autotile": 1.0, "autotile_index": 0.0, "tileset": "tile_medieval3", "coord": [ 2.0, 3.0 ] }, "960_480": { "autotile": 1.0, "autotile_index": 0.0, "tileset": "tile_medieval3", "coord": [ 2.0, 1.0 ] }, "640_-320": { "autotile": 1.0, "autotile_index": 0.0, "tileset": "tile_medieval3", "coord": [ 2.0, 2.0 ] }, "1728_-288": { "autotile": 1.0, "autotile_index": 0.0, "tileset": "tile_medieval3", "coord": [ 2.0, 3.0 ] }, "1056_-320": { "autotile": 1.0, "autotile_index": 0.0, "tileset": "tile_medieval3", "coord": [ 2.0, 2.0 ] }, "1984_416": { "autotile": 1.0, "autotile_index": 0.0, "tileset": "tile_medieval3", "coord": [ 1.0, 2.0 ] }, "1600_512": { "autotile": 1.0, "autotile_index": 0.0, "tileset": "tile_medieval3", "coord": [ 2.0, 2.0 ] }, "512_-288": { "autotile": 1.0, "autotile_index": 0.0, "tileset": "tile_medieval3", "coord": [ 2.0, 3.0 ] }, "928_-320": { "autotile": 1.0, "autotile_index": 0.0, "tileset": "tile_medieval3", "coord": [ 2.0, 2.0 ] }, "448_-320": { "autotile": 1.0, "autotile_index": 0.0, "tileset": "tile_medieval3", "coord": [ 2.0, 2.0 ] }, "1440_480": { "autotile": 1.0, "autotile_index": 0.0, "tileset": "tile_medieval3", "coord": [ 2.0, 1.0 ] }, "864_512": { "autotile": 1.0, "autotile_index": 0.0, "tileset": "tile_medieval3", "coord": [ 2.0, 2.0 ] }, "1024_512": { "autotile": 1.0, "autotile_index": 0.0, "tileset": "tile_medieval3", "coord": [ 2.0, 2.0 ] }, "1984_320": { "autotile": 1.0, "autotile_index": 0.0, "tileset": "tile_medieval3", "coord": [ 1.0, 2.0 ] }, "320_-288": { "autotile": 1.0, "autotile_index": 0.0, "tileset": "tile_medieval3", "coord": [ 2.0, 3.0 ] }, "1472_-288": { "autotile": 1.0, "autotile_index": 0.0, "tileset": "tile_medieval3", "coord": [ 2.0, 3.0 ] }, "0_-128": { "autotile": 1.0, "autotile_index": 0.0, "tileset": "tile_medieval3", "coord": [ 2.0, 2.0 ] }, "1280_-288": { "autotile": 1.0, "autotile_index": 0.0, "tileset": "tile_medieval3", "coord": [ 2.0, 3.0 ] }, "608_512": { "coord": [ 2.0, 2.0 ], "autotile_index": 0.0, "tileset": "tile_medieval3", "autotile": 1.0 }, "96_512": { "autotile": 1.0, "autotile_index": 0.0, "tileset": "tile_medieval3", "coord": [ 2.0, 2.0 ] }, "512_512": { "coord": [ 2.0, 2.0 ], "autotile_index": 0.0, "tileset": "tile_medieval3", "autotile": 1.0 }, "1600_480": { "autotile": 1.0, "autotile_index": 0.0, "tileset": "tile_medieval3", "coord": [ 2.0, 1.0 ] }, "1984_32": { "autotile": 1.0, "autotile_index": 0.0, "tileset": "tile_medieval3", "coord": [ 1.0, 2.0 ] }, "288_512": { "coord": [ 2.0, 2.0 ], "autotile_index": 0.0, "tileset": "tile_medieval3", "autotile": 1.0 }, "1216_-320": { "autotile": 1.0, "autotile_index": 0.0, "tileset": "tile_medieval3", "coord": [ 2.0, 2.0 ] }, "1344_480": { "autotile": 1.0, "autotile_index": 0.0, "tileset": "tile_medieval3", "coord": [ 2.0, 1.0 ] }, "0_-192": { "autotile": 1.0, "autotile_index": 0.0, "tileset": "tile_medieval3", "coord": [ 2.0, 2.0 ] }, "1504_480": { "autotile": 1.0, "autotile_index": 0.0, "tileset": "tile_medieval3", "coord": [ 2.0, 1.0 ] }, "0_352": { "autotile": 1.0, "autotile_index": 0.0, "tileset": "tile_medieval3", "coord": [ 2.0, 2.0 ] }, "1824_512": { "autotile": 1.0, "autotile_index": 0.0, "tileset": "tile_medieval3", "coord": [ 2.0, 2.0 ] }, "1568_480": { "autotile": 1.0, "autotile_index": 0.0, "tileset": "tile_medieval3", "coord": [ 2.0, 1.0 ] }, "576_512": { "coord": [ 2.0, 2.0 ], "autotile_index": 0.0, "tileset": "tile_medieval3", "autotile": 1.0 }, "672_-320": { "autotile": 1.0, "autotile_index": 0.0, "tileset": "tile_medieval3", "coord": [ 2.0, 2.0 ] }, "1376_-320": { "autotile": 1.0, "autotile_index": 0.0, "tileset": "tile_medieval3", "coord": [ 2.0, 2.0 ] }, "64_512": { "autotile": 1.0, "autotile_index": 0.0, "tileset": "tile_medieval3", "coord": [ 2.0, 2.0 ] }, "2016_448": { "autotile": 1.0, "autotile_index": 0.0, "tileset": "tile_medieval3", "coord": [ 2.0, 2.0 ] }, "64_-288": { "autotile": 1.0, "autotile_index": 0.0, "tileset": "tile_medieval3", "coord": [ 2.0, 3.0 ] }, "0_288": { "autotile": 1.0, "autotile_index": 0.0, "tileset": "tile_medieval3", "coord": [ 2.0, 2.0 ] }, "1824_-320": { "autotile": 1.0, "autotile_index": 0.0, "tileset": "tile_medieval3", "coord": [ 2.0, 2.0 ] }, "896_480": { "autotile": 1.0, "autotile_index": 0.0, "tileset": "tile_medieval3", "coord": [ 2.0, 1.0 ] }, "2016_320": { "autotile": 1.0, "autotile_index": 0.0, "tileset": "tile_medieval3", "coord": [ 2.0, 2.0 ] }, "1760_-320": { "autotile": 1.0, "autotile_index": 0.0, "tileset": "tile_medieval3", "coord": [ 2.0, 2.0 ] }, "128_512": { "coord": [ 2.0, 2.0 ], "autotile_index": 0.0, "tileset": "tile_medieval3", "autotile": 1.0 }, "736_-320": { "autotile": 1.0, "autotile_index": 0.0, "tileset": "tile_medieval3", "coord": [ 2.0, 2.0 ] }, "1568_-288": { "autotile": 1.0, "autotile_index": 0.0, "tileset": "tile_medieval3", "coord": [ 2.0, 3.0 ] }, "1760_480": { "autotile": 1.0, "autotile_index": 0.0, "tileset": "tile_medieval3", "coord": [ 2.0, 1.0 ] }, "1856_512": { "autotile": 1.0, "autotile_index": 0.0, "tileset": "tile_medieval3", "coord": [ 2.0, 2.0 ] }, "1952_-320": { "autotile": 1.0, "autotile_index": 0.0, "tileset": "tile_medieval3", "coord": [ 2.0, 2.0 ] }, "0_0": { "autotile": 1.0, "autotile_index": 0.0, "tileset": "tile_medieval3", "coord": [ 2.0, 2.0 ] }, "32_96": { "autotile": 1.0, "autotile_index": 0.0, "tileset": "tile_medieval3", "coord": [ 3.0, 2.0 ] }, "1760_-288": { "autotile": 1.0, "autotile_index": 0.0, "tileset": "tile_medieval3", "coord": [ 2.0, 3.0 ] }, "1696_512": { "autotile": 1.0, "autotile_index": 0.0, "tileset": "tile_medieval3", "coord": [ 2.0, 2.0 ] }, "1760_512": { "autotile": 1.0, "autotile_index": 0.0, "tileset": "tile_medieval3", "coord": [ 2.0, 2.0 ] }, "96_-288": { "autotile": 1.0, "autotile_index": 0.0, "tileset": "tile_medieval3", "coord": [ 2.0, 3.0 ] }, "1984_480": { "autotile": 1.0, "autotile_index": 0.0, "tileset": "tile_medieval3", "coord": [ 3.0, 7.0 ] }, "1920_-288": { "autotile": 1.0, "autotile_index": 0.0, "tileset": "tile_medieval3", "coord": [ 2.0, 3.0 ] }, "32_480": { "autotile": 1.0, "autotile_index": 0.0, "tileset": "tile_medieval3", "coord": [ 1.0, 7.0 ] }, "1248_480": { "autotile": 1.0, "autotile_index": 0.0, "tileset": "tile_medieval3", "coord": [ 2.0, 1.0 ] }, "800_-320": { "autotile": 1.0, "autotile_index": 0.0, "tileset": "tile_medieval3", "coord": [ 2.0, 2.0 ] }, "1984_-128": { "autotile": 1.0, "autotile_index": 0.0, "tileset": "tile_medieval3", "coord": [ 1.0, 2.0 ] }, "1472_-320": { "autotile": 1.0, "autotile_index": 0.0, "tileset": "tile_medieval3", "coord": [ 2.0, 2.0 ] }, "832_480": { "coord": [ 2.0, 1.0 ], "autotile_index": 0.0, "tileset": "tile_medieval3", "autotile": 1.0 }, "2016_-160": { "autotile": 1.0, "autotile_index": 0.0, "tileset": "tile_medieval3", "coord": [ 2.0, 2.0 ] }, "1056_480": { "autotile": 1.0, "autotile_index": 0.0, "tileset": "tile_medieval3", "coord": [ 2.0, 1.0 ] }, "416_-288": { "autotile": 1.0, "autotile_index": 0.0, "tileset": "tile_medieval3", "coord": [ 2.0, 3.0 ] }, "1856_480": { "autotile": 1.0, "autotile_index": 0.0, "tileset": "tile_medieval3", "coord": [ 2.0, 1.0 ] }, "160_512": { "coord": [ 2.0, 2.0 ], "autotile_index": 0.0, "tileset": "tile_medieval3", "autotile": 1.0 }, "1984_224": { "autotile": 1.0, "autotile_index": 0.0, "tileset": "tile_medieval3", "coord": [ 1.0, 2.0 ] }, "352_512": { "coord": [ 2.0, 2.0 ], "autotile_index": 0.0, "tileset": "tile_medieval3", "autotile": 1.0 }, "1824_-288": { "autotile": 1.0, "autotile_index": 0.0, "tileset": "tile_medieval3", "coord": [ 2.0, 3.0 ] }, "224_480": { "coord": [ 2.0, 1.0 ], "autotile_index": 0.0, "tileset": "tile_medieval3", "autotile": 1.0 }, "704_480": { "coord": [ 2.0, 1.0 ], "autotile_index": 0.0, "tileset": "tile_medieval3", "autotile": 1.0 }, "32_-224": { "autotile": 1.0, "autotile_index": 0.0, "tileset": "tile_medieval3", "coord": [ 3.0, 2.0 ] }, "32_-320": { "autotile": 1.0, "autotile_index": 0.0, "tileset": "tile_medieval3", "coord": [ 2.0, 2.0 ] }, "1504_-288": { "autotile": 1.0, "autotile_index": 0.0, "tileset": "tile_medieval3", "coord": [ 2.0, 3.0 ] }, "0_320": { "autotile": 1.0, "autotile_index": 0.0, "tileset": "tile_medieval3", "coord": [ 2.0, 2.0 ] }, "608_-320": { "autotile": 1.0, "autotile_index": 0.0, "tileset": "tile_medieval3", "coord": [ 2.0, 2.0 ] }, "2016_512": { "autotile": 1.0, "autotile_index": 0.0, "tileset": "tile_medieval3", "coord": [ 2.0, 2.0 ] }, "1056_512": { "autotile": 1.0, "autotile_index": 0.0, "tileset": "tile_medieval3", "coord": [ 2.0, 2.0 ] }, "352_-288": { "autotile": 1.0, "autotile_index": 0.0, "tileset": "tile_medieval3", "coord": [ 2.0, 3.0 ] }, "1984_96": { "autotile": 1.0, "autotile_index": 0.0, "tileset": "tile_medieval3", "coord": [ 1.0, 2.0 ] }, "1856_-288": { "autotile": 1.0, "autotile_index": 0.0, "tileset": "tile_medieval3", "coord": [ 2.0, 3.0 ] }, "1792_-320": { "autotile": 1.0, "autotile_index": 0.0, "tileset": "tile_medieval3", "coord": [ 2.0, 2.0 ] }, "448_-288": { "autotile": 1.0, "autotile_index": 0.0, "tileset": "tile_medieval3", "coord": [ 2.0, 3.0 ] }, "384_480": { "coord": [ 2.0, 1.0 ], "autotile_index": 0.0, "tileset": "tile_medieval3", "autotile": 1.0 }, "32_-64": { "autotile": 1.0, "autotile_index": 0.0, "tileset": "tile_medieval3", "coord": [ 3.0, 2.0 ] }, "2016_128": { "autotile": 1.0, "autotile_index": 0.0, "tileset": "tile_medieval3", "coord": [ 2.0, 2.0 ] }, "32_160": { "autotile": 1.0, "autotile_index": 0.0, "tileset": "tile_medieval3", "coord": [ 3.0, 2.0 ] }, "192_512": { "coord": [ 2.0, 2.0 ], "autotile_index": 0.0, "tileset": "tile_medieval3", "autotile": 1.0 }, "2016_-128": { "autotile": 1.0, "autotile_index": 0.0, "tileset": "tile_medieval3", "coord": [ 2.0, 2.0 ] }, "416_-320": { "autotile": 1.0, "autotile_index": 0.0, "tileset": "tile_medieval3", "coord": [ 2.0, 2.0 ] }, "128_480": { "coord": [ 2.0, 1.0 ], "autotile_index": 0.0, "tileset": "tile_medieval3", "autotile": 1.0 }, "1888_480": { "autotile": 1.0, "autotile_index": 0.0, "tileset": "tile_medieval3", "coord": [ 2.0, 1.0 ] }, "1280_480": { "autotile": 1.0, "autotile_index": 0.0, "tileset": "tile_medieval3", "coord": [ 2.0, 1.0 ] }, "320_480": { "coord": [ 2.0, 1.0 ], "autotile_index": 0.0, "tileset": "tile_medieval3", "autotile": 1.0 }, "160_-320": { "autotile": 1.0, "autotile_index": 0.0, "tileset": "tile_medieval3", "coord": [ 2.0, 2.0 ] }, "160_480": { "coord": [ 2.0, 1.0 ], "autotile_index": 0.0, "tileset": "tile_medieval3", "autotile": 1.0 }, "0_480": { "autotile": 1.0, "autotile_index": 0.0, "tileset": "tile_medieval3", "coord": [ 2.0, 2.0 ] }, "1440_-288": { "autotile": 1.0, "autotile_index": 0.0, "tileset": "tile_medieval3", "coord": [ 2.0, 3.0 ] }, "672_512": { "coord": [ 2.0, 2.0 ], "autotile_index": 0.0, "tileset": "tile_medieval3", "autotile": 1.0 }, "608_480": { "coord": [ 2.0, 1.0 ], "autotile_index": 0.0, "tileset": "tile_medieval3", "autotile": 1.0 }, "1984_-256": { "autotile": 1.0, "autotile_index": 0.0, "tileset": "tile_medieval3", "coord": [ 1.0, 2.0 ] }, "1664_480": { "autotile": 1.0, "autotile_index": 0.0, "tileset": "tile_medieval3", "coord": [ 2.0, 1.0 ] }, "1984_-224": { "autotile": 1.0, "autotile_index": 0.0, "tileset": "tile_medieval3", "coord": [ 1.0, 2.0 ] }, "32_-128": { "autotile": 1.0, "autotile_index": 0.0, "tileset": "tile_medieval3", "coord": [ 3.0, 2.0 ] }, "192_-320": { "autotile": 1.0, "autotile_index": 0.0, "tileset": "tile_medieval3", "coord": [ 2.0, 2.0 ] }, "1632_512": { "autotile": 1.0, "autotile_index": 0.0, "tileset": "tile_medieval3", "coord": [ 2.0, 2.0 ] }, "32_192": { "autotile": 1.0, "autotile_index": 0.0, "tileset": "tile_medieval3", "coord": [ 3.0, 2.0 ] }, "1376_-288": { "autotile": 1.0, "autotile_index": 0.0, "tileset": "tile_medieval3", "coord": [ 2.0, 3.0 ] }, "1632_-288": { "autotile": 1.0, "autotile_index": 0.0, "tileset": "tile_medieval3", "coord": [ 2.0, 3.0 ] }, "1984_-192": { "autotile": 1.0, "autotile_index": 0.0, "tileset": "tile_medieval3", "coord": [ 1.0, 2.0 ] }, "896_-288": { "autotile": 1.0, "autotile_index": 0.0, "tileset": "tile_medieval3", "coord": [ 2.0, 3.0 ] }, "0_64": { "autotile": 1.0, "autotile_index": 0.0, "tileset": "tile_medieval3", "coord": [ 2.0, 2.0 ] }, "32_32": { "autotile": 1.0, "autotile_index": 0.0, "tileset": "tile_medieval3", "coord": [ 3.0, 2.0 ] }, "2016_160": { "autotile": 1.0, "autotile_index": 0.0, "tileset": "tile_medieval3", "coord": [ 2.0, 2.0 ] }, "1056_-288": { "autotile": 1.0, "autotile_index": 0.0, "tileset": "tile_medieval3", "coord": [ 2.0, 3.0 ] }, "256_480": { "coord": [ 2.0, 1.0 ], "autotile_index": 0.0, "tileset": "tile_medieval3", "autotile": 1.0 }, "1184_-288": { "autotile": 1.0, "autotile_index": 0.0, "tileset": "tile_medieval3", "coord": [ 2.0, 3.0 ] }, "992_480": { "autotile": 1.0, "autotile_index": 0.0, "tileset": "tile_medieval3", "coord": [ 2.0, 1.0 ] }, "0_256": { "autotile": 1.0, "autotile_index": 0.0, "tileset": "tile_medieval3", "coord": [ 2.0, 2.0 ] }, "384_512": { "coord": [ 2.0, 2.0 ], "autotile_index": 0.0, "tileset": "tile_medieval3", "autotile": 1.0 }, "1312_-288": { "autotile": 1.0, "autotile_index": 0.0, "tileset": "tile_medieval3", "coord": [ 2.0, 3.0 ] }, "0_-64": { "autotile": 1.0, "autotile_index": 0.0, "tileset": "tile_medieval3", "coord": [ 2.0, 2.0 ] }, "1696_-320": { "autotile": 1.0, "autotile_index": 0.0, "tileset": "tile_medieval3", "coord": [ 2.0, 2.0 ] }, "256_-320": { "autotile": 1.0, "autotile_index": 0.0, "tileset": "tile_medieval3", "coord": [ 2.0, 2.0 ] }, "2016_64": { "autotile": 1.0, "autotile_index": 0.0, "tileset": "tile_medieval3", "coord": [ 2.0, 2.0 ] }, "992_-288": { "autotile": 1.0, "autotile_index": 0.0, "tileset": "tile_medieval3", "coord": [ 2.0, 3.0 ] }, "32_448": { "autotile": 1.0, "autotile_index": 0.0, "tileset": "tile_medieval3", "coord": [ 3.0, 2.0 ] }, "352_480": { "coord": [ 2.0, 1.0 ], "autotile_index": 0.0, "tileset": "tile_medieval3", "autotile": 1.0 }, "32_416": { "autotile": 1.0, "autotile_index": 0.0, "tileset": "tile_medieval3", "coord": [ 3.0, 2.0 ] }, "1984_192": { "autotile": 1.0, "autotile_index": 0.0, "tileset": "tile_medieval3", "coord": [ 1.0, 2.0 ] }, "576_-288": { "autotile": 1.0, "autotile_index": 0.0, "tileset": "tile_medieval3", "coord": [ 2.0, 3.0 ] }, "1984_384": { "autotile": 1.0, "autotile_index": 0.0, "tileset": "tile_medieval3", "coord": [ 1.0, 2.0 ] }, "224_512": { "coord": [ 2.0, 2.0 ], "autotile_index": 0.0, "tileset": "tile_medieval3", "autotile": 1.0 }, "1888_-288": { "autotile": 1.0, "autotile_index": 0.0, "tileset": "tile_medieval3", "coord": [ 2.0, 3.0 ] }, "2016_352": { "autotile": 1.0, "autotile_index": 0.0, "tileset": "tile_medieval3", "coord": [ 2.0, 2.0 ] }, "32_352": { "autotile": 1.0, "autotile_index": 0.0, "tileset": "tile_medieval3", "coord": [ 3.0, 2.0 ] }, "928_-288": { "autotile": 1.0, "autotile_index": 0.0, "tileset": "tile_medieval3", "coord": [ 2.0, 3.0 ] }, "0_192": { "autotile": 1.0, "autotile_index": 0.0, "tileset": "tile_medieval3", "coord": [ 2.0, 2.0 ] }, "1120_512": { "autotile": 1.0, "autotile_index": 0.0, "tileset": "tile_medieval3", "coord": [ 2.0, 2.0 ] }, "0_-160": { "autotile": 1.0, "autotile_index": 0.0, "tileset": "tile_medieval3", "coord": [ 2.0, 2.0 ] }, "0_416": { "autotile": 1.0, "autotile_index": 0.0, "tileset": "tile_medieval3", "coord": [ 2.0, 2.0 ] }, "576_-320": { "autotile": 1.0, "autotile_index": 0.0, "tileset": "tile_medieval3", "coord": [ 2.0, 2.0 ] }, "896_512": { "autotile": 1.0, "autotile_index": 0.0, "tileset": "tile_medieval3", "coord": [ 2.0, 2.0 ] }, "928_512": { "autotile": 1.0, "autotile_index": 0.0, "tileset": "tile_medieval3", "coord": [ 2.0, 2.0 ] }, "1792_512": { "autotile": 1.0, "autotile_index": 0.0, "tileset": "tile_medieval3", "coord": [ 2.0, 2.0 ] }, "1408_-320": { "autotile": 1.0, "autotile_index": 0.0, "tileset": "tile_medieval3", "coord": [ 2.0, 2.0 ] }, "768_480": { "coord": [ 2.0, 1.0 ], "autotile_index": 0.0, "tileset": "tile_medieval3", "autotile": 1.0 }, "1248_-320": { "autotile": 1.0, "autotile_index": 0.0, "tileset": "tile_medieval3", "coord": [ 2.0, 2.0 ] }, "64_-320": { "autotile": 1.0, "autotile_index": 0.0, "tileset": "tile_medieval3", "coord": [ 2.0, 2.0 ] }, "1952_480": { "autotile": 1.0, "autotile_index": 0.0, "tileset": "tile_medieval3", "coord": [ 2.0, 1.0 ] }, "32_512": { "autotile": 1.0, "autotile_index": 0.0, "tileset": "tile_medieval3", "coord": [ 2.0, 2.0 ] }, "1504_-320": { "autotile": 1.0, "autotile_index": 0.0, "tileset": "tile_medieval3", "coord": [ 2.0, 2.0 ] }, "704_512": { "coord": [ 2.0, 2.0 ], "autotile_index": 0.0, "tileset": "tile_medieval3", "autotile": 1.0 }, "224_-320": { "autotile": 1.0, "autotile_index": 0.0, "tileset": "tile_medieval3", "coord": [ 2.0, 2.0 ] }, "1984_160": { "autotile": 1.0, "autotile_index": 0.0, "tileset": "tile_medieval3", "coord": [ 1.0, 2.0 ] }, "352_-320": { "autotile": 1.0, "autotile_index": 0.0, "tileset": "tile_medieval3", "coord": [ 2.0, 2.0 ] }, "192_480": { "coord": [ 2.0, 1.0 ], "autotile_index": 0.0, "tileset": "tile_medieval3", "autotile": 1.0 }, "992_-320": { "autotile": 1.0, "autotile_index": 0.0, "tileset": "tile_medieval3", "coord": [ 2.0, 2.0 ] }, "1216_512": { "autotile": 1.0, "autotile_index": 0.0, "tileset": "tile_medieval3", "coord": [ 2.0, 2.0 ] }, "32_-288": { "autotile": 1.0, "autotile_index": 0.0, "tileset": "tile_medieval3", "coord": [ 1.0, 5.0 ] }, "672_480": { "coord": [ 2.0, 1.0 ], "autotile_index": 0.0, "tileset": "tile_medieval3", "autotile": 1.0 }, "32_-256": { "autotile": 1.0, "autotile_index": 0.0, "tileset": "tile_medieval3", "coord": [ 3.0, 2.0 ] }, "2016_0": { "autotile": 1.0, "autotile_index": 0.0, "tileset": "tile_medieval3", "coord": [ 2.0, 2.0 ] }, "1024_-288": { "autotile": 1.0, "autotile_index": 0.0, "tileset": "tile_medieval3", "coord": [ 2.0, 3.0 ] }, "736_480": { "coord": [ 2.0, 1.0 ], "autotile_index": 0.0, "tileset": "tile_medieval3", "autotile": 1.0 }, "608_-288": { "autotile": 1.0, "autotile_index": 0.0, "tileset": "tile_medieval3", "coord": [ 2.0, 3.0 ] }, "2016_-64": { "autotile": 1.0, "autotile_index": 0.0, "tileset": "tile_medieval3", "coord": [ 2.0, 2.0 ] }, "0_32": { "autotile": 1.0, "autotile_index": 0.0, "tileset": "tile_medieval3", "coord": [ 2.0, 2.0 ] }, "32_256": { "autotile": 1.0, "autotile_index": 0.0, "tileset": "tile_medieval3", "coord": [ 3.0, 2.0 ] }, "1152_-288": { "autotile": 1.0, "autotile_index": 0.0, "tileset": "tile_medieval3", "coord": [ 2.0, 3.0 ] }, "1088_480": { "autotile": 1.0, "autotile_index": 0.0, "tileset": "tile_medieval3", "coord": [ 2.0, 1.0 ] }, "32_288": { "autotile": 1.0, "autotile_index": 0.0, "tileset": "tile_medieval3", "coord": [ 3.0, 2.0 ] }, "32_-32": { "autotile": 1.0, "autotile_index": 0.0, "tileset": "tile_medieval3", "coord": [ 3.0, 2.0 ] }, "1984_288": { "autotile": 1.0, "autotile_index": 0.0, "tileset": "tile_medieval3", "coord": [ 1.0, 2.0 ] }, "32_-96": { "autotile": 1.0, "autotile_index": 0.0, "tileset": "tile_medieval3", "coord": [ 3.0, 2.0 ] }, "2016_-192": { "autotile": 1.0, "autotile_index": 0.0, "tileset": "tile_medieval3", "coord": [ 2.0, 2.0 ] }, "1600_-288": { "autotile": 1.0, "autotile_index": 0.0, "tileset": "tile_medieval3", "coord": [ 2.0, 3.0 ] }, "1728_480": { "autotile": 1.0, "autotile_index": 0.0, "tileset": "tile_medieval3", "coord": [ 2.0, 1.0 ] }, "640_512": { "coord": [ 2.0, 2.0 ], "autotile_index": 0.0, "tileset": "tile_medieval3", "autotile": 1.0 }, "1088_-320": { "autotile": 1.0, "autotile_index": 0.0, "tileset": "tile_medieval3", "coord": [ 2.0, 2.0 ] }, "0_96": { "autotile": 1.0, "autotile_index": 0.0, "tileset": "tile_medieval3", "coord": [ 2.0, 2.0 ] }, "1312_512": { "autotile": 1.0, "autotile_index": 0.0, "tileset": "tile_medieval3", "coord": [ 2.0, 2.0 ] }, "320_512": { "coord": [ 2.0, 2.0 ], "autotile_index": 0.0, "tileset": "tile_medieval3", "autotile": 1.0 }, "1568_-320": { "autotile": 1.0, "autotile_index": 0.0, "tileset": "tile_medieval3", "coord": [ 2.0, 2.0 ] }, "1824_480": { "autotile": 1.0, "autotile_index": 0.0, "tileset": "tile_medieval3", "coord": [ 2.0, 1.0 ] }, "544_-320": { "autotile": 1.0, "autotile_index": 0.0, "tileset": "tile_medieval3", "coord": [ 2.0, 2.0 ] }, "640_480": { "coord": [ 2.0, 1.0 ], "autotile_index": 0.0, "tileset": "tile_medieval3", "autotile": 1.0 }, "0_-288": { "autotile": 1.0, "autotile_index": 0.0, "tileset": "tile_medieval3", "coord": [ 2.0, 2.0 ] }, "960_512": { "autotile": 1.0, "autotile_index": 0.0, "tileset": "tile_medieval3", "coord": [ 2.0, 2.0 ] }, "2016_-96": { "autotile": 1.0, "autotile_index": 0.0, "tileset": "tile_medieval3", "coord": [ 2.0, 2.0 ] }, "1920_512": { "autotile": 1.0, "autotile_index": 0.0, "tileset": "tile_medieval3", "coord": [ 2.0, 2.0 ] }, "1984_448": { "autotile": 1.0, "autotile_index": 0.0, "tileset": "tile_medieval3", "coord": [ 1.0, 2.0 ] }, "0_-256": { "autotile": 1.0, "autotile_index": 0.0, "tileset": "tile_medieval3", "coord": [ 2.0, 2.0 ] }, "2016_224": { "autotile": 1.0, "autotile_index": 0.0, "tileset": "tile_medieval3", "coord": [ 2.0, 2.0 ] }, "1536_-288": { "autotile": 1.0, "autotile_index": 0.0, "tileset": "tile_medieval3", "coord": [ 2.0, 3.0 ] }, "1408_480": { "autotile": 1.0, "autotile_index": 0.0, "tileset": "tile_medieval3", "coord": [ 2.0, 1.0 ] }, "1248_-288": { "autotile": 1.0, "autotile_index": 0.0, "tileset": "tile_medieval3", "coord": [ 2.0, 3.0 ] }, "448_512": { "coord": [ 2.0, 2.0 ], "autotile_index": 0.0, "tileset": "tile_medieval3", "autotile": 1.0 }, "1312_-320": { "autotile": 1.0, "autotile_index": 0.0, "tileset": "tile_medieval3", "coord": [ 2.0, 2.0 ] }, "2016_-288": { "autotile": 1.0, "autotile_index": 0.0, "tileset": "tile_medieval3", "coord": [ 2.0, 2.0 ] }, "2016_288": { "autotile": 1.0, "autotile_index": 0.0, "tileset": "tile_medieval3", "coord": [ 2.0, 2.0 ] }, "1952_512": { "autotile": 1.0, "autotile_index": 0.0, "tileset": "tile_medieval3", "coord": [ 2.0, 2.0 ] }, "1920_480": { "autotile": 1.0, "autotile_index": 0.0, "tileset": "tile_medieval3", "coord": [ 2.0, 1.0 ] }, "256_-288": { "autotile": 1.0, "autotile_index": 0.0, "tileset": "tile_medieval3", "coord": [ 2.0, 3.0 ] }, "1536_480": { "autotile": 1.0, "autotile_index": 0.0, "tileset": "tile_medieval3", "coord": [ 2.0, 1.0 ] }, "1184_-320": { "autotile": 1.0, "autotile_index": 0.0, "tileset": "tile_medieval3", "coord": [ 2.0, 2.0 ] }, "1984_-32": { "autotile": 1.0, "autotile_index": 0.0, "tileset": "tile_medieval3", "coord": [ 1.0, 2.0 ] }, "160_-288": { "autotile": 1.0, "autotile_index": 0.0, "tileset": "tile_medieval3", "coord": [ 2.0, 3.0 ] }, "960_-320": { "autotile": 1.0, "autotile_index": 0.0, "tileset": "tile_medieval3", "coord": [ 2.0, 2.0 ] } } }, "backgrounds": { "5": { "x": 0.0, "scroll_x": 0.5, "tile_y": 1.0, "hspeed": 0.0, "panic_sprite": -1.0, "scroll_y": 0.5, "y": 0.0, "sprite": "bacroos", "tile_x": 1.0, "vspeed": 0.0, "image_speed": 15.0 } }, "properties": { "song": "", "roomX": 0.0, "levelWidth": 2048.0, "roomY": -320.0, "levelHeight": 540.0, "songTransitionTime": 100.0 } }