{ "editorVersion": 5.0, "instances": [ { "layer": 0.0, "deleted": 0.0, "variables": { "x": 160.0, "y": 224.0, "image_xscale": 1.0, "image_yscale": 1.0, "flipX": 0.0, "flipY": 0.0 }, "object": 158.0 }, { "layer": 0.0, "deleted": 0.0, "variables": { "x": 256.0, "y": 224.0, "image_xscale": 1.0, "image_yscale": 1.0, "flipX": 0.0, "flipY": 0.0 }, "object": 158.0 }, { "layer": 0.0, "deleted": 0.0, "variables": { "x": 352.0, "y": 64.0, "image_xscale": 1.0, "image_yscale": 1.0, "flipX": 0.0, "flipY": 0.0 }, "object": 158.0 }, { "layer": 0.0, "deleted": 0.0, "variables": { "x": 416.0, "y": 128.0, "image_xscale": 1.0, "image_yscale": 1.0, "flipX": 0.0, "flipY": 0.0 }, "object": 158.0 }, { "layer": 0.0, "deleted": 0.0, "variables": { "x": 384.0, "y": 224.0, "image_xscale": 1.0, "image_yscale": 1.0, "flipX": 0.0, "flipY": 0.0 }, "object": 158.0 }, { "layer": 0.0, "deleted": 0.0, "variables": { "x": 256.0, "y": 288.0, "image_xscale": 1.0, "image_yscale": 1.0, "flipX": 0.0, "flipY": 0.0 }, "object": 158.0 }, { "layer": 0.0, "deleted": 0.0, "variables": { "x": 256.0, "y": 0.0, "image_xscale": 1.0, "image_yscale": 1.0, "flipX": 0.0, "flipY": 0.0 }, "object": 158.0 }, { "layer": 0.0, "deleted": 0.0, "variables": { "x": 224.0, "y": 128.0, "image_xscale": 1.0, "image_yscale": 1.0, "flipX": 0.0, "flipY": 0.0 }, "object": 158.0 }, { "layer": 0.0, "deleted": 0.0, "variables": { "x": 320.0, "y": 160.0, "image_xscale": 1.0, "image_yscale": 1.0, "flipX": 0.0, "flipY": 0.0 }, "object": 158.0 }, { "layer": 0.0, "deleted": 0.0, "variables": { "x": 288.0, "flipX": 0.0, "y": 288.0, "flipY": 0.0 }, "object": 158.0 }, { "layer": 0.0, "deleted": 0.0, "variables": { "x": 256.0, "flipX": 0.0, "y": 288.0, "flipY": 0.0 }, "object": 158.0 }, { "layer": 0.0, "deleted": 0.0, "variables": { "x": 224.0, "y": 256.0, "image_xscale": 1.0, "image_yscale": 1.0, "flipX": 0.0, "flipY": 0.0 }, "object": 158.0 }, { "layer": 0.0, "deleted": 0.0, "variables": { "x": 192.0, "y": 160.0, "image_xscale": 1.0, "image_yscale": 1.0, "flipX": 0.0, "flipY": 0.0 }, "object": 158.0 }, { "layer": 0.0, "deleted": 0.0, "variables": { "x": 160.0, "flipX": 0.0, "y": 288.0, "flipY": 0.0 }, "object": 158.0 }, { "layer": 0.0, "deleted": 0.0, "variables": { "x": -32.0, "y": -128.0, "image_xscale": 3.0, "image_yscale": 11.0, "flipX": 0.0, "flipY": 0.0 }, "object": 517.0 }, { "layer": 0.0, "deleted": 0.0, "variables": { "x": 64.0, "y": -192.0, "image_xscale": 31.0, "image_yscale": 4.0, "flipX": 0.0, "flipY": 0.0 }, "object": 517.0 }, { "layer": 0.0, "deleted": 0.0, "variables": { "x": -32.0, "y": 352.0, "image_xscale": 67.0, "image_yscale": 6.0, "flipX": 0.0, "flipY": 0.0 }, "object": 517.0 }, { "layer": 0.0, "deleted": 0.0, "variables": { "x": 576.0, "y": 160.0, "image_xscale": 4.0, "image_yscale": 6.0, "flipX": 0.0, "flipY": 0.0 }, "object": 517.0 }, { "layer": 0.0, "deleted": 0.0, "variables": { "x": 896.0, "y": 160.0, "image_xscale": 5.0, "image_yscale": 1.0, "flipX": 0.0, "flipY": 0.0 }, "object": 517.0 }, { "layer": 0.0, "deleted": 0.0, "variables": { "x": 1056.0, "y": 32.0, "image_xscale": 1.0, "image_yscale": 1.0, "flipX": 0.0, "flipY": 0.0 }, "object": 517.0 }, { "layer": 0.0, "deleted": 0.0, "variables": { "x": 1056.0, "y": 64.0, "image_xscale": 6.0, "image_yscale": 4.0, "flipX": 0.0, "flipY": 0.0 }, "object": 517.0 }, { "layer": 0.0, "deleted": 0.0, "variables": { "x": 1248.0, "y": 64.0, "image_xscale": 1.0, "image_yscale": 2.0, "flipX": 0.0, "flipY": 0.0 }, "object": 517.0 }, { "layer": 0.0, "deleted": 0.0, "variables": { "x": 1184.0, "y": -192.0, "image_xscale": 5.0, "image_yscale": 8.0, "flipX": 0.0, "flipY": 0.0 }, "object": 517.0 }, { "layer": 0.0, "deleted": 0.0, "variables": { "x": 1344.0, "y": -32.0, "image_xscale": 1.0, "image_yscale": 1.0, "flipX": 0.0, "flipY": 0.0 }, "object": 517.0 }, { "layer": 0.0, "deleted": 0.0, "variables": { "x": 1344.0, "y": -64.0, "image_xscale": 2.0, "image_yscale": 1.0, "flipX": 0.0, "flipY": 0.0 }, "object": 517.0 }, { "layer": 0.0, "deleted": 0.0, "variables": { "x": 1344.0, "y": -128.0, "image_xscale": 24.0, "image_yscale": 2.0, "flipX": 0.0, "flipY": 0.0 }, "object": 517.0 }, { "layer": 0.0, "deleted": 0.0, "variables": { "x": 1472.0, "y": -64.0, "image_xscale": 2.0, "image_yscale": 13.0, "flipX": 0.0, "flipY": 0.0 }, "object": 517.0 }, { "layer": 0.0, "deleted": 0.0, "variables": { "x": 1056.0, "y": -256.0, "targetRoom": "KILL YOURSELF", "image_xscale": 4.0, "image_yscale": 1.0, "flipX": 0.0, "flipY": 0.0, "targetDoor": "A" }, "object": 801.0 }, { "layer": 0.0, "deleted": 0.0, "variables": { "x": 32.0, "flipX": 0.0, "y": 320.0, "flipY": 0.0 }, "object": 805.0 }, { "layer": 0.0, "deleted": 0.0, "variables": { "x": 1120.0, "flipX": 0.0, "y": -96.0, "flipY": 0.0 }, "object": 804.0 }, { "layer": 0.0, "deleted": 0.0, "variables": { "x": -64.0, "y": 224.0, "targetRoom": "main", "image_xscale": 1.0, "image_yscale": 2.0, "flipX": 0.0, "flipY": 0.0, "targetDoor": "B" }, "object": 801.0 }, { "layer": 0.0, "deleted": 0.0, "variables": { "x": 1408.0, "y": -64.0, "image_xscale": 2.0, "image_yscale": 2.0, "flipX": 0.0, "flipY": 0.0 }, "object": 517.0 }, { "layer": 0.0, "deleted": 0.0, "variables": { "x": 1408.0, "y": 96.0, "image_xscale": 2.0, "image_yscale": 7.0, "flipX": 0.0, "flipY": 0.0 }, "object": 517.0 }, { "layer": 0.0, "deleted": 0.0, "variables": { "x": 1536.0, "y": 288.0, "image_xscale": 1.0, "image_yscale": 2.0, "flipX": 0.0, "flipY": 0.0 }, "object": 517.0 }, { "layer": 0.0, "deleted": 0.0, "variables": { "x": 2048.0, "y": -64.0, "image_xscale": 2.0, "image_yscale": 13.0, "flipX": 0.0, "flipY": 0.0 }, "object": 517.0 }, { "layer": 0.0, "deleted": 0.0, "variables": { "x": 1728.0, "y": -32.0, "image_xscale": 1.0, "image_yscale": 2.0, "flipX": 0.0, "flipY": 0.0 }, "object": 517.0 }, { "layer": 0.0, "deleted": 0.0, "variables": { "x": 1728.0, "y": 64.0, "image_xscale": 6.0, "image_yscale": 2.0, "flipX": 0.0, "flipY": 0.0 }, "object": 517.0 }, { "layer": 0.0, "deleted": 0.0, "variables": { "x": 1664.0, "y": -64.0, "image_xscale": 2.0, "image_yscale": 6.0, "flipX": 0.0, "flipY": 0.0 }, "object": 517.0 }, { "layer": 0.0, "deleted": 0.0, "variables": { "x": 1600.0, "y": -64.0, "image_xscale": 2.0, "image_yscale": 5.0, "flipX": 0.0, "flipY": 0.0 }, "object": 517.0 }, { "layer": 0.0, "deleted": 0.0, "variables": { "x": 1600.0, "flipX": 0.0, "y": 96.0, "flipY": 0.0 }, "object": 517.0 }, { "layer": 0.0, "deleted": 0.0, "variables": { "x": 1536.0, "y": 0.0, "image_xscale": 2.0, "image_yscale": 6.0, "flipX": 0.0, "flipY": 0.0 }, "object": 517.0 }, { "layer": 0.0, "deleted": 0.0, "variables": { "x": 1536.0, "y": 192.0, "image_xscale": 1.0, "image_yscale": 2.0, "flipX": 0.0, "flipY": 0.0 }, "object": 517.0 }, { "layer": 0.0, "deleted": 0.0, "variables": { "x": 1344.0, "flipX": 0.0, "y": 306.5, "flipY": 0.0 }, "object": 109.0 }, { "layer": 0.0, "deleted": 0.0, "variables": { "x": 1664.0, "y": 305.5, "image_xscale": 1.0, "image_yscale": 1.0, "flipX": 0.0, "flipY": 0.0 }, "object": 145.0 }, { "layer": 0.0, "deleted": 0.0, "variables": { "x": 1920.0, "y": 288.0, "image_xscale": 4.0, "image_yscale": 2.0, "flipX": 0.0, "flipY": 0.0 }, "object": 517.0 }, { "layer": 0.0, "deleted": 0.0, "variables": { "x": 1792.0, "y": -32.0, "targetRoom": "tut", "image_xscale": 1.0, "image_yscale": 1.0, "flipX": 0.0, "flipY": 0.0 }, "object": 795.0 }, { "layer": 0.0, "deleted": 0.0, "variables": { "x": 1824.0, "flipX": 0.0, "y": 32.0, "flipY": 0.0 }, "object": 806.0 }, { "layer": 0.0, "deleted": 0.0, "variables": { "x": 1024.0, "flipX": 0.0, "y": 113.5, "flipY": 0.0 }, "object": 646.0 }, { "layer": 0.0, "deleted": 0.0, "variables": { "x": 992.0, "flipX": 0.0, "y": 113.5, "flipY": 0.0 }, "object": 646.0 }, { "layer": 0.0, "deleted": 0.0, "variables": { "x": 960.0, "flipX": 0.0, "y": 113.5, "flipY": 0.0 }, "object": 646.0 }, { "layer": 0.0, "deleted": 0.0, "variables": { "x": 928.0, "flipX": 0.0, "y": 113.5, "flipY": 0.0 }, "object": 646.0 }, { "layer": 0.0, "deleted": 0.0, "variables": { "x": 960.0, "y": 113.5, "image_xscale": 1.0, "image_yscale": 1.0, "flipX": 0.0, "flipY": 0.0 }, "object": 646.0 }, { "layer": 0.0, "deleted": 0.0, "variables": { "x": 640.0, "flipX": 0.0, "y": 114.5, "flipY": 0.0 }, "object": 660.0 }, { "layer": 0.0, "deleted": 0.0, "variables": { "x": 1952.0, "flipX": 0.0, "y": 128.0, "flipY": 0.0 }, "object": 752.0 }, { "layer": 0.0, "deleted": 0.0, "variables": { "x": 1984.0, "flipX": 0.0, "y": 96.0, "flipY": 0.0 }, "object": 752.0 }, { "layer": 0.0, "deleted": 0.0, "variables": { "x": 1952.0, "flipX": 0.0, "y": 64.0, "flipY": 0.0 }, "object": 752.0 }, { "layer": 0.0, "deleted": 0.0, "variables": { "x": 1984.0, "flipX": 0.0, "y": 32.0, "flipY": 0.0 }, "object": 752.0 } ], "tile_data": { "5": { "896_480": { "coord": [ 4.0, 3.0 ], "autotile_index": 0.0, "tileset": "spr_foresttile1", "autotile": 1.0 }, "1312_384": { "coord": [ 4.0, 2.0 ], "autotile_index": 0.0, "tileset": "spr_foresttile1", "autotile": 1.0 }, "512_480": { "coord": [ 4.0, 3.0 ], "autotile_index": 0.0, "tileset": "spr_foresttile1", "autotile": 1.0 }, "352_-96": { "coord": [ 5.0, 5.0 ], "autotile_index": 0.0, "tileset": "spr_foresttile1", "autotile": 1.0 }, "1216_448": { "coord": [ 4.0, 3.0 ], "autotile_index": 0.0, "tileset": "spr_foresttile1", "autotile": 1.0 }, "1632_448": { "autotile": 1.0, "autotile_index": 0.0, "tileset": "spr_foresttile1", "coord": [ 4.0, 3.0 ] }, "1952_480": { "autotile": 1.0, "autotile_index": 0.0, "tileset": "spr_foresttile1", "coord": [ 4.0, 3.0 ] }, "1888_-128": { "autotile": 1.0, "autotile_index": 0.0, "tileset": "spr_foresttile1", "coord": [ 4.0, 4.0 ] }, "2048_448": { "autotile": 1.0, "autotile_index": 0.0, "tileset": "spr_foresttile1", "coord": [ 4.0, 3.0 ] }, "640_448": { "coord": [ 4.0, 3.0 ], "autotile_index": 0.0, "tileset": "spr_foresttile1", "autotile": 1.0 }, "1664_-128": { "autotile": 1.0, "autotile_index": 0.0, "tileset": "spr_foresttile1", "coord": [ 2.0, 2.0 ] }, "160_480": { "coord": [ 4.0, 3.0 ], "autotile_index": 0.0, "tileset": "spr_foresttile1", "autotile": 1.0 }, "1984_-96": { "autotile": 1.0, "autotile_index": 0.0, "tileset": "spr_foresttile1", "coord": [ 4.0, 5.0 ] }, "2048_384": { "autotile": 1.0, "autotile_index": 0.0, "tileset": "spr_foresttile1", "coord": [ 4.0, 3.0 ] }, "1696_64": { "autotile": 1.0, "autotile_index": 0.0, "tileset": "spr_foresttile1", "coord": [ 10.0, 2.0 ] }, "1184_352": { "coord": [ 5.0, 1.0 ], "autotile_index": 0.0, "tileset": "spr_foresttile1", "autotile": 1.0 }, "928_-128": { "autotile": 1.0, "autotile_index": 0.0, "tileset": "spr_foresttile1", "coord": [ 4.0, 4.0 ] }, "1344_-64": { "autotile": 1.0, "autotile_index": 0.0, "tileset": "spr_foresttile1", "coord": [ 10.0, 3.0 ] }, "768_384": { "coord": [ 4.0, 2.0 ], "autotile_index": 0.0, "tileset": "spr_foresttile1", "autotile": 1.0 }, "1184_480": { "coord": [ 4.0, 3.0 ], "autotile_index": 0.0, "tileset": "spr_foresttile1", "autotile": 1.0 }, "1536_64": { "autotile": 1.0, "autotile_index": 0.0, "tileset": "spr_foresttile1", "coord": [ 2.0, 2.0 ] }, "1120_64": { "coord": [ 5.0, 1.0 ], "autotile_index": 0.0, "tileset": "spr_foresttile1", "autotile": 1.0 }, "1568_128": { "autotile": 1.0, "autotile_index": 0.0, "tileset": "spr_foresttile1", "coord": [ 6.0, 4.0 ] }, "704_480": { "coord": [ 4.0, 3.0 ], "autotile_index": 0.0, "tileset": "spr_foresttile1", "autotile": 1.0 }, "1888_64": { "autotile": 1.0, "autotile_index": 0.0, "tileset": "spr_foresttile1", "coord": [ 6.0, 1.0 ] }, "1504_288": { "autotile": 1.0, "autotile_index": 0.0, "tileset": "spr_foresttile1", "coord": [ 10.0, 2.0 ] }, "1312_-96": { "coord": [ 2.0, 2.0 ], "autotile_index": 0.0, "tileset": "spr_foresttile1", "autotile": 1.0 }, "0_192": { "coord": [ 4.0, 5.0 ], "autotile_index": 0.0, "tileset": "spr_foresttile1", "autotile": 1.0 }, "256_-128": { "coord": [ 4.0, 4.0 ], "autotile_index": 0.0, "tileset": "spr_foresttile1", "autotile": 1.0 }, "1568_-128": { "autotile": 1.0, "autotile_index": 0.0, "tileset": "spr_foresttile1", "coord": [ 4.0, 4.0 ] }, "1024_448": { "coord": [ 4.0, 3.0 ], "autotile_index": 0.0, "tileset": "spr_foresttile1", "autotile": 1.0 }, "544_352": { "coord": [ 5.0, 1.0 ], "autotile_index": 0.0, "tileset": "spr_foresttile1", "autotile": 1.0 }, "1440_512": { "coord": [ 4.0, 3.0 ], "autotile_index": 0.0, "tileset": "spr_foresttile1", "autotile": 1.0 }, "1824_384": { "autotile": 1.0, "autotile_index": 0.0, "tileset": "spr_foresttile1", "coord": [ 4.0, 2.0 ] }, "1792_352": { "autotile": 1.0, "autotile_index": 0.0, "tileset": "spr_foresttile1", "coord": [ 4.0, 1.0 ] }, "1120_128": { "coord": [ 4.0, 4.0 ], "autotile_index": 0.0, "tileset": "spr_foresttile1", "autotile": 1.0 }, "2080_288": { "autotile": 1.0, "autotile_index": 0.0, "tileset": "spr_foresttile1", "coord": [ 3.0, 3.0 ] }, "192_352": { "coord": [ 3.0, 1.0 ], "autotile_index": 0.0, "tileset": "spr_foresttile1", "autotile": 1.0 }, "2080_512": { "autotile": 1.0, "autotile_index": 0.0, "tileset": "spr_foresttile1", "coord": [ 4.0, 3.0 ] }, "736_416": { "coord": [ 4.0, 3.0 ], "autotile_index": 0.0, "tileset": "spr_foresttile1", "autotile": 1.0 }, "1696_352": { "autotile": 1.0, "autotile_index": 0.0, "tileset": "spr_foresttile1", "coord": [ 4.0, 1.0 ] }, "1280_-32": { "coord": [ 5.0, 3.0 ], "autotile_index": 0.0, "tileset": "spr_foresttile1", "autotile": 1.0 }, "992_512": { "coord": [ 4.0, 3.0 ], "autotile_index": 0.0, "tileset": "spr_foresttile1", "autotile": 1.0 }, "0_160": { "coord": [ 5.0, 4.0 ], "autotile_index": 0.0, "tileset": "spr_foresttile1", "autotile": 1.0 }, "608_352": { "coord": [ 3.0, 3.0 ], "autotile_index": 0.0, "tileset": "spr_foresttile1", "autotile": 1.0 }, "2080_480": { "autotile": 1.0, "autotile_index": 0.0, "tileset": "spr_foresttile1", "coord": [ 4.0, 3.0 ] }, "2016_480": { "autotile": 1.0, "autotile_index": 0.0, "tileset": "spr_foresttile1", "coord": [ 4.0, 3.0 ] }, "1632_64": { "autotile": 1.0, "autotile_index": 0.0, "tileset": "spr_foresttile1", "coord": [ 4.0, 5.0 ] }, "864_-96": { "coord": [ 4.0, 5.0 ], "autotile_index": 0.0, "tileset": "spr_foresttile1", "autotile": 1.0 }, "864_480": { "coord": [ 4.0, 3.0 ], "autotile_index": 0.0, "tileset": "spr_foresttile1", "autotile": 1.0 }, "1280_480": { "coord": [ 4.0, 3.0 ], "autotile_index": 0.0, "tileset": "spr_foresttile1", "autotile": 1.0 }, "1504_96": { "autotile": 1.0, "autotile_index": 0.0, "tileset": "spr_foresttile1", "coord": [ 3.0, 3.0 ] }, "1344_416": { "coord": [ 4.0, 3.0 ], "autotile_index": 0.0, "tileset": "spr_foresttile1", "autotile": 1.0 }, "896_128": { "autotile": 0.0, "autotile_index": 0.0, "tileset": "spr_foresttile1", "coord": [ 7.0, 11.0 ] }, "1952_416": { "autotile": 1.0, "autotile_index": 0.0, "tileset": "spr_foresttile1", "coord": [ 4.0, 3.0 ] }, "832_-128": { "coord": [ 4.0, 4.0 ], "autotile_index": 0.0, "tileset": "spr_foresttile1", "autotile": 1.0 }, "1984_416": { "autotile": 1.0, "autotile_index": 0.0, "tileset": "spr_foresttile1", "coord": [ 4.0, 3.0 ] }, "640_352": { "coord": [ 5.0, 3.0 ], "autotile_index": 0.0, "tileset": "spr_foresttile1", "autotile": 1.0 }, "1184_-96": { "autotile": 1.0, "autotile_index": 0.0, "tileset": "spr_foresttile1", "coord": [ 2.0, 4.0 ] }, "1952_-128": { "autotile": 1.0, "autotile_index": 0.0, "tileset": "spr_foresttile1", "coord": [ 4.0, 4.0 ] }, "1504_320": { "autotile": 1.0, "autotile_index": 0.0, "tileset": "spr_foresttile1", "coord": [ 5.0, 3.0 ] }, "1600_448": { "autotile": 1.0, "autotile_index": 0.0, "tileset": "spr_foresttile1", "coord": [ 4.0, 3.0 ] }, "1088_512": { "coord": [ 4.0, 3.0 ], "autotile_index": 0.0, "tileset": "spr_foresttile1", "autotile": 1.0 }, "1760_384": { "autotile": 1.0, "autotile_index": 0.0, "tileset": "spr_foresttile1", "coord": [ 4.0, 2.0 ] }, "192_416": { "coord": [ 4.0, 3.0 ], "autotile_index": 0.0, "tileset": "spr_foresttile1", "autotile": 1.0 }, "256_448": { "coord": [ 4.0, 3.0 ], "autotile_index": 0.0, "tileset": "spr_foresttile1", "autotile": 1.0 }, "832_480": { "coord": [ 4.0, 3.0 ], "autotile_index": 0.0, "tileset": "spr_foresttile1", "autotile": 1.0 }, "1696_480": { "autotile": 1.0, "autotile_index": 0.0, "tileset": "spr_foresttile1", "coord": [ 4.0, 3.0 ] }, "1184_512": { "coord": [ 4.0, 3.0 ], "autotile_index": 0.0, "tileset": "spr_foresttile1", "autotile": 1.0 }, "1472_-96": { "autotile": 1.0, "autotile_index": 0.0, "tileset": "spr_foresttile1", "coord": [ 5.0, 3.0 ] }, "1664_384": { "autotile": 1.0, "autotile_index": 0.0, "tileset": "spr_foresttile1", "coord": [ 4.0, 2.0 ] }, "1728_352": { "autotile": 1.0, "autotile_index": 0.0, "tileset": "spr_foresttile1", "coord": [ 4.0, 1.0 ] }, "800_352": { "coord": [ 3.0, 1.0 ], "autotile_index": 0.0, "tileset": "spr_foresttile1", "autotile": 1.0 }, "608_512": { "coord": [ 4.0, 3.0 ], "autotile_index": 0.0, "tileset": "spr_foresttile1", "autotile": 1.0 }, "544_-96": { "coord": [ 4.0, 5.0 ], "autotile_index": 0.0, "tileset": "spr_foresttile1", "autotile": 1.0 }, "1888_96": { "autotile": 1.0, "autotile_index": 0.0, "tileset": "spr_foresttile1", "coord": [ 6.0, 5.0 ] }, "192_384": { "coord": [ 4.0, 2.0 ], "autotile_index": 0.0, "tileset": "spr_foresttile1", "autotile": 1.0 }, "896_512": { "coord": [ 4.0, 3.0 ], "autotile_index": 0.0, "tileset": "spr_foresttile1", "autotile": 1.0 }, "1248_-128": { "coord": [ 4.0, 3.0 ], "autotile_index": 0.0, "tileset": "spr_foresttile1", "autotile": 1.0 }, "1600_384": { "autotile": 1.0, "autotile_index": 0.0, "tileset": "spr_foresttile1", "coord": [ 4.0, 2.0 ] }, "1728_480": { "autotile": 1.0, "autotile_index": 0.0, "tileset": "spr_foresttile1", "coord": [ 4.0, 3.0 ] }, "2048_224": { "autotile": 1.0, "autotile_index": 0.0, "tileset": "spr_foresttile1", "coord": [ 2.0, 3.0 ] }, "1280_512": { "coord": [ 4.0, 3.0 ], "autotile_index": 0.0, "tileset": "spr_foresttile1", "autotile": 1.0 }, "672_256": { "coord": [ 6.0, 3.0 ], "autotile_index": 0.0, "tileset": "spr_foresttile1", "autotile": 1.0 }, "1344_-32": { "autotile": 1.0, "autotile_index": 0.0, "tileset": "spr_foresttile1", "coord": [ 6.0, 5.0 ] }, "672_480": { "coord": [ 4.0, 3.0 ], "autotile_index": 0.0, "tileset": "spr_foresttile1", "autotile": 1.0 }, "1920_352": { "autotile": 1.0, "autotile_index": 0.0, "tileset": "spr_foresttile1", "coord": [ 9.0, 2.0 ] }, "1472_0": { "autotile": 1.0, "autotile_index": 0.0, "tileset": "spr_foresttile1", "coord": [ 2.0, 4.0 ] }, "1440_128": { "autotile": 1.0, "autotile_index": 0.0, "tileset": "spr_foresttile1", "coord": [ 3.0, 2.0 ] }, "1088_160": { "coord": [ 4.0, 5.0 ], "autotile_index": 0.0, "tileset": "spr_foresttile1", "autotile": 1.0 }, "1504_-128": { "autotile": 1.0, "autotile_index": 0.0, "tileset": "spr_foresttile1", "coord": [ 4.0, 4.0 ] }, "896_160": { "autotile": 0.0, "autotile_index": 0.0, "tileset": "spr_foresttile1", "coord": [ 7.0, 12.0 ] }, "1888_448": { "autotile": 1.0, "autotile_index": 0.0, "tileset": "spr_foresttile1", "coord": [ 4.0, 3.0 ] }, "1792_416": { "autotile": 1.0, "autotile_index": 0.0, "tileset": "spr_foresttile1", "coord": [ 4.0, 3.0 ] }, "32_480": { "coord": [ 4.0, 3.0 ], "autotile_index": 0.0, "tileset": "spr_foresttile1", "autotile": 1.0 }, "1056_512": { "coord": [ 4.0, 3.0 ], "autotile_index": 0.0, "tileset": "spr_foresttile1", "autotile": 1.0 }, "2048_-96": { "autotile": 1.0, "autotile_index": 0.0, "tileset": "spr_foresttile1", "coord": [ 9.0, 3.0 ] }, "256_352": { "coord": [ 3.0, 1.0 ], "autotile_index": 0.0, "tileset": "spr_foresttile1", "autotile": 1.0 }, "1600_64": { "autotile": 1.0, "autotile_index": 0.0, "tileset": "spr_foresttile1", "coord": [ 10.0, 3.0 ] }, "1056_128": { "coord": [ 9.0, 2.0 ], "autotile_index": 0.0, "tileset": "spr_foresttile1", "autotile": 1.0 }, "1568_32": { "autotile": 1.0, "autotile_index": 0.0, "tileset": "spr_foresttile1", "coord": [ 5.0, 2.0 ] }, "32_448": { "coord": [ 4.0, 3.0 ], "autotile_index": 0.0, "tileset": "spr_foresttile1", "autotile": 1.0 }, "1600_-96": { "autotile": 1.0, "autotile_index": 0.0, "tileset": "spr_foresttile1", "coord": [ 9.0, 3.0 ] }, "1856_64": { "autotile": 1.0, "autotile_index": 0.0, "tileset": "spr_foresttile1", "coord": [ 5.0, 1.0 ] }, "1792_-128": { "autotile": 1.0, "autotile_index": 0.0, "tileset": "spr_foresttile1", "coord": [ 4.0, 4.0 ] }, "1792_480": { "autotile": 1.0, "autotile_index": 0.0, "tileset": "spr_foresttile1", "coord": [ 4.0, 3.0 ] }, "640_-128": { "coord": [ 4.0, 4.0 ], "autotile_index": 0.0, "tileset": "spr_foresttile1", "autotile": 1.0 }, "864_512": { "coord": [ 4.0, 3.0 ], "autotile_index": 0.0, "tileset": "spr_foresttile1", "autotile": 1.0 }, "992_-128": { "autotile": 1.0, "autotile_index": 0.0, "tileset": "spr_foresttile1", "coord": [ 5.0, 4.0 ] }, "192_-128": { "coord": [ 4.0, 4.0 ], "autotile_index": 0.0, "tileset": "spr_foresttile1", "autotile": 1.0 }, "0_352": { "coord": [ 3.0, 1.0 ], "autotile_index": 0.0, "tileset": "spr_foresttile1", "autotile": 1.0 }, "1632_352": { "autotile": 1.0, "autotile_index": 0.0, "tileset": "spr_foresttile1", "coord": [ 3.0, 1.0 ] }, "1760_480": { "autotile": 1.0, "autotile_index": 0.0, "tileset": "spr_foresttile1", "coord": [ 4.0, 3.0 ] }, "1472_384": { "autotile": 1.0, "autotile_index": 0.0, "tileset": "spr_foresttile1", "coord": [ 4.0, 2.0 ] }, "1664_448": { "autotile": 1.0, "autotile_index": 0.0, "tileset": "spr_foresttile1", "coord": [ 4.0, 3.0 ] }, "1184_0": { "coord": [ 2.0, 3.0 ], "autotile_index": 0.0, "tileset": "spr_foresttile1", "autotile": 1.0 }, "2080_32": { "autotile": 1.0, "autotile_index": 0.0, "tileset": "spr_foresttile1", "coord": [ 3.0, 3.0 ] }, "1472_224": { "autotile": 1.0, "autotile_index": 0.0, "tileset": "spr_foresttile1", "coord": [ 5.0, 3.0 ] }, "0_96": { "coord": [ 5.0, 3.0 ], "autotile_index": 0.0, "tileset": "spr_foresttile1", "autotile": 1.0 }, "1152_480": { "coord": [ 4.0, 3.0 ], "autotile_index": 0.0, "tileset": "spr_foresttile1", "autotile": 1.0 }, "480_416": { "coord": [ 4.0, 3.0 ], "autotile_index": 0.0, "tileset": "spr_foresttile1", "autotile": 1.0 }, "2048_288": { "autotile": 1.0, "autotile_index": 0.0, "tileset": "spr_foresttile1", "coord": [ 9.0, 2.0 ] }, "1472_-64": { "autotile": 1.0, "autotile_index": 0.0, "tileset": "spr_foresttile1", "coord": [ 5.0, 4.0 ] }, "32_352": { "coord": [ 4.0, 1.0 ], "autotile_index": 0.0, "tileset": "spr_foresttile1", "autotile": 1.0 }, "1184_32": { "coord": [ 2.0, 4.0 ], "autotile_index": 0.0, "tileset": "spr_foresttile1", "autotile": 1.0 }, "1440_-64": { "autotile": 1.0, "autotile_index": 0.0, "tileset": "spr_foresttile1", "coord": [ 3.0, 4.0 ] }, "768_416": { "coord": [ 4.0, 3.0 ], "autotile_index": 0.0, "tileset": "spr_foresttile1", "autotile": 1.0 }, "1248_352": { "coord": [ 4.0, 1.0 ], "autotile_index": 0.0, "tileset": "spr_foresttile1", "autotile": 1.0 }, "896_192": { "autotile": 0.0, "autotile_index": 0.0, "tileset": "spr_foresttile1", "coord": [ 7.0, 13.0 ] }, "832_512": { "coord": [ 4.0, 3.0 ], "autotile_index": 0.0, "tileset": "spr_foresttile1", "autotile": 1.0 }, "1056_96": { "coord": [ 2.0, 2.0 ], "autotile_index": 0.0, "tileset": "spr_foresttile1", "autotile": 1.0 }, "1152_416": { "coord": [ 4.0, 3.0 ], "autotile_index": 0.0, "tileset": "spr_foresttile1", "autotile": 1.0 }, "1440_192": { "autotile": 1.0, "autotile_index": 0.0, "tileset": "spr_foresttile1", "coord": [ 3.0, 3.0 ] }, "1024_-128": { "autotile": 1.0, "autotile_index": 0.0, "tileset": "spr_foresttile1", "coord": [ 6.0, 2.0 ] }, "1472_64": { "autotile": 1.0, "autotile_index": 0.0, "tileset": "spr_foresttile1", "coord": [ 2.0, 4.0 ] }, "512_512": { "coord": [ 4.0, 3.0 ], "autotile_index": 0.0, "tileset": "spr_foresttile1", "autotile": 1.0 }, "1600_0": { "autotile": 1.0, "autotile_index": 0.0, "tileset": "spr_foresttile1", "coord": [ 9.0, 2.0 ] }, "1664_-96": { "autotile": 1.0, "autotile_index": 0.0, "tileset": "spr_foresttile1", "coord": [ 5.0, 3.0 ] }, "896_448": { "coord": [ 4.0, 3.0 ], "autotile_index": 0.0, "tileset": "spr_foresttile1", "autotile": 1.0 }, "32_192": { "coord": [ 6.0, 5.0 ], "autotile_index": 0.0, "tileset": "spr_foresttile1", "autotile": 1.0 }, "672_160": { "coord": [ 6.0, 1.0 ], "autotile_index": 0.0, "tileset": "spr_foresttile1", "autotile": 1.0 }, "1216_512": { "coord": [ 4.0, 3.0 ], "autotile_index": 0.0, "tileset": "spr_foresttile1", "autotile": 1.0 }, "992_384": { "coord": [ 4.0, 2.0 ], "autotile_index": 0.0, "tileset": "spr_foresttile1", "autotile": 1.0 }, "992_352": { "coord": [ 4.0, 1.0 ], "autotile_index": 0.0, "tileset": "spr_foresttile1", "autotile": 1.0 }, "160_448": { "coord": [ 4.0, 3.0 ], "autotile_index": 0.0, "tileset": "spr_foresttile1", "autotile": 1.0 }, "0_448": { "coord": [ 4.0, 3.0 ], "autotile_index": 0.0, "tileset": "spr_foresttile1", "autotile": 1.0 }, "1472_320": { "autotile": 1.0, "autotile_index": 0.0, "tileset": "spr_foresttile1", "coord": [ 2.0, 3.0 ] }, "1216_128": { "coord": [ 6.0, 4.0 ], "autotile_index": 0.0, "tileset": "spr_foresttile1", "autotile": 1.0 }, "1856_480": { "autotile": 1.0, "autotile_index": 0.0, "tileset": "spr_foresttile1", "coord": [ 4.0, 3.0 ] }, "416_416": { "coord": [ 4.0, 3.0 ], "autotile_index": 0.0, "tileset": "spr_foresttile1", "autotile": 1.0 }, "2080_-128": { "autotile": 1.0, "autotile_index": 0.0, "tileset": "spr_foresttile1", "coord": [ 2.0, 2.0 ] }, "992_160": { "autotile": 0.0, "autotile_index": 0.0, "tileset": "spr_foresttile1", "coord": [ 10.0, 12.0 ] }, "1664_32": { "autotile": 1.0, "autotile_index": 0.0, "tileset": "spr_foresttile1", "coord": [ 5.0, 4.0 ] }, "896_32": { "coord": [ 0.0, 1.0 ], "autotile_index": 0.0, "tileset": "tiles_troll", "autotile": 0.0 }, "1984_480": { "autotile": 1.0, "autotile_index": 0.0, "tileset": "spr_foresttile1", "coord": [ 4.0, 3.0 ] }, "1024_352": { "coord": [ 4.0, 1.0 ], "autotile_index": 0.0, "tileset": "spr_foresttile1", "autotile": 1.0 }, "288_480": { "coord": [ 4.0, 3.0 ], "autotile_index": 0.0, "tileset": "spr_foresttile1", "autotile": 1.0 }, "2016_448": { "autotile": 1.0, "autotile_index": 0.0, "tileset": "spr_foresttile1", "coord": [ 4.0, 3.0 ] }, "1600_-64": { "autotile": 1.0, "autotile_index": 0.0, "tileset": "spr_foresttile1", "coord": [ 2.0, 3.0 ] }, "1856_512": { "autotile": 1.0, "autotile_index": 0.0, "tileset": "spr_foresttile1", "coord": [ 4.0, 3.0 ] }, "1856_352": { "autotile": 1.0, "autotile_index": 0.0, "tileset": "spr_foresttile1", "coord": [ 4.0, 1.0 ] }, "1664_416": { "autotile": 1.0, "autotile_index": 0.0, "tileset": "spr_foresttile1", "coord": [ 4.0, 3.0 ] }, "384_480": { "coord": [ 4.0, 3.0 ], "autotile_index": 0.0, "tileset": "spr_foresttile1", "autotile": 1.0 }, "480_-128": { "coord": [ 4.0, 4.0 ], "autotile_index": 0.0, "tileset": "spr_foresttile1", "autotile": 1.0 }, "2016_416": { "autotile": 1.0, "autotile_index": 0.0, "tileset": "spr_foresttile1", "coord": [ 4.0, 3.0 ] }, "832_384": { "coord": [ 4.0, 2.0 ], "autotile_index": 0.0, "tileset": "spr_foresttile1", "autotile": 1.0 }, "1504_-96": { "autotile": 1.0, "autotile_index": 0.0, "tileset": "spr_foresttile1", "coord": [ 10.0, 3.0 ] }, "32_416": { "coord": [ 4.0, 3.0 ], "autotile_index": 0.0, "tileset": "spr_foresttile1", "autotile": 1.0 }, "1440_448": { "coord": [ 4.0, 3.0 ], "autotile_index": 0.0, "tileset": "spr_foresttile1", "autotile": 1.0 }, "1504_64": { "autotile": 1.0, "autotile_index": 0.0, "tileset": "spr_foresttile1", "coord": [ 3.0, 3.0 ] }, "640_384": { "coord": [ 2.0, 2.0 ], "autotile_index": 0.0, "tileset": "spr_foresttile1", "autotile": 1.0 }, "1920_-96": { "autotile": 1.0, "autotile_index": 0.0, "tileset": "spr_foresttile1", "coord": [ 3.0, 5.0 ] }, "448_416": { "coord": [ 4.0, 3.0 ], "autotile_index": 0.0, "tileset": "spr_foresttile1", "autotile": 1.0 }, "96_-128": { "coord": [ 4.0, 4.0 ], "autotile_index": 0.0, "tileset": "spr_foresttile1", "autotile": 1.0 }, "672_-96": { "coord": [ 4.0, 5.0 ], "autotile_index": 0.0, "tileset": "spr_foresttile1", "autotile": 1.0 }, "1600_-32": { "autotile": 1.0, "autotile_index": 0.0, "tileset": "spr_foresttile1", "coord": [ 2.0, 2.0 ] }, "640_512": { "coord": [ 4.0, 3.0 ], "autotile_index": 0.0, "tileset": "spr_foresttile1", "autotile": 1.0 }, "1504_448": { "autotile": 1.0, "autotile_index": 0.0, "tileset": "spr_foresttile1", "coord": [ 4.0, 3.0 ] }, "288_384": { "coord": [ 4.0, 2.0 ], "autotile_index": 0.0, "tileset": "spr_foresttile1", "autotile": 1.0 }, "1536_-128": { "autotile": 1.0, "autotile_index": 0.0, "tileset": "spr_foresttile1", "coord": [ 4.0, 4.0 ] }, "352_-128": { "coord": [ 4.0, 4.0 ], "autotile_index": 0.0, "tileset": "spr_foresttile1", "autotile": 1.0 }, "544_512": { "coord": [ 4.0, 3.0 ], "autotile_index": 0.0, "tileset": "spr_foresttile1", "autotile": 1.0 }, "1632_480": { "autotile": 1.0, "autotile_index": 0.0, "tileset": "spr_foresttile1", "coord": [ 4.0, 3.0 ] }, "32_-64": { "coord": [ 6.0, 2.0 ], "autotile_index": 0.0, "tileset": "spr_foresttile1", "autotile": 1.0 }, "1248_384": { "coord": [ 4.0, 2.0 ], "autotile_index": 0.0, "tileset": "spr_foresttile1", "autotile": 1.0 }, "1216_352": { "coord": [ 3.0, 1.0 ], "autotile_index": 0.0, "tileset": "spr_foresttile1", "autotile": 1.0 }, "736_384": { "coord": [ 4.0, 2.0 ], "autotile_index": 0.0, "tileset": "spr_foresttile1", "autotile": 1.0 }, "0_512": { "coord": [ 4.0, 3.0 ], "autotile_index": 0.0, "tileset": "spr_foresttile1", "autotile": 1.0 }, "1888_352": { "autotile": 1.0, "autotile_index": 0.0, "tileset": "spr_foresttile1", "coord": [ 4.0, 1.0 ] }, "1984_512": { "autotile": 1.0, "autotile_index": 0.0, "tileset": "spr_foresttile1", "coord": [ 4.0, 3.0 ] }, "1152_512": { "coord": [ 4.0, 3.0 ], "autotile_index": 0.0, "tileset": "spr_foresttile1", "autotile": 1.0 }, "2048_-64": { "autotile": 1.0, "autotile_index": 0.0, "tileset": "spr_foresttile1", "coord": [ 2.0, 3.0 ] }, "1152_96": { "coord": [ 4.0, 2.0 ], "autotile_index": 0.0, "tileset": "spr_foresttile1", "autotile": 1.0 }, "352_352": { "coord": [ 5.0, 1.0 ], "autotile_index": 0.0, "tileset": "spr_foresttile1", "autotile": 1.0 }, "1408_-32": { "autotile": 1.0, "autotile_index": 0.0, "tileset": "spr_foresttile1", "coord": [ 2.0, 5.0 ] }, "128_448": { "coord": [ 4.0, 3.0 ], "autotile_index": 0.0, "tileset": "spr_foresttile1", "autotile": 1.0 }, "1088_416": { "coord": [ 4.0, 3.0 ], "autotile_index": 0.0, "tileset": "spr_foresttile1", "autotile": 1.0 }, "2080_160": { "autotile": 1.0, "autotile_index": 0.0, "tileset": "spr_foresttile1", "coord": [ 3.0, 3.0 ] }, "1312_352": { "coord": [ 4.0, 1.0 ], "autotile_index": 0.0, "tileset": "spr_foresttile1", "autotile": 1.0 }, "96_416": { "coord": [ 4.0, 3.0 ], "autotile_index": 0.0, "tileset": "spr_foresttile1", "autotile": 1.0 }, "1760_512": { "autotile": 1.0, "autotile_index": 0.0, "tileset": "spr_foresttile1", "coord": [ 4.0, 3.0 ] }, "1408_192": { "autotile": 1.0, "autotile_index": 0.0, "tileset": "spr_foresttile1", "coord": [ 2.0, 2.0 ] }, "1440_384": { "autotile": 1.0, "autotile_index": 0.0, "tileset": "spr_foresttile1", "coord": [ 4.0, 2.0 ] }, "480_480": { "coord": [ 4.0, 3.0 ], "autotile_index": 0.0, "tileset": "spr_foresttile1", "autotile": 1.0 }, "96_480": { "coord": [ 4.0, 3.0 ], "autotile_index": 0.0, "tileset": "spr_foresttile1", "autotile": 1.0 }, "960_448": { "coord": [ 4.0, 3.0 ], "autotile_index": 0.0, "tileset": "spr_foresttile1", "autotile": 1.0 }, "1120_480": { "coord": [ 4.0, 3.0 ], "autotile_index": 0.0, "tileset": "spr_foresttile1", "autotile": 1.0 }, "1056_160": { "coord": [ 3.0, 5.0 ], "autotile_index": 0.0, "tileset": "spr_foresttile1", "autotile": 1.0 }, "32_-128": { "coord": [ 4.0, 4.0 ], "autotile_index": 0.0, "tileset": "spr_foresttile1", "autotile": 1.0 }, "1824_448": { "autotile": 1.0, "autotile_index": 0.0, "tileset": "spr_foresttile1", "coord": [ 4.0, 3.0 ] }, "512_416": { "coord": [ 4.0, 3.0 ], "autotile_index": 0.0, "tileset": "spr_foresttile1", "autotile": 1.0 }, "800_512": { "coord": [ 4.0, 3.0 ], "autotile_index": 0.0, "tileset": "spr_foresttile1", "autotile": 1.0 }, "576_416": { "coord": [ 4.0, 3.0 ], "autotile_index": 0.0, "tileset": "spr_foresttile1", "autotile": 1.0 }, "1280_32": { "coord": [ 3.0, 5.0 ], "autotile_index": 0.0, "tileset": "spr_foresttile1", "autotile": 1.0 }, "1568_448": { "autotile": 1.0, "autotile_index": 0.0, "tileset": "spr_foresttile1", "coord": [ 4.0, 3.0 ] }, "1632_416": { "autotile": 1.0, "autotile_index": 0.0, "tileset": "spr_foresttile1", "coord": [ 4.0, 3.0 ] }, "960_32": { "coord": [ 2.0, 1.0 ], "autotile_index": 0.0, "tileset": "tiles_troll", "autotile": 0.0 }, "1984_384": { "autotile": 1.0, "autotile_index": 0.0, "tileset": "spr_foresttile1", "coord": [ 4.0, 3.0 ] }, "1152_352": { "coord": [ 5.0, 1.0 ], "autotile_index": 0.0, "tileset": "spr_foresttile1", "autotile": 1.0 }, "2080_-96": { "autotile": 1.0, "autotile_index": 0.0, "tileset": "spr_foresttile1", "coord": [ 3.0, 3.0 ] }, "928_128": { "autotile": 0.0, "autotile_index": 0.0, "tileset": "spr_foresttile1", "coord": [ 8.0, 11.0 ] }, "864_-128": { "coord": [ 4.0, 4.0 ], "autotile_index": 0.0, "tileset": "spr_foresttile1", "autotile": 1.0 }, "896_352": { "coord": [ 5.0, 1.0 ], "autotile_index": 0.0, "tileset": "spr_foresttile1", "autotile": 1.0 }, "1312_512": { "coord": [ 4.0, 3.0 ], "autotile_index": 0.0, "tileset": "spr_foresttile1", "autotile": 1.0 }, "1440_256": { "autotile": 1.0, "autotile_index": 0.0, "tileset": "spr_foresttile1", "coord": [ 3.0, 4.0 ] }, "1504_192": { "autotile": 1.0, "autotile_index": 0.0, "tileset": "spr_foresttile1", "coord": [ 5.0, 4.0 ] }, "928_512": { "coord": [ 4.0, 3.0 ], "autotile_index": 0.0, "tileset": "spr_foresttile1", "autotile": 1.0 }, "608_-128": { "coord": [ 4.0, 4.0 ], "autotile_index": 0.0, "tileset": "spr_foresttile1", "autotile": 1.0 }, "1472_160": { "autotile": 1.0, "autotile_index": 0.0, "tileset": "spr_foresttile1", "coord": [ 4.0, 3.0 ] }, "2048_192": { "autotile": 1.0, "autotile_index": 0.0, "tileset": "spr_foresttile1", "coord": [ 2.0, 4.0 ] }, "288_352": { "coord": [ 5.0, 1.0 ], "autotile_index": 0.0, "tileset": "spr_foresttile1", "autotile": 1.0 }, "384_512": { "coord": [ 4.0, 3.0 ], "autotile_index": 0.0, "tileset": "spr_foresttile1", "autotile": 1.0 }, "352_512": { "coord": [ 4.0, 3.0 ], "autotile_index": 0.0, "tileset": "spr_foresttile1", "autotile": 1.0 }, "1600_352": { "autotile": 1.0, "autotile_index": 0.0, "tileset": "spr_foresttile1", "coord": [ 3.0, 1.0 ] }, "2080_320": { "autotile": 1.0, "autotile_index": 0.0, "tileset": "spr_foresttile1", "coord": [ 2.0, 2.0 ] }, "1856_96": { "autotile": 1.0, "autotile_index": 0.0, "tileset": "spr_foresttile1", "coord": [ 4.0, 5.0 ] }, "704_512": { "coord": [ 4.0, 3.0 ], "autotile_index": 0.0, "tileset": "spr_foresttile1", "autotile": 1.0 }, "1088_480": { "coord": [ 4.0, 3.0 ], "autotile_index": 0.0, "tileset": "spr_foresttile1", "autotile": 1.0 }, "352_384": { "coord": [ 4.0, 2.0 ], "autotile_index": 0.0, "tileset": "spr_foresttile1", "autotile": 1.0 }, "1504_384": { "autotile": 1.0, "autotile_index": 0.0, "tileset": "spr_foresttile1", "coord": [ 4.0, 2.0 ] }, "384_416": { "coord": [ 4.0, 3.0 ], "autotile_index": 0.0, "tileset": "spr_foresttile1", "autotile": 1.0 }, "608_160": { "coord": [ 4.0, 1.0 ], "autotile_index": 0.0, "tileset": "spr_foresttile1", "autotile": 1.0 }, "416_-96": { "coord": [ 3.0, 5.0 ], "autotile_index": 0.0, "tileset": "spr_foresttile1", "autotile": 1.0 }, "576_-128": { "coord": [ 4.0, 4.0 ], "autotile_index": 0.0, "tileset": "spr_foresttile1", "autotile": 1.0 }, "1664_64": { "autotile": 1.0, "autotile_index": 0.0, "tileset": "spr_foresttile1", "coord": [ 9.0, 3.0 ] }, "1280_416": { "coord": [ 4.0, 3.0 ], "autotile_index": 0.0, "tileset": "spr_foresttile1", "autotile": 1.0 }, "832_352": { "coord": [ 5.0, 1.0 ], "autotile_index": 0.0, "tileset": "spr_foresttile1", "autotile": 1.0 }, "928_192": { "autotile": 0.0, "autotile_index": 0.0, "tileset": "spr_foresttile1", "coord": [ 8.0, 13.0 ] }, "480_352": { "coord": [ 4.0, 1.0 ], "autotile_index": 0.0, "tileset": "spr_foresttile1", "autotile": 1.0 }, "896_-128": { "coord": [ 4.0, 4.0 ], "autotile_index": 0.0, "tileset": "spr_foresttile1", "autotile": 1.0 }, "1728_384": { "autotile": 1.0, "autotile_index": 0.0, "tileset": "spr_foresttile1", "coord": [ 4.0, 2.0 ] }, "1184_448": { "coord": [ 4.0, 3.0 ], "autotile_index": 0.0, "tileset": "spr_foresttile1", "autotile": 1.0 }, "1088_384": { "coord": [ 4.0, 2.0 ], "autotile_index": 0.0, "tileset": "spr_foresttile1", "autotile": 1.0 }, "992_-96": { "autotile": 1.0, "autotile_index": 0.0, "tileset": "spr_foresttile1", "coord": [ 4.0, 5.0 ] }, "1216_480": { "coord": [ 4.0, 3.0 ], "autotile_index": 0.0, "tileset": "spr_foresttile1", "autotile": 1.0 }, "1344_352": { "autotile": 1.0, "autotile_index": 0.0, "tileset": "spr_foresttile1", "coord": [ 3.0, 1.0 ] }, "288_512": { "coord": [ 4.0, 3.0 ], "autotile_index": 0.0, "tileset": "spr_foresttile1", "autotile": 1.0 }, "576_-96": { "coord": [ 3.0, 5.0 ], "autotile_index": 0.0, "tileset": "spr_foresttile1", "autotile": 1.0 }, "1504_512": { "autotile": 1.0, "autotile_index": 0.0, "tileset": "spr_foresttile1", "coord": [ 4.0, 3.0 ] }, "1056_448": { "coord": [ 4.0, 3.0 ], "autotile_index": 0.0, "tileset": "spr_foresttile1", "autotile": 1.0 }, "2016_352": { "autotile": 1.0, "autotile_index": 0.0, "tileset": "spr_foresttile1", "coord": [ 4.0, 3.0 ] }, "2080_-32": { "autotile": 1.0, "autotile_index": 0.0, "tileset": "spr_foresttile1", "coord": [ 3.0, 3.0 ] }, "1184_-32": { "autotile": 1.0, "autotile_index": 0.0, "tileset": "spr_foresttile1", "coord": [ 2.0, 2.0 ] }, "960_512": { "coord": [ 4.0, 3.0 ], "autotile_index": 0.0, "tileset": "spr_foresttile1", "autotile": 1.0 }, "1600_480": { "autotile": 1.0, "autotile_index": 0.0, "tileset": "spr_foresttile1", "coord": [ 4.0, 3.0 ] }, "1216_384": { "coord": [ 4.0, 2.0 ], "autotile_index": 0.0, "tileset": "spr_foresttile1", "autotile": 1.0 }, "2080_96": { "autotile": 1.0, "autotile_index": 0.0, "tileset": "spr_foresttile1", "coord": [ 3.0, 3.0 ] }, "640_192": { "coord": [ 5.0, 2.0 ], "autotile_index": 0.0, "tileset": "spr_foresttile1", "autotile": 1.0 }, "576_224": { "coord": [ 2.0, 2.0 ], "autotile_index": 0.0, "tileset": "spr_foresttile1", "autotile": 1.0 }, "608_224": { "coord": [ 3.0, 3.0 ], "autotile_index": 0.0, "tileset": "spr_foresttile1", "autotile": 1.0 }, "1504_480": { "autotile": 1.0, "autotile_index": 0.0, "tileset": "spr_foresttile1", "coord": [ 4.0, 3.0 ] }, "832_448": { "coord": [ 4.0, 3.0 ], "autotile_index": 0.0, "tileset": "spr_foresttile1", "autotile": 1.0 }, "1504_32": { "autotile": 1.0, "autotile_index": 0.0, "tileset": "spr_foresttile1", "coord": [ 3.0, 2.0 ] }, "576_384": { "coord": [ 4.0, 2.0 ], "autotile_index": 0.0, "tileset": "spr_foresttile1", "autotile": 1.0 }, "1408_384": { "autotile": 1.0, "autotile_index": 0.0, "tileset": "spr_foresttile1", "coord": [ 4.0, 2.0 ] }, "1088_448": { "coord": [ 4.0, 3.0 ], "autotile_index": 0.0, "tileset": "spr_foresttile1", "autotile": 1.0 }, "1696_96": { "autotile": 1.0, "autotile_index": 0.0, "tileset": "spr_foresttile1", "coord": [ 5.0, 5.0 ] }, "672_-128": { "coord": [ 4.0, 4.0 ], "autotile_index": 0.0, "tileset": "spr_foresttile1", "autotile": 1.0 }, "1728_-128": { "autotile": 1.0, "autotile_index": 0.0, "tileset": "spr_foresttile1", "coord": [ 4.0, 4.0 ] }, "672_384": { "coord": [ 4.0, 2.0 ], "autotile_index": 0.0, "tileset": "spr_foresttile1", "autotile": 1.0 }, "800_-128": { "coord": [ 4.0, 4.0 ], "autotile_index": 0.0, "tileset": "spr_foresttile1", "autotile": 1.0 }, "160_384": { "coord": [ 4.0, 2.0 ], "autotile_index": 0.0, "tileset": "spr_foresttile1", "autotile": 1.0 }, "1824_64": { "autotile": 1.0, "autotile_index": 0.0, "tileset": "spr_foresttile1", "coord": [ 5.0, 1.0 ] }, "1984_352": { "autotile": 1.0, "autotile_index": 0.0, "tileset": "spr_foresttile1", "coord": [ 4.0, 3.0 ] }, "-32_512": { "coord": [ 0.0, 0.0 ], "autotile_index": 0.0, "tileset": "spr_foresttile1", "autotile": 1.0 }, "352_480": { "coord": [ 4.0, 3.0 ], "autotile_index": 0.0, "tileset": "spr_foresttile1", "autotile": 1.0 }, "2016_384": { "autotile": 1.0, "autotile_index": 0.0, "tileset": "spr_foresttile1", "coord": [ 4.0, 3.0 ] }, "864_448": { "coord": [ 4.0, 3.0 ], "autotile_index": 0.0, "tileset": "spr_foresttile1", "autotile": 1.0 }, "0_384": { "coord": [ 4.0, 2.0 ], "autotile_index": 0.0, "tileset": "spr_foresttile1", "autotile": 1.0 }, "832_-96": { "coord": [ 3.0, 5.0 ], "autotile_index": 0.0, "tileset": "spr_foresttile1", "autotile": 1.0 }, "1568_480": { "autotile": 1.0, "autotile_index": 0.0, "tileset": "spr_foresttile1", "coord": [ 4.0, 3.0 ] }, "1472_352": { "autotile": 1.0, "autotile_index": 0.0, "tileset": "spr_foresttile1", "coord": [ 9.0, 2.0 ] }, "0_64": { "coord": [ 5.0, 3.0 ], "autotile_index": 0.0, "tileset": "spr_foresttile1", "autotile": 1.0 }, "1984_448": { "autotile": 1.0, "autotile_index": 0.0, "tileset": "spr_foresttile1", "coord": [ 4.0, 3.0 ] }, "1248_416": { "coord": [ 4.0, 3.0 ], "autotile_index": 0.0, "tileset": "spr_foresttile1", "autotile": 1.0 }, "1856_416": { "autotile": 1.0, "autotile_index": 0.0, "tileset": "spr_foresttile1", "coord": [ 4.0, 3.0 ] }, "2016_512": { "autotile": 1.0, "autotile_index": 0.0, "tileset": "spr_foresttile1", "coord": [ 4.0, 3.0 ] }, "-32_352": { "coord": [ 0.0, 0.0 ], "autotile_index": 0.0, "tileset": "spr_foresttile1", "autotile": 1.0 }, "736_-96": { "coord": [ 5.0, 5.0 ], "autotile_index": 0.0, "tileset": "spr_foresttile1", "autotile": 1.0 }, "1472_256": { "autotile": 1.0, "autotile_index": 0.0, "tileset": "spr_foresttile1", "coord": [ 5.0, 4.0 ] }, "128_-128": { "coord": [ 4.0, 4.0 ], "autotile_index": 0.0, "tileset": "spr_foresttile1", "autotile": 1.0 }, "672_288": { "coord": [ 6.0, 3.0 ], "autotile_index": 0.0, "tileset": "spr_foresttile1", "autotile": 1.0 }, "544_384": { "coord": [ 4.0, 2.0 ], "autotile_index": 0.0, "tileset": "spr_foresttile1", "autotile": 1.0 }, "480_-96": { "coord": [ 4.0, 5.0 ], "autotile_index": 0.0, "tileset": "spr_foresttile1", "autotile": 1.0 }, "1472_-128": { "autotile": 1.0, "autotile_index": 0.0, "tileset": "spr_foresttile1", "coord": [ 2.0, 2.0 ] }, "1536_128": { "autotile": 1.0, "autotile_index": 0.0, "tileset": "spr_foresttile1", "coord": [ 5.0, 4.0 ] }, "1760_-96": { "autotile": 1.0, "autotile_index": 0.0, "tileset": "spr_foresttile1", "coord": [ 5.0, 5.0 ] }, "512_-96": { "coord": [ 5.0, 5.0 ], "autotile_index": 0.0, "tileset": "spr_foresttile1", "autotile": 1.0 }, "384_384": { "coord": [ 4.0, 2.0 ], "autotile_index": 0.0, "tileset": "spr_foresttile1", "autotile": 1.0 }, "576_288": { "coord": [ 2.0, 2.0 ], "autotile_index": 0.0, "tileset": "spr_foresttile1", "autotile": 1.0 }, "1280_-96": { "coord": [ 4.0, 3.0 ], "autotile_index": 0.0, "tileset": "spr_foresttile1", "autotile": 1.0 }, "608_384": { "coord": [ 2.0, 2.0 ], "autotile_index": 0.0, "tileset": "spr_foresttile1", "autotile": 1.0 }, "2048_512": { "autotile": 1.0, "autotile_index": 0.0, "tileset": "spr_foresttile1", "coord": [ 4.0, 3.0 ] }, "1952_-96": { "autotile": 1.0, "autotile_index": 0.0, "tileset": "spr_foresttile1", "coord": [ 5.0, 5.0 ] }, "1856_448": { "autotile": 1.0, "autotile_index": 0.0, "tileset": "spr_foresttile1", "coord": [ 4.0, 3.0 ] }, "1248_64": { "coord": [ 6.0, 2.0 ], "autotile_index": 0.0, "tileset": "spr_foresttile1", "autotile": 1.0 }, "1760_-128": { "autotile": 1.0, "autotile_index": 0.0, "tileset": "spr_foresttile1", "coord": [ 4.0, 4.0 ] }, "576_320": { "coord": [ 2.0, 4.0 ], "autotile_index": 0.0, "tileset": "spr_foresttile1", "autotile": 1.0 }, "448_-128": { "coord": [ 4.0, 4.0 ], "autotile_index": 0.0, "tileset": "spr_foresttile1", "autotile": 1.0 }, "928_416": { "coord": [ 4.0, 3.0 ], "autotile_index": 0.0, "tileset": "spr_foresttile1", "autotile": 1.0 }, "608_288": { "coord": [ 3.0, 3.0 ], "autotile_index": 0.0, "tileset": "spr_foresttile1", "autotile": 1.0 }, "64_352": { "coord": [ 4.0, 1.0 ], "autotile_index": 0.0, "tileset": "spr_foresttile1", "autotile": 1.0 }, "640_320": { "coord": [ 5.0, 3.0 ], "autotile_index": 0.0, "tileset": "spr_foresttile1", "autotile": 1.0 }, "224_352": { "coord": [ 3.0, 1.0 ], "autotile_index": 0.0, "tileset": "spr_foresttile1", "autotile": 1.0 }, "1408_-96": { "autotile": 1.0, "autotile_index": 0.0, "tileset": "spr_foresttile1", "coord": [ 4.0, 4.0 ] }, "32_160": { "coord": [ 6.0, 3.0 ], "autotile_index": 0.0, "tileset": "spr_foresttile1", "autotile": 1.0 }, "544_480": { "coord": [ 4.0, 3.0 ], "autotile_index": 0.0, "tileset": "spr_foresttile1", "autotile": 1.0 }, "1344_384": { "coord": [ 4.0, 2.0 ], "autotile_index": 0.0, "tileset": "spr_foresttile1", "autotile": 1.0 }, "416_-128": { "coord": [ 4.0, 4.0 ], "autotile_index": 0.0, "tileset": "spr_foresttile1", "autotile": 1.0 }, "1408_288": { "autotile": 1.0, "autotile_index": 0.0, "tileset": "spr_foresttile1", "coord": [ 2.0, 5.0 ] }, "2080_416": { "autotile": 1.0, "autotile_index": 0.0, "tileset": "spr_foresttile1", "coord": [ 4.0, 3.0 ] }, "2016_-96": { "autotile": 1.0, "autotile_index": 0.0, "tileset": "spr_foresttile1", "coord": [ 4.0, 5.0 ] }, "0_-96": { "coord": [ 5.0, 3.0 ], "autotile_index": 0.0, "tileset": "spr_foresttile1", "autotile": 1.0 }, "96_384": { "coord": [ 4.0, 2.0 ], "autotile_index": 0.0, "tileset": "spr_foresttile1", "autotile": 1.0 }, "1696_-64": { "autotile": 1.0, "autotile_index": 0.0, "tileset": "spr_foresttile1", "coord": [ 6.0, 2.0 ] }, "1696_32": { "autotile": 1.0, "autotile_index": 0.0, "tileset": "spr_foresttile1", "coord": [ 6.0, 4.0 ] }, "1440_352": { "autotile": 1.0, "autotile_index": 0.0, "tileset": "spr_foresttile1", "coord": [ 5.0, 1.0 ] }, "448_512": { "coord": [ 4.0, 3.0 ], "autotile_index": 0.0, "tileset": "spr_foresttile1", "autotile": 1.0 }, "1920_480": { "autotile": 1.0, "autotile_index": 0.0, "tileset": "spr_foresttile1", "coord": [ 4.0, 3.0 ] }, "1600_416": { "autotile": 1.0, "autotile_index": 0.0, "tileset": "spr_foresttile1", "coord": [ 4.0, 3.0 ] }, "1536_288": { "autotile": 1.0, "autotile_index": 0.0, "tileset": "spr_foresttile1", "coord": [ 6.0, 1.0 ] }, "1440_-32": { "autotile": 1.0, "autotile_index": 0.0, "tileset": "spr_foresttile1", "coord": [ 5.0, 5.0 ] }, "1792_384": { "autotile": 1.0, "autotile_index": 0.0, "tileset": "spr_foresttile1", "coord": [ 4.0, 2.0 ] }, "1440_-96": { "autotile": 1.0, "autotile_index": 0.0, "tileset": "spr_foresttile1", "coord": [ 2.0, 2.0 ] }, "1408_352": { "autotile": 1.0, "autotile_index": 0.0, "tileset": "spr_foresttile1", "coord": [ 4.0, 1.0 ] }, "928_32": { "coord": [ 1.0, 1.0 ], "autotile_index": 0.0, "tileset": "tiles_troll", "autotile": 0.0 }, "320_448": { "coord": [ 4.0, 3.0 ], "autotile_index": 0.0, "tileset": "spr_foresttile1", "autotile": 1.0 }, "1312_480": { "coord": [ 4.0, 3.0 ], "autotile_index": 0.0, "tileset": "spr_foresttile1", "autotile": 1.0 }, "768_448": { "coord": [ 4.0, 3.0 ], "autotile_index": 0.0, "tileset": "spr_foresttile1", "autotile": 1.0 }, "1920_-128": { "autotile": 1.0, "autotile_index": 0.0, "tileset": "spr_foresttile1", "coord": [ 4.0, 4.0 ] }, "448_352": { "coord": [ 4.0, 1.0 ], "autotile_index": 0.0, "tileset": "spr_foresttile1", "autotile": 1.0 }, "1952_384": { "autotile": 1.0, "autotile_index": 0.0, "tileset": "spr_foresttile1", "coord": [ 2.0, 2.0 ] }, "768_-128": { "coord": [ 4.0, 4.0 ], "autotile_index": 0.0, "tileset": "spr_foresttile1", "autotile": 1.0 }, "928_64": { "coord": [ 1.0, 2.0 ], "autotile_index": 0.0, "tileset": "tiles_troll", "autotile": 0.0 }, "1472_192": { "autotile": 1.0, "autotile_index": 0.0, "tileset": "spr_foresttile1", "coord": [ 2.0, 2.0 ] }, "1792_64": { "autotile": 1.0, "autotile_index": 0.0, "tileset": "spr_foresttile1", "coord": [ 4.0, 1.0 ] }, "224_384": { "coord": [ 4.0, 2.0 ], "autotile_index": 0.0, "tileset": "spr_foresttile1", "autotile": 1.0 }, "1248_480": { "coord": [ 4.0, 3.0 ], "autotile_index": 0.0, "tileset": "spr_foresttile1", "autotile": 1.0 }, "1632_32": { "autotile": 1.0, "autotile_index": 0.0, "tileset": "spr_foresttile1", "coord": [ 3.0, 4.0 ] }, "1600_32": { "autotile": 1.0, "autotile_index": 0.0, "tileset": "spr_foresttile1", "coord": [ 5.0, 3.0 ] }, "1568_160": { "autotile": 1.0, "autotile_index": 0.0, "tileset": "spr_foresttile1", "coord": [ 6.0, 5.0 ] }, "1376_416": { "coord": [ 4.0, 3.0 ], "autotile_index": 0.0, "tileset": "spr_foresttile1", "autotile": 1.0 }, "64_384": { "coord": [ 4.0, 2.0 ], "autotile_index": 0.0, "tileset": "spr_foresttile1", "autotile": 1.0 }, "256_416": { "coord": [ 4.0, 3.0 ], "autotile_index": 0.0, "tileset": "spr_foresttile1", "autotile": 1.0 }, "2048_0": { "autotile": 1.0, "autotile_index": 0.0, "tileset": "spr_foresttile1", "coord": [ 2.0, 3.0 ] }, "1184_128": { "coord": [ 5.0, 4.0 ], "autotile_index": 0.0, "tileset": "spr_foresttile1", "autotile": 1.0 }, "352_448": { "coord": [ 4.0, 3.0 ], "autotile_index": 0.0, "tileset": "spr_foresttile1", "autotile": 1.0 }, "864_384": { "coord": [ 4.0, 2.0 ], "autotile_index": 0.0, "tileset": "spr_foresttile1", "autotile": 1.0 }, "384_-128": { "coord": [ 4.0, 4.0 ], "autotile_index": 0.0, "tileset": "spr_foresttile1", "autotile": 1.0 }, "1824_512": { "autotile": 1.0, "autotile_index": 0.0, "tileset": "spr_foresttile1", "coord": [ 4.0, 3.0 ] }, "1568_384": { "autotile": 1.0, "autotile_index": 0.0, "tileset": "spr_foresttile1", "coord": [ 4.0, 2.0 ] }, "1504_416": { "autotile": 1.0, "autotile_index": 0.0, "tileset": "spr_foresttile1", "coord": [ 4.0, 3.0 ] }, "992_64": { "coord": [ 3.0, 2.0 ], "autotile_index": 0.0, "tileset": "tiles_troll", "autotile": 0.0 }, "896_384": { "coord": [ 4.0, 2.0 ], "autotile_index": 0.0, "tileset": "spr_foresttile1", "autotile": 1.0 }, "160_352": { "coord": [ 3.0, 1.0 ], "autotile_index": 0.0, "tileset": "spr_foresttile1", "autotile": 1.0 }, "480_512": { "coord": [ 4.0, 3.0 ], "autotile_index": 0.0, "tileset": "spr_foresttile1", "autotile": 1.0 }, "64_-96": { "coord": [ 3.0, 5.0 ], "autotile_index": 0.0, "tileset": "spr_foresttile1", "autotile": 1.0 }, "1440_224": { "autotile": 1.0, "autotile_index": 0.0, "tileset": "spr_foresttile1", "coord": [ 3.0, 3.0 ] }, "224_416": { "coord": [ 4.0, 3.0 ], "autotile_index": 0.0, "tileset": "spr_foresttile1", "autotile": 1.0 }, "1408_160": { "autotile": 1.0, "autotile_index": 0.0, "tileset": "spr_foresttile1", "coord": [ 2.0, 3.0 ] }, "768_480": { "coord": [ 4.0, 3.0 ], "autotile_index": 0.0, "tileset": "spr_foresttile1", "autotile": 1.0 }, "192_512": { "coord": [ 4.0, 3.0 ], "autotile_index": 0.0, "tileset": "spr_foresttile1", "autotile": 1.0 }, "672_224": { "coord": [ 6.0, 2.0 ], "autotile_index": 0.0, "tileset": "spr_foresttile1", "autotile": 1.0 }, "256_384": { "coord": [ 4.0, 2.0 ], "autotile_index": 0.0, "tileset": "spr_foresttile1", "autotile": 1.0 }, "1696_512": { "autotile": 1.0, "autotile_index": 0.0, "tileset": "spr_foresttile1", "coord": [ 4.0, 3.0 ] }, "1440_-128": { "autotile": 1.0, "autotile_index": 0.0, "tileset": "spr_foresttile1", "coord": [ 4.0, 3.0 ] }, "1536_192": { "autotile": 1.0, "autotile_index": 0.0, "tileset": "spr_foresttile1", "coord": [ 6.0, 2.0 ] }, "1024_-96": { "autotile": 1.0, "autotile_index": 0.0, "tileset": "spr_foresttile1", "coord": [ 6.0, 5.0 ] }, "1888_480": { "autotile": 1.0, "autotile_index": 0.0, "tileset": "spr_foresttile1", "coord": [ 4.0, 3.0 ] }, "608_448": { "coord": [ 4.0, 3.0 ], "autotile_index": 0.0, "tileset": "spr_foresttile1", "autotile": 1.0 }, "480_384": { "coord": [ 4.0, 2.0 ], "autotile_index": 0.0, "tileset": "spr_foresttile1", "autotile": 1.0 }, "640_480": { "coord": [ 4.0, 3.0 ], "autotile_index": 0.0, "tileset": "spr_foresttile1", "autotile": 1.0 }, "1056_64": { "coord": [ 2.0, 4.0 ], "autotile_index": 0.0, "tileset": "spr_foresttile1", "autotile": 1.0 }, "1568_-96": { "autotile": 1.0, "autotile_index": 0.0, "tileset": "spr_foresttile1", "coord": [ 4.0, 5.0 ] }, "1536_224": { "autotile": 1.0, "autotile_index": 0.0, "tileset": "spr_foresttile1", "coord": [ 6.0, 5.0 ] }, "704_-96": { "coord": [ 4.0, 5.0 ], "autotile_index": 0.0, "tileset": "spr_foresttile1", "autotile": 1.0 }, "1472_512": { "autotile": 1.0, "autotile_index": 0.0, "tileset": "spr_foresttile1", "coord": [ 4.0, 3.0 ] }, "608_256": { "coord": [ 3.0, 3.0 ], "autotile_index": 0.0, "tileset": "spr_foresttile1", "autotile": 1.0 }, "1120_352": { "coord": [ 4.0, 1.0 ], "autotile_index": 0.0, "tileset": "spr_foresttile1", "autotile": 1.0 }, "288_416": { "coord": [ 4.0, 3.0 ], "autotile_index": 0.0, "tileset": "spr_foresttile1", "autotile": 1.0 }, "256_480": { "coord": [ 4.0, 3.0 ], "autotile_index": 0.0, "tileset": "spr_foresttile1", "autotile": 1.0 }, "1696_448": { "autotile": 1.0, "autotile_index": 0.0, "tileset": "spr_foresttile1", "coord": [ 4.0, 3.0 ] }, "224_-128": { "coord": [ 4.0, 4.0 ], "autotile_index": 0.0, "tileset": "spr_foresttile1", "autotile": 1.0 }, "1504_224": { "autotile": 1.0, "autotile_index": 0.0, "tileset": "spr_foresttile1", "coord": [ 10.0, 3.0 ] }, "416_448": { "coord": [ 4.0, 3.0 ], "autotile_index": 0.0, "tileset": "spr_foresttile1", "autotile": 1.0 }, "1184_384": { "coord": [ 4.0, 2.0 ], "autotile_index": 0.0, "tileset": "spr_foresttile1", "autotile": 1.0 }, "1600_96": { "autotile": 1.0, "autotile_index": 0.0, "tileset": "spr_foresttile1", "coord": [ 6.0, 5.0 ] }, "384_448": { "coord": [ 4.0, 3.0 ], "autotile_index": 0.0, "tileset": "spr_foresttile1", "autotile": 1.0 }, "736_512": { "coord": [ 4.0, 3.0 ], "autotile_index": 0.0, "tileset": "spr_foresttile1", "autotile": 1.0 }, "896_64": { "coord": [ 0.0, 2.0 ], "autotile_index": 0.0, "tileset": "tiles_troll", "autotile": 0.0 }, "1152_448": { "coord": [ 4.0, 3.0 ], "autotile_index": 0.0, "tileset": "spr_foresttile1", "autotile": 1.0 }, "1344_480": { "coord": [ 4.0, 3.0 ], "autotile_index": 0.0, "tileset": "spr_foresttile1", "autotile": 1.0 }, "928_-96": { "autotile": 1.0, "autotile_index": 0.0, "tileset": "spr_foresttile1", "coord": [ 5.0, 5.0 ] }, "1760_416": { "autotile": 1.0, "autotile_index": 0.0, "tileset": "spr_foresttile1", "coord": [ 4.0, 3.0 ] }, "2080_0": { "autotile": 1.0, "autotile_index": 0.0, "tileset": "spr_foresttile1", "coord": [ 3.0, 3.0 ] }, "1536_480": { "autotile": 1.0, "autotile_index": 0.0, "tileset": "spr_foresttile1", "coord": [ 4.0, 3.0 ] }, "1504_544": { "coord": [ 0.0, 0.0 ], "autotile_index": 0.0, "tileset": "spr_foresttile1", "autotile": 1.0 }, "928_384": { "coord": [ 4.0, 2.0 ], "autotile_index": 0.0, "tileset": "spr_foresttile1", "autotile": 1.0 }, "1728_-96": { "autotile": 1.0, "autotile_index": 0.0, "tileset": "spr_foresttile1", "coord": [ 3.0, 5.0 ] }, "224_512": { "coord": [ 4.0, 3.0 ], "autotile_index": 0.0, "tileset": "spr_foresttile1", "autotile": 1.0 }, "1216_32": { "coord": [ 5.0, 3.0 ], "autotile_index": 0.0, "tileset": "spr_foresttile1", "autotile": 1.0 }, "1728_448": { "autotile": 1.0, "autotile_index": 0.0, "tileset": "spr_foresttile1", "coord": [ 4.0, 3.0 ] }, "608_320": { "coord": [ 3.0, 3.0 ], "autotile_index": 0.0, "tileset": "spr_foresttile1", "autotile": 1.0 }, "1024_160": { "autotile": 0.0, "autotile_index": 0.0, "tileset": "spr_foresttile1", "coord": [ 11.0, 12.0 ] }, "1824_416": { "autotile": 1.0, "autotile_index": 0.0, "tileset": "spr_foresttile1", "coord": [ 4.0, 3.0 ] }, "640_-96": { "coord": [ 4.0, 5.0 ], "autotile_index": 0.0, "tileset": "spr_foresttile1", "autotile": 1.0 }, "2080_256": { "autotile": 1.0, "autotile_index": 0.0, "tileset": "spr_foresttile1", "coord": [ 3.0, 3.0 ] }, "1152_128": { "coord": [ 4.0, 4.0 ], "autotile_index": 0.0, "tileset": "spr_foresttile1", "autotile": 1.0 }, "736_480": { "coord": [ 4.0, 3.0 ], "autotile_index": 0.0, "tileset": "spr_foresttile1", "autotile": 1.0 }, "384_-96": { "coord": [ 3.0, 5.0 ], "autotile_index": 0.0, "tileset": "spr_foresttile1", "autotile": 1.0 }, "1856_384": { "autotile": 1.0, "autotile_index": 0.0, "tileset": "spr_foresttile1", "coord": [ 4.0, 2.0 ] }, "800_416": { "coord": [ 4.0, 3.0 ], "autotile_index": 0.0, "tileset": "spr_foresttile1", "autotile": 1.0 }, "992_32": { "coord": [ 3.0, 1.0 ], "autotile_index": 0.0, "tileset": "tiles_troll", "autotile": 0.0 }, "704_448": { "coord": [ 4.0, 3.0 ], "autotile_index": 0.0, "tileset": "spr_foresttile1", "autotile": 1.0 }, "320_-96": { "coord": [ 5.0, 5.0 ], "autotile_index": 0.0, "tileset": "spr_foresttile1", "autotile": 1.0 }, "1568_64": { "autotile": 1.0, "autotile_index": 0.0, "tileset": "spr_foresttile1", "coord": [ 5.0, 4.0 ] }, "1920_512": { "autotile": 1.0, "autotile_index": 0.0, "tileset": "spr_foresttile1", "coord": [ 4.0, 3.0 ] }, "1888_-96": { "autotile": 1.0, "autotile_index": 0.0, "tileset": "spr_foresttile1", "coord": [ 4.0, 5.0 ] }, "1824_352": { "autotile": 1.0, "autotile_index": 0.0, "tileset": "spr_foresttile1", "coord": [ 5.0, 1.0 ] }, "224_-96": { "coord": [ 5.0, 5.0 ], "autotile_index": 0.0, "tileset": "spr_foresttile1", "autotile": 1.0 }, "1536_448": { "autotile": 1.0, "autotile_index": 0.0, "tileset": "spr_foresttile1", "coord": [ 4.0, 3.0 ] }, "1920_320": { "autotile": 1.0, "autotile_index": 0.0, "tileset": "spr_foresttile1", "coord": [ 2.0, 2.0 ] }, "1408_256": { "autotile": 1.0, "autotile_index": 0.0, "tileset": "spr_foresttile1", "coord": [ 2.0, 2.0 ] }, "1216_64": { "coord": [ 5.0, 3.0 ], "autotile_index": 0.0, "tileset": "spr_foresttile1", "autotile": 1.0 }, "1664_-64": { "autotile": 1.0, "autotile_index": 0.0, "tileset": "spr_foresttile1", "coord": [ 5.0, 3.0 ] }, "1856_-128": { "autotile": 1.0, "autotile_index": 0.0, "tileset": "spr_foresttile1", "coord": [ 4.0, 4.0 ] }, "32_96": { "coord": [ 6.0, 2.0 ], "autotile_index": 0.0, "tileset": "spr_foresttile1", "autotile": 1.0 }, "1952_448": { "autotile": 1.0, "autotile_index": 0.0, "tileset": "spr_foresttile1", "coord": [ 4.0, 3.0 ] }, "1984_320": { "autotile": 1.0, "autotile_index": 0.0, "tileset": "spr_foresttile1", "coord": [ 4.0, 2.0 ] }, "32_-32": { "coord": [ 6.0, 2.0 ], "autotile_index": 0.0, "tileset": "spr_foresttile1", "autotile": 1.0 }, "1728_96": { "autotile": 1.0, "autotile_index": 0.0, "tileset": "spr_foresttile1", "coord": [ 5.0, 5.0 ] }, "1760_352": { "autotile": 1.0, "autotile_index": 0.0, "tileset": "spr_foresttile1", "coord": [ 4.0, 1.0 ] }, "512_-128": { "coord": [ 4.0, 4.0 ], "autotile_index": 0.0, "tileset": "spr_foresttile1", "autotile": 1.0 }, "960_64": { "coord": [ 2.0, 2.0 ], "autotile_index": 0.0, "tileset": "tiles_troll", "autotile": 0.0 }, "1664_352": { "autotile": 1.0, "autotile_index": 0.0, "tileset": "spr_foresttile1", "coord": [ 3.0, 1.0 ] }, "1440_96": { "autotile": 1.0, "autotile_index": 0.0, "tileset": "spr_foresttile1", "coord": [ 5.0, 1.0 ] }, "288_448": { "coord": [ 4.0, 3.0 ], "autotile_index": 0.0, "tileset": "spr_foresttile1", "autotile": 1.0 }, "672_448": { "coord": [ 4.0, 3.0 ], "autotile_index": 0.0, "tileset": "spr_foresttile1", "autotile": 1.0 }, "800_-96": { "coord": [ 3.0, 5.0 ], "autotile_index": 0.0, "tileset": "spr_foresttile1", "autotile": 1.0 }, "1216_-32": { "autotile": 1.0, "autotile_index": 0.0, "tileset": "spr_foresttile1", "coord": [ 3.0, 3.0 ] }, "608_480": { "coord": [ 4.0, 3.0 ], "autotile_index": 0.0, "tileset": "spr_foresttile1", "autotile": 1.0 }, "1472_288": { "autotile": 1.0, "autotile_index": 0.0, "tileset": "spr_foresttile1", "coord": [ 9.0, 3.0 ] }, "0_-32": { "coord": [ 5.0, 3.0 ], "autotile_index": 0.0, "tileset": "spr_foresttile1", "autotile": 1.0 }, "1120_448": { "coord": [ 4.0, 3.0 ], "autotile_index": 0.0, "tileset": "spr_foresttile1", "autotile": 1.0 }, "1120_160": { "coord": [ 4.0, 5.0 ], "autotile_index": 0.0, "tileset": "spr_foresttile1", "autotile": 1.0 }, "1472_128": { "autotile": 1.0, "autotile_index": 0.0, "tileset": "spr_foresttile1", "coord": [ 4.0, 2.0 ] }, "1280_0": { "coord": [ 5.0, 4.0 ], "autotile_index": 0.0, "tileset": "spr_foresttile1", "autotile": 1.0 }, "672_320": { "coord": [ 6.0, 4.0 ], "autotile_index": 0.0, "tileset": "spr_foresttile1", "autotile": 1.0 }, "1056_32": { "coord": [ 5.0, 3.0 ], "autotile_index": 0.0, "tileset": "spr_foresttile1", "autotile": 1.0 }, "1408_128": { "autotile": 1.0, "autotile_index": 0.0, "tileset": "spr_foresttile1", "coord": [ 2.0, 2.0 ] }, "1408_416": { "autotile": 1.0, "autotile_index": 0.0, "tileset": "spr_foresttile1", "coord": [ 4.0, 3.0 ] }, "1184_160": { "coord": [ 3.0, 5.0 ], "autotile_index": 0.0, "tileset": "spr_foresttile1", "autotile": 1.0 }, "960_480": { "coord": [ 4.0, 3.0 ], "autotile_index": 0.0, "tileset": "spr_foresttile1", "autotile": 1.0 }, "1344_-128": { "autotile": 1.0, "autotile_index": 0.0, "tileset": "spr_foresttile1", "coord": [ 4.0, 3.0 ] }, "128_416": { "coord": [ 4.0, 3.0 ], "autotile_index": 0.0, "tileset": "spr_foresttile1", "autotile": 1.0 }, "1792_-96": { "autotile": 1.0, "autotile_index": 0.0, "tileset": "spr_foresttile1", "coord": [ 4.0, 5.0 ] }, "1472_96": { "autotile": 1.0, "autotile_index": 0.0, "tileset": "spr_foresttile1", "coord": [ 9.0, 2.0 ] }, "384_352": { "coord": [ 5.0, 1.0 ], "autotile_index": 0.0, "tileset": "spr_foresttile1", "autotile": 1.0 }, "1536_96": { "autotile": 1.0, "autotile_index": 0.0, "tileset": "spr_foresttile1", "coord": [ 5.0, 3.0 ] }, "64_480": { "coord": [ 4.0, 3.0 ], "autotile_index": 0.0, "tileset": "spr_foresttile1", "autotile": 1.0 }, "1152_160": { "coord": [ 3.0, 5.0 ], "autotile_index": 0.0, "tileset": "spr_foresttile1", "autotile": 1.0 }, "576_512": { "coord": [ 4.0, 3.0 ], "autotile_index": 0.0, "tileset": "spr_foresttile1", "autotile": 1.0 }, "1248_-64": { "coord": [ 4.0, 3.0 ], "autotile_index": 0.0, "tileset": "spr_foresttile1", "autotile": 1.0 }, "1376_-128": { "autotile": 1.0, "autotile_index": 0.0, "tileset": "spr_foresttile1", "coord": [ 4.0, 3.0 ] }, "2048_416": { "autotile": 1.0, "autotile_index": 0.0, "tileset": "spr_foresttile1", "coord": [ 4.0, 3.0 ] }, "1280_352": { "coord": [ 3.0, 1.0 ], "autotile_index": 0.0, "tileset": "spr_foresttile1", "autotile": 1.0 }, "1248_32": { "coord": [ 10.0, 3.0 ], "autotile_index": 0.0, "tileset": "spr_foresttile1", "autotile": 1.0 }, "352_416": { "coord": [ 4.0, 3.0 ], "autotile_index": 0.0, "tileset": "spr_foresttile1", "autotile": 1.0 }, "2016_-128": { "autotile": 1.0, "autotile_index": 0.0, "tileset": "spr_foresttile1", "coord": [ 4.0, 4.0 ] }, "320_352": { "coord": [ 4.0, 1.0 ], "autotile_index": 0.0, "tileset": "spr_foresttile1", "autotile": 1.0 }, "512_448": { "coord": [ 4.0, 3.0 ], "autotile_index": 0.0, "tileset": "spr_foresttile1", "autotile": 1.0 }, "0_480": { "coord": [ 4.0, 3.0 ], "autotile_index": 0.0, "tileset": "spr_foresttile1", "autotile": 1.0 }, "1184_-128": { "autotile": 1.0, "autotile_index": 0.0, "tileset": "spr_foresttile1", "coord": [ 2.0, 2.0 ] }, "1472_448": { "autotile": 1.0, "autotile_index": 0.0, "tileset": "spr_foresttile1", "coord": [ 4.0, 3.0 ] }, "800_480": { "coord": [ 4.0, 3.0 ], "autotile_index": 0.0, "tileset": "spr_foresttile1", "autotile": 1.0 }, "1824_-96": { "autotile": 1.0, "autotile_index": 0.0, "tileset": "spr_foresttile1", "coord": [ 4.0, 5.0 ] }, "1632_-96": { "autotile": 1.0, "autotile_index": 0.0, "tileset": "spr_foresttile1", "coord": [ 3.0, 3.0 ] }, "96_448": { "coord": [ 4.0, 3.0 ], "autotile_index": 0.0, "tileset": "spr_foresttile1", "autotile": 1.0 }, "32_0": { "coord": [ 6.0, 3.0 ], "autotile_index": 0.0, "tileset": "spr_foresttile1", "autotile": 1.0 }, "2080_64": { "autotile": 1.0, "autotile_index": 0.0, "tileset": "spr_foresttile1", "coord": [ 3.0, 3.0 ] }, "2048_352": { "autotile": 1.0, "autotile_index": 0.0, "tileset": "spr_foresttile1", "coord": [ 4.0, 3.0 ] }, "2048_96": { "autotile": 1.0, "autotile_index": 0.0, "tileset": "spr_foresttile1", "coord": [ 2.0, 4.0 ] }, "1024_128": { "autotile": 0.0, "autotile_index": 0.0, "tileset": "spr_foresttile1", "coord": [ 11.0, 11.0 ] }, "2016_288": { "autotile": 1.0, "autotile_index": 0.0, "tileset": "spr_foresttile1", "coord": [ 4.0, 1.0 ] }, "1216_-128": { "autotile": 1.0, "autotile_index": 0.0, "tileset": "spr_foresttile1", "coord": [ 3.0, 3.0 ] }, "992_416": { "coord": [ 4.0, 3.0 ], "autotile_index": 0.0, "tileset": "spr_foresttile1", "autotile": 1.0 }, "576_160": { "coord": [ 2.0, 1.0 ], "autotile_index": 0.0, "tileset": "spr_foresttile1", "autotile": 1.0 }, "0_32": { "coord": [ 5.0, 3.0 ], "autotile_index": 0.0, "tileset": "spr_foresttile1", "autotile": 1.0 }, "640_160": { "coord": [ 5.0, 1.0 ], "autotile_index": 0.0, "tileset": "spr_foresttile1", "autotile": 1.0 }, "1344_448": { "coord": [ 4.0, 3.0 ], "autotile_index": 0.0, "tileset": "spr_foresttile1", "autotile": 1.0 }, "1504_128": { "autotile": 1.0, "autotile_index": 0.0, "tileset": "spr_foresttile1", "coord": [ 2.0, 2.0 ] }, "416_384": { "coord": [ 4.0, 2.0 ], "autotile_index": 0.0, "tileset": "spr_foresttile1", "autotile": 1.0 }, "1632_384": { "autotile": 1.0, "autotile_index": 0.0, "tileset": "spr_foresttile1", "coord": [ 4.0, 2.0 ] }, "192_-96": { "coord": [ 5.0, 5.0 ], "autotile_index": 0.0, "tileset": "spr_foresttile1", "autotile": 1.0 }, "704_384": { "coord": [ 4.0, 2.0 ], "autotile_index": 0.0, "tileset": "spr_foresttile1", "autotile": 1.0 }, "1280_448": { "coord": [ 4.0, 3.0 ], "autotile_index": 0.0, "tileset": "spr_foresttile1", "autotile": 1.0 }, "1888_416": { "autotile": 1.0, "autotile_index": 0.0, "tileset": "spr_foresttile1", "coord": [ 4.0, 3.0 ] }, "608_-96": { "coord": [ 4.0, 5.0 ], "autotile_index": 0.0, "tileset": "spr_foresttile1", "autotile": 1.0 }, "576_480": { "coord": [ 4.0, 3.0 ], "autotile_index": 0.0, "tileset": "spr_foresttile1", "autotile": 1.0 }, "704_416": { "coord": [ 4.0, 3.0 ], "autotile_index": 0.0, "tileset": "spr_foresttile1", "autotile": 1.0 }, "1216_-64": { "autotile": 1.0, "autotile_index": 0.0, "tileset": "spr_foresttile1", "coord": [ 3.0, 3.0 ] }, "1408_-128": { "autotile": 1.0, "autotile_index": 0.0, "tileset": "spr_foresttile1", "coord": [ 4.0, 3.0 ] }, "1056_480": { "coord": [ 4.0, 3.0 ], "autotile_index": 0.0, "tileset": "spr_foresttile1", "autotile": 1.0 }, "1536_384": { "autotile": 1.0, "autotile_index": 0.0, "tileset": "spr_foresttile1", "coord": [ 4.0, 2.0 ] }, "928_352": { "coord": [ 5.0, 1.0 ], "autotile_index": 0.0, "tileset": "spr_foresttile1", "autotile": 1.0 }, "864_128": { "autotile": 0.0, "autotile_index": 0.0, "tileset": "spr_foresttile1", "coord": [ 6.0, 11.0 ] }, "960_-96": { "autotile": 1.0, "autotile_index": 0.0, "tileset": "spr_foresttile1", "coord": [ 5.0, 5.0 ] }, "1248_96": { "coord": [ 6.0, 5.0 ], "autotile_index": 0.0, "tileset": "spr_foresttile1", "autotile": 1.0 }, "1408_-64": { "autotile": 1.0, "autotile_index": 0.0, "tileset": "spr_foresttile1", "coord": [ 9.0, 3.0 ] }, "1536_0": { "autotile": 1.0, "autotile_index": 0.0, "tileset": "spr_foresttile1", "coord": [ 4.0, 1.0 ] }, "448_480": { "coord": [ 4.0, 3.0 ], "autotile_index": 0.0, "tileset": "spr_foresttile1", "autotile": 1.0 }, "2048_320": { "autotile": 1.0, "autotile_index": 0.0, "tileset": "spr_foresttile1", "coord": [ 4.0, 2.0 ] }, "2080_224": { "autotile": 1.0, "autotile_index": 0.0, "tileset": "spr_foresttile1", "coord": [ 3.0, 3.0 ] }, "1632_-32": { "autotile": 1.0, "autotile_index": 0.0, "tileset": "spr_foresttile1", "coord": [ 3.0, 3.0 ] }, "1312_448": { "coord": [ 4.0, 3.0 ], "autotile_index": 0.0, "tileset": "spr_foresttile1", "autotile": 1.0 }, "672_192": { "coord": [ 6.0, 3.0 ], "autotile_index": 0.0, "tileset": "spr_foresttile1", "autotile": 1.0 }, "1248_-32": { "coord": [ 4.0, 3.0 ], "autotile_index": 0.0, "tileset": "spr_foresttile1", "autotile": 1.0 }, "1472_480": { "autotile": 1.0, "autotile_index": 0.0, "tileset": "spr_foresttile1", "coord": [ 4.0, 3.0 ] }, "1440_160": { "autotile": 1.0, "autotile_index": 0.0, "tileset": "spr_foresttile1", "coord": [ 3.0, 3.0 ] }, "512_384": { "coord": [ 4.0, 2.0 ], "autotile_index": 0.0, "tileset": "spr_foresttile1", "autotile": 1.0 }, "992_128": { "autotile": 0.0, "autotile_index": 0.0, "tileset": "spr_foresttile1", "coord": [ 10.0, 11.0 ] }, "1184_64": { "coord": [ 9.0, 2.0 ], "autotile_index": 0.0, "tileset": "spr_foresttile1", "autotile": 1.0 }, "2080_384": { "autotile": 1.0, "autotile_index": 0.0, "tileset": "spr_foresttile1", "coord": [ 4.0, 3.0 ] }, "640_256": { "coord": [ 5.0, 3.0 ], "autotile_index": 0.0, "tileset": "spr_foresttile1", "autotile": 1.0 }, "1312_416": { "coord": [ 4.0, 3.0 ], "autotile_index": 0.0, "tileset": "spr_foresttile1", "autotile": 1.0 }, "672_352": { "coord": [ 10.0, 2.0 ], "autotile_index": 0.0, "tileset": "spr_foresttile1", "autotile": 1.0 }, "1600_512": { "autotile": 1.0, "autotile_index": 0.0, "tileset": "spr_foresttile1", "coord": [ 4.0, 3.0 ] }, "1248_0": { "coord": [ 4.0, 4.0 ], "autotile_index": 0.0, "tileset": "spr_foresttile1", "autotile": 1.0 }, "448_-96": { "coord": [ 5.0, 5.0 ], "autotile_index": 0.0, "tileset": "spr_foresttile1", "autotile": 1.0 }, "160_-128": { "coord": [ 4.0, 4.0 ], "autotile_index": 0.0, "tileset": "spr_foresttile1", "autotile": 1.0 }, "1760_448": { "autotile": 1.0, "autotile_index": 0.0, "tileset": "spr_foresttile1", "coord": [ 4.0, 3.0 ] }, "2080_352": { "autotile": 1.0, "autotile_index": 0.0, "tileset": "spr_foresttile1", "coord": [ 4.0, 3.0 ] }, "2048_256": { "autotile": 1.0, "autotile_index": 0.0, "tileset": "spr_foresttile1", "coord": [ 2.0, 4.0 ] }, "64_-128": { "coord": [ 4.0, 4.0 ], "autotile_index": 0.0, "tileset": "spr_foresttile1", "autotile": 1.0 }, "1696_384": { "autotile": 1.0, "autotile_index": 0.0, "tileset": "spr_foresttile1", "coord": [ 4.0, 2.0 ] }, "2080_128": { "autotile": 1.0, "autotile_index": 0.0, "tileset": "spr_foresttile1", "coord": [ 3.0, 3.0 ] }, "928_160": { "autotile": 0.0, "autotile_index": 0.0, "tileset": "spr_foresttile1", "coord": [ 8.0, 12.0 ] }, "544_448": { "coord": [ 4.0, 3.0 ], "autotile_index": 0.0, "tileset": "spr_foresttile1", "autotile": 1.0 }, "1376_-96": { "autotile": 1.0, "autotile_index": 0.0, "tileset": "spr_foresttile1", "coord": [ 4.0, 4.0 ] }, "1568_512": { "autotile": 1.0, "autotile_index": 0.0, "tileset": "spr_foresttile1", "coord": [ 4.0, 3.0 ] }, "1152_384": { "coord": [ 4.0, 2.0 ], "autotile_index": 0.0, "tileset": "spr_foresttile1", "autotile": 1.0 }, "0_0": { "coord": [ 5.0, 3.0 ], "autotile_index": 0.0, "tileset": "spr_foresttile1", "autotile": 1.0 }, "1376_448": { "coord": [ 4.0, 3.0 ], "autotile_index": 0.0, "tileset": "spr_foresttile1", "autotile": 1.0 }, "1120_96": { "coord": [ 4.0, 2.0 ], "autotile_index": 0.0, "tileset": "spr_foresttile1", "autotile": 1.0 }, "1216_416": { "coord": [ 4.0, 3.0 ], "autotile_index": 0.0, "tileset": "spr_foresttile1", "autotile": 1.0 }, "1440_288": { "autotile": 1.0, "autotile_index": 0.0, "tileset": "spr_foresttile1", "coord": [ 3.0, 5.0 ] }, "192_448": { "coord": [ 4.0, 3.0 ], "autotile_index": 0.0, "tileset": "spr_foresttile1", "autotile": 1.0 }, "576_352": { "coord": [ 9.0, 2.0 ], "autotile_index": 0.0, "tileset": "spr_foresttile1", "autotile": 1.0 }, "1184_416": { "coord": [ 4.0, 3.0 ], "autotile_index": 0.0, "tileset": "spr_foresttile1", "autotile": 1.0 }, "1248_-96": { "coord": [ 4.0, 3.0 ], "autotile_index": 0.0, "tileset": "spr_foresttile1", "autotile": 1.0 }, "128_-96": { "coord": [ 3.0, 5.0 ], "autotile_index": 0.0, "tileset": "spr_foresttile1", "autotile": 1.0 }, "192_480": { "coord": [ 4.0, 3.0 ], "autotile_index": 0.0, "tileset": "spr_foresttile1", "autotile": 1.0 }, "608_192": { "coord": [ 3.0, 2.0 ], "autotile_index": 0.0, "tileset": "spr_foresttile1", "autotile": 1.0 }, "1472_544": { "coord": [ 0.0, 0.0 ], "autotile_index": 0.0, "tileset": "spr_foresttile1", "autotile": 1.0 }, "2048_-128": { "autotile": 1.0, "autotile_index": 0.0, "tileset": "spr_foresttile1", "coord": [ 4.0, 4.0 ] }, "896_0": { "coord": [ 0.0, 0.0 ], "autotile_index": 0.0, "tileset": "tiles_troll", "autotile": 0.0 }, "1440_480": { "coord": [ 4.0, 3.0 ], "autotile_index": 0.0, "tileset": "spr_foresttile1", "autotile": 1.0 }, "128_384": { "coord": [ 4.0, 2.0 ], "autotile_index": 0.0, "tileset": "spr_foresttile1", "autotile": 1.0 }, "1312_-128": { "coord": [ 4.0, 3.0 ], "autotile_index": 0.0, "tileset": "spr_foresttile1", "autotile": 1.0 }, "2080_192": { "autotile": 1.0, "autotile_index": 0.0, "tileset": "spr_foresttile1", "coord": [ 3.0, 3.0 ] }, "1376_352": { "autotile": 1.0, "autotile_index": 0.0, "tileset": "spr_foresttile1", "coord": [ 3.0, 1.0 ] }, "736_448": { "coord": [ 4.0, 3.0 ], "autotile_index": 0.0, "tileset": "spr_foresttile1", "autotile": 1.0 }, "1376_480": { "coord": [ 4.0, 3.0 ], "autotile_index": 0.0, "tileset": "spr_foresttile1", "autotile": 1.0 }, "1728_64": { "autotile": 1.0, "autotile_index": 0.0, "tileset": "spr_foresttile1", "coord": [ 4.0, 1.0 ] }, "608_416": { "coord": [ 4.0, 3.0 ], "autotile_index": 0.0, "tileset": "spr_foresttile1", "autotile": 1.0 }, "2048_128": { "autotile": 1.0, "autotile_index": 0.0, "tileset": "spr_foresttile1", "coord": [ 2.0, 3.0 ] }, "1024_480": { "coord": [ 4.0, 3.0 ], "autotile_index": 0.0, "tileset": "spr_foresttile1", "autotile": 1.0 }, "2048_32": { "autotile": 1.0, "autotile_index": 0.0, "tileset": "spr_foresttile1", "coord": [ 2.0, 3.0 ] }, "1184_96": { "coord": [ 5.0, 2.0 ], "autotile_index": 0.0, "tileset": "spr_foresttile1", "autotile": 1.0 }, "544_416": { "coord": [ 4.0, 3.0 ], "autotile_index": 0.0, "tileset": "spr_foresttile1", "autotile": 1.0 }, "1440_416": { "autotile": 1.0, "autotile_index": 0.0, "tileset": "spr_foresttile1", "coord": [ 4.0, 3.0 ] }, "1472_416": { "autotile": 1.0, "autotile_index": 0.0, "tileset": "spr_foresttile1", "coord": [ 4.0, 3.0 ] }, "480_448": { "coord": [ 4.0, 3.0 ], "autotile_index": 0.0, "tileset": "spr_foresttile1", "autotile": 1.0 }, "448_384": { "coord": [ 4.0, 2.0 ], "autotile_index": 0.0, "tileset": "spr_foresttile1", "autotile": 1.0 }, "416_480": { "coord": [ 4.0, 3.0 ], "autotile_index": 0.0, "tileset": "spr_foresttile1", "autotile": 1.0 }, "224_448": { "coord": [ 4.0, 3.0 ], "autotile_index": 0.0, "tileset": "spr_foresttile1", "autotile": 1.0 }, "1696_-32": { "autotile": 1.0, "autotile_index": 0.0, "tileset": "spr_foresttile1", "coord": [ 10.0, 2.0 ] }, "1568_416": { "autotile": 1.0, "autotile_index": 0.0, "tileset": "spr_foresttile1", "coord": [ 4.0, 3.0 ] }, "1376_384": { "coord": [ 4.0, 2.0 ], "autotile_index": 0.0, "tileset": "spr_foresttile1", "autotile": 1.0 }, "1088_96": { "coord": [ 3.0, 2.0 ], "autotile_index": 0.0, "tileset": "spr_foresttile1", "autotile": 1.0 }, "1312_32": { "coord": [ 6.0, 5.0 ], "autotile_index": 0.0, "tileset": "spr_foresttile1", "autotile": 1.0 }, "1664_480": { "autotile": 1.0, "autotile_index": 0.0, "tileset": "spr_foresttile1", "coord": [ 4.0, 3.0 ] }, "1216_-96": { "autotile": 1.0, "autotile_index": 0.0, "tileset": "spr_foresttile1", "coord": [ 3.0, 3.0 ] }, "1504_-64": { "autotile": 1.0, "autotile_index": 0.0, "tileset": "spr_foresttile1", "coord": [ 6.0, 3.0 ] }, "672_512": { "coord": [ 4.0, 3.0 ], "autotile_index": 0.0, "tileset": "spr_foresttile1", "autotile": 1.0 }, "640_416": { "coord": [ 4.0, 3.0 ], "autotile_index": 0.0, "tileset": "spr_foresttile1", "autotile": 1.0 }, "288_-96": { "coord": [ 5.0, 5.0 ], "autotile_index": 0.0, "tileset": "spr_foresttile1", "autotile": 1.0 }, "1856_-96": { "autotile": 1.0, "autotile_index": 0.0, "tileset": "spr_foresttile1", "coord": [ 4.0, 5.0 ] }, "960_416": { "coord": [ 4.0, 3.0 ], "autotile_index": 0.0, "tileset": "spr_foresttile1", "autotile": 1.0 }, "416_352": { "coord": [ 5.0, 1.0 ], "autotile_index": 0.0, "tileset": "spr_foresttile1", "autotile": 1.0 }, "960_0": { "coord": [ 2.0, 0.0 ], "autotile_index": 0.0, "tileset": "tiles_troll", "autotile": 0.0 }, "1408_96": { "autotile": 1.0, "autotile_index": 0.0, "tileset": "spr_foresttile1", "coord": [ 2.0, 1.0 ] }, "512_352": { "coord": [ 5.0, 1.0 ], "autotile_index": 0.0, "tileset": "spr_foresttile1", "autotile": 1.0 }, "1920_448": { "autotile": 1.0, "autotile_index": 0.0, "tileset": "spr_foresttile1", "coord": [ 4.0, 3.0 ] }, "1888_512": { "autotile": 1.0, "autotile_index": 0.0, "tileset": "spr_foresttile1", "coord": [ 4.0, 3.0 ] }, "544_-128": { "coord": [ 4.0, 4.0 ], "autotile_index": 0.0, "tileset": "spr_foresttile1", "autotile": 1.0 }, "1984_-128": { "autotile": 1.0, "autotile_index": 0.0, "tileset": "spr_foresttile1", "coord": [ 4.0, 4.0 ] }, "1248_448": { "coord": [ 4.0, 3.0 ], "autotile_index": 0.0, "tileset": "spr_foresttile1", "autotile": 1.0 }, "2080_-64": { "autotile": 1.0, "autotile_index": 0.0, "tileset": "spr_foresttile1", "coord": [ 3.0, 3.0 ] }, "704_352": { "coord": [ 4.0, 1.0 ], "autotile_index": 0.0, "tileset": "spr_foresttile1", "autotile": 1.0 }, "32_64": { "coord": [ 6.0, 3.0 ], "autotile_index": 0.0, "tileset": "spr_foresttile1", "autotile": 1.0 }, "1536_320": { "autotile": 1.0, "autotile_index": 0.0, "tileset": "spr_foresttile1", "coord": [ 6.0, 3.0 ] }, "1728_512": { "autotile": 1.0, "autotile_index": 0.0, "tileset": "spr_foresttile1", "coord": [ 4.0, 3.0 ] }, "1152_64": { "coord": [ 5.0, 1.0 ], "autotile_index": 0.0, "tileset": "spr_foresttile1", "autotile": 1.0 }, "1312_-32": { "coord": [ 10.0, 3.0 ], "autotile_index": 0.0, "tileset": "spr_foresttile1", "autotile": 1.0 }, "64_416": { "coord": [ 4.0, 3.0 ], "autotile_index": 0.0, "tileset": "spr_foresttile1", "autotile": 1.0 }, "2048_480": { "autotile": 1.0, "autotile_index": 0.0, "tileset": "spr_foresttile1", "coord": [ 4.0, 3.0 ] }, "1056_416": { "coord": [ 4.0, 3.0 ], "autotile_index": 0.0, "tileset": "spr_foresttile1", "autotile": 1.0 }, "928_448": { "coord": [ 4.0, 3.0 ], "autotile_index": 0.0, "tileset": "spr_foresttile1", "autotile": 1.0 }, "1216_0": { "coord": [ 3.0, 4.0 ], "autotile_index": 0.0, "tileset": "spr_foresttile1", "autotile": 1.0 }, "96_352": { "coord": [ 5.0, 1.0 ], "autotile_index": 0.0, "tileset": "spr_foresttile1", "autotile": 1.0 }, "1376_512": { "coord": [ 4.0, 3.0 ], "autotile_index": 0.0, "tileset": "spr_foresttile1", "autotile": 1.0 }, "320_384": { "coord": [ 4.0, 2.0 ], "autotile_index": 0.0, "tileset": "spr_foresttile1", "autotile": 1.0 }, "160_512": { "coord": [ 4.0, 3.0 ], "autotile_index": 0.0, "tileset": "spr_foresttile1", "autotile": 1.0 }, "1408_480": { "coord": [ 4.0, 3.0 ], "autotile_index": 0.0, "tileset": "spr_foresttile1", "autotile": 1.0 }, "1824_480": { "autotile": 1.0, "autotile_index": 0.0, "tileset": "spr_foresttile1", "coord": [ 4.0, 3.0 ] }, "960_160": { "autotile": 0.0, "autotile_index": 0.0, "tileset": "spr_foresttile1", "coord": [ 9.0, 12.0 ] }, "1536_-96": { "autotile": 1.0, "autotile_index": 0.0, "tileset": "spr_foresttile1", "coord": [ 5.0, 5.0 ] }, "1536_32": { "autotile": 1.0, "autotile_index": 0.0, "tileset": "spr_foresttile1", "coord": [ 4.0, 2.0 ] }, "704_-128": { "coord": [ 4.0, 4.0 ], "autotile_index": 0.0, "tileset": "spr_foresttile1", "autotile": 1.0 }, "1216_96": { "coord": [ 10.0, 3.0 ], "autotile_index": 0.0, "tileset": "spr_foresttile1", "autotile": 1.0 }, "128_480": { "coord": [ 4.0, 3.0 ], "autotile_index": 0.0, "tileset": "spr_foresttile1", "autotile": 1.0 }, "0_-128": { "coord": [ 2.0, 2.0 ], "autotile_index": 0.0, "tileset": "spr_foresttile1", "autotile": 1.0 }, "256_-96": { "coord": [ 5.0, 5.0 ], "autotile_index": 0.0, "tileset": "spr_foresttile1", "autotile": 1.0 }, "1952_288": { "autotile": 1.0, "autotile_index": 0.0, "tileset": "spr_foresttile1", "coord": [ 5.0, 1.0 ] }, "1536_416": { "autotile": 1.0, "autotile_index": 0.0, "tileset": "spr_foresttile1", "coord": [ 4.0, 3.0 ] }, "1632_-64": { "autotile": 1.0, "autotile_index": 0.0, "tileset": "spr_foresttile1", "coord": [ 3.0, 3.0 ] }, "768_512": { "coord": [ 4.0, 3.0 ], "autotile_index": 0.0, "tileset": "spr_foresttile1", "autotile": 1.0 }, "160_416": { "coord": [ 4.0, 3.0 ], "autotile_index": 0.0, "tileset": "spr_foresttile1", "autotile": 1.0 }, "1920_384": { "autotile": 1.0, "autotile_index": 0.0, "tileset": "spr_foresttile1", "coord": [ 4.0, 2.0 ] }, "768_352": { "coord": [ 5.0, 1.0 ], "autotile_index": 0.0, "tileset": "spr_foresttile1", "autotile": 1.0 }, "1312_-64": { "coord": [ 5.0, 4.0 ], "autotile_index": 0.0, "tileset": "spr_foresttile1", "autotile": 1.0 }, "320_-128": { "coord": [ 4.0, 4.0 ], "autotile_index": 0.0, "tileset": "spr_foresttile1", "autotile": 1.0 }, "32_384": { "coord": [ 4.0, 2.0 ], "autotile_index": 0.0, "tileset": "spr_foresttile1", "autotile": 1.0 }, "672_416": { "coord": [ 4.0, 3.0 ], "autotile_index": 0.0, "tileset": "spr_foresttile1", "autotile": 1.0 }, "992_480": { "coord": [ 4.0, 3.0 ], "autotile_index": 0.0, "tileset": "spr_foresttile1", "autotile": 1.0 }, "2048_160": { "autotile": 1.0, "autotile_index": 0.0, "tileset": "spr_foresttile1", "coord": [ 2.0, 4.0 ] }, "224_480": { "coord": [ 4.0, 3.0 ], "autotile_index": 0.0, "tileset": "spr_foresttile1", "autotile": 1.0 }, "32_128": { "coord": [ 6.0, 3.0 ], "autotile_index": 0.0, "tileset": "spr_foresttile1", "autotile": 1.0 }, "1408_448": { "coord": [ 4.0, 3.0 ], "autotile_index": 0.0, "tileset": "spr_foresttile1", "autotile": 1.0 }, "-32_384": { "coord": [ 0.0, 0.0 ], "autotile_index": 0.0, "tileset": "spr_foresttile1", "autotile": 1.0 }, "-32_480": { "coord": [ 0.0, 0.0 ], "autotile_index": 0.0, "tileset": "spr_foresttile1", "autotile": 1.0 }, "864_160": { "autotile": 0.0, "autotile_index": 0.0, "tileset": "spr_foresttile1", "coord": [ 6.0, 12.0 ] }, "576_448": { "coord": [ 4.0, 3.0 ], "autotile_index": 0.0, "tileset": "spr_foresttile1", "autotile": 1.0 }, "1024_384": { "coord": [ 4.0, 2.0 ], "autotile_index": 0.0, "tileset": "spr_foresttile1", "autotile": 1.0 }, "1024_416": { "coord": [ 4.0, 3.0 ], "autotile_index": 0.0, "tileset": "spr_foresttile1", "autotile": 1.0 }, "2016_320": { "autotile": 1.0, "autotile_index": 0.0, "tileset": "spr_foresttile1", "coord": [ 4.0, 2.0 ] }, "1504_0": { "autotile": 1.0, "autotile_index": 0.0, "tileset": "spr_foresttile1", "coord": [ 10.0, 2.0 ] }, "1504_256": { "autotile": 1.0, "autotile_index": 0.0, "tileset": "spr_foresttile1", "coord": [ 6.0, 4.0 ] }, "1504_160": { "autotile": 1.0, "autotile_index": 0.0, "tileset": "spr_foresttile1", "coord": [ 5.0, 3.0 ] }, "64_448": { "coord": [ 4.0, 3.0 ], "autotile_index": 0.0, "tileset": "spr_foresttile1", "autotile": 1.0 }, "256_512": { "coord": [ 4.0, 3.0 ], "autotile_index": 0.0, "tileset": "spr_foresttile1", "autotile": 1.0 }, "1216_160": { "coord": [ 6.0, 5.0 ], "autotile_index": 0.0, "tileset": "spr_foresttile1", "autotile": 1.0 }, "1888_384": { "autotile": 1.0, "autotile_index": 0.0, "tileset": "spr_foresttile1", "coord": [ 4.0, 2.0 ] }, "1280_384": { "coord": [ 4.0, 2.0 ], "autotile_index": 0.0, "tileset": "spr_foresttile1", "autotile": 1.0 }, "864_352": { "coord": [ 3.0, 1.0 ], "autotile_index": 0.0, "tileset": "spr_foresttile1", "autotile": 1.0 }, "1344_-96": { "autotile": 1.0, "autotile_index": 0.0, "tileset": "spr_foresttile1", "coord": [ 4.0, 4.0 ] }, "320_416": { "coord": [ 4.0, 3.0 ], "autotile_index": 0.0, "tileset": "spr_foresttile1", "autotile": 1.0 }, "832_416": { "coord": [ 4.0, 3.0 ], "autotile_index": 0.0, "tileset": "spr_foresttile1", "autotile": 1.0 }, "2048_64": { "autotile": 1.0, "autotile_index": 0.0, "tileset": "spr_foresttile1", "coord": [ 2.0, 2.0 ] }, "1600_-128": { "autotile": 1.0, "autotile_index": 0.0, "tileset": "spr_foresttile1", "coord": [ 4.0, 4.0 ] }, "928_480": { "coord": [ 4.0, 3.0 ], "autotile_index": 0.0, "tileset": "spr_foresttile1", "autotile": 1.0 }, "1024_512": { "coord": [ 4.0, 3.0 ], "autotile_index": 0.0, "tileset": "spr_foresttile1", "autotile": 1.0 }, "800_448": { "coord": [ 4.0, 3.0 ], "autotile_index": 0.0, "tileset": "spr_foresttile1", "autotile": 1.0 }, "32_-96": { "coord": [ 10.0, 3.0 ], "autotile_index": 0.0, "tileset": "spr_foresttile1", "autotile": 1.0 }, "1376_-64": { "autotile": 1.0, "autotile_index": 0.0, "tileset": "spr_foresttile1", "coord": [ 3.0, 5.0 ] }, "1664_-32": { "autotile": 1.0, "autotile_index": 0.0, "tileset": "spr_foresttile1", "coord": [ 5.0, 3.0 ] }, "416_512": { "coord": [ 4.0, 3.0 ], "autotile_index": 0.0, "tileset": "spr_foresttile1", "autotile": 1.0 }, "128_352": { "coord": [ 3.0, 1.0 ], "autotile_index": 0.0, "tileset": "spr_foresttile1", "autotile": 1.0 }, "1056_384": { "coord": [ 4.0, 2.0 ], "autotile_index": 0.0, "tileset": "spr_foresttile1", "autotile": 1.0 }, "1920_288": { "autotile": 1.0, "autotile_index": 0.0, "tileset": "spr_foresttile1", "coord": [ 2.0, 1.0 ] }, "640_288": { "coord": [ 5.0, 3.0 ], "autotile_index": 0.0, "tileset": "spr_foresttile1", "autotile": 1.0 }, "1696_-128": { "autotile": 1.0, "autotile_index": 0.0, "tileset": "spr_foresttile1", "coord": [ 4.0, 4.0 ] }, "1824_96": { "autotile": 1.0, "autotile_index": 0.0, "tileset": "spr_foresttile1", "coord": [ 4.0, 5.0 ] }, "160_-96": { "coord": [ 3.0, 5.0 ], "autotile_index": 0.0, "tileset": "spr_foresttile1", "autotile": 1.0 }, "1632_0": { "autotile": 1.0, "autotile_index": 0.0, "tileset": "spr_foresttile1", "coord": [ 3.0, 3.0 ] }, "1280_-64": { "coord": [ 2.0, 2.0 ], "autotile_index": 0.0, "tileset": "spr_foresttile1", "autotile": 1.0 }, "960_-128": { "autotile": 1.0, "autotile_index": 0.0, "tileset": "spr_foresttile1", "coord": [ 4.0, 4.0 ] }, "768_-96": { "coord": [ 3.0, 5.0 ], "autotile_index": 0.0, "tileset": "spr_foresttile1", "autotile": 1.0 }, "1536_352": { "autotile": 1.0, "autotile_index": 0.0, "tileset": "spr_foresttile1", "coord": [ 10.0, 2.0 ] }, "1408_224": { "autotile": 1.0, "autotile_index": 0.0, "tileset": "spr_foresttile1", "coord": [ 2.0, 2.0 ] }, "1536_512": { "autotile": 1.0, "autotile_index": 0.0, "tileset": "spr_foresttile1", "coord": [ 4.0, 3.0 ] }, "864_416": { "coord": [ 4.0, 3.0 ], "autotile_index": 0.0, "tileset": "spr_foresttile1", "autotile": 1.0 }, "128_512": { "coord": [ 4.0, 3.0 ], "autotile_index": 0.0, "tileset": "spr_foresttile1", "autotile": 1.0 }, "1696_0": { "autotile": 1.0, "autotile_index": 0.0, "tileset": "spr_foresttile1", "coord": [ 10.0, 3.0 ] }, "1792_448": { "autotile": 1.0, "autotile_index": 0.0, "tileset": "spr_foresttile1", "coord": [ 4.0, 3.0 ] }, "1568_96": { "autotile": 1.0, "autotile_index": 0.0, "tileset": "spr_foresttile1", "coord": [ 10.0, 3.0 ] }, "1056_352": { "coord": [ 4.0, 1.0 ], "autotile_index": 0.0, "tileset": "spr_foresttile1", "autotile": 1.0 }, "1728_0": { "autotile": 1.0, "autotile_index": 0.0, "tileset": "spr_foresttile1", "coord": [ 6.0, 5.0 ] }, "32_512": { "coord": [ 4.0, 3.0 ], "autotile_index": 0.0, "tileset": "spr_foresttile1", "autotile": 1.0 }, "992_0": { "coord": [ 3.0, 0.0 ], "autotile_index": 0.0, "tileset": "tiles_troll", "autotile": 0.0 }, "960_352": { "coord": [ 4.0, 1.0 ], "autotile_index": 0.0, "tileset": "spr_foresttile1", "autotile": 1.0 }, "1696_416": { "autotile": 1.0, "autotile_index": 0.0, "tileset": "spr_foresttile1", "coord": [ 4.0, 3.0 ] }, "0_128": { "coord": [ 5.0, 3.0 ], "autotile_index": 0.0, "tileset": "spr_foresttile1", "autotile": 1.0 }, "736_352": { "coord": [ 3.0, 1.0 ], "autotile_index": 0.0, "tileset": "spr_foresttile1", "autotile": 1.0 }, "1632_-128": { "autotile": 1.0, "autotile_index": 0.0, "tileset": "spr_foresttile1", "coord": [ 2.0, 2.0 ] }, "1472_32": { "autotile": 1.0, "autotile_index": 0.0, "tileset": "spr_foresttile1", "coord": [ 2.0, 2.0 ] }, "1184_-64": { "autotile": 1.0, "autotile_index": 0.0, "tileset": "spr_foresttile1", "coord": [ 2.0, 4.0 ] }, "864_192": { "autotile": 0.0, "autotile_index": 0.0, "tileset": "spr_foresttile1", "coord": [ 6.0, 13.0 ] }, "416_-160": { "coord": [ 0.0, 0.0 ], "autotile_index": 0.0, "tileset": "spr_foresttile1", "autotile": 1.0 }, "1120_512": { "coord": [ 4.0, 3.0 ], "autotile_index": 0.0, "tileset": "spr_foresttile1", "autotile": 1.0 }, "1568_352": { "autotile": 1.0, "autotile_index": 0.0, "tileset": "spr_foresttile1", "coord": [ 3.0, 1.0 ] }, "1248_512": { "coord": [ 4.0, 3.0 ], "autotile_index": 0.0, "tileset": "spr_foresttile1", "autotile": 1.0 }, "32_32": { "coord": [ 6.0, 3.0 ], "autotile_index": 0.0, "tileset": "spr_foresttile1", "autotile": 1.0 }, "0_416": { "coord": [ 4.0, 3.0 ], "autotile_index": 0.0, "tileset": "spr_foresttile1", "autotile": 1.0 }, "736_-128": { "coord": [ 4.0, 4.0 ], "autotile_index": 0.0, "tileset": "spr_foresttile1", "autotile": 1.0 }, "1312_0": { "coord": [ 6.0, 2.0 ], "autotile_index": 0.0, "tileset": "spr_foresttile1", "autotile": 1.0 }, "1664_512": { "autotile": 1.0, "autotile_index": 0.0, "tileset": "spr_foresttile1", "coord": [ 4.0, 3.0 ] }, "64_512": { "coord": [ 4.0, 3.0 ], "autotile_index": 0.0, "tileset": "spr_foresttile1", "autotile": 1.0 }, "96_512": { "coord": [ 4.0, 3.0 ], "autotile_index": 0.0, "tileset": "spr_foresttile1", "autotile": 1.0 }, "1728_416": { "autotile": 1.0, "autotile_index": 0.0, "tileset": "spr_foresttile1", "coord": [ 4.0, 3.0 ] }, "1472_-32": { "autotile": 1.0, "autotile_index": 0.0, "tileset": "spr_foresttile1", "coord": [ 9.0, 3.0 ] }, "1760_96": { "autotile": 1.0, "autotile_index": 0.0, "tileset": "spr_foresttile1", "coord": [ 3.0, 5.0 ] }, "320_512": { "coord": [ 4.0, 3.0 ], "autotile_index": 0.0, "tileset": "spr_foresttile1", "autotile": 1.0 }, "1344_512": { "coord": [ 4.0, 3.0 ], "autotile_index": 0.0, "tileset": "spr_foresttile1", "autotile": 1.0 }, "1568_0": { "autotile": 1.0, "autotile_index": 0.0, "tileset": "spr_foresttile1", "coord": [ 3.0, 1.0 ] }, "1664_0": { "autotile": 1.0, "autotile_index": 0.0, "tileset": "spr_foresttile1", "coord": [ 5.0, 3.0 ] }, "1632_512": { "autotile": 1.0, "autotile_index": 0.0, "tileset": "spr_foresttile1", "coord": [ 4.0, 3.0 ] }, "1088_64": { "coord": [ 5.0, 1.0 ], "autotile_index": 0.0, "tileset": "spr_foresttile1", "autotile": 1.0 }, "1120_384": { "coord": [ 4.0, 2.0 ], "autotile_index": 0.0, "tileset": "spr_foresttile1", "autotile": 1.0 }, "960_128": { "autotile": 0.0, "autotile_index": 0.0, "tileset": "spr_foresttile1", "coord": [ 9.0, 11.0 ] }, "1280_-128": { "coord": [ 4.0, 3.0 ], "autotile_index": 0.0, "tileset": "spr_foresttile1", "autotile": 1.0 }, "96_-96": { "coord": [ 3.0, 5.0 ], "autotile_index": 0.0, "tileset": "spr_foresttile1", "autotile": 1.0 }, "576_192": { "coord": [ 2.0, 4.0 ], "autotile_index": 0.0, "tileset": "spr_foresttile1", "autotile": 1.0 }, "1504_-32": { "autotile": 1.0, "autotile_index": 0.0, "tileset": "spr_foresttile1", "coord": [ 6.0, 2.0 ] }, "1120_416": { "coord": [ 4.0, 3.0 ], "autotile_index": 0.0, "tileset": "spr_foresttile1", "autotile": 1.0 }, "288_-128": { "coord": [ 4.0, 4.0 ], "autotile_index": 0.0, "tileset": "spr_foresttile1", "autotile": 1.0 }, "1792_512": { "autotile": 1.0, "autotile_index": 0.0, "tileset": "spr_foresttile1", "coord": [ 4.0, 3.0 ] }, "1984_288": { "autotile": 1.0, "autotile_index": 0.0, "tileset": "spr_foresttile1", "coord": [ 3.0, 1.0 ] }, "1920_416": { "autotile": 1.0, "autotile_index": 0.0, "tileset": "spr_foresttile1", "coord": [ 4.0, 3.0 ] }, "1824_-128": { "autotile": 1.0, "autotile_index": 0.0, "tileset": "spr_foresttile1", "coord": [ 4.0, 4.0 ] }, "1952_320": { "autotile": 1.0, "autotile_index": 0.0, "tileset": "spr_foresttile1", "coord": [ 3.0, 2.0 ] }, "640_224": { "coord": [ 5.0, 3.0 ], "autotile_index": 0.0, "tileset": "spr_foresttile1", "autotile": 1.0 }, "800_384": { "coord": [ 4.0, 2.0 ], "autotile_index": 0.0, "tileset": "spr_foresttile1", "autotile": 1.0 }, "448_-160": { "coord": [ 0.0, 0.0 ], "autotile_index": 0.0, "tileset": "spr_foresttile1", "autotile": 1.0 }, "1952_512": { "autotile": 1.0, "autotile_index": 0.0, "tileset": "spr_foresttile1", "coord": [ 4.0, 3.0 ] }, "2048_-32": { "autotile": 1.0, "autotile_index": 0.0, "tileset": "spr_foresttile1", "coord": [ 2.0, 4.0 ] }, "1088_352": { "coord": [ 5.0, 1.0 ], "autotile_index": 0.0, "tileset": "spr_foresttile1", "autotile": 1.0 }, "896_-96": { "coord": [ 3.0, 5.0 ], "autotile_index": 0.0, "tileset": "spr_foresttile1", "autotile": 1.0 }, "1504_352": { "autotile": 1.0, "autotile_index": 0.0, "tileset": "spr_foresttile1", "coord": [ 5.0, 3.0 ] }, "992_448": { "coord": [ 4.0, 3.0 ], "autotile_index": 0.0, "tileset": "spr_foresttile1", "autotile": 1.0 }, "576_256": { "coord": [ 2.0, 3.0 ], "autotile_index": 0.0, "tileset": "spr_foresttile1", "autotile": 1.0 }, "1664_96": { "autotile": 1.0, "autotile_index": 0.0, "tileset": "spr_foresttile1", "coord": [ 2.0, 5.0 ] }, "0_-64": { "coord": [ 5.0, 3.0 ], "autotile_index": 0.0, "tileset": "spr_foresttile1", "autotile": 1.0 }, "1952_352": { "autotile": 1.0, "autotile_index": 0.0, "tileset": "spr_foresttile1", "coord": [ 3.0, 3.0 ] }, "896_416": { "coord": [ 4.0, 3.0 ], "autotile_index": 0.0, "tileset": "spr_foresttile1", "autotile": 1.0 }, "1408_512": { "coord": [ 4.0, 3.0 ], "autotile_index": 0.0, "tileset": "spr_foresttile1", "autotile": 1.0 }, "1728_-32": { "autotile": 1.0, "autotile_index": 0.0, "tileset": "spr_foresttile1", "coord": [ 6.0, 1.0 ] }, "1792_96": { "autotile": 1.0, "autotile_index": 0.0, "tileset": "spr_foresttile1", "coord": [ 3.0, 5.0 ] }, "1760_64": { "autotile": 1.0, "autotile_index": 0.0, "tileset": "spr_foresttile1", "coord": [ 4.0, 1.0 ] }, "320_480": { "coord": [ 4.0, 3.0 ], "autotile_index": 0.0, "tileset": "spr_foresttile1", "autotile": 1.0 }, "1536_160": { "autotile": 1.0, "autotile_index": 0.0, "tileset": "spr_foresttile1", "coord": [ 10.0, 3.0 ] }, "960_384": { "coord": [ 4.0, 2.0 ], "autotile_index": 0.0, "tileset": "spr_foresttile1", "autotile": 1.0 }, "2080_448": { "autotile": 1.0, "autotile_index": 0.0, "tileset": "spr_foresttile1", "coord": [ 4.0, 3.0 ] }, "1696_-96": { "autotile": 1.0, "autotile_index": 0.0, "tileset": "spr_foresttile1", "coord": [ 10.0, 3.0 ] }, "448_448": { "coord": [ 4.0, 3.0 ], "autotile_index": 0.0, "tileset": "spr_foresttile1", "autotile": 1.0 }, "928_0": { "coord": [ 1.0, 0.0 ], "autotile_index": 0.0, "tileset": "tiles_troll", "autotile": 0.0 }, "1088_128": { "coord": [ 3.0, 4.0 ], "autotile_index": 0.0, "tileset": "spr_foresttile1", "autotile": 1.0 } } }, "backgrounds": { "5": { "x": 0.0, "scroll_x": 0.75, "tile_y": 1.0, "hspeed": 0.0, "panic_sprite": -1.0, "scroll_y": 0.75, "y": 0.0, "sprite": "bg_foresttree", "tile_x": 1.0, "vspeed": 0.0, "image_speed": 15.0 }, "6": { "x": 0.0, "scroll_x": 0.010000000000000000208166817117217, "tile_y": 1.0, "hspeed": 0.0, "panic_sprite": -1.0, "scroll_y": 0.010000000000000000208166817117217, "y": 0.0, "sprite": "bg_forest2", "tile_x": 1.0, "vspeed": 0.0, "image_speed": 15.0 }, "-1": { "x": -8.0, "scroll_x": 1.5, "tile_y": 0.0, "hspeed": 0.0, "panic_sprite": -1.0, "scroll_y": 1.1999999999999999555910790149937, "y": 201.0, "sprite": "bg_forestfront", "tile_x": 1.0, "vspeed": 0.0, "image_speed": 15.0 } }, "properties": { "songTransitionTime": 100.0, "roomX": 0.0, "levelWidth": 2112.0, "roomY": -128.0, "levelHeight": 540.0, "song": "event:\/music\/w3\/forest" } }