{ "editorVersion": 5.0, "instances": [ { "layer": 0.0, "deleted": 0.0, "variables": { "x": 64.0, "y": -256.0, "image_xscale": 56.0, "image_yscale": 2.0, "flipX": 0.0, "flipY": 0.0 }, "object": 517.0 }, { "layer": 0.0, "deleted": 0.0, "variables": { "x": 1856.0, "y": -256.0, "image_xscale": 2.0, "image_yscale": 25.0, "flipX": 0.0, "flipY": 0.0 }, "object": 517.0 }, { "layer": 0.0, "deleted": 0.0, "variables": { "x": 64.0, "y": 480.0, "image_xscale": 56.0, "image_yscale": 2.0, "flipX": 0.0, "flipY": 0.0 }, "object": 517.0 }, { "layer": 0.0, "deleted": 0.0, "variables": { "x": 0.0, "y": -256.0, "image_xscale": 2.0, "image_yscale": 25.0, "flipX": 0.0, "flipY": 0.0 }, "object": 517.0 }, { "layer": 0.0, "deleted": 0.0, "variables": { "x": 1088.0, "y": 426.5, "image_xscale": 1.0, "image_yscale": 1.0, "text": "LOOK ITS PETER GRIFFEN!!!", "flipX": 0.0, "flipY": 0.0 }, "object": 495.0 }, { "layer": 0.0, "deleted": 0.0, "variables": { "x": 160.0, "y": 448.0, "image_xscale": 1.0, "image_yscale": 1.0, "flipX": 0.0, "flipY": 0.0 }, "object": 804.0 }, { "layer": 0.0, "deleted": 0.0, "variables": { "x": 544.0, "y": 416.0, "image_xscale": 6.0, "image_yscale": 2.0, "flipX": 0.0, "flipY": 0.0 }, "object": 517.0 }, { "layer": 0.0, "deleted": 0.0, "variables": { "x": 636.0, "flipX": 0.0, "y": 365.0, "flipY": 0.0 }, "object": 752.0 }, { "layer": 0.0, "deleted": 0.0, "variables": { "x": 640.0, "flipX": 0.0, "y": 378.0, "flipY": 0.0 }, "object": 752.0 }, { "layer": 0.0, "deleted": 0.0, "variables": { "x": 1600.0, "flipX": 1.0, "y": 320.0, "flipY": 0.0 }, "object": 482.0 }, { "layer": 0.0, "deleted": 1.0, "variables": { "x": 1280.0, "flipX": 0.0, "y": 177.5, "flipY": 0.0 }, "object": 457.0 }, { "layer": 0.0, "deleted": 1.0, "variables": { "x": 1280.0, "flipX": 0.0, "y": 177.5, "flipY": 0.0 }, "object": 457.0 }, { "layer": 0.0, "deleted": 0.0, "variables": { "x": 1632.0, "y": 0.0, "image_xscale": 1.0, "image_yscale": 1.0, "flipX": 1.0, "flipY": 0.0 }, "object": 482.0 }, { "layer": 0.0, "deleted": 0.0, "variables": { "x": 705.0, "flipX": 0.0, "y": 372.0, "flipY": 0.0 }, "object": 752.0 }, { "layer": 0.0, "deleted": 0.0, "variables": { "x": 1760.0, "y": 10.5, "image_xscale": 1.0, "image_yscale": 1.0, "text": "kick the rat", "flipX": 0.0, "flipY": 0.0 }, "object": 495.0 }, { "layer": 0.0, "deleted": 1.0, "variables": { "x": 1280.0, "flipX": 0.0, "y": 177.5, "flipY": 0.0 }, "object": 457.0 }, { "layer": 0.0, "deleted": 1.0, "variables": { "x": 1280.0, "flipX": 0.0, "y": 177.5, "flipY": 0.0 }, "object": 457.0 }, { "layer": 0.0, "deleted": 0.0, "variables": { "x": 715.0, "flipX": 0.0, "y": 391.0, "flipY": 0.0 }, "object": 752.0 }, { "layer": 0.0, "deleted": 0.0, "variables": { "x": 604.0, "flipX": 0.0, "y": 364.0, "flipY": 0.0 }, "object": 752.0 }, { "layer": 0.0, "deleted": 0.0, "variables": { "x": 613.0, "flipX": 0.0, "y": 392.0, "flipY": 0.0 }, "object": 752.0 }, { "layer": 0.0, "deleted": 1.0, "variables": { "x": 1280.0, "flipX": 0.0, "y": 177.5, "flipY": 0.0 }, "object": 457.0 }, { "layer": 0.0, "deleted": 1.0, "variables": { "x": 1280.0, "flipX": 0.0, "y": 177.5, "flipY": 0.0 }, "object": 457.0 }, { "layer": 0.0, "deleted": 0.0, "variables": { "x": 512.0, "flipX": 0.0, "content": "obj_spike", "flipY": 0.0, "y": 64.0 }, "object": 751.0 }, { "layer": 0.0, "deleted": 0.0, "variables": { "x": 637.0, "flipX": 0.0, "y": 361.0, "flipY": 0.0 }, "object": 752.0 }, { "layer": 0.0, "deleted": 1.0, "variables": { "x": 1280.0, "flipX": 0.0, "y": 177.5, "flipY": 0.0 }, "object": 457.0 }, { "layer": 0.0, "deleted": 0.0, "variables": { "x": 676.0, "flipX": 0.0, "y": 378.0, "flipY": 0.0 }, "object": 752.0 }, { "layer": 0.0, "deleted": 0.0, "variables": { "x": 640.0, "flipX": 0.0, "y": 392.0, "flipY": 0.0 }, "object": 752.0 }, { "layer": 0.0, "deleted": 0.0, "variables": { "x": 609.0, "flipX": 0.0, "y": 380.0, "flipY": 0.0 }, "object": 752.0 }, { "layer": 0.0, "deleted": 0.0, "variables": { "x": 589.0, "flipX": 0.0, "y": 389.0, "flipY": 0.0 }, "object": 752.0 }, { "layer": 0.0, "deleted": 0.0, "variables": { "x": 702.0, "flipX": 0.0, "y": 369.0, "flipY": 0.0 }, "object": 752.0 }, { "layer": 0.0, "deleted": 1.0, "variables": { "x": 1280.0, "flipX": 0.0, "y": 177.5, "flipY": 0.0 }, "object": 457.0 }, { "layer": 0.0, "deleted": 0.0, "variables": { "x": 256.0, "y": 96.0, "image_xscale": 2.0, "image_yscale": 12.0, "flipX": 0.0, "flipY": 0.0 }, "object": 517.0 }, { "layer": 0.0, "deleted": 0.0, "variables": { "x": 320.0, "y": 96.0, "image_xscale": 15.0, "image_yscale": 2.0, "flipX": 0.0, "flipY": 0.0 }, "object": 517.0 }, { "layer": 0.0, "deleted": 0.0, "variables": { "x": 666.0, "flipX": 0.0, "y": 356.0, "flipY": 0.0 }, "object": 752.0 }, { "layer": 0.0, "deleted": 0.0, "variables": { "x": 691.0, "flipX": 0.0, "y": 363.0, "flipY": 0.0 }, "object": 752.0 }, { "layer": 0.0, "deleted": 0.0, "variables": { "x": 651.0, "flipX": 0.0, "y": 383.0, "flipY": 0.0 }, "object": 752.0 }, { "layer": 0.0, "deleted": 0.0, "variables": { "x": 800.0, "y": 96.0, "image_xscale": 2.0, "image_yscale": 6.0, "flipX": 0.0, "flipY": 0.0 }, "object": 517.0 }, { "layer": 0.0, "deleted": 0.0, "variables": { "x": 637.0, "flipX": 0.0, "y": 364.0, "flipY": 0.0 }, "object": 752.0 }, { "layer": 0.0, "deleted": 0.0, "variables": { "x": 669.0, "flipX": 0.0, "y": 363.0, "flipY": 0.0 }, "object": 752.0 }, { "layer": 0.0, "deleted": 0.0, "variables": { "x": 711.0, "flipX": 0.0, "y": 381.0, "flipY": 0.0 }, "object": 752.0 }, { "layer": 0.0, "deleted": 0.0, "variables": { "x": 572.0, "flipX": 0.0, "y": 365.0, "flipY": 0.0 }, "object": 752.0 }, { "layer": 0.0, "deleted": 0.0, "variables": { "x": 864.0, "y": 224.0, "image_xscale": 16.0, "image_yscale": 2.0, "flipX": 0.0, "flipY": 0.0 }, "object": 517.0 }, { "layer": 0.0, "deleted": 1.0, "variables": { "x": 1280.0, "flipX": 0.0, "y": 177.5, "flipY": 0.0 }, "object": 457.0 }, { "layer": 0.0, "deleted": 1.0, "variables": { "x": 1280.0, "flipX": 0.0, "y": 177.5, "flipY": 0.0 }, "object": 457.0 }, { "layer": 0.0, "deleted": 0.0, "variables": { "x": 582.0, "flipX": 0.0, "y": 377.0, "flipY": 0.0 }, "object": 752.0 }, { "layer": 0.0, "deleted": 0.0, "variables": { "x": 601.0, "flipX": 0.0, "y": 363.0, "flipY": 0.0 }, "object": 752.0 }, { "layer": 0.0, "deleted": 0.0, "variables": { "x": 1632.0, "y": 64.0, "image_xscale": 7.0, "image_yscale": 2.0, "flipX": 0.0, "flipY": 0.0 }, "object": 517.0 }, { "layer": 0.0, "deleted": 0.0, "variables": { "x": 1440.0, "y": 224.0, "image_xscale": 7.0, "image_yscale": 2.0, "flipX": 0.0, "flipY": 0.0 }, "object": 517.0 }, { "layer": 0.0, "deleted": 0.0, "variables": { "x": 1376.0, "y": 0.0, "image_xscale": 2.0, "image_yscale": 9.0, "flipX": 0.0, "flipY": 0.0 }, "object": 517.0 }, { "layer": 0.0, "deleted": 0.0, "variables": { "x": 1216.0, "y": -64.0, "image_xscale": 11.0, "image_yscale": 2.0, "flipX": 0.0, "flipY": 0.0 }, "object": 517.0 }, { "layer": 0.0, "deleted": 0.0, "variables": { "x": 600.0, "flipX": 0.0, "y": 362.0, "flipY": 0.0 }, "object": 752.0 }, { "layer": 0.0, "deleted": 0.0, "variables": { "x": 574.0, "flipX": 0.0, "y": 363.0, "flipY": 0.0 }, "object": 752.0 }, { "layer": 0.0, "deleted": 0.0, "variables": { "x": 577.0, "flipX": 0.0, "y": 368.0, "flipY": 0.0 }, "object": 752.0 }, { "layer": 0.0, "deleted": 0.0, "variables": { "x": 574.0, "flipX": 0.0, "y": 365.0, "flipY": 0.0 }, "object": 752.0 }, { "layer": 0.0, "deleted": 0.0, "variables": { "x": 553.0, "flipX": 0.0, "y": 385.0, "flipY": 0.0 }, "object": 752.0 }, { "layer": 0.0, "deleted": 0.0, "variables": { "x": 576.0, "flipX": 0.0, "y": 386.0, "flipY": 0.0 }, "object": 752.0 }, { "layer": 0.0, "deleted": 0.0, "variables": { "x": 577.0, "flipX": 0.0, "y": 382.0, "flipY": 0.0 }, "object": 752.0 }, { "layer": 0.0, "deleted": 0.0, "variables": { "x": 573.0, "flipX": 0.0, "y": 367.0, "flipY": 0.0 }, "object": 752.0 }, { "layer": 0.0, "deleted": 0.0, "variables": { "x": 576.0, "flipX": 0.0, "y": 376.0, "flipY": 0.0 }, "object": 752.0 }, { "layer": 0.0, "deleted": 0.0, "variables": { "x": 609.0, "flipX": 0.0, "y": 364.0, "flipY": 0.0 }, "object": 752.0 }, { "layer": 0.0, "deleted": 0.0, "variables": { "x": 649.0, "flipX": 0.0, "y": 379.0, "flipY": 0.0 }, "object": 752.0 }, { "layer": 0.0, "deleted": 0.0, "variables": { "x": 663.0, "flipX": 0.0, "y": 385.0, "flipY": 0.0 }, "object": 752.0 }, { "layer": 0.0, "deleted": 0.0, "variables": { "x": 676.0, "flipX": 0.0, "y": 377.0, "flipY": 0.0 }, "object": 752.0 }, { "layer": 0.0, "deleted": 0.0, "variables": { "x": 678.0, "flipX": 0.0, "y": 400.0, "flipY": 0.0 }, "object": 752.0 }, { "layer": 0.0, "deleted": 0.0, "variables": { "x": 670.0, "flipX": 0.0, "y": 387.0, "flipY": 0.0 }, "object": 752.0 }, { "layer": 0.0, "deleted": 0.0, "variables": { "x": 666.0, "flipX": 0.0, "y": 382.0, "flipY": 0.0 }, "object": 752.0 }, { "layer": 0.0, "deleted": 0.0, "variables": { "x": 634.0, "flipX": 0.0, "y": 373.0, "flipY": 0.0 }, "object": 752.0 }, { "layer": 0.0, "deleted": 0.0, "variables": { "x": 607.0, "flipX": 0.0, "y": 376.0, "flipY": 0.0 }, "object": 752.0 }, { "layer": 0.0, "deleted": 0.0, "variables": { "x": 610.0, "flipX": 0.0, "y": 378.0, "flipY": 0.0 }, "object": 752.0 }, { "layer": 0.0, "deleted": 0.0, "variables": { "x": 648.0, "flipX": 0.0, "y": 399.0, "flipY": 0.0 }, "object": 752.0 }, { "layer": 0.0, "deleted": 0.0, "variables": { "x": 672.0, "y": 380.0, "image_xscale": 1.0, "image_yscale": 1.0, "flipX": 0.0, "flipY": 0.0 }, "object": 752.0 }, { "layer": 0.0, "deleted": 0.0, "variables": { "x": 678.0, "flipX": 0.0, "y": 372.0, "flipY": 0.0 }, "object": 752.0 }, { "layer": 0.0, "deleted": 0.0, "variables": { "x": 655.0, "flipX": 0.0, "y": 353.0, "flipY": 0.0 }, "object": 752.0 }, { "layer": 0.0, "deleted": 0.0, "variables": { "x": 643.0, "flipX": 0.0, "y": 351.0, "flipY": 0.0 }, "object": 752.0 }, { "layer": 0.0, "deleted": 0.0, "variables": { "x": 628.0, "flipX": 0.0, "y": 352.0, "flipY": 0.0 }, "object": 752.0 }, { "layer": 0.0, "deleted": 0.0, "variables": { "x": 598.0, "flipX": 0.0, "y": 367.0, "flipY": 0.0 }, "object": 752.0 }, { "layer": 0.0, "deleted": 0.0, "variables": { "x": 609.0, "flipX": 0.0, "y": 379.0, "flipY": 0.0 }, "object": 752.0 }, { "layer": 0.0, "deleted": 0.0, "variables": { "x": 601.0, "flipX": 0.0, "y": 363.0, "flipY": 0.0 }, "object": 752.0 }, { "layer": 0.0, "deleted": 0.0, "variables": { "x": 574.0, "flipX": 0.0, "y": 358.0, "flipY": 0.0 }, "object": 752.0 }, { "layer": 0.0, "deleted": 0.0, "variables": { "x": 577.0, "flipX": 0.0, "y": 377.0, "flipY": 0.0 }, "object": 752.0 }, { "layer": 0.0, "deleted": 0.0, "variables": { "x": 609.0, "flipX": 0.0, "y": 381.0, "flipY": 0.0 }, "object": 752.0 }, { "layer": 0.0, "deleted": 0.0, "variables": { "x": 642.0, "flipX": 0.0, "y": 373.0, "flipY": 0.0 }, "object": 752.0 }, { "layer": 0.0, "deleted": 0.0, "variables": { "x": 673.0, "flipX": 0.0, "y": 372.0, "flipY": 0.0 }, "object": 752.0 }, { "layer": 0.0, "deleted": 0.0, "variables": { "x": 705.0, "flipX": 0.0, "y": 382.0, "flipY": 0.0 }, "object": 752.0 }, { "layer": 0.0, "deleted": 0.0, "variables": { "x": 708.0, "flipX": 0.0, "y": 385.0, "flipY": 0.0 }, "object": 752.0 }, { "layer": 0.0, "deleted": 0.0, "variables": { "x": 699.0, "flipX": 0.0, "y": 394.0, "flipY": 0.0 }, "object": 752.0 }, { "layer": 0.0, "deleted": 0.0, "variables": { "x": 669.0, "flipX": 0.0, "y": 387.0, "flipY": 0.0 }, "object": 752.0 }, { "layer": 0.0, "deleted": 0.0, "variables": { "x": 649.0, "flipX": 0.0, "y": 383.0, "flipY": 0.0 }, "object": 752.0 }, { "layer": 0.0, "deleted": 0.0, "variables": { "x": 634.0, "flipX": 0.0, "y": 382.0, "flipY": 0.0 }, "object": 752.0 }, { "layer": 0.0, "deleted": 0.0, "variables": { "x": 607.0, "flipX": 0.0, "y": 381.0, "flipY": 0.0 }, "object": 752.0 }, { "layer": 0.0, "deleted": 0.0, "variables": { "x": 574.0, "flipX": 0.0, "y": 376.0, "flipY": 0.0 }, "object": 752.0 }, { "layer": 0.0, "deleted": 0.0, "variables": { "x": 613.0, "flipX": 0.0, "y": 365.0, "flipY": 0.0 }, "object": 752.0 }, { "layer": 0.0, "deleted": 0.0, "variables": { "x": 606.0, "flipX": 0.0, "y": 363.0, "flipY": 0.0 }, "object": 752.0 }, { "layer": 0.0, "deleted": 0.0, "variables": { "x": 564.0, "flipX": 0.0, "y": 358.0, "flipY": 0.0 }, "object": 752.0 }, { "layer": 0.0, "deleted": 0.0, "variables": { "x": 577.0, "flipX": 0.0, "y": 380.0, "flipY": 0.0 }, "object": 752.0 }, { "layer": 0.0, "deleted": 0.0, "variables": { "x": 571.0, "flipX": 0.0, "y": 364.0, "flipY": 0.0 }, "object": 752.0 }, { "layer": 0.0, "deleted": 0.0, "variables": { "x": 555.0, "flipX": 0.0, "y": 385.0, "flipY": 0.0 }, "object": 752.0 }, { "layer": 0.0, "deleted": 0.0, "variables": { "x": 576.0, "flipX": 0.0, "y": 389.0, "flipY": 0.0 }, "object": 752.0 }, { "layer": 0.0, "deleted": 0.0, "variables": { "x": 637.0, "flipX": 0.0, "y": 351.0, "flipY": 0.0 }, "object": 752.0 }, { "layer": 0.0, "deleted": 0.0, "variables": { "x": 636.0, "flipX": 0.0, "y": 353.0, "flipY": 0.0 }, "object": 752.0 }, { "layer": 0.0, "deleted": 0.0, "variables": { "x": 607.0, "flipX": 0.0, "y": 353.0, "flipY": 0.0 }, "object": 752.0 }, { "layer": 0.0, "deleted": 0.0, "variables": { "x": 604.0, "flipX": 0.0, "y": 351.0, "flipY": 0.0 }, "object": 752.0 }, { "layer": 0.0, "deleted": 0.0, "variables": { "x": 568.0, "flipX": 0.0, "y": 351.0, "flipY": 0.0 }, "object": 752.0 }, { "layer": 0.0, "deleted": 0.0, "variables": { "x": 579.0, "flipX": 0.0, "y": 352.0, "flipY": 0.0 }, "object": 752.0 }, { "layer": 0.0, "deleted": 0.0, "variables": { "x": 612.0, "flipX": 0.0, "y": 358.0, "flipY": 0.0 }, "object": 752.0 }, { "layer": 0.0, "deleted": 0.0, "variables": { "x": 603.0, "flipX": 0.0, "y": 359.0, "flipY": 0.0 }, "object": 752.0 }, { "layer": 0.0, "deleted": 0.0, "variables": { "x": 583.0, "flipX": 0.0, "y": 358.0, "flipY": 0.0 }, "object": 752.0 }, { "layer": 0.0, "deleted": 0.0, "variables": { "x": 571.0, "flipX": 0.0, "y": 359.0, "flipY": 0.0 }, "object": 752.0 }, { "layer": 0.0, "deleted": 0.0, "variables": { "x": 535.0, "flipX": 0.0, "y": 367.0, "flipY": 0.0 }, "object": 752.0 }, { "layer": 0.0, "deleted": 0.0, "variables": { "x": 538.0, "flipX": 0.0, "y": 385.0, "flipY": 0.0 }, "object": 752.0 }, { "layer": 0.0, "deleted": 0.0, "variables": { "x": 546.0, "flipX": 0.0, "y": 381.0, "flipY": 0.0 }, "object": 752.0 }, { "layer": 0.0, "deleted": 0.0, "variables": { "x": 541.0, "flipX": 0.0, "y": 356.0, "flipY": 0.0 }, "object": 752.0 }, { "layer": 0.0, "deleted": 0.0, "variables": { "x": 547.0, "flipX": 0.0, "y": 355.0, "flipY": 0.0 }, "object": 752.0 }, { "layer": 0.0, "deleted": 0.0, "variables": { "x": 690.0, "flipX": 0.0, "y": 392.0, "flipY": 0.0 }, "object": 752.0 }, { "layer": 0.0, "deleted": 0.0, "variables": { "x": 697.0, "flipX": 0.0, "y": 379.0, "flipY": 0.0 }, "object": 752.0 }, { "layer": 0.0, "deleted": 0.0, "variables": { "x": 669.0, "flipX": 0.0, "y": 362.0, "flipY": 0.0 }, "object": 752.0 }, { "layer": 0.0, "deleted": 0.0, "variables": { "x": 673.0, "flipX": 0.0, "y": 361.0, "flipY": 0.0 }, "object": 752.0 }, { "layer": 0.0, "deleted": 0.0, "variables": { "x": 676.0, "flipX": 0.0, "y": 351.0, "flipY": 0.0 }, "object": 752.0 }, { "layer": 0.0, "deleted": 0.0, "variables": { "x": 679.0, "flipX": 0.0, "y": 349.0, "flipY": 0.0 }, "object": 752.0 }, { "layer": 0.0, "deleted": 0.0, "variables": { "x": 693.0, "flipX": 0.0, "y": 353.0, "flipY": 0.0 }, "object": 752.0 }, { "layer": 0.0, "deleted": 0.0, "variables": { "x": 705.0, "flipX": 0.0, "y": 362.0, "flipY": 0.0 }, "object": 752.0 }, { "layer": 0.0, "deleted": 0.0, "variables": { "x": 576.0, "flipX": 0.0, "y": 369.5, "flipY": 0.0 }, "object": 646.0 }, { "layer": 0.0, "deleted": 0.0, "variables": { "x": 640.0, "flipX": 0.0, "y": 369.5, "flipY": 0.0 }, "object": 646.0 }, { "layer": 0.0, "deleted": 0.0, "variables": { "x": 704.0, "flipX": 0.0, "y": 369.5, "flipY": 0.0 }, "object": 646.0 }, { "layer": 0.0, "deleted": 0.0, "variables": { "x": 576.0, "flipX": 0.0, "y": 338.0, "flipY": 0.0 }, "object": 646.0 }, { "layer": 0.0, "deleted": 0.0, "variables": { "x": 576.0, "flipX": 0.0, "y": 369.5, "flipY": 0.0 }, "object": 646.0 }, { "layer": 0.0, "deleted": 0.0, "variables": { "x": 608.0, "flipX": 0.0, "y": 369.5, "flipY": 0.0 }, "object": 646.0 }, { "layer": 0.0, "deleted": 0.0, "variables": { "x": 640.0, "flipX": 0.0, "y": 369.5, "flipY": 0.0 }, "object": 646.0 }, { "layer": 0.0, "deleted": 0.0, "variables": { "x": 704.0, "flipX": 0.0, "y": 369.5, "flipY": 0.0 }, "object": 646.0 }, { "layer": 0.0, "deleted": 0.0, "variables": { "x": 736.0, "flipX": 0.0, "y": 369.5, "flipY": 0.0 }, "object": 646.0 }, { "layer": 0.0, "deleted": 0.0, "variables": { "x": 704.0, "flipX": 0.0, "y": 369.5, "flipY": 0.0 }, "object": 646.0 }, { "layer": 0.0, "deleted": 0.0, "variables": { "x": 672.0, "flipX": 0.0, "y": 369.5, "flipY": 0.0 }, "object": 646.0 }, { "layer": 0.0, "deleted": 0.0, "variables": { "x": 672.0, "flipX": 0.0, "y": 338.0, "flipY": 0.0 }, "object": 646.0 }, { "layer": 0.0, "deleted": 0.0, "variables": { "x": 640.0, "flipX": 0.0, "y": 338.0, "flipY": 0.0 }, "object": 646.0 }, { "layer": 0.0, "deleted": 0.0, "variables": { "x": 640.0, "flipX": 0.0, "y": 369.5, "flipY": 0.0 }, "object": 646.0 }, { "layer": 0.0, "deleted": 0.0, "variables": { "x": 640.0, "flipX": 0.0, "y": 338.0, "flipY": 0.0 }, "object": 646.0 }, { "layer": 0.0, "deleted": 0.0, "variables": { "x": 672.0, "flipX": 0.0, "y": 338.0, "flipY": 0.0 }, "object": 646.0 }, { "layer": 0.0, "deleted": 0.0, "variables": { "x": 640.0, "flipX": 0.0, "y": 338.0, "flipY": 0.0 }, "object": 646.0 }, { "layer": 0.0, "deleted": 0.0, "variables": { "x": 608.0, "flipX": 0.0, "y": 338.0, "flipY": 0.0 }, "object": 646.0 }, { "layer": 0.0, "deleted": 0.0, "variables": { "x": 608.0, "flipX": 0.0, "y": 369.5, "flipY": 0.0 }, "object": 646.0 }, { "layer": 0.0, "deleted": 0.0, "variables": { "x": 640.0, "flipX": 0.0, "y": 369.5, "flipY": 0.0 }, "object": 646.0 }, { "layer": 0.0, "deleted": 0.0, "variables": { "x": 1600.0, "flipX": 1.0, "y": 352.0, "flipY": 0.0 }, "object": 482.0 }, { "layer": 0.0, "deleted": 0.0, "variables": { "x": 1600.0, "flipX": 1.0, "y": 320.0, "flipY": 0.0 }, "object": 482.0 }, { "layer": 0.0, "deleted": 0.0, "variables": { "x": 1600.0, "flipX": 1.0, "y": 288.0, "flipY": 0.0 }, "object": 482.0 }, { "layer": 0.0, "deleted": 0.0, "variables": { "x": 1568.0, "flipX": 1.0, "y": 288.0, "flipY": 0.0 }, "object": 482.0 }, { "layer": 0.0, "deleted": 0.0, "variables": { "x": 1568.0, "flipX": 1.0, "y": 320.0, "flipY": 0.0 }, "object": 482.0 }, { "layer": 0.0, "deleted": 0.0, "variables": { "x": 1568.0, "flipX": 1.0, "y": 352.0, "flipY": 0.0 }, "object": 482.0 }, { "layer": 0.0, "deleted": 0.0, "variables": { "x": 1568.0, "flipX": 1.0, "y": 384.0, "flipY": 0.0 }, "object": 482.0 }, { "layer": 0.0, "deleted": 0.0, "variables": { "x": 1600.0, "flipX": 1.0, "y": 384.0, "flipY": 0.0 }, "object": 482.0 }, { "layer": 0.0, "deleted": 0.0, "variables": { "x": 1568.0, "flipX": 1.0, "y": 384.0, "flipY": 0.0 }, "object": 482.0 }, { "layer": 0.0, "deleted": 0.0, "variables": { "x": 1568.0, "flipX": 1.0, "y": 416.0, "flipY": 0.0 }, "object": 482.0 }, { "layer": 0.0, "deleted": 0.0, "variables": { "x": 1600.0, "flipX": 1.0, "y": 416.0, "flipY": 0.0 }, "object": 482.0 }, { "layer": 0.0, "deleted": 0.0, "variables": { "x": 1568.0, "flipX": 1.0, "y": 416.0, "flipY": 0.0 }, "object": 482.0 }, { "layer": 0.0, "deleted": 0.0, "variables": { "x": 1568.0, "flipX": 1.0, "y": 384.0, "flipY": 0.0 }, "object": 482.0 }, { "layer": 0.0, "deleted": 0.0, "variables": { "x": 1536.0, "flipX": 1.0, "y": 384.0, "flipY": 0.0 }, "object": 482.0 }, { "layer": 0.0, "deleted": 0.0, "variables": { "x": 1536.0, "flipX": 1.0, "y": 416.0, "flipY": 0.0 }, "object": 482.0 }, { "layer": 0.0, "deleted": 0.0, "variables": { "x": 1536.0, "flipX": 1.0, "y": 384.0, "flipY": 0.0 }, "object": 482.0 }, { "layer": 0.0, "deleted": 0.0, "variables": { "x": 1536.0, "flipX": 1.0, "y": 352.0, "flipY": 0.0 }, "object": 482.0 }, { "layer": 0.0, "deleted": 0.0, "variables": { "x": 1536.0, "flipX": 1.0, "y": 320.0, "flipY": 0.0 }, "object": 482.0 }, { "layer": 0.0, "deleted": 0.0, "variables": { "x": 1536.0, "flipX": 1.0, "y": 288.0, "flipY": 0.0 }, "object": 482.0 }, { "layer": 0.0, "deleted": 0.0, "variables": { "x": 1504.0, "flipX": 1.0, "y": 288.0, "flipY": 0.0 }, "object": 482.0 }, { "layer": 0.0, "deleted": 0.0, "variables": { "x": 1472.0, "flipX": 1.0, "y": 288.0, "flipY": 0.0 }, "object": 482.0 }, { "layer": 0.0, "deleted": 0.0, "variables": { "x": 1472.0, "flipX": 1.0, "y": 320.0, "flipY": 0.0 }, "object": 482.0 }, { "layer": 0.0, "deleted": 0.0, "variables": { "x": 1472.0, "flipX": 1.0, "y": 352.0, "flipY": 0.0 }, "object": 482.0 }, { "layer": 0.0, "deleted": 0.0, "variables": { "x": 1472.0, "flipX": 1.0, "y": 384.0, "flipY": 0.0 }, "object": 482.0 }, { "layer": 0.0, "deleted": 0.0, "variables": { "x": 1472.0, "flipX": 1.0, "y": 416.0, "flipY": 0.0 }, "object": 482.0 }, { "layer": 0.0, "deleted": 0.0, "variables": { "x": 1504.0, "flipX": 1.0, "y": 416.0, "flipY": 0.0 }, "object": 482.0 }, { "layer": 0.0, "deleted": 0.0, "variables": { "x": 1504.0, "flipX": 1.0, "y": 384.0, "flipY": 0.0 }, "object": 482.0 }, { "layer": 0.0, "deleted": 0.0, "variables": { "x": 1504.0, "flipX": 1.0, "y": 352.0, "flipY": 0.0 }, "object": 482.0 }, { "layer": 0.0, "deleted": 0.0, "variables": { "x": 1504.0, "flipX": 1.0, "y": 320.0, "flipY": 0.0 }, "object": 482.0 }, { "layer": 0.0, "deleted": 0.0, "variables": { "x": 1248.0, "flipX": 0.0, "y": -110.5, "flipY": 0.0 }, "object": 681.0 }, { "layer": 0.0, "deleted": 0.0, "variables": { "x": 1280.0, "flipX": 0.0, "y": -110.5, "flipY": 0.0 }, "object": 681.0 }, { "layer": 0.0, "deleted": 0.0, "variables": { "x": 1312.0, "flipX": 0.0, "y": -110.5, "flipY": 0.0 }, "object": 681.0 }, { "layer": 0.0, "deleted": 0.0, "variables": { "x": 1344.0, "flipX": 0.0, "y": -110.5, "flipY": 0.0 }, "object": 681.0 }, { "layer": 0.0, "deleted": 0.0, "variables": { "x": 1376.0, "flipX": 0.0, "y": -110.5, "flipY": 0.0 }, "object": 681.0 }, { "layer": 0.0, "deleted": 0.0, "variables": { "x": 1408.0, "flipX": 0.0, "y": -110.5, "flipY": 0.0 }, "object": 681.0 }, { "layer": 0.0, "deleted": 0.0, "variables": { "x": 1440.0, "flipX": 0.0, "y": -110.5, "flipY": 0.0 }, "object": 681.0 }, { "layer": 0.0, "deleted": 0.0, "variables": { "x": 1472.0, "flipX": 0.0, "y": -110.5, "flipY": 0.0 }, "object": 681.0 }, { "layer": 0.0, "deleted": 0.0, "variables": { "x": 1504.0, "flipX": 0.0, "y": -110.5, "flipY": 0.0 }, "object": 681.0 }, { "layer": 0.0, "deleted": 0.0, "variables": { "x": 1536.0, "flipX": 0.0, "y": -110.5, "flipY": 0.0 }, "object": 681.0 }, { "layer": 0.0, "deleted": 0.0, "variables": { "x": 1568.0, "flipX": 0.0, "y": -110.5, "flipY": 0.0 }, "object": 681.0 }, { "layer": 0.0, "deleted": 0.0, "variables": { "x": 1536.0, "flipX": 0.0, "y": -96.0, "flipY": 0.0 }, "object": 134.0 }, { "layer": 0.0, "deleted": 0.0, "variables": { "x": 1504.0, "flipX": 0.0, "y": -96.0, "flipY": 0.0 }, "object": 134.0 }, { "layer": 0.0, "deleted": 0.0, "variables": { "x": 1568.0, "flipX": 0.0, "y": -110.5, "flipY": 0.0 }, "object": 681.0 }, { "layer": 0.0, "deleted": 0.0, "variables": { "x": 1472.0, "flipX": 0.0, "y": -96.0, "flipY": 0.0 }, "object": 134.0 }, { "layer": 0.0, "deleted": 0.0, "variables": { "x": 1440.0, "flipX": 0.0, "y": -96.0, "flipY": 0.0 }, "object": 134.0 }, { "layer": 0.0, "deleted": 0.0, "variables": { "x": 1408.0, "flipX": 0.0, "y": -96.0, "flipY": 0.0 }, "object": 134.0 }, { "layer": 0.0, "deleted": 0.0, "variables": { "x": 1376.0, "flipX": 0.0, "y": -96.0, "flipY": 0.0 }, "object": 134.0 }, { "layer": 0.0, "deleted": 0.0, "variables": { "x": 1344.0, "flipX": 0.0, "y": -96.0, "flipY": 0.0 }, "object": 134.0 }, { "layer": 0.0, "deleted": 0.0, "variables": { "x": 1312.0, "flipX": 0.0, "y": -96.0, "flipY": 0.0 }, "object": 134.0 }, { "layer": 0.0, "deleted": 0.0, "variables": { "x": 1280.0, "flipX": 0.0, "y": -96.0, "flipY": 0.0 }, "object": 134.0 }, { "layer": 0.0, "deleted": 0.0, "variables": { "x": 1248.0, "flipX": 0.0, "y": -96.0, "flipY": 0.0 }, "object": 134.0 }, { "layer": 0.0, "deleted": 0.0, "variables": { "x": 640.0, "y": 42.5, "image_xscale": 1.0, "image_yscale": 1.0, "text": "DONT OPEN THE CAGE", "flipX": 0.0, "flipY": 0.0 }, "object": 495.0 }, { "layer": 0.0, "deleted": 1.0, "variables": { "x": 1280.0, "flipX": 0.0, "y": 177.5, "flipY": 0.0 }, "object": 457.0 }, { "layer": 0.0, "deleted": 1.0, "variables": { "x": 1280.0, "flipX": 0.0, "y": 177.5, "flipY": 0.0 }, "object": 457.0 }, { "layer": 0.0, "deleted": 1.0, "variables": { "x": 1280.0, "flipX": 0.0, "y": 177.5, "flipY": 0.0 }, "object": 457.0 }, { "layer": 0.0, "deleted": 1.0, "variables": { "x": 1280.0, "flipX": 0.0, "y": 177.5, "flipY": 0.0 }, "object": 457.0 }, { "layer": 0.0, "deleted": 1.0, "variables": { "x": 1280.0, "flipX": 0.0, "y": 177.5, "flipY": 0.0 }, "object": 457.0 }, { "layer": 0.0, "deleted": 1.0, "variables": { "x": 1280.0, "flipX": 0.0, "y": 177.5, "flipY": 0.0 }, "object": 457.0 }, { "layer": 0.0, "deleted": 1.0, "variables": { "x": 1280.0, "flipX": 0.0, "y": 177.5, "flipY": 0.0 }, "object": 457.0 }, { "layer": 0.0, "deleted": 1.0, "variables": { "x": 1280.0, "flipX": 0.0, "y": 177.5, "flipY": 0.0 }, "object": 457.0 }, { "layer": 0.0, "deleted": 1.0, "variables": { "x": 1280.0, "flipX": 0.0, "y": 177.5, "flipY": 0.0 }, "object": 457.0 }, { "layer": 0.0, "deleted": 1.0, "variables": { "x": 1280.0, "flipX": 0.0, "y": 177.5, "flipY": 0.0 }, "object": 457.0 }, { "layer": 0.0, "deleted": 1.0, "variables": { "x": 1280.0, "flipX": 0.0, "y": 177.5, "flipY": 0.0 }, "object": 457.0 }, { "layer": 0.0, "deleted": 1.0, "variables": { "x": 1280.0, "flipX": 0.0, "y": 177.5, "flipY": 0.0 }, "object": 457.0 }, { "layer": 0.0, "deleted": 1.0, "variables": { "x": 1280.0, "flipX": 0.0, "y": 177.5, "flipY": 0.0 }, "object": 457.0 }, { "layer": 0.0, "deleted": 1.0, "variables": { "x": 1280.0, "flipX": 0.0, "y": 177.5, "flipY": 0.0 }, "object": 457.0 }, { "layer": 0.0, "deleted": 1.0, "variables": { "x": 1280.0, "flipX": 0.0, "y": 177.5, "flipY": 0.0 }, "object": 457.0 }, { "layer": 0.0, "deleted": 1.0, "variables": { "x": 1280.0, "flipX": 0.0, "y": 177.5, "flipY": 0.0 }, "object": 457.0 }, { "layer": 0.0, "deleted": 1.0, "variables": { "x": 1280.0, "flipX": 0.0, "y": 177.5, "flipY": 0.0 }, "object": 457.0 }, { "layer": 0.0, "deleted": 1.0, "variables": { "x": 1280.0, "flipX": 0.0, "y": 177.5, "flipY": 0.0 }, "object": 457.0 }, { "layer": 0.0, "deleted": 1.0, "variables": { "x": 1280.0, "flipX": 0.0, "y": 177.5, "flipY": 0.0 }, "object": 457.0 }, { "layer": 0.0, "deleted": 1.0, "variables": { "x": 1280.0, "flipX": 0.0, "y": 177.5, "flipY": 0.0 }, "object": 457.0 }, { "layer": 0.0, "deleted": 1.0, "variables": { "x": 1280.0, "flipX": 0.0, "y": 177.5, "flipY": 0.0 }, "object": 457.0 }, { "layer": 0.0, "deleted": 1.0, "variables": { "x": 1280.0, "flipX": 0.0, "y": 177.5, "flipY": 0.0 }, "object": 457.0 }, { "layer": 0.0, "deleted": 1.0, "variables": { "x": 1280.0, "flipX": 0.0, "y": 177.5, "flipY": 0.0 }, "object": 457.0 }, { "layer": 0.0, "deleted": 1.0, "variables": { "x": 1280.0, "flipX": 0.0, "y": 177.5, "flipY": 0.0 }, "object": 457.0 }, { "layer": 0.0, "deleted": 1.0, "variables": { "x": 1280.0, "flipX": 0.0, "y": 177.5, "flipY": 0.0 }, "object": 457.0 }, { "layer": 0.0, "deleted": 1.0, "variables": { "x": 1280.0, "flipX": 0.0, "y": 177.5, "flipY": 0.0 }, "object": 457.0 }, { "layer": 0.0, "deleted": 1.0, "variables": { "x": 1280.0, "flipX": 0.0, "y": 177.5, "flipY": 0.0 }, "object": 457.0 }, { "layer": 0.0, "deleted": 1.0, "variables": { "x": -736.0, "flipX": 0.0, "y": -512.0, "flipY": 0.0 }, "object": 806.0 }, { "layer": 0.0, "deleted": 0.0, "variables": { "x": 384.0, "y": 384.0, "targetRoom": "room1", "image_xscale": 1.0, "image_yscale": 1.0, "flipX": 0.0, "flipY": 0.0 }, "object": 795.0 }, { "layer": 0.0, "deleted": 0.0, "variables": { "x": 416.0, "flipX": 0.0, "y": 448.0, "flipY": 0.0 }, "object": 806.0 }, { "layer": 0.0, "deleted": 0.0, "variables": { "x": 128.0, "y": 384.0, "targetRoom": "room4", "image_xscale": 1.0, "image_yscale": 1.0, "flipX": 0.0, "flipY": 0.0 }, "object": 795.0 }, { "layer": 0.0, "deleted": 0.0, "variables": { "x": 320.0, "flipX": 0.0, "y": 64.0, "flipY": 0.0 }, "object": 752.0 }, { "layer": 0.0, "deleted": 0.0, "variables": { "x": 352.0, "flipX": 0.0, "y": 64.0, "flipY": 0.0 }, "object": 752.0 }, { "layer": 0.0, "deleted": 0.0, "variables": { "x": 288.0, "flipX": 0.0, "y": 64.0, "flipY": 0.0 }, "object": 752.0 }, { "layer": 0.0, "deleted": 0.0, "variables": { "x": 256.0, "flipX": 0.0, "y": 64.0, "flipY": 0.0 }, "object": 752.0 }, { "layer": 0.0, "deleted": 0.0, "variables": { "x": 256.0, "y": -192.0, "image_xscale": 4.0, "image_yscale": 8.0, "flipX": 0.0, "flipY": 0.0 }, "object": 517.0 }, { "layer": 0.0, "deleted": 0.0, "variables": { "x": 1280.0, "flipX": 0.0, "y": 192.0, "flipY": 0.0 }, "object": 763.0 }, { "layer": 0.0, "deleted": 0.0, "variables": { "x": 1280.0, "flipX": 0.0, "y": 192.0, "flipY": 0.0 }, "object": 763.0 }, { "layer": 0.0, "deleted": 0.0, "variables": { "x": 1280.0, "flipX": 0.0, "y": 192.0, "flipY": 0.0 }, "object": 763.0 }, { "layer": 0.0, "deleted": 0.0, "variables": { "x": 1280.0, "flipX": 0.0, "y": 192.0, "flipY": 0.0 }, "object": 763.0 }, { "layer": 0.0, "deleted": 0.0, "variables": { "x": 1280.0, "flipX": 0.0, "y": 192.0, "flipY": 0.0 }, "object": 763.0 }, { "layer": 0.0, "deleted": 0.0, "variables": { "x": 1280.0, "flipX": 0.0, "y": 192.0, "flipY": 0.0 }, "object": 763.0 }, { "layer": 0.0, "deleted": 0.0, "variables": { "x": 1280.0, "flipX": 0.0, "y": 192.0, "flipY": 0.0 }, "object": 763.0 }, { "layer": 0.0, "deleted": 0.0, "variables": { "x": 1280.0, "flipX": 0.0, "y": 192.0, "flipY": 0.0 }, "object": 763.0 }, { "layer": 0.0, "deleted": 0.0, "variables": { "x": 1280.0, "flipX": 0.0, "y": 192.0, "flipY": 0.0 }, "object": 763.0 }, { "layer": 0.0, "deleted": 0.0, "variables": { "x": 1280.0, "flipX": 0.0, "y": 192.0, "flipY": 0.0 }, "object": 763.0 }, { "layer": 0.0, "deleted": 0.0, "variables": { "x": 1280.0, "flipX": 0.0, "y": 192.0, "flipY": 0.0 }, "object": 763.0 }, { "layer": 0.0, "deleted": 0.0, "variables": { "x": 1280.0, "flipX": 0.0, "y": 192.0, "flipY": 0.0 }, "object": 763.0 }, { "layer": 0.0, "deleted": 0.0, "variables": { "x": 1280.0, "flipX": 0.0, "y": 192.0, "flipY": 0.0 }, "object": 763.0 }, { "layer": 0.0, "deleted": 0.0, "variables": { "x": 1280.0, "flipX": 0.0, "y": 192.0, "flipY": 0.0 }, "object": 763.0 }, { "layer": 0.0, "deleted": 0.0, "variables": { "x": 1280.0, "flipX": 0.0, "y": 192.0, "flipY": 0.0 }, "object": 763.0 }, { "layer": 0.0, "deleted": 0.0, "variables": { "x": 1280.0, "flipX": 0.0, "y": 192.0, "flipY": 0.0 }, "object": 763.0 }, { "layer": 0.0, "deleted": 0.0, "variables": { "x": 1280.0, "flipX": 0.0, "y": 192.0, "flipY": 0.0 }, "object": 763.0 }, { "layer": 0.0, "deleted": 0.0, "variables": { "x": 1280.0, "flipX": 0.0, "y": 192.0, "flipY": 0.0 }, "object": 763.0 }, { "layer": 0.0, "deleted": 0.0, "variables": { "x": 1280.0, "flipX": 0.0, "y": 192.0, "flipY": 0.0 }, "object": 763.0 }, { "layer": 0.0, "deleted": 0.0, "variables": { "x": 1280.0, "flipX": 0.0, "y": 192.0, "flipY": 0.0 }, "object": 763.0 }, { "layer": 0.0, "deleted": 0.0, "variables": { "x": 1280.0, "flipX": 0.0, "y": 192.0, "flipY": 0.0 }, "object": 763.0 }, { "layer": 0.0, "deleted": 0.0, "variables": { "x": 1248.0, "flipX": 0.0, "y": 160.0, "flipY": 0.0 }, "object": 598.0 } ], "tile_data": { "5": { "0_448": { "coord": [ 4.0, 3.0 ], "autotile_index": 0.0, "tileset": "tile_secret", "autotile": 1.0 }, "608_-256": { "coord": [ 3.0, 4.0 ], "autotile_index": 0.0, "tileset": "tile_secret", "autotile": 1.0 }, "960_256": { "coord": [ 2.0, 5.0 ], "autotile_index": 0.0, "tileset": "tile_secret", "autotile": 1.0 }, "32_128": { "coord": [ 5.0, 4.0 ], "autotile_index": 0.0, "tileset": "tile_secret", "autotile": 1.0 }, "320_480": { "coord": [ 4.0, 1.0 ], "autotile_index": 0.0, "tileset": "tile_secret", "autotile": 1.0 }, "1184_512": { "coord": [ 3.0, 2.0 ], "autotile_index": 0.0, "tileset": "tile_secret", "autotile": 1.0 }, "64_-256": { "coord": [ 3.0, 4.0 ], "autotile_index": 0.0, "tileset": "tile_secret", "autotile": 1.0 }, "1792_64": { "coord": [ 4.0, 1.0 ], "autotile_index": 0.0, "tileset": "tile_secret", "autotile": 1.0 }, "288_256": { "coord": [ 5.0, 4.0 ], "autotile_index": 0.0, "tileset": "tile_secret", "autotile": 1.0 }, "1472_-224": { "autotile": 1.0, "autotile_index": 0.0, "tileset": "tile_secret", "coord": [ 2.0, 5.0 ] }, "1888_-256": { "coord": [ 5.0, 6.0 ], "autotile_index": 0.0, "tileset": "tile_secret", "autotile": 1.0 }, "1856_480": { "coord": [ 4.0, 9.0 ], "autotile_index": 0.0, "tileset": "tile_secret", "autotile": 1.0 }, "1632_-256": { "coord": [ 3.0, 4.0 ], "autotile_index": 0.0, "tileset": "tile_secret", "autotile": 1.0 }, "416_128": { "coord": [ 2.0, 5.0 ], "autotile_index": 0.0, "tileset": "tile_secret", "autotile": 1.0 }, "544_-32": { "coord": [ 3.0, 1.0 ], "autotile_index": 0.0, "tileset": "tiles_troll", "autotile": 0.0 }, "1536_256": { "autotile": 1.0, "autotile_index": 0.0, "tileset": "tile_secret", "coord": [ 2.0, 5.0 ] }, "1088_-224": { "coord": [ 2.0, 5.0 ], "autotile_index": 0.0, "tileset": "tile_secret", "autotile": 1.0 }, "544_-224": { "coord": [ 2.0, 5.0 ], "autotile_index": 0.0, "tileset": "tile_secret", "autotile": 1.0 }, "1632_512": { "coord": [ 3.0, 2.0 ], "autotile_index": 0.0, "tileset": "tile_secret", "autotile": 1.0 }, "1792_96": { "coord": [ 2.0, 5.0 ], "autotile_index": 0.0, "tileset": "tile_secret", "autotile": 1.0 }, "1888_-64": { "coord": [ 2.0, 3.0 ], "autotile_index": 0.0, "tileset": "tile_secret", "autotile": 1.0 }, "320_96": { "autotile": 1.0, "autotile_index": 0.0, "tileset": "tile_secret", "coord": [ 4.0, 1.0 ] }, "1856_96": { "coord": [ 4.0, 7.0 ], "autotile_index": 0.0, "tileset": "tile_secret", "autotile": 1.0 }, "1504_224": { "autotile": 1.0, "autotile_index": 0.0, "tileset": "tile_secret", "coord": [ 4.0, 1.0 ] }, "1888_160": { "coord": [ 2.0, 3.0 ], "autotile_index": 0.0, "tileset": "tile_secret", "autotile": 1.0 }, "832_96": { "coord": [ 5.0, 1.0 ], "autotile_index": 0.0, "tileset": "tile_secret", "autotile": 1.0 }, "544_-64": { "coord": [ 3.0, 0.0 ], "autotile_index": 0.0, "tileset": "tiles_troll", "autotile": 0.0 }, "576_-224": { "coord": [ 2.0, 5.0 ], "autotile_index": 0.0, "tileset": "tile_secret", "autotile": 1.0 }, "320_-160": { "autotile": 1.0, "autotile_index": 0.0, "tileset": "tile_secret", "coord": [ 4.0, 3.0 ] }, "1824_64": { "coord": [ 4.0, 1.0 ], "autotile_index": 0.0, "tileset": "tile_secret", "autotile": 1.0 }, "352_-192": { "autotile": 1.0, "autotile_index": 0.0, "tileset": "tile_secret", "coord": [ 5.0, 4.0 ] }, "672_-256": { "coord": [ 3.0, 4.0 ], "autotile_index": 0.0, "tileset": "tile_secret", "autotile": 1.0 }, "128_288": { "autotile": 0.0, "autotile_index": 0.0, "tileset": "tiles_troll", "coord": [ 5.0, 6.0 ] }, "768_-256": { "coord": [ 3.0, 4.0 ], "autotile_index": 0.0, "tileset": "tile_secret", "autotile": 1.0 }, "32_-160": { "coord": [ 5.0, 4.0 ], "autotile_index": 0.0, "tileset": "tile_secret", "autotile": 1.0 }, "288_192": { "coord": [ 5.0, 4.0 ], "autotile_index": 0.0, "tileset": "tile_secret", "autotile": 1.0 }, "1888_576": { "coord": [ 0.0, 0.0 ], "autotile_index": 0.0, "tileset": "tile_secret", "autotile": 1.0 }, "1472_-32": { "coord": [ 2.0, 5.0 ], "autotile_index": 0.0, "tileset": "tile_secret", "autotile": 1.0 }, "480_0": { "coord": [ 1.0, 2.0 ], "autotile_index": 0.0, "tileset": "tiles_troll", "autotile": 0.0 }, "128_256": { "autotile": 0.0, "autotile_index": 0.0, "tileset": "tiles_troll", "coord": [ 5.0, 5.0 ] }, "1856_32": { "coord": [ 1.0, 2.0 ], "autotile_index": 0.0, "tileset": "tile_secret", "autotile": 1.0 }, "960_224": { "coord": [ 4.0, 1.0 ], "autotile_index": 0.0, "tileset": "tile_secret", "autotile": 1.0 }, "1344_-160": { "autotile": 0.0, "autotile_index": 0.0, "tileset": "tiles_troll", "coord": [ 0.0, 5.0 ] }, "192_-256": { "autotile": 1.0, "autotile_index": 0.0, "tileset": "tile_secret", "coord": [ 3.0, 4.0 ] }, "544_96": { "coord": [ 4.0, 1.0 ], "autotile_index": 0.0, "tileset": "tile_secret", "autotile": 1.0 }, "1344_-32": { "autotile": 1.0, "autotile_index": 0.0, "tileset": "tile_secret", "coord": [ 2.0, 5.0 ] }, "96_288": { "autotile": 0.0, "autotile_index": 0.0, "tileset": "tiles_troll", "coord": [ 4.0, 6.0 ] }, "1504_-256": { "coord": [ 3.0, 4.0 ], "autotile_index": 0.0, "tileset": "tile_secret", "autotile": 1.0 }, "448_-64": { "coord": [ 0.0, 0.0 ], "autotile_index": 0.0, "tileset": "tiles_troll", "autotile": 0.0 }, "1120_480": { "coord": [ 4.0, 1.0 ], "autotile_index": 0.0, "tileset": "tile_secret", "autotile": 1.0 }, "256_480": { "coord": [ 4.0, 9.0 ], "autotile_index": 0.0, "tileset": "tile_secret", "autotile": 1.0 }, "256_-32": { "autotile": 1.0, "autotile_index": 0.0, "tileset": "tile_secret", "coord": [ 1.0, 2.0 ] }, "1056_480": { "coord": [ 4.0, 1.0 ], "autotile_index": 0.0, "tileset": "tile_secret", "autotile": 1.0 }, "896_480": { "coord": [ 4.0, 1.0 ], "autotile_index": 0.0, "tileset": "tile_secret", "autotile": 1.0 }, "0_-96": { "coord": [ 4.0, 3.0 ], "autotile_index": 0.0, "tileset": "tile_secret", "autotile": 1.0 }, "1504_512": { "coord": [ 3.0, 2.0 ], "autotile_index": 0.0, "tileset": "tile_secret", "autotile": 1.0 }, "1056_224": { "coord": [ 4.0, 1.0 ], "autotile_index": 0.0, "tileset": "tile_secret", "autotile": 1.0 }, "832_-256": { "coord": [ 3.0, 4.0 ], "autotile_index": 0.0, "tileset": "tile_secret", "autotile": 1.0 }, "640_96": { "coord": [ 4.0, 1.0 ], "autotile_index": 0.0, "tileset": "tile_secret", "autotile": 1.0 }, "1856_640": { "coord": [ 0.0, 0.0 ], "autotile_index": 0.0, "tileset": "tile_secret", "autotile": 1.0 }, "1856_512": { "coord": [ 3.0, 2.0 ], "autotile_index": 0.0, "tileset": "tile_secret", "autotile": 1.0 }, "1568_256": { "autotile": 1.0, "autotile_index": 0.0, "tileset": "tile_secret", "coord": [ 2.0, 5.0 ] }, "800_256": { "coord": [ 1.0, 5.0 ], "autotile_index": 0.0, "tileset": "tile_secret", "autotile": 1.0 }, "1376_192": { "coord": [ 1.0, 2.0 ], "autotile_index": 0.0, "tileset": "tile_secret", "autotile": 1.0 }, "832_512": { "coord": [ 3.0, 2.0 ], "autotile_index": 0.0, "tileset": "tile_secret", "autotile": 1.0 }, "1536_512": { "coord": [ 3.0, 2.0 ], "autotile_index": 0.0, "tileset": "tile_secret", "autotile": 1.0 }, "1408_480": { "coord": [ 4.0, 1.0 ], "autotile_index": 0.0, "tileset": "tile_secret", "autotile": 1.0 }, "768_480": { "coord": [ 4.0, 1.0 ], "autotile_index": 0.0, "tileset": "tile_secret", "autotile": 1.0 }, "1696_96": { "coord": [ 2.0, 5.0 ], "autotile_index": 0.0, "tileset": "tile_secret", "autotile": 1.0 }, "736_480": { "coord": [ 4.0, 1.0 ], "autotile_index": 0.0, "tileset": "tile_secret", "autotile": 1.0 }, "1184_-224": { "coord": [ 2.0, 5.0 ], "autotile_index": 0.0, "tileset": "tile_secret", "autotile": 1.0 }, "1408_-32": { "coord": [ 2.0, 7.0 ], "autotile_index": 0.0, "tileset": "tile_secret", "autotile": 1.0 }, "416_512": { "coord": [ 3.0, 2.0 ], "autotile_index": 0.0, "tileset": "tile_secret", "autotile": 1.0 }, "320_-64": { "autotile": 1.0, "autotile_index": 0.0, "tileset": "tile_secret", "coord": [ 4.0, 3.0 ] }, "224_480": { "coord": [ 4.0, 1.0 ], "autotile_index": 0.0, "tileset": "tile_secret", "autotile": 1.0 }, "1216_448": { "coord": [ 7.0, 7.0 ], "autotile_index": 0.0, "tileset": "tiles_troll", "autotile": 0.0 }, "1376_32": { "coord": [ 1.0, 2.0 ], "autotile_index": 0.0, "tileset": "tile_secret", "autotile": 1.0 }, "1472_256": { "autotile": 1.0, "autotile_index": 0.0, "tileset": "tile_secret", "coord": [ 2.0, 5.0 ] }, "1376_0": { "coord": [ 1.0, 2.0 ], "autotile_index": 0.0, "tileset": "tile_secret", "autotile": 1.0 }, "320_0": { "autotile": 1.0, "autotile_index": 0.0, "tileset": "tile_secret", "coord": [ 4.0, 4.0 ] }, "928_480": { "coord": [ 4.0, 1.0 ], "autotile_index": 0.0, "tileset": "tile_secret", "autotile": 1.0 }, "1824_-224": { "coord": [ 2.0, 5.0 ], "autotile_index": 0.0, "tileset": "tile_secret", "autotile": 1.0 }, "64_512": { "coord": [ 3.0, 2.0 ], "autotile_index": 0.0, "tileset": "tile_secret", "autotile": 1.0 }, "288_416": { "coord": [ 5.0, 4.0 ], "autotile_index": 0.0, "tileset": "tile_secret", "autotile": 1.0 }, "1888_32": { "coord": [ 2.0, 3.0 ], "autotile_index": 0.0, "tileset": "tile_secret", "autotile": 1.0 }, "32_64": { "coord": [ 5.0, 4.0 ], "autotile_index": 0.0, "tileset": "tile_secret", "autotile": 1.0 }, "448_128": { "coord": [ 2.0, 5.0 ], "autotile_index": 0.0, "tileset": "tile_secret", "autotile": 1.0 }, "1248_-224": { "coord": [ 2.0, 5.0 ], "autotile_index": 0.0, "tileset": "tile_secret", "autotile": 1.0 }, "1888_-96": { "coord": [ 2.0, 3.0 ], "autotile_index": 0.0, "tileset": "tile_secret", "autotile": 1.0 }, "256_32": { "autotile": 1.0, "autotile_index": 0.0, "tileset": "tile_secret", "coord": [ 1.0, 5.0 ] }, "288_128": { "coord": [ 2.0, 7.0 ], "autotile_index": 0.0, "tileset": "tile_secret", "autotile": 1.0 }, "1440_480": { "coord": [ 4.0, 1.0 ], "autotile_index": 0.0, "tileset": "tile_secret", "autotile": 1.0 }, "288_-96": { "autotile": 1.0, "autotile_index": 0.0, "tileset": "tile_secret", "coord": [ 2.0, 3.0 ] }, "544_512": { "coord": [ 3.0, 2.0 ], "autotile_index": 0.0, "tileset": "tile_secret", "autotile": 1.0 }, "672_512": { "coord": [ 1.0, 10.0 ], "autotile_index": 0.0, "tileset": "tile_secret", "autotile": 1.0 }, "1280_-32": { "coord": [ 2.0, 5.0 ], "autotile_index": 0.0, "tileset": "tile_secret", "autotile": 1.0 }, "832_128": { "coord": [ 5.0, 4.0 ], "autotile_index": 0.0, "tileset": "tile_secret", "autotile": 1.0 }, "1216_480": { "coord": [ 4.0, 1.0 ], "autotile_index": 0.0, "tileset": "tile_secret", "autotile": 1.0 }, "1888_512": { "coord": [ 5.0, 10.0 ], "autotile_index": 0.0, "tileset": "tile_secret", "autotile": 1.0 }, "736_512": { "coord": [ 3.0, 2.0 ], "autotile_index": 0.0, "tileset": "tile_secret", "autotile": 1.0 }, "1344_-256": { "autotile": 1.0, "autotile_index": 0.0, "tileset": "tile_secret", "coord": [ 3.0, 4.0 ] }, "800_-256": { "coord": [ 3.0, 4.0 ], "autotile_index": 0.0, "tileset": "tile_secret", "autotile": 1.0 }, "1888_-224": { "coord": [ 2.0, 3.0 ], "autotile_index": 0.0, "tileset": "tile_secret", "autotile": 1.0 }, "320_-96": { "autotile": 1.0, "autotile_index": 0.0, "tileset": "tile_secret", "coord": [ 4.0, 3.0 ] }, "352_-256": { "autotile": 1.0, "autotile_index": 0.0, "tileset": "tile_secret", "coord": [ 3.0, 4.0 ] }, "512_480": { "coord": [ 4.0, 1.0 ], "autotile_index": 0.0, "tileset": "tile_secret", "autotile": 1.0 }, "1408_96": { "autotile": 1.0, "autotile_index": 0.0, "tileset": "tile_secret", "coord": [ 5.0, 4.0 ] }, "1184_224": { "coord": [ 4.0, 1.0 ], "autotile_index": 0.0, "tileset": "tile_secret", "autotile": 1.0 }, "864_224": { "coord": [ 4.0, 1.0 ], "autotile_index": 0.0, "tileset": "tile_secret", "autotile": 1.0 }, "1440_-32": { "coord": [ 2.0, 5.0 ], "autotile_index": 0.0, "tileset": "tile_secret", "autotile": 1.0 }, "32_512": { "coord": [ 3.0, 2.0 ], "autotile_index": 0.0, "tileset": "tile_secret", "autotile": 1.0 }, "1408_160": { "coord": [ 5.0, 4.0 ], "autotile_index": 0.0, "tileset": "tile_secret", "autotile": 1.0 }, "288_-128": { "autotile": 1.0, "autotile_index": 0.0, "tileset": "tile_secret", "coord": [ 2.0, 3.0 ] }, "448_96": { "coord": [ 4.0, 1.0 ], "autotile_index": 0.0, "tileset": "tile_secret", "autotile": 1.0 }, "896_512": { "coord": [ 3.0, 2.0 ], "autotile_index": 0.0, "tileset": "tile_secret", "autotile": 1.0 }, "1088_256": { "coord": [ 2.0, 5.0 ], "autotile_index": 0.0, "tileset": "tile_secret", "autotile": 1.0 }, "1248_-32": { "coord": [ 2.0, 5.0 ], "autotile_index": 0.0, "tileset": "tile_secret", "autotile": 1.0 }, "1408_224": { "coord": [ 2.0, 9.0 ], "autotile_index": 0.0, "tileset": "tile_secret", "autotile": 1.0 }, "1984_-224": { "coord": [ 0.0, 0.0 ], "autotile_index": 0.0, "tileset": "tile_secret", "autotile": 1.0 }, "1888_0": { "coord": [ 2.0, 3.0 ], "autotile_index": 0.0, "tileset": "tile_secret", "autotile": 1.0 }, "32_256": { "coord": [ 5.0, 4.0 ], "autotile_index": 0.0, "tileset": "tile_secret", "autotile": 1.0 }, "1824_512": { "coord": [ 3.0, 2.0 ], "autotile_index": 0.0, "tileset": "tile_secret", "autotile": 1.0 }, "1760_-224": { "coord": [ 2.0, 5.0 ], "autotile_index": 0.0, "tileset": "tile_secret", "autotile": 1.0 }, "640_-224": { "coord": [ 2.0, 5.0 ], "autotile_index": 0.0, "tileset": "tile_secret", "autotile": 1.0 }, "256_160": { "coord": [ 1.0, 2.0 ], "autotile_index": 0.0, "tileset": "tile_secret", "autotile": 1.0 }, "1376_-160": { "autotile": 0.0, "autotile_index": 0.0, "tileset": "tiles_troll", "coord": [ 1.0, 5.0 ] }, "1504_480": { "coord": [ 4.0, 1.0 ], "autotile_index": 0.0, "tileset": "tile_secret", "autotile": 1.0 }, "1696_64": { "coord": [ 4.0, 1.0 ], "autotile_index": 0.0, "tileset": "tile_secret", "autotile": 1.0 }, "1472_480": { "coord": [ 4.0, 1.0 ], "autotile_index": 0.0, "tileset": "tile_secret", "autotile": 1.0 }, "576_512": { "coord": [ 5.0, 10.0 ], "autotile_index": 0.0, "tileset": "tile_secret", "autotile": 1.0 }, "1408_192": { "coord": [ 5.0, 4.0 ], "autotile_index": 0.0, "tileset": "tile_secret", "autotile": 1.0 }, "288_-192": { "autotile": 1.0, "autotile_index": 0.0, "tileset": "tile_secret", "coord": [ 2.0, 3.0 ] }, "576_-256": { "coord": [ 3.0, 4.0 ], "autotile_index": 0.0, "tileset": "tile_secret", "autotile": 1.0 }, "1888_416": { "coord": [ 2.0, 3.0 ], "autotile_index": 0.0, "tileset": "tile_secret", "autotile": 1.0 }, "0_384": { "coord": [ 4.0, 3.0 ], "autotile_index": 0.0, "tileset": "tile_secret", "autotile": 1.0 }, "320_-256": { "autotile": 1.0, "autotile_index": 0.0, "tileset": "tile_secret", "coord": [ 1.0, 6.0 ] }, "1856_544": { "coord": [ 0.0, 0.0 ], "autotile_index": 0.0, "tileset": "tile_secret", "autotile": 1.0 }, "640_416": { "coord": [ 4.0, 1.0 ], "autotile_index": 0.0, "tileset": "tile_secret", "autotile": 1.0 }, "1376_256": { "coord": [ 2.0, 5.0 ], "autotile_index": 0.0, "tileset": "tile_secret", "autotile": 1.0 }, "32_160": { "coord": [ 5.0, 4.0 ], "autotile_index": 0.0, "tileset": "tile_secret", "autotile": 1.0 }, "0_224": { "coord": [ 4.0, 3.0 ], "autotile_index": 0.0, "tileset": "tile_secret", "autotile": 1.0 }, "1920_-256": { "coord": [ 0.0, 0.0 ], "autotile_index": 0.0, "tileset": "tile_secret", "autotile": 1.0 }, "288_320": { "coord": [ 5.0, 4.0 ], "autotile_index": 0.0, "tileset": "tile_secret", "autotile": 1.0 }, "1856_224": { "coord": [ 1.0, 2.0 ], "autotile_index": 0.0, "tileset": "tile_secret", "autotile": 1.0 }, "0_96": { "coord": [ 4.0, 3.0 ], "autotile_index": 0.0, "tileset": "tile_secret", "autotile": 1.0 }, "832_480": { "coord": [ 4.0, 1.0 ], "autotile_index": 0.0, "tileset": "tile_secret", "autotile": 1.0 }, "1152_256": { "coord": [ 2.0, 5.0 ], "autotile_index": 0.0, "tileset": "tile_secret", "autotile": 1.0 }, "224_-224": { "autotile": 1.0, "autotile_index": 0.0, "tileset": "tile_secret", "coord": [ 2.0, 5.0 ] }, "1856_-128": { "coord": [ 1.0, 2.0 ], "autotile_index": 0.0, "tileset": "tile_secret", "autotile": 1.0 }, "672_96": { "coord": [ 4.0, 1.0 ], "autotile_index": 0.0, "tileset": "tile_secret", "autotile": 1.0 }, "768_128": { "coord": [ 2.0, 5.0 ], "autotile_index": 0.0, "tileset": "tile_secret", "autotile": 1.0 }, "1568_512": { "coord": [ 3.0, 2.0 ], "autotile_index": 0.0, "tileset": "tile_secret", "autotile": 1.0 }, "384_512": { "coord": [ 3.0, 2.0 ], "autotile_index": 0.0, "tileset": "tile_secret", "autotile": 1.0 }, "800_96": { "coord": [ 4.0, 1.0 ], "autotile_index": 0.0, "tileset": "tile_secret", "autotile": 1.0 }, "992_224": { "coord": [ 4.0, 1.0 ], "autotile_index": 0.0, "tileset": "tile_secret", "autotile": 1.0 }, "288_288": { "coord": [ 5.0, 4.0 ], "autotile_index": 0.0, "tileset": "tile_secret", "autotile": 1.0 }, "32_32": { "coord": [ 5.0, 4.0 ], "autotile_index": 0.0, "tileset": "tile_secret", "autotile": 1.0 }, "640_128": { "coord": [ 2.0, 5.0 ], "autotile_index": 0.0, "tileset": "tile_secret", "autotile": 1.0 }, "-96_512": { "coord": [ 0.0, 0.0 ], "autotile_index": 0.0, "tileset": "tile_secret", "autotile": 1.0 }, "352_-128": { "autotile": 1.0, "autotile_index": 0.0, "tileset": "tile_secret", "coord": [ 5.0, 4.0 ] }, "32_-224": { "coord": [ 2.0, 7.0 ], "autotile_index": 0.0, "tileset": "tile_secret", "autotile": 1.0 }, "1856_-192": { "coord": [ 1.0, 2.0 ], "autotile_index": 0.0, "tileset": "tile_secret", "autotile": 1.0 }, "288_448": { "coord": [ 5.0, 4.0 ], "autotile_index": 0.0, "tileset": "tile_secret", "autotile": 1.0 }, "832_256": { "coord": [ 2.0, 5.0 ], "autotile_index": 0.0, "tileset": "tile_secret", "autotile": 1.0 }, "96_480": { "coord": [ 4.0, 1.0 ], "autotile_index": 0.0, "tileset": "tile_secret", "autotile": 1.0 }, "256_-192": { "autotile": 1.0, "autotile_index": 0.0, "tileset": "tile_secret", "coord": [ 1.0, 2.0 ] }, "640_-256": { "coord": [ 3.0, 4.0 ], "autotile_index": 0.0, "tileset": "tile_secret", "autotile": 1.0 }, "1472_-64": { "coord": [ 4.0, 1.0 ], "autotile_index": 0.0, "tileset": "tile_secret", "autotile": 1.0 }, "288_480": { "coord": [ 2.0, 9.0 ], "autotile_index": 0.0, "tileset": "tile_secret", "autotile": 1.0 }, "1056_-224": { "coord": [ 2.0, 5.0 ], "autotile_index": 0.0, "tileset": "tile_secret", "autotile": 1.0 }, "1792_-256": { "coord": [ 3.0, 4.0 ], "autotile_index": 0.0, "tileset": "tile_secret", "autotile": 1.0 }, "992_512": { "coord": [ 3.0, 2.0 ], "autotile_index": 0.0, "tileset": "tile_secret", "autotile": 1.0 }, "864_-256": { "coord": [ 3.0, 4.0 ], "autotile_index": 0.0, "tileset": "tile_secret", "autotile": 1.0 }, "1408_-96": { "autotile": 0.0, "autotile_index": 0.0, "tileset": "tiles_troll", "coord": [ 2.0, 7.0 ] }, "288_32": { "autotile": 1.0, "autotile_index": 0.0, "tileset": "tile_secret", "coord": [ 2.0, 5.0 ] }, "896_256": { "coord": [ 2.0, 5.0 ], "autotile_index": 0.0, "tileset": "tile_secret", "autotile": 1.0 }, "1504_-224": { "coord": [ 2.0, 5.0 ], "autotile_index": 0.0, "tileset": "tile_secret", "autotile": 1.0 }, "32_-256": { "coord": [ 3.0, 4.0 ], "autotile_index": 0.0, "tileset": "tile_secret", "autotile": 1.0 }, "1216_512": { "coord": [ 3.0, 2.0 ], "autotile_index": 0.0, "tileset": "tile_secret", "autotile": 1.0 }, "320_512": { "coord": [ 3.0, 2.0 ], "autotile_index": 0.0, "tileset": "tile_secret", "autotile": 1.0 }, "1856_608": { "coord": [ 0.0, 0.0 ], "autotile_index": 0.0, "tileset": "tile_secret", "autotile": 1.0 }, "1568_-224": { "coord": [ 2.0, 5.0 ], "autotile_index": 0.0, "tileset": "tile_secret", "autotile": 1.0 }, "1856_64": { "coord": [ 4.0, 9.0 ], "autotile_index": 0.0, "tileset": "tile_secret", "autotile": 1.0 }, "96_-256": { "coord": [ 3.0, 4.0 ], "autotile_index": 0.0, "tileset": "tile_secret", "autotile": 1.0 }, "1408_-224": { "autotile": 1.0, "autotile_index": 0.0, "tileset": "tile_secret", "coord": [ 2.0, 5.0 ] }, "1152_224": { "coord": [ 4.0, 1.0 ], "autotile_index": 0.0, "tileset": "tile_secret", "autotile": 1.0 }, "1856_-32": { "coord": [ 1.0, 2.0 ], "autotile_index": 0.0, "tileset": "tile_secret", "autotile": 1.0 }, "1376_-32": { "coord": [ 4.0, 7.0 ], "autotile_index": 0.0, "tileset": "tile_secret", "autotile": 1.0 }, "1984_-256": { "coord": [ 0.0, 0.0 ], "autotile_index": 0.0, "tileset": "tile_secret", "autotile": 1.0 }, "64_480": { "coord": [ 4.0, 1.0 ], "autotile_index": 0.0, "tileset": "tile_secret", "autotile": 1.0 }, "1856_416": { "coord": [ 1.0, 2.0 ], "autotile_index": 0.0, "tileset": "tile_secret", "autotile": 1.0 }, "352_-224": { "autotile": 1.0, "autotile_index": 0.0, "tileset": "tile_secret", "coord": [ 2.0, 7.0 ] }, "640_512": { "coord": [ 3.0, 3.0 ], "autotile_index": 0.0, "tileset": "tile_secret", "autotile": 1.0 }, "1376_160": { "coord": [ 1.0, 2.0 ], "autotile_index": 0.0, "tileset": "tile_secret", "autotile": 1.0 }, "512_0": { "coord": [ 2.0, 2.0 ], "autotile_index": 0.0, "tileset": "tiles_troll", "autotile": 0.0 }, "928_224": { "coord": [ 4.0, 1.0 ], "autotile_index": 0.0, "tileset": "tile_secret", "autotile": 1.0 }, "1952_-256": { "coord": [ 0.0, 0.0 ], "autotile_index": 0.0, "tileset": "tile_secret", "autotile": 1.0 }, "1856_256": { "coord": [ 1.0, 2.0 ], "autotile_index": 0.0, "tileset": "tile_secret", "autotile": 1.0 }, "96_256": { "autotile": 0.0, "autotile_index": 0.0, "tileset": "tiles_troll", "coord": [ 4.0, 5.0 ] }, "1376_64": { "autotile": 1.0, "autotile_index": 0.0, "tileset": "tile_secret", "coord": [ 1.0, 2.0 ] }, "1120_-256": { "coord": [ 3.0, 4.0 ], "autotile_index": 0.0, "tileset": "tile_secret", "autotile": 1.0 }, "1088_224": { "coord": [ 4.0, 1.0 ], "autotile_index": 0.0, "tileset": "tile_secret", "autotile": 1.0 }, "928_-256": { "coord": [ 3.0, 4.0 ], "autotile_index": 0.0, "tileset": "tile_secret", "autotile": 1.0 }, "1344_256": { "coord": [ 2.0, 5.0 ], "autotile_index": 0.0, "tileset": "tile_secret", "autotile": 1.0 }, "1536_-224": { "coord": [ 2.0, 5.0 ], "autotile_index": 0.0, "tileset": "tile_secret", "autotile": 1.0 }, "224_-256": { "autotile": 1.0, "autotile_index": 0.0, "tileset": "tile_secret", "coord": [ 3.0, 4.0 ] }, "0_480": { "coord": [ 4.0, 3.0 ], "autotile_index": 0.0, "tileset": "tile_secret", "autotile": 1.0 }, "1024_224": { "coord": [ 4.0, 1.0 ], "autotile_index": 0.0, "tileset": "tile_secret", "autotile": 1.0 }, "1856_320": { "coord": [ 1.0, 2.0 ], "autotile_index": 0.0, "tileset": "tile_secret", "autotile": 1.0 }, "1696_480": { "coord": [ 4.0, 1.0 ], "autotile_index": 0.0, "tileset": "tile_secret", "autotile": 1.0 }, "1344_480": { "coord": [ 4.0, 1.0 ], "autotile_index": 0.0, "tileset": "tile_secret", "autotile": 1.0 }, "1376_-128": { "autotile": 0.0, "autotile_index": 0.0, "tileset": "tiles_troll", "coord": [ 1.0, 6.0 ] }, "1728_64": { "coord": [ 4.0, 1.0 ], "autotile_index": 0.0, "tileset": "tile_secret", "autotile": 1.0 }, "32_-128": { "coord": [ 5.0, 4.0 ], "autotile_index": 0.0, "tileset": "tile_secret", "autotile": 1.0 }, "512_-256": { "coord": [ 3.0, 4.0 ], "autotile_index": 0.0, "tileset": "tile_secret", "autotile": 1.0 }, "1376_224": { "coord": [ 4.0, 9.0 ], "autotile_index": 0.0, "tileset": "tile_secret", "autotile": 1.0 }, "256_-256": { "autotile": 1.0, "autotile_index": 0.0, "tileset": "tile_secret", "coord": [ 3.0, 4.0 ] }, "288_-160": { "autotile": 1.0, "autotile_index": 0.0, "tileset": "tile_secret", "coord": [ 2.0, 3.0 ] }, "544_480": { "coord": [ 4.0, 9.0 ], "autotile_index": 0.0, "tileset": "tile_secret", "autotile": 1.0 }, "0_160": { "coord": [ 4.0, 3.0 ], "autotile_index": 0.0, "tileset": "tile_secret", "autotile": 1.0 }, "544_0": { "coord": [ 3.0, 2.0 ], "autotile_index": 0.0, "tileset": "tiles_troll", "autotile": 0.0 }, "1792_-224": { "coord": [ 2.0, 5.0 ], "autotile_index": 0.0, "tileset": "tile_secret", "autotile": 1.0 }, "-96_480": { "coord": [ 0.0, 0.0 ], "autotile_index": 0.0, "tileset": "tile_secret", "autotile": 1.0 }, "448_-224": { "autotile": 1.0, "autotile_index": 0.0, "tileset": "tile_secret", "coord": [ 2.0, 5.0 ] }, "1088_-256": { "coord": [ 3.0, 4.0 ], "autotile_index": 0.0, "tileset": "tile_secret", "autotile": 1.0 }, "992_-256": { "coord": [ 3.0, 4.0 ], "autotile_index": 0.0, "tileset": "tile_secret", "autotile": 1.0 }, "992_480": { "coord": [ 4.0, 1.0 ], "autotile_index": 0.0, "tileset": "tile_secret", "autotile": 1.0 }, "1632_64": { "coord": [ 1.0, 1.0 ], "autotile_index": 0.0, "tileset": "tile_secret", "autotile": 1.0 }, "1376_480": { "coord": [ 4.0, 1.0 ], "autotile_index": 0.0, "tileset": "tile_secret", "autotile": 1.0 }, "704_96": { "coord": [ 4.0, 1.0 ], "autotile_index": 0.0, "tileset": "tile_secret", "autotile": 1.0 }, "256_448": { "coord": [ 1.0, 2.0 ], "autotile_index": 0.0, "tileset": "tile_secret", "autotile": 1.0 }, "640_480": { "coord": [ 3.0, 3.0 ], "autotile_index": 0.0, "tileset": "tile_secret", "autotile": 1.0 }, "1856_448": { "coord": [ 1.0, 2.0 ], "autotile_index": 0.0, "tileset": "tile_secret", "autotile": 1.0 }, "288_512": { "coord": [ 3.0, 2.0 ], "autotile_index": 0.0, "tileset": "tile_secret", "autotile": 1.0 }, "832_-224": { "coord": [ 2.0, 5.0 ], "autotile_index": 0.0, "tileset": "tile_secret", "autotile": 1.0 }, "1632_480": { "coord": [ 4.0, 1.0 ], "autotile_index": 0.0, "tileset": "tile_secret", "autotile": 1.0 }, "608_-224": { "coord": [ 2.0, 5.0 ], "autotile_index": 0.0, "tileset": "tile_secret", "autotile": 1.0 }, "1248_480": { "coord": [ 4.0, 1.0 ], "autotile_index": 0.0, "tileset": "tile_secret", "autotile": 1.0 }, "1824_96": { "coord": [ 2.0, 5.0 ], "autotile_index": 0.0, "tileset": "tile_secret", "autotile": 1.0 }, "0_320": { "coord": [ 4.0, 3.0 ], "autotile_index": 0.0, "tileset": "tile_secret", "autotile": 1.0 }, "1504_-32": { "coord": [ 2.0, 5.0 ], "autotile_index": 0.0, "tileset": "tile_secret", "autotile": 1.0 }, "32_-192": { "coord": [ 5.0, 4.0 ], "autotile_index": 0.0, "tileset": "tile_secret", "autotile": 1.0 }, "1280_224": { "coord": [ 4.0, 1.0 ], "autotile_index": 0.0, "tileset": "tile_secret", "autotile": 1.0 }, "768_-224": { "coord": [ 2.0, 5.0 ], "autotile_index": 0.0, "tileset": "tile_secret", "autotile": 1.0 }, "320_-224": { "autotile": 1.0, "autotile_index": 0.0, "tileset": "tile_secret", "coord": [ 4.0, 3.0 ] }, "1376_128": { "autotile": 1.0, "autotile_index": 0.0, "tileset": "tile_secret", "coord": [ 1.0, 2.0 ] }, "1856_-64": { "coord": [ 1.0, 2.0 ], "autotile_index": 0.0, "tileset": "tile_secret", "autotile": 1.0 }, "0_288": { "coord": [ 4.0, 3.0 ], "autotile_index": 0.0, "tileset": "tile_secret", "autotile": 1.0 }, "800_192": { "coord": [ 1.0, 2.0 ], "autotile_index": 0.0, "tileset": "tile_secret", "autotile": 1.0 }, "256_128": { "coord": [ 1.0, 2.0 ], "autotile_index": 0.0, "tileset": "tile_secret", "autotile": 1.0 }, "1856_-224": { "coord": [ 4.0, 7.0 ], "autotile_index": 0.0, "tileset": "tile_secret", "autotile": 1.0 }, "256_0": { "autotile": 1.0, "autotile_index": 0.0, "tileset": "tile_secret", "coord": [ 1.0, 2.0 ] }, "1280_-224": { "coord": [ 2.0, 5.0 ], "autotile_index": 0.0, "tileset": "tile_secret", "autotile": 1.0 }, "32_320": { "coord": [ 5.0, 4.0 ], "autotile_index": 0.0, "tileset": "tile_secret", "autotile": 1.0 }, "1664_96": { "coord": [ 2.0, 5.0 ], "autotile_index": 0.0, "tileset": "tile_secret", "autotile": 1.0 }, "32_384": { "coord": [ 5.0, 4.0 ], "autotile_index": 0.0, "tileset": "tile_secret", "autotile": 1.0 }, "864_-224": { "coord": [ 2.0, 5.0 ], "autotile_index": 0.0, "tileset": "tile_secret", "autotile": 1.0 }, "1536_-64": { "coord": [ 5.0, 1.0 ], "autotile_index": 0.0, "tileset": "tile_secret", "autotile": 1.0 }, "256_416": { "coord": [ 1.0, 2.0 ], "autotile_index": 0.0, "tileset": "tile_secret", "autotile": 1.0 }, "672_480": { "coord": [ 4.0, 3.0 ], "autotile_index": 0.0, "tileset": "tile_secret", "autotile": 1.0 }, "0_64": { "coord": [ 4.0, 3.0 ], "autotile_index": 0.0, "tileset": "tile_secret", "autotile": 1.0 }, "1216_224": { "coord": [ 4.0, 1.0 ], "autotile_index": 0.0, "tileset": "tile_secret", "autotile": 1.0 }, "1344_224": { "coord": [ 4.0, 1.0 ], "autotile_index": 0.0, "tileset": "tile_secret", "autotile": 1.0 }, "608_480": { "coord": [ 3.0, 3.0 ], "autotile_index": 0.0, "tileset": "tile_secret", "autotile": 1.0 }, "32_192": { "coord": [ 5.0, 4.0 ], "autotile_index": 0.0, "tileset": "tile_secret", "autotile": 1.0 }, "832_224": { "coord": [ 2.0, 9.0 ], "autotile_index": 0.0, "tileset": "tile_secret", "autotile": 1.0 }, "1408_0": { "coord": [ 5.0, 4.0 ], "autotile_index": 0.0, "tileset": "tile_secret", "autotile": 1.0 }, "1024_-256": { "coord": [ 3.0, 4.0 ], "autotile_index": 0.0, "tileset": "tile_secret", "autotile": 1.0 }, "1728_96": { "coord": [ 2.0, 5.0 ], "autotile_index": 0.0, "tileset": "tile_secret", "autotile": 1.0 }, "1344_-64": { "autotile": 1.0, "autotile_index": 0.0, "tileset": "tile_secret", "coord": [ 4.0, 1.0 ] }, "1408_-256": { "autotile": 1.0, "autotile_index": 0.0, "tileset": "tile_secret", "coord": [ 3.0, 4.0 ] }, "864_512": { "coord": [ 3.0, 2.0 ], "autotile_index": 0.0, "tileset": "tile_secret", "autotile": 1.0 }, "1888_608": { "coord": [ 0.0, 0.0 ], "autotile_index": 0.0, "tileset": "tile_secret", "autotile": 1.0 }, "1888_384": { "coord": [ 2.0, 3.0 ], "autotile_index": 0.0, "tileset": "tile_secret", "autotile": 1.0 }, "1248_512": { "coord": [ 3.0, 2.0 ], "autotile_index": 0.0, "tileset": "tile_secret", "autotile": 1.0 }, "1888_544": { "coord": [ 0.0, 0.0 ], "autotile_index": 0.0, "tileset": "tile_secret", "autotile": 1.0 }, "704_512": { "coord": [ 3.0, 2.0 ], "autotile_index": 0.0, "tileset": "tile_secret", "autotile": 1.0 }, "704_128": { "coord": [ 2.0, 5.0 ], "autotile_index": 0.0, "tileset": "tile_secret", "autotile": 1.0 }, "384_-256": { "autotile": 1.0, "autotile_index": 0.0, "tileset": "tile_secret", "coord": [ 3.0, 4.0 ] }, "288_-32": { "autotile": 1.0, "autotile_index": 0.0, "tileset": "tile_secret", "coord": [ 2.0, 3.0 ] }, "960_-224": { "coord": [ 2.0, 5.0 ], "autotile_index": 0.0, "tileset": "tile_secret", "autotile": 1.0 }, "256_-128": { "autotile": 1.0, "autotile_index": 0.0, "tileset": "tile_secret", "coord": [ 1.0, 2.0 ] }, "288_224": { "coord": [ 5.0, 4.0 ], "autotile_index": 0.0, "tileset": "tile_secret", "autotile": 1.0 }, "928_256": { "coord": [ 2.0, 5.0 ], "autotile_index": 0.0, "tileset": "tile_secret", "autotile": 1.0 }, "1696_-224": { "coord": [ 2.0, 5.0 ], "autotile_index": 0.0, "tileset": "tile_secret", "autotile": 1.0 }, "1440_224": { "autotile": 1.0, "autotile_index": 0.0, "tileset": "tile_secret", "coord": [ 4.0, 1.0 ] }, "288_160": { "coord": [ 5.0, 4.0 ], "autotile_index": 0.0, "tileset": "tile_secret", "autotile": 1.0 }, "64_256": { "autotile": 0.0, "autotile_index": 0.0, "tileset": "tiles_troll", "coord": [ 3.0, 5.0 ] }, "1760_512": { "coord": [ 3.0, 2.0 ], "autotile_index": 0.0, "tileset": "tile_secret", "autotile": 1.0 }, "1600_480": { "coord": [ 4.0, 1.0 ], "autotile_index": 0.0, "tileset": "tile_secret", "autotile": 1.0 }, "448_480": { "coord": [ 4.0, 1.0 ], "autotile_index": 0.0, "tileset": "tile_secret", "autotile": 1.0 }, "1280_256": { "coord": [ 2.0, 5.0 ], "autotile_index": 0.0, "tileset": "tile_secret", "autotile": 1.0 }, "1888_-192": { "coord": [ 2.0, 3.0 ], "autotile_index": 0.0, "tileset": "tile_secret", "autotile": 1.0 }, "320_128": { "coord": [ 2.0, 5.0 ], "autotile_index": 0.0, "tileset": "tile_secret", "autotile": 1.0 }, "1888_-32": { "coord": [ 2.0, 3.0 ], "autotile_index": 0.0, "tileset": "tile_secret", "autotile": 1.0 }, "736_96": { "coord": [ 4.0, 1.0 ], "autotile_index": 0.0, "tileset": "tile_secret", "autotile": 1.0 }, "1888_96": { "coord": [ 2.0, 3.0 ], "autotile_index": 0.0, "tileset": "tile_secret", "autotile": 1.0 }, "32_-64": { "coord": [ 5.0, 4.0 ], "autotile_index": 0.0, "tileset": "tile_secret", "autotile": 1.0 }, "1664_64": { "coord": [ 4.0, 1.0 ], "autotile_index": 0.0, "tileset": "tile_secret", "autotile": 1.0 }, "288_352": { "coord": [ 5.0, 4.0 ], "autotile_index": 0.0, "tileset": "tile_secret", "autotile": 1.0 }, "512_-224": { "coord": [ 2.0, 5.0 ], "autotile_index": 0.0, "tileset": "tile_secret", "autotile": 1.0 }, "800_512": { "coord": [ 3.0, 2.0 ], "autotile_index": 0.0, "tileset": "tile_secret", "autotile": 1.0 }, "1568_-256": { "coord": [ 3.0, 4.0 ], "autotile_index": 0.0, "tileset": "tile_secret", "autotile": 1.0 }, "1376_96": { "autotile": 1.0, "autotile_index": 0.0, "tileset": "tile_secret", "coord": [ 1.0, 2.0 ] }, "480_-256": { "autotile": 1.0, "autotile_index": 0.0, "tileset": "tile_secret", "coord": [ 3.0, 4.0 ] }, "448_512": { "coord": [ 3.0, 2.0 ], "autotile_index": 0.0, "tileset": "tile_secret", "autotile": 1.0 }, "960_-256": { "coord": [ 3.0, 4.0 ], "autotile_index": 0.0, "tileset": "tile_secret", "autotile": 1.0 }, "32_96": { "coord": [ 5.0, 4.0 ], "autotile_index": 0.0, "tileset": "tile_secret", "autotile": 1.0 }, "32_416": { "coord": [ 5.0, 4.0 ], "autotile_index": 0.0, "tileset": "tile_secret", "autotile": 1.0 }, "1536_224": { "autotile": 1.0, "autotile_index": 0.0, "tileset": "tile_secret", "coord": [ 4.0, 1.0 ] }, "320_-32": { "autotile": 1.0, "autotile_index": 0.0, "tileset": "tile_secret", "coord": [ 4.0, 3.0 ] }, "1312_256": { "coord": [ 2.0, 5.0 ], "autotile_index": 0.0, "tileset": "tile_secret", "autotile": 1.0 }, "1568_224": { "autotile": 1.0, "autotile_index": 0.0, "tileset": "tile_secret", "coord": [ 4.0, 1.0 ] }, "1312_480": { "coord": [ 4.0, 1.0 ], "autotile_index": 0.0, "tileset": "tile_secret", "autotile": 1.0 }, "544_448": { "coord": [ 1.0, 2.0 ], "autotile_index": 0.0, "tileset": "tile_secret", "autotile": 1.0 }, "1376_512": { "coord": [ 3.0, 2.0 ], "autotile_index": 0.0, "tileset": "tile_secret", "autotile": 1.0 }, "128_480": { "coord": [ 4.0, 1.0 ], "autotile_index": 0.0, "tileset": "tile_secret", "autotile": 1.0 }, "0_0": { "coord": [ 4.0, 3.0 ], "autotile_index": 0.0, "tileset": "tile_secret", "autotile": 1.0 }, "1856_576": { "coord": [ 0.0, 0.0 ], "autotile_index": 0.0, "tileset": "tile_secret", "autotile": 1.0 }, "544_416": { "coord": [ 1.0, 1.0 ], "autotile_index": 0.0, "tileset": "tile_secret", "autotile": 1.0 }, "0_-256": { "coord": [ 1.0, 6.0 ], "autotile_index": 0.0, "tileset": "tile_secret", "autotile": 1.0 }, "1184_448": { "coord": [ 6.0, 7.0 ], "autotile_index": 0.0, "tileset": "tiles_troll", "autotile": 0.0 }, "800_224": { "coord": [ 1.0, 2.0 ], "autotile_index": 0.0, "tileset": "tile_secret", "autotile": 1.0 }, "1408_64": { "autotile": 1.0, "autotile_index": 0.0, "tileset": "tile_secret", "coord": [ 5.0, 4.0 ] }, "640_448": { "coord": [ 3.0, 2.0 ], "autotile_index": 0.0, "tileset": "tile_secret", "autotile": 1.0 }, "128_-224": { "coord": [ 2.0, 5.0 ], "autotile_index": 0.0, "tileset": "tile_secret", "autotile": 1.0 }, "1312_512": { "coord": [ 3.0, 2.0 ], "autotile_index": 0.0, "tileset": "tile_secret", "autotile": 1.0 }, "1600_224": { "autotile": 1.0, "autotile_index": 0.0, "tileset": "tile_secret", "coord": [ 4.0, 1.0 ] }, "1696_-256": { "coord": [ 3.0, 4.0 ], "autotile_index": 0.0, "tileset": "tile_secret", "autotile": 1.0 }, "0_-32": { "coord": [ 4.0, 3.0 ], "autotile_index": 0.0, "tileset": "tile_secret", "autotile": 1.0 }, "544_-256": { "coord": [ 3.0, 4.0 ], "autotile_index": 0.0, "tileset": "tile_secret", "autotile": 1.0 }, "160_-256": { "coord": [ 3.0, 4.0 ], "autotile_index": 0.0, "tileset": "tile_secret", "autotile": 1.0 }, "1728_512": { "coord": [ 3.0, 2.0 ], "autotile_index": 0.0, "tileset": "tile_secret", "autotile": 1.0 }, "1888_64": { "coord": [ 2.0, 3.0 ], "autotile_index": 0.0, "tileset": "tile_secret", "autotile": 1.0 }, "1280_480": { "coord": [ 4.0, 1.0 ], "autotile_index": 0.0, "tileset": "tile_secret", "autotile": 1.0 }, "928_512": { "coord": [ 3.0, 2.0 ], "autotile_index": 0.0, "tileset": "tile_secret", "autotile": 1.0 }, "1408_256": { "coord": [ 2.0, 5.0 ], "autotile_index": 0.0, "tileset": "tile_secret", "autotile": 1.0 }, "1184_480": { "coord": [ 4.0, 1.0 ], "autotile_index": 0.0, "tileset": "tile_secret", "autotile": 1.0 }, "32_-96": { "coord": [ 5.0, 4.0 ], "autotile_index": 0.0, "tileset": "tile_secret", "autotile": 1.0 }, "1856_-256": { "coord": [ 3.0, 4.0 ], "autotile_index": 0.0, "tileset": "tile_secret", "autotile": 1.0 }, "1440_-256": { "autotile": 1.0, "autotile_index": 0.0, "tileset": "tile_secret", "coord": [ 3.0, 4.0 ] }, "416_96": { "autotile": 1.0, "autotile_index": 0.0, "tileset": "tile_secret", "coord": [ 4.0, 1.0 ] }, "1632_-224": { "coord": [ 2.0, 5.0 ], "autotile_index": 0.0, "tileset": "tile_secret", "autotile": 1.0 }, "800_-224": { "coord": [ 2.0, 5.0 ], "autotile_index": 0.0, "tileset": "tile_secret", "autotile": 1.0 }, "1408_512": { "coord": [ 3.0, 2.0 ], "autotile_index": 0.0, "tileset": "tile_secret", "autotile": 1.0 }, "1184_384": { "coord": [ 6.0, 5.0 ], "autotile_index": 0.0, "tileset": "tiles_troll", "autotile": 0.0 }, "352_-96": { "autotile": 1.0, "autotile_index": 0.0, "tileset": "tile_secret", "coord": [ 5.0, 4.0 ] }, "544_128": { "coord": [ 2.0, 5.0 ], "autotile_index": 0.0, "tileset": "tile_secret", "autotile": 1.0 }, "1888_640": { "coord": [ 0.0, 0.0 ], "autotile_index": 0.0, "tileset": "tile_secret", "autotile": 1.0 }, "896_224": { "coord": [ 4.0, 1.0 ], "autotile_index": 0.0, "tileset": "tile_secret", "autotile": 1.0 }, "1376_-64": { "coord": [ 4.0, 1.0 ], "autotile_index": 0.0, "tileset": "tile_secret", "autotile": 1.0 }, "512_-32": { "coord": [ 2.0, 1.0 ], "autotile_index": 0.0, "tileset": "tiles_troll", "autotile": 0.0 }, "256_-96": { "autotile": 1.0, "autotile_index": 0.0, "tileset": "tile_secret", "coord": [ 1.0, 2.0 ] }, "1184_256": { "coord": [ 2.0, 5.0 ], "autotile_index": 0.0, "tileset": "tile_secret", "autotile": 1.0 }, "288_-64": { "autotile": 1.0, "autotile_index": 0.0, "tileset": "tile_secret", "coord": [ 2.0, 3.0 ] }, "1088_480": { "coord": [ 4.0, 1.0 ], "autotile_index": 0.0, "tileset": "tile_secret", "autotile": 1.0 }, "160_512": { "coord": [ 3.0, 2.0 ], "autotile_index": 0.0, "tileset": "tile_secret", "autotile": 1.0 }, "608_512": { "coord": [ 3.0, 3.0 ], "autotile_index": 0.0, "tileset": "tile_secret", "autotile": 1.0 }, "1504_-64": { "coord": [ 4.0, 1.0 ], "autotile_index": 0.0, "tileset": "tile_secret", "autotile": 1.0 }, "32_224": { "coord": [ 5.0, 4.0 ], "autotile_index": 0.0, "tileset": "tile_secret", "autotile": 1.0 }, "512_96": { "coord": [ 4.0, 1.0 ], "autotile_index": 0.0, "tileset": "tile_secret", "autotile": 1.0 }, "1856_352": { "coord": [ 1.0, 2.0 ], "autotile_index": 0.0, "tileset": "tile_secret", "autotile": 1.0 }, "1280_-64": { "coord": [ 4.0, 1.0 ], "autotile_index": 0.0, "tileset": "tile_secret", "autotile": 1.0 }, "608_416": { "coord": [ 4.0, 1.0 ], "autotile_index": 0.0, "tileset": "tile_secret", "autotile": 1.0 }, "1184_-256": { "coord": [ 3.0, 4.0 ], "autotile_index": 0.0, "tileset": "tile_secret", "autotile": 1.0 }, "576_448": { "coord": [ 2.0, 2.0 ], "autotile_index": 0.0, "tileset": "tile_secret", "autotile": 1.0 }, "384_96": { "autotile": 1.0, "autotile_index": 0.0, "tileset": "tile_secret", "coord": [ 4.0, 1.0 ] }, "-64_480": { "coord": [ 0.0, 0.0 ], "autotile_index": 0.0, "tileset": "tile_secret", "autotile": 1.0 }, "384_-224": { "autotile": 1.0, "autotile_index": 0.0, "tileset": "tile_secret", "coord": [ 2.0, 5.0 ] }, "1056_-256": { "coord": [ 3.0, 4.0 ], "autotile_index": 0.0, "tileset": "tile_secret", "autotile": 1.0 }, "1312_-64": { "coord": [ 4.0, 1.0 ], "autotile_index": 0.0, "tileset": "tile_secret", "autotile": 1.0 }, "1312_-224": { "autotile": 1.0, "autotile_index": 0.0, "tileset": "tile_secret", "coord": [ 2.0, 5.0 ] }, "320_32": { "autotile": 1.0, "autotile_index": 0.0, "tileset": "tile_secret", "coord": [ 2.0, 5.0 ] }, "1024_256": { "coord": [ 2.0, 5.0 ], "autotile_index": 0.0, "tileset": "tile_secret", "autotile": 1.0 }, "256_288": { "coord": [ 1.0, 2.0 ], "autotile_index": 0.0, "tileset": "tile_secret", "autotile": 1.0 }, "1408_-160": { "autotile": 0.0, "autotile_index": 0.0, "tileset": "tiles_troll", "coord": [ 2.0, 5.0 ] }, "736_128": { "coord": [ 2.0, 5.0 ], "autotile_index": 0.0, "tileset": "tile_secret", "autotile": 1.0 }, "0_192": { "coord": [ 4.0, 3.0 ], "autotile_index": 0.0, "tileset": "tile_secret", "autotile": 1.0 }, "256_352": { "coord": [ 1.0, 2.0 ], "autotile_index": 0.0, "tileset": "tile_secret", "autotile": 1.0 }, "1024_-224": { "coord": [ 2.0, 5.0 ], "autotile_index": 0.0, "tileset": "tile_secret", "autotile": 1.0 }, "64_288": { "autotile": 0.0, "autotile_index": 0.0, "tileset": "tiles_troll", "coord": [ 3.0, 6.0 ] }, "672_128": { "coord": [ 2.0, 5.0 ], "autotile_index": 0.0, "tileset": "tile_secret", "autotile": 1.0 }, "1216_384": { "coord": [ 7.0, 5.0 ], "autotile_index": 0.0, "tileset": "tiles_troll", "autotile": 0.0 }, "832_192": { "coord": [ 5.0, 4.0 ], "autotile_index": 0.0, "tileset": "tile_secret", "autotile": 1.0 }, "1888_128": { "coord": [ 2.0, 3.0 ], "autotile_index": 0.0, "tileset": "tile_secret", "autotile": 1.0 }, "608_128": { "coord": [ 2.0, 5.0 ], "autotile_index": 0.0, "tileset": "tile_secret", "autotile": 1.0 }, "1312_-32": { "coord": [ 2.0, 5.0 ], "autotile_index": 0.0, "tileset": "tile_secret", "autotile": 1.0 }, "1888_224": { "coord": [ 2.0, 3.0 ], "autotile_index": 0.0, "tileset": "tile_secret", "autotile": 1.0 }, "256_192": { "coord": [ 1.0, 2.0 ], "autotile_index": 0.0, "tileset": "tile_secret", "autotile": 1.0 }, "1248_224": { "coord": [ 4.0, 1.0 ], "autotile_index": 0.0, "tileset": "tile_secret", "autotile": 1.0 }, "128_320": { "autotile": 0.0, "autotile_index": 0.0, "tileset": "tiles_troll", "coord": [ 5.0, 7.0 ] }, "0_-192": { "coord": [ 4.0, 3.0 ], "autotile_index": 0.0, "tileset": "tile_secret", "autotile": 1.0 }, "1952_-224": { "coord": [ 0.0, 0.0 ], "autotile_index": 0.0, "tileset": "tile_secret", "autotile": 1.0 }, "128_512": { "coord": [ 3.0, 2.0 ], "autotile_index": 0.0, "tileset": "tile_secret", "autotile": 1.0 }, "1056_256": { "coord": [ 2.0, 5.0 ], "autotile_index": 0.0, "tileset": "tile_secret", "autotile": 1.0 }, "192_-224": { "autotile": 1.0, "autotile_index": 0.0, "tileset": "tile_secret", "coord": [ 2.0, 5.0 ] }, "1568_480": { "coord": [ 4.0, 1.0 ], "autotile_index": 0.0, "tileset": "tile_secret", "autotile": 1.0 }, "1504_256": { "autotile": 1.0, "autotile_index": 0.0, "tileset": "tile_secret", "coord": [ 2.0, 5.0 ] }, "0_352": { "coord": [ 4.0, 3.0 ], "autotile_index": 0.0, "tileset": "tile_secret", "autotile": 1.0 }, "1728_480": { "coord": [ 4.0, 1.0 ], "autotile_index": 0.0, "tileset": "tile_secret", "autotile": 1.0 }, "1408_128": { "autotile": 1.0, "autotile_index": 0.0, "tileset": "tile_secret", "coord": [ 5.0, 4.0 ] }, "1920_-224": { "coord": [ 0.0, 0.0 ], "autotile_index": 0.0, "tileset": "tile_secret", "autotile": 1.0 }, "1280_512": { "coord": [ 3.0, 2.0 ], "autotile_index": 0.0, "tileset": "tile_secret", "autotile": 1.0 }, "352_-64": { "autotile": 1.0, "autotile_index": 0.0, "tileset": "tile_secret", "coord": [ 5.0, 4.0 ] }, "1248_256": { "coord": [ 2.0, 5.0 ], "autotile_index": 0.0, "tileset": "tile_secret", "autotile": 1.0 }, "672_416": { "coord": [ 4.0, 1.0 ], "autotile_index": 0.0, "tileset": "tile_secret", "autotile": 1.0 }, "1600_256": { "autotile": 1.0, "autotile_index": 0.0, "tileset": "tile_secret", "coord": [ 2.0, 5.0 ] }, "1024_512": { "coord": [ 3.0, 2.0 ], "autotile_index": 0.0, "tileset": "tile_secret", "autotile": 1.0 }, "1152_-224": { "coord": [ 2.0, 5.0 ], "autotile_index": 0.0, "tileset": "tile_secret", "autotile": 1.0 }, "1888_256": { "coord": [ 2.0, 3.0 ], "autotile_index": 0.0, "tileset": "tile_secret", "autotile": 1.0 }, "768_96": { "coord": [ 4.0, 1.0 ], "autotile_index": 0.0, "tileset": "tile_secret", "autotile": 1.0 }, "1376_-224": { "autotile": 1.0, "autotile_index": 0.0, "tileset": "tile_secret", "coord": [ 2.0, 5.0 ] }, "1376_-96": { "autotile": 0.0, "autotile_index": 0.0, "tileset": "tiles_troll", "coord": [ 1.0, 7.0 ] }, "1248_-256": { "coord": [ 3.0, 4.0 ], "autotile_index": 0.0, "tileset": "tile_secret", "autotile": 1.0 }, "1472_224": { "autotile": 1.0, "autotile_index": 0.0, "tileset": "tile_secret", "coord": [ 4.0, 1.0 ] }, "1664_480": { "coord": [ 4.0, 1.0 ], "autotile_index": 0.0, "tileset": "tile_secret", "autotile": 1.0 }, "800_128": { "coord": [ 4.0, 7.0 ], "autotile_index": 0.0, "tileset": "tile_secret", "autotile": 1.0 }, "288_96": { "autotile": 1.0, "autotile_index": 0.0, "tileset": "tile_secret", "coord": [ 4.0, 1.0 ] }, "1344_-224": { "autotile": 1.0, "autotile_index": 0.0, "tileset": "tile_secret", "coord": [ 2.0, 5.0 ] }, "64_320": { "autotile": 0.0, "autotile_index": 0.0, "tileset": "tiles_troll", "coord": [ 3.0, 7.0 ] }, "1824_-256": { "coord": [ 3.0, 4.0 ], "autotile_index": 0.0, "tileset": "tile_secret", "autotile": 1.0 }, "1760_-256": { "coord": [ 3.0, 4.0 ], "autotile_index": 0.0, "tileset": "tile_secret", "autotile": 1.0 }, "1216_-256": { "coord": [ 3.0, 4.0 ], "autotile_index": 0.0, "tileset": "tile_secret", "autotile": 1.0 }, "1152_480": { "coord": [ 4.0, 1.0 ], "autotile_index": 0.0, "tileset": "tile_secret", "autotile": 1.0 }, "704_416": { "coord": [ 5.0, 1.0 ], "autotile_index": 0.0, "tileset": "tile_secret", "autotile": 1.0 }, "1760_64": { "coord": [ 4.0, 1.0 ], "autotile_index": 0.0, "tileset": "tile_secret", "autotile": 1.0 }, "32_448": { "coord": [ 5.0, 4.0 ], "autotile_index": 0.0, "tileset": "tile_secret", "autotile": 1.0 }, "672_448": { "coord": [ 4.0, 2.0 ], "autotile_index": 0.0, "tileset": "tile_secret", "autotile": 1.0 }, "992_-224": { "coord": [ 2.0, 5.0 ], "autotile_index": 0.0, "tileset": "tile_secret", "autotile": 1.0 }, "1888_448": { "coord": [ 2.0, 3.0 ], "autotile_index": 0.0, "tileset": "tile_secret", "autotile": 1.0 }, "1856_-160": { "coord": [ 1.0, 2.0 ], "autotile_index": 0.0, "tileset": "tile_secret", "autotile": 1.0 }, "1408_-64": { "coord": [ 4.0, 1.0 ], "autotile_index": 0.0, "tileset": "tile_secret", "autotile": 1.0 }, "256_224": { "coord": [ 1.0, 2.0 ], "autotile_index": 0.0, "tileset": "tile_secret", "autotile": 1.0 }, "960_512": { "coord": [ 3.0, 2.0 ], "autotile_index": 0.0, "tileset": "tile_secret", "autotile": 1.0 }, "1024_480": { "coord": [ 4.0, 1.0 ], "autotile_index": 0.0, "tileset": "tile_secret", "autotile": 1.0 }, "0_128": { "coord": [ 4.0, 3.0 ], "autotile_index": 0.0, "tileset": "tile_secret", "autotile": 1.0 }, "1120_512": { "coord": [ 3.0, 2.0 ], "autotile_index": 0.0, "tileset": "tile_secret", "autotile": 1.0 }, "1728_-256": { "coord": [ 3.0, 4.0 ], "autotile_index": 0.0, "tileset": "tile_secret", "autotile": 1.0 }, "512_-64": { "coord": [ 2.0, 0.0 ], "autotile_index": 0.0, "tileset": "tiles_troll", "autotile": 0.0 }, "352_128": { "coord": [ 2.0, 5.0 ], "autotile_index": 0.0, "tileset": "tile_secret", "autotile": 1.0 }, "800_480": { "coord": [ 4.0, 1.0 ], "autotile_index": 0.0, "tileset": "tile_secret", "autotile": 1.0 }, "1600_512": { "coord": [ 3.0, 2.0 ], "autotile_index": 0.0, "tileset": "tile_secret", "autotile": 1.0 }, "480_96": { "coord": [ 4.0, 1.0 ], "autotile_index": 0.0, "tileset": "tile_secret", "autotile": 1.0 }, "1760_96": { "coord": [ 2.0, 5.0 ], "autotile_index": 0.0, "tileset": "tile_secret", "autotile": 1.0 }, "320_-192": { "autotile": 1.0, "autotile_index": 0.0, "tileset": "tile_secret", "coord": [ 4.0, 3.0 ] }, "1888_-128": { "coord": [ 2.0, 3.0 ], "autotile_index": 0.0, "tileset": "tile_secret", "autotile": 1.0 }, "1632_96": { "coord": [ 1.0, 5.0 ], "autotile_index": 0.0, "tileset": "tile_secret", "autotile": 1.0 }, "1216_256": { "coord": [ 2.0, 5.0 ], "autotile_index": 0.0, "tileset": "tile_secret", "autotile": 1.0 }, "256_384": { "coord": [ 1.0, 2.0 ], "autotile_index": 0.0, "tileset": "tile_secret", "autotile": 1.0 }, "192_512": { "coord": [ 3.0, 2.0 ], "autotile_index": 0.0, "tileset": "tile_secret", "autotile": 1.0 }, "288_0": { "autotile": 1.0, "autotile_index": 0.0, "tileset": "tile_secret", "coord": [ 2.0, 4.0 ] }, "928_-224": { "coord": [ 2.0, 5.0 ], "autotile_index": 0.0, "tileset": "tile_secret", "autotile": 1.0 }, "96_320": { "autotile": 0.0, "autotile_index": 0.0, "tileset": "tiles_troll", "coord": [ 4.0, 7.0 ] }, "0_512": { "coord": [ 1.0, 10.0 ], "autotile_index": 0.0, "tileset": "tile_secret", "autotile": 1.0 }, "608_448": { "coord": [ 3.0, 2.0 ], "autotile_index": 0.0, "tileset": "tile_secret", "autotile": 1.0 }, "288_-256": { "autotile": 1.0, "autotile_index": 0.0, "tileset": "tile_secret", "coord": [ 5.0, 6.0 ] }, "1120_-224": { "coord": [ 2.0, 5.0 ], "autotile_index": 0.0, "tileset": "tile_secret", "autotile": 1.0 }, "448_0": { "coord": [ 0.0, 2.0 ], "autotile_index": 0.0, "tileset": "tiles_troll", "autotile": 0.0 }, "352_-160": { "autotile": 1.0, "autotile_index": 0.0, "tileset": "tile_secret", "coord": [ 5.0, 4.0 ] }, "1888_480": { "coord": [ 2.0, 3.0 ], "autotile_index": 0.0, "tileset": "tile_secret", "autotile": 1.0 }, "256_320": { "coord": [ 1.0, 2.0 ], "autotile_index": 0.0, "tileset": "tile_secret", "autotile": 1.0 }, "1600_-224": { "coord": [ 2.0, 5.0 ], "autotile_index": 0.0, "tileset": "tile_secret", "autotile": 1.0 }, "64_-224": { "coord": [ 2.0, 5.0 ], "autotile_index": 0.0, "tileset": "tile_secret", "autotile": 1.0 }, "1824_480": { "coord": [ 4.0, 1.0 ], "autotile_index": 0.0, "tileset": "tile_secret", "autotile": 1.0 }, "512_512": { "coord": [ 3.0, 2.0 ], "autotile_index": 0.0, "tileset": "tile_secret", "autotile": 1.0 }, "1120_256": { "coord": [ 2.0, 5.0 ], "autotile_index": 0.0, "tileset": "tile_secret", "autotile": 1.0 }, "0_-128": { "coord": [ 4.0, 3.0 ], "autotile_index": 0.0, "tileset": "tile_secret", "autotile": 1.0 }, "1376_-256": { "autotile": 1.0, "autotile_index": 0.0, "tileset": "tile_secret", "coord": [ 3.0, 4.0 ] }, "576_96": { "coord": [ 4.0, 1.0 ], "autotile_index": 0.0, "tileset": "tile_secret", "autotile": 1.0 }, "1216_-64": { "coord": [ 1.0, 1.0 ], "autotile_index": 0.0, "tileset": "tile_secret", "autotile": 1.0 }, "416_-224": { "autotile": 1.0, "autotile_index": 0.0, "tileset": "tile_secret", "coord": [ 2.0, 5.0 ] }, "0_-224": { "coord": [ 4.0, 3.0 ], "autotile_index": 0.0, "tileset": "tile_secret", "autotile": 1.0 }, "1184_416": { "coord": [ 6.0, 6.0 ], "autotile_index": 0.0, "tileset": "tiles_troll", "autotile": 0.0 }, "1440_-64": { "coord": [ 4.0, 1.0 ], "autotile_index": 0.0, "tileset": "tile_secret", "autotile": 1.0 }, "32_-32": { "coord": [ 5.0, 4.0 ], "autotile_index": 0.0, "tileset": "tile_secret", "autotile": 1.0 }, "1888_192": { "coord": [ 2.0, 3.0 ], "autotile_index": 0.0, "tileset": "tile_secret", "autotile": 1.0 }, "1856_-96": { "coord": [ 1.0, 2.0 ], "autotile_index": 0.0, "tileset": "tile_secret", "autotile": 1.0 }, "256_-64": { "autotile": 1.0, "autotile_index": 0.0, "tileset": "tile_secret", "coord": [ 1.0, 2.0 ] }, "160_480": { "coord": [ 4.0, 1.0 ], "autotile_index": 0.0, "tileset": "tile_secret", "autotile": 1.0 }, "1696_512": { "coord": [ 3.0, 2.0 ], "autotile_index": 0.0, "tileset": "tile_secret", "autotile": 1.0 }, "704_448": { "coord": [ 5.0, 4.0 ], "autotile_index": 0.0, "tileset": "tile_secret", "autotile": 1.0 }, "0_-64": { "coord": [ 4.0, 3.0 ], "autotile_index": 0.0, "tileset": "tile_secret", "autotile": 1.0 }, "0_416": { "coord": [ 4.0, 3.0 ], "autotile_index": 0.0, "tileset": "tile_secret", "autotile": 1.0 }, "1344_512": { "coord": [ 3.0, 2.0 ], "autotile_index": 0.0, "tileset": "tile_secret", "autotile": 1.0 }, "1792_512": { "coord": [ 3.0, 2.0 ], "autotile_index": 0.0, "tileset": "tile_secret", "autotile": 1.0 }, "704_-224": { "coord": [ 2.0, 5.0 ], "autotile_index": 0.0, "tileset": "tile_secret", "autotile": 1.0 }, "1056_512": { "coord": [ 3.0, 2.0 ], "autotile_index": 0.0, "tileset": "tile_secret", "autotile": 1.0 }, "384_480": { "coord": [ 4.0, 1.0 ], "autotile_index": 0.0, "tileset": "tile_secret", "autotile": 1.0 }, "416_-256": { "autotile": 1.0, "autotile_index": 0.0, "tileset": "tile_secret", "coord": [ 3.0, 4.0 ] }, "448_-32": { "coord": [ 0.0, 1.0 ], "autotile_index": 0.0, "tileset": "tiles_troll", "autotile": 0.0 }, "832_160": { "coord": [ 5.0, 4.0 ], "autotile_index": 0.0, "tileset": "tile_secret", "autotile": 1.0 }, "1408_-128": { "autotile": 0.0, "autotile_index": 0.0, "tileset": "tiles_troll", "coord": [ 2.0, 6.0 ] }, "352_96": { "autotile": 1.0, "autotile_index": 0.0, "tileset": "tile_secret", "coord": [ 4.0, 1.0 ] }, "1888_-160": { "coord": [ 2.0, 3.0 ], "autotile_index": 0.0, "tileset": "tile_secret", "autotile": 1.0 }, "256_512": { "coord": [ 3.0, 2.0 ], "autotile_index": 0.0, "tileset": "tile_secret", "autotile": 1.0 }, "1408_32": { "coord": [ 5.0, 4.0 ], "autotile_index": 0.0, "tileset": "tile_secret", "autotile": 1.0 }, "1440_256": { "autotile": 1.0, "autotile_index": 0.0, "tileset": "tile_secret", "coord": [ 2.0, 5.0 ] }, "352_0": { "autotile": 1.0, "autotile_index": 0.0, "tileset": "tile_secret", "coord": [ 5.0, 4.0 ] }, "256_-160": { "autotile": 1.0, "autotile_index": 0.0, "tileset": "tile_secret", "coord": [ 1.0, 2.0 ] }, "96_-224": { "coord": [ 2.0, 5.0 ], "autotile_index": 0.0, "tileset": "tile_secret", "autotile": 1.0 }, "576_480": { "coord": [ 2.0, 3.0 ], "autotile_index": 0.0, "tileset": "tile_secret", "autotile": 1.0 }, "352_512": { "coord": [ 3.0, 2.0 ], "autotile_index": 0.0, "tileset": "tile_secret", "autotile": 1.0 }, "256_256": { "coord": [ 1.0, 2.0 ], "autotile_index": 0.0, "tileset": "tile_secret", "autotile": 1.0 }, "384_128": { "coord": [ 2.0, 5.0 ], "autotile_index": 0.0, "tileset": "tile_secret", "autotile": 1.0 }, "-64_512": { "coord": [ 0.0, 0.0 ], "autotile_index": 0.0, "tileset": "tile_secret", "autotile": 1.0 }, "1312_224": { "coord": [ 4.0, 1.0 ], "autotile_index": 0.0, "tileset": "tile_secret", "autotile": 1.0 }, "576_416": { "coord": [ 4.0, 1.0 ], "autotile_index": 0.0, "tileset": "tile_secret", "autotile": 1.0 }, "32_288": { "coord": [ 5.0, 4.0 ], "autotile_index": 0.0, "tileset": "tile_secret", "autotile": 1.0 }, "672_-224": { "coord": [ 2.0, 5.0 ], "autotile_index": 0.0, "tileset": "tile_secret", "autotile": 1.0 }, "1760_480": { "coord": [ 4.0, 1.0 ], "autotile_index": 0.0, "tileset": "tile_secret", "autotile": 1.0 }, "1856_384": { "coord": [ 1.0, 2.0 ], "autotile_index": 0.0, "tileset": "tile_secret", "autotile": 1.0 }, "1280_-256": { "coord": [ 3.0, 4.0 ], "autotile_index": 0.0, "tileset": "tile_secret", "autotile": 1.0 }, "1856_192": { "coord": [ 1.0, 2.0 ], "autotile_index": 0.0, "tileset": "tile_secret", "autotile": 1.0 }, "32_352": { "coord": [ 5.0, 4.0 ], "autotile_index": 0.0, "tileset": "tile_secret", "autotile": 1.0 }, "1536_480": { "coord": [ 4.0, 1.0 ], "autotile_index": 0.0, "tileset": "tile_secret", "autotile": 1.0 }, "320_-128": { "autotile": 1.0, "autotile_index": 0.0, "tileset": "tile_secret", "coord": [ 4.0, 3.0 ] }, "896_-256": { "coord": [ 3.0, 4.0 ], "autotile_index": 0.0, "tileset": "tile_secret", "autotile": 1.0 }, "192_480": { "coord": [ 4.0, 1.0 ], "autotile_index": 0.0, "tileset": "tile_secret", "autotile": 1.0 }, "704_-256": { "coord": [ 3.0, 4.0 ], "autotile_index": 0.0, "tileset": "tile_secret", "autotile": 1.0 }, "1600_-256": { "coord": [ 3.0, 4.0 ], "autotile_index": 0.0, "tileset": "tile_secret", "autotile": 1.0 }, "480_-64": { "coord": [ 1.0, 0.0 ], "autotile_index": 0.0, "tileset": "tiles_troll", "autotile": 0.0 }, "1216_416": { "coord": [ 7.0, 6.0 ], "autotile_index": 0.0, "tileset": "tiles_troll", "autotile": 0.0 }, "1440_-224": { "autotile": 1.0, "autotile_index": 0.0, "tileset": "tile_secret", "coord": [ 2.0, 5.0 ] }, "1888_352": { "coord": [ 2.0, 3.0 ], "autotile_index": 0.0, "tileset": "tile_secret", "autotile": 1.0 }, "352_32": { "autotile": 1.0, "autotile_index": 0.0, "tileset": "tile_secret", "coord": [ 5.0, 5.0 ] }, "1472_-256": { "autotile": 1.0, "autotile_index": 0.0, "tileset": "tile_secret", "coord": [ 3.0, 4.0 ] }, "1792_480": { "coord": [ 4.0, 1.0 ], "autotile_index": 0.0, "tileset": "tile_secret", "autotile": 1.0 }, "416_480": { "coord": [ 4.0, 1.0 ], "autotile_index": 0.0, "tileset": "tile_secret", "autotile": 1.0 }, "864_480": { "coord": [ 4.0, 1.0 ], "autotile_index": 0.0, "tileset": "tile_secret", "autotile": 1.0 }, "0_32": { "coord": [ 4.0, 3.0 ], "autotile_index": 0.0, "tileset": "tile_secret", "autotile": 1.0 }, "480_512": { "coord": [ 3.0, 2.0 ], "autotile_index": 0.0, "tileset": "tile_secret", "autotile": 1.0 }, "1088_512": { "coord": [ 3.0, 2.0 ], "autotile_index": 0.0, "tileset": "tile_secret", "autotile": 1.0 }, "448_-256": { "autotile": 1.0, "autotile_index": 0.0, "tileset": "tile_secret", "coord": [ 3.0, 4.0 ] }, "0_-160": { "coord": [ 4.0, 3.0 ], "autotile_index": 0.0, "tileset": "tile_secret", "autotile": 1.0 }, "1152_-256": { "coord": [ 3.0, 4.0 ], "autotile_index": 0.0, "tileset": "tile_secret", "autotile": 1.0 }, "0_256": { "coord": [ 4.0, 3.0 ], "autotile_index": 0.0, "tileset": "tile_secret", "autotile": 1.0 }, "96_512": { "coord": [ 3.0, 2.0 ], "autotile_index": 0.0, "tileset": "tile_secret", "autotile": 1.0 }, "1344_-128": { "autotile": 0.0, "autotile_index": 0.0, "tileset": "tiles_troll", "coord": [ 0.0, 6.0 ] }, "1632_224": { "autotile": 1.0, "autotile_index": 0.0, "tileset": "tile_secret", "coord": [ 5.0, 1.0 ] }, "256_96": { "autotile": 1.0, "autotile_index": 0.0, "tileset": "tile_secret", "coord": [ 1.0, 1.0 ] }, "1888_288": { "coord": [ 2.0, 3.0 ], "autotile_index": 0.0, "tileset": "tile_secret", "autotile": 1.0 }, "608_96": { "coord": [ 4.0, 1.0 ], "autotile_index": 0.0, "tileset": "tile_secret", "autotile": 1.0 }, "288_384": { "coord": [ 5.0, 4.0 ], "autotile_index": 0.0, "tileset": "tile_secret", "autotile": 1.0 }, "256_-224": { "autotile": 1.0, "autotile_index": 0.0, "tileset": "tile_secret", "coord": [ 4.0, 7.0 ] }, "32_480": { "coord": [ 2.0, 9.0 ], "autotile_index": 0.0, "tileset": "tile_secret", "autotile": 1.0 }, "896_-224": { "coord": [ 2.0, 5.0 ], "autotile_index": 0.0, "tileset": "tile_secret", "autotile": 1.0 }, "1312_-256": { "autotile": 1.0, "autotile_index": 0.0, "tileset": "tile_secret", "coord": [ 3.0, 4.0 ] }, "1664_-256": { "coord": [ 3.0, 4.0 ], "autotile_index": 0.0, "tileset": "tile_secret", "autotile": 1.0 }, "-32_512": { "coord": [ 0.0, 0.0 ], "autotile_index": 0.0, "tileset": "tile_secret", "autotile": 1.0 }, "1888_320": { "coord": [ 2.0, 3.0 ], "autotile_index": 0.0, "tileset": "tile_secret", "autotile": 1.0 }, "480_480": { "coord": [ 4.0, 1.0 ], "autotile_index": 0.0, "tileset": "tile_secret", "autotile": 1.0 }, "480_-224": { "autotile": 1.0, "autotile_index": 0.0, "tileset": "tile_secret", "coord": [ 2.0, 5.0 ] }, "1440_512": { "coord": [ 3.0, 2.0 ], "autotile_index": 0.0, "tileset": "tile_secret", "autotile": 1.0 }, "352_-32": { "autotile": 1.0, "autotile_index": 0.0, "tileset": "tile_secret", "coord": [ 5.0, 4.0 ] }, "352_480": { "coord": [ 4.0, 1.0 ], "autotile_index": 0.0, "tileset": "tile_secret", "autotile": 1.0 }, "1632_256": { "autotile": 1.0, "autotile_index": 0.0, "tileset": "tile_secret", "coord": [ 5.0, 5.0 ] }, "1152_512": { "coord": [ 3.0, 2.0 ], "autotile_index": 0.0, "tileset": "tile_secret", "autotile": 1.0 }, "288_-224": { "autotile": 1.0, "autotile_index": 0.0, "tileset": "tile_secret", "coord": [ 2.0, 3.0 ] }, "1120_224": { "coord": [ 4.0, 1.0 ], "autotile_index": 0.0, "tileset": "tile_secret", "autotile": 1.0 }, "768_512": { "coord": [ 3.0, 2.0 ], "autotile_index": 0.0, "tileset": "tile_secret", "autotile": 1.0 }, "1664_512": { "coord": [ 3.0, 2.0 ], "autotile_index": 0.0, "tileset": "tile_secret", "autotile": 1.0 }, "800_160": { "coord": [ 1.0, 2.0 ], "autotile_index": 0.0, "tileset": "tile_secret", "autotile": 1.0 }, "128_-256": { "coord": [ 3.0, 4.0 ], "autotile_index": 0.0, "tileset": "tile_secret", "autotile": 1.0 }, "1856_0": { "coord": [ 1.0, 2.0 ], "autotile_index": 0.0, "tileset": "tile_secret", "autotile": 1.0 }, "576_128": { "coord": [ 2.0, 5.0 ], "autotile_index": 0.0, "tileset": "tile_secret", "autotile": 1.0 }, "736_-224": { "coord": [ 2.0, 5.0 ], "autotile_index": 0.0, "tileset": "tile_secret", "autotile": 1.0 }, "1216_-224": { "coord": [ 2.0, 5.0 ], "autotile_index": 0.0, "tileset": "tile_secret", "autotile": 1.0 }, "224_512": { "coord": [ 3.0, 2.0 ], "autotile_index": 0.0, "tileset": "tile_secret", "autotile": 1.0 }, "1344_-96": { "autotile": 0.0, "autotile_index": 0.0, "tileset": "tiles_troll", "coord": [ 0.0, 7.0 ] }, "960_480": { "coord": [ 4.0, 1.0 ], "autotile_index": 0.0, "tileset": "tile_secret", "autotile": 1.0 }, "736_-256": { "coord": [ 3.0, 4.0 ], "autotile_index": 0.0, "tileset": "tile_secret", "autotile": 1.0 }, "1216_-32": { "coord": [ 1.0, 5.0 ], "autotile_index": 0.0, "tileset": "tile_secret", "autotile": 1.0 }, "1856_288": { "coord": [ 1.0, 2.0 ], "autotile_index": 0.0, "tileset": "tile_secret", "autotile": 1.0 }, "1536_-32": { "coord": [ 5.0, 5.0 ], "autotile_index": 0.0, "tileset": "tile_secret", "autotile": 1.0 }, "864_256": { "coord": [ 2.0, 5.0 ], "autotile_index": 0.0, "tileset": "tile_secret", "autotile": 1.0 }, "1728_-224": { "coord": [ 2.0, 5.0 ], "autotile_index": 0.0, "tileset": "tile_secret", "autotile": 1.0 }, "1856_128": { "coord": [ 1.0, 2.0 ], "autotile_index": 0.0, "tileset": "tile_secret", "autotile": 1.0 }, "32_0": { "coord": [ 5.0, 4.0 ], "autotile_index": 0.0, "tileset": "tile_secret", "autotile": 1.0 }, "704_480": { "coord": [ 2.0, 9.0 ], "autotile_index": 0.0, "tileset": "tile_secret", "autotile": 1.0 }, "1664_-224": { "coord": [ 2.0, 5.0 ], "autotile_index": 0.0, "tileset": "tile_secret", "autotile": 1.0 }, "1248_-64": { "coord": [ 4.0, 1.0 ], "autotile_index": 0.0, "tileset": "tile_secret", "autotile": 1.0 }, "480_-32": { "coord": [ 1.0, 1.0 ], "autotile_index": 0.0, "tileset": "tiles_troll", "autotile": 0.0 }, "1472_512": { "coord": [ 3.0, 2.0 ], "autotile_index": 0.0, "tileset": "tile_secret", "autotile": 1.0 }, "160_-224": { "coord": [ 2.0, 5.0 ], "autotile_index": 0.0, "tileset": "tile_secret", "autotile": 1.0 }, "512_128": { "coord": [ 2.0, 5.0 ], "autotile_index": 0.0, "tileset": "tile_secret", "autotile": 1.0 }, "1856_160": { "coord": [ 1.0, 2.0 ], "autotile_index": 0.0, "tileset": "tile_secret", "autotile": 1.0 }, "-32_480": { "coord": [ 0.0, 0.0 ], "autotile_index": 0.0, "tileset": "tile_secret", "autotile": 1.0 }, "1536_-256": { "coord": [ 3.0, 4.0 ], "autotile_index": 0.0, "tileset": "tile_secret", "autotile": 1.0 }, "480_128": { "coord": [ 2.0, 5.0 ], "autotile_index": 0.0, "tileset": "tile_secret", "autotile": 1.0 }, "992_256": { "coord": [ 2.0, 5.0 ], "autotile_index": 0.0, "tileset": "tile_secret", "autotile": 1.0 } } }, "backgrounds": { "5": { "x": 0.0, "scroll_x": 0.69999999999999995559107901499374, "tile_y": 1.0, "hspeed": 1.0, "panic_sprite": -1.0, "scroll_y": 0.69999999999999995559107901499374, "y": 0.0, "sprite": "bg_secret", "tile_x": 1.0, "vspeed": 1.0, "image_speed": 0.0 } }, "properties": { "songTransitionTime": 100.0, "roomX": 0.0, "levelWidth": 1920.0, "roomY": -256.0, "levelHeight": 540.0, "song": "event:\/music\/tutorial" } }