{ "editorVersion": 5.0, "instances": [ { "layer": 0.0, "deleted": 0.0, "variables": { "x": 0.0, "y": 96.0, "image_xscale": 2.0, "image_yscale": 6.0, "flipX": 0.0, "flipY": 0.0 }, "object": 517.0 }, { "layer": 0.0, "deleted": 0.0, "variables": { "x": 352.0, "flipX": 0.0, "y": 371.0, "flipY": 0.0 }, "object": 109.0 }, { "layer": 0.0, "deleted": 0.0, "variables": { "x": 544.0, "flipX": 0.0, "y": 370.0, "flipY": 0.0 }, "object": 145.0 }, { "layer": 0.0, "deleted": 0.0, "variables": { "x": 416.0, "y": 96.0, "image_xscale": 2.0, "image_yscale": 10.0, "flipX": 0.0, "flipY": 0.0 }, "object": 517.0 }, { "layer": 0.0, "deleted": 0.0, "variables": { "x": 0.0, "y": 416.0, "image_xscale": 30.0, "image_yscale": 4.0, "flipX": 0.0, "flipY": 0.0 }, "object": 517.0 }, { "layer": 0.0, "deleted": 0.0, "variables": { "x": 0.0, "y": 0.0, "image_xscale": 30.0, "image_yscale": 3.0, "flipX": 0.0, "flipY": 0.0 }, "object": 517.0 }, { "layer": 0.0, "deleted": 0.0, "variables": { "x": -32.0, "y": 288.0, "targetRoom": "what ever you want you stupid ni-", "image_xscale": 1.0, "image_yscale": 2.0, "flipX": 0.0, "flipY": 0.0, "targetDoor": "A" }, "object": 801.0 }, { "layer": 0.0, "deleted": 0.0, "variables": { "x": 896.0, "y": 96.0, "image_xscale": 2.0, "image_yscale": 6.0, "flipX": 0.0, "flipY": 0.0 }, "object": 517.0 }, { "layer": 0.0, "deleted": 0.0, "variables": { "x": 32.0, "flipX": 0.0, "y": 384.0, "flipY": 0.0 }, "object": 804.0 }, { "layer": 0.0, "deleted": 0.0, "variables": { "x": 960.0, "y": 288.0, "targetRoom": "room4", "image_xscale": 1.0, "image_yscale": 2.0, "flipX": 1.0, "flipY": 0.0, "targetDoor": "A" }, "object": 801.0 }, { "layer": 0.0, "deleted": 0.0, "variables": { "x": 896.0, "flipX": 0.0, "y": 384.0, "flipY": 0.0 }, "object": 805.0 }, { "layer": 0.0, "deleted": 0.0, "variables": { "x": 64.0, "y": 96.0, "image_xscale": 2.0, "image_yscale": 2.0, "flipX": 0.0, "flipY": 0.0 }, "object": 517.0 }, { "layer": 0.0, "deleted": 0.0, "variables": { "x": 128.0, "y": 96.0, "image_xscale": 7.0, "image_yscale": 1.0, "flipX": 0.0, "flipY": 0.0 }, "object": 517.0 }, { "layer": 0.0, "deleted": 0.0, "variables": { "x": 352.0, "y": 96.0, "image_xscale": 2.0, "image_yscale": 2.0, "flipX": 0.0, "flipY": 0.0 }, "object": 517.0 }, { "layer": 0.0, "deleted": 0.0, "variables": { "x": 480.0, "y": 96.0, "image_xscale": 2.0, "image_yscale": 2.0, "flipX": 0.0, "flipY": 0.0 }, "object": 517.0 }, { "layer": 0.0, "deleted": 0.0, "variables": { "x": 544.0, "y": 96.0, "image_xscale": 9.0, "image_yscale": 1.0, "flipX": 0.0, "flipY": 0.0 }, "object": 517.0 }, { "layer": 0.0, "deleted": 0.0, "variables": { "x": 832.0, "y": 96.0, "image_xscale": 2.0, "image_yscale": 2.0, "flipX": 0.0, "flipY": 0.0 }, "object": 517.0 }, { "layer": 0.0, "deleted": 1.0, "variables": { "x": -256.0, "flipX": 0.0, "y": -96.0, "flipY": 0.0 }, "object": 517.0 } ], "tile_data": { "5": { "64_64": { "coord": [ 2.0, 1.0 ], "autotile_index": 0.0, "tileset": "tiles_BEE", "autotile": 1.0 }, "448_288": { "coord": [ 3.0, 1.0 ], "autotile_index": 0.0, "tileset": "tiles_BEE", "autotile": 1.0 }, "896_32": { "autotile": 1.0, "autotile_index": 0.0, "tileset": "tiles_BEE", "coord": [ 2.0, 1.0 ] }, "736_96": { "autotile": 1.0, "autotile_index": 0.0, "tileset": "tiles_BEE", "coord": [ 2.0, 2.0 ] }, "128_64": { "coord": [ 2.0, 1.0 ], "autotile_index": 0.0, "tileset": "tiles_BEE", "autotile": 1.0 }, "160_512": { "coord": [ 2.0, 1.0 ], "autotile_index": 0.0, "tileset": "tiles_BEE", "autotile": 1.0 }, "96_64": { "coord": [ 2.0, 1.0 ], "autotile_index": 0.0, "tileset": "tiles_BEE", "autotile": 1.0 }, "640_448": { "coord": [ 2.0, 1.0 ], "autotile_index": 0.0, "tileset": "tiles_BEE", "autotile": 1.0 }, "832_32": { "autotile": 1.0, "autotile_index": 0.0, "tileset": "tiles_BEE", "coord": [ 2.0, 1.0 ] }, "0_224": { "coord": [ 2.0, 1.0 ], "autotile_index": 0.0, "tileset": "tiles_BEE", "autotile": 1.0 }, "416_448": { "coord": [ 2.0, 1.0 ], "autotile_index": 0.0, "tileset": "tiles_BEE", "autotile": 1.0 }, "768_480": { "coord": [ 2.0, 1.0 ], "autotile_index": 0.0, "tileset": "tiles_BEE", "autotile": 1.0 }, "160_480": { "coord": [ 2.0, 1.0 ], "autotile_index": 0.0, "tileset": "tiles_BEE", "autotile": 1.0 }, "32_128": { "coord": [ 4.0, 2.0 ], "autotile_index": 0.0, "tileset": "tiles_BEE", "autotile": 1.0 }, "928_128": { "autotile": 1.0, "autotile_index": 0.0, "tileset": "tiles_BEE", "coord": [ 2.0, 1.0 ] }, "416_480": { "coord": [ 2.0, 1.0 ], "autotile_index": 0.0, "tileset": "tiles_BEE", "autotile": 1.0 }, "288_0": { "coord": [ 2.0, 1.0 ], "autotile_index": 0.0, "tileset": "tiles_BEE", "autotile": 1.0 }, "96_512": { "coord": [ 2.0, 1.0 ], "autotile_index": 0.0, "tileset": "tiles_BEE", "autotile": 1.0 }, "896_512": { "coord": [ 2.0, 1.0 ], "autotile_index": 0.0, "tileset": "tiles_BEE", "autotile": 1.0 }, "544_480": { "coord": [ 2.0, 1.0 ], "autotile_index": 0.0, "tileset": "tiles_BEE", "autotile": 1.0 }, "672_448": { "coord": [ 2.0, 1.0 ], "autotile_index": 0.0, "tileset": "tiles_BEE", "autotile": 1.0 }, "352_416": { "coord": [ 2.0, 0.0 ], "autotile_index": 0.0, "tileset": "tiles_BEE", "autotile": 1.0 }, "512_384": { "autotile": 0.0, "autotile_index": 0.0, "tileset": "tiles_BEE", "coord": [ 5.0, 7.0 ] }, "896_416": { "autotile": 1.0, "autotile_index": 0.0, "tileset": "tiles_BEE", "coord": [ 2.0, 0.0 ] }, "384_512": { "coord": [ 2.0, 1.0 ], "autotile_index": 0.0, "tileset": "tiles_BEE", "autotile": 1.0 }, "416_0": { "coord": [ 2.0, 1.0 ], "autotile_index": 0.0, "tileset": "tiles_BEE", "autotile": 1.0 }, "160_64": { "coord": [ 2.0, 1.0 ], "autotile_index": 0.0, "tileset": "tiles_BEE", "autotile": 1.0 }, "64_512": { "coord": [ 2.0, 1.0 ], "autotile_index": 0.0, "tileset": "tiles_BEE", "autotile": 1.0 }, "32_64": { "coord": [ 2.0, 1.0 ], "autotile_index": 0.0, "tileset": "tiles_BEE", "autotile": 1.0 }, "160_0": { "coord": [ 2.0, 1.0 ], "autotile_index": 0.0, "tileset": "tiles_BEE", "autotile": 1.0 }, "192_64": { "coord": [ 2.0, 1.0 ], "autotile_index": 0.0, "tileset": "tiles_BEE", "autotile": 1.0 }, "640_32": { "autotile": 1.0, "autotile_index": 0.0, "tileset": "tiles_BEE", "coord": [ 2.0, 1.0 ] }, "928_192": { "autotile": 1.0, "autotile_index": 0.0, "tileset": "tiles_BEE", "coord": [ 2.0, 1.0 ] }, "32_192": { "coord": [ 3.0, 1.0 ], "autotile_index": 0.0, "tileset": "tiles_BEE", "autotile": 1.0 }, "672_512": { "coord": [ 2.0, 1.0 ], "autotile_index": 0.0, "tileset": "tiles_BEE", "autotile": 1.0 }, "448_256": { "coord": [ 3.0, 1.0 ], "autotile_index": 0.0, "tileset": "tiles_BEE", "autotile": 1.0 }, "800_64": { "autotile": 1.0, "autotile_index": 0.0, "tileset": "tiles_BEE", "coord": [ 2.0, 1.0 ] }, "288_96": { "coord": [ 2.0, 2.0 ], "autotile_index": 0.0, "tileset": "tiles_BEE", "autotile": 1.0 }, "128_416": { "coord": [ 2.0, 0.0 ], "autotile_index": 0.0, "tileset": "tiles_BEE", "autotile": 1.0 }, "736_512": { "coord": [ 2.0, 1.0 ], "autotile_index": 0.0, "tileset": "tiles_BEE", "autotile": 1.0 }, "0_64": { "coord": [ 2.0, 1.0 ], "autotile_index": 0.0, "tileset": "tiles_BEE", "autotile": 1.0 }, "384_32": { "coord": [ 2.0, 1.0 ], "autotile_index": 0.0, "tileset": "tiles_BEE", "autotile": 1.0 }, "352_0": { "coord": [ 2.0, 1.0 ], "autotile_index": 0.0, "tileset": "tiles_BEE", "autotile": 1.0 }, "448_320": { "coord": [ 3.0, 1.0 ], "autotile_index": 0.0, "tileset": "tiles_BEE", "autotile": 1.0 }, "448_512": { "coord": [ 2.0, 1.0 ], "autotile_index": 0.0, "tileset": "tiles_BEE", "autotile": 1.0 }, "704_480": { "coord": [ 2.0, 1.0 ], "autotile_index": 0.0, "tileset": "tiles_BEE", "autotile": 1.0 }, "640_96": { "autotile": 1.0, "autotile_index": 0.0, "tileset": "tiles_BEE", "coord": [ 2.0, 2.0 ] }, "416_320": { "coord": [ 1.0, 1.0 ], "autotile_index": 0.0, "tileset": "tiles_BEE", "autotile": 1.0 }, "896_64": { "autotile": 1.0, "autotile_index": 0.0, "tileset": "tiles_BEE", "coord": [ 2.0, 1.0 ] }, "192_32": { "coord": [ 2.0, 1.0 ], "autotile_index": 0.0, "tileset": "tiles_BEE", "autotile": 1.0 }, "512_128": { "autotile": 1.0, "autotile_index": 0.0, "tileset": "tiles_BEE", "coord": [ 3.0, 2.0 ] }, "320_416": { "coord": [ 2.0, 0.0 ], "autotile_index": 0.0, "tileset": "tiles_BEE", "autotile": 1.0 }, "704_32": { "autotile": 1.0, "autotile_index": 0.0, "tileset": "tiles_BEE", "coord": [ 2.0, 1.0 ] }, "928_448": { "autotile": 1.0, "autotile_index": 0.0, "tileset": "tiles_BEE", "coord": [ 2.0, 1.0 ] }, "416_128": { "coord": [ 6.0, 2.0 ], "autotile_index": 0.0, "tileset": "tiles_BEE", "autotile": 1.0 }, "864_32": { "autotile": 1.0, "autotile_index": 0.0, "tileset": "tiles_BEE", "coord": [ 2.0, 1.0 ] }, "96_32": { "coord": [ 2.0, 1.0 ], "autotile_index": 0.0, "tileset": "tiles_BEE", "autotile": 1.0 }, "160_32": { "coord": [ 2.0, 1.0 ], "autotile_index": 0.0, "tileset": "tiles_BEE", "autotile": 1.0 }, "320_448": { "coord": [ 2.0, 1.0 ], "autotile_index": 0.0, "tileset": "tiles_BEE", "autotile": 1.0 }, "288_480": { "coord": [ 2.0, 1.0 ], "autotile_index": 0.0, "tileset": "tiles_BEE", "autotile": 1.0 }, "512_96": { "autotile": 1.0, "autotile_index": 0.0, "tileset": "tiles_BEE", "coord": [ 4.0, 2.0 ] }, "128_480": { "coord": [ 2.0, 1.0 ], "autotile_index": 0.0, "tileset": "tiles_BEE", "autotile": 1.0 }, "832_96": { "autotile": 1.0, "autotile_index": 0.0, "tileset": "tiles_BEE", "coord": [ 6.0, 2.0 ] }, "128_512": { "coord": [ 2.0, 1.0 ], "autotile_index": 0.0, "tileset": "tiles_BEE", "autotile": 1.0 }, "384_96": { "coord": [ 2.0, 1.0 ], "autotile_index": 0.0, "tileset": "tiles_BEE", "autotile": 1.0 }, "192_96": { "coord": [ 2.0, 2.0 ], "autotile_index": 0.0, "tileset": "tiles_BEE", "autotile": 1.0 }, "768_416": { "coord": [ 2.0, 0.0 ], "autotile_index": 0.0, "tileset": "tiles_BEE", "autotile": 1.0 }, "256_64": { "coord": [ 2.0, 1.0 ], "autotile_index": 0.0, "tileset": "tiles_BEE", "autotile": 1.0 }, "544_416": { "coord": [ 2.0, 0.0 ], "autotile_index": 0.0, "tileset": "tiles_BEE", "autotile": 1.0 }, "864_0": { "autotile": 1.0, "autotile_index": 0.0, "tileset": "tiles_BEE", "coord": [ 2.0, 1.0 ] }, "64_0": { "coord": [ 2.0, 1.0 ], "autotile_index": 0.0, "tileset": "tiles_BEE", "autotile": 1.0 }, "352_64": { "coord": [ 2.0, 1.0 ], "autotile_index": 0.0, "tileset": "tiles_BEE", "autotile": 1.0 }, "352_512": { "coord": [ 2.0, 1.0 ], "autotile_index": 0.0, "tileset": "tiles_BEE", "autotile": 1.0 }, "480_416": { "coord": [ 2.0, 0.0 ], "autotile_index": 0.0, "tileset": "tiles_BEE", "autotile": 1.0 }, "544_64": { "autotile": 1.0, "autotile_index": 0.0, "tileset": "tiles_BEE", "coord": [ 2.0, 1.0 ] }, "0_416": { "coord": [ 2.0, 0.0 ], "autotile_index": 0.0, "tileset": "tiles_BEE", "autotile": 1.0 }, "64_96": { "coord": [ 2.0, 1.0 ], "autotile_index": 0.0, "tileset": "tiles_BEE", "autotile": 1.0 }, "800_448": { "coord": [ 2.0, 1.0 ], "autotile_index": 0.0, "tileset": "tiles_BEE", "autotile": 1.0 }, "896_96": { "autotile": 1.0, "autotile_index": 0.0, "tileset": "tiles_BEE", "coord": [ 2.0, 1.0 ] }, "896_224": { "autotile": 1.0, "autotile_index": 0.0, "tileset": "tiles_BEE", "coord": [ 1.0, 1.0 ] }, "224_32": { "coord": [ 2.0, 1.0 ], "autotile_index": 0.0, "tileset": "tiles_BEE", "autotile": 1.0 }, "928_0": { "coord": [ 2.0, 1.0 ], "autotile_index": 0.0, "tileset": "tiles_BEE", "autotile": 1.0 }, "384_0": { "coord": [ 2.0, 1.0 ], "autotile_index": 0.0, "tileset": "tiles_BEE", "autotile": 1.0 }, "448_352": { "coord": [ 3.0, 1.0 ], "autotile_index": 0.0, "tileset": "tiles_BEE", "autotile": 1.0 }, "192_0": { "coord": [ 2.0, 1.0 ], "autotile_index": 0.0, "tileset": "tiles_BEE", "autotile": 1.0 }, "576_448": { "coord": [ 2.0, 1.0 ], "autotile_index": 0.0, "tileset": "tiles_BEE", "autotile": 1.0 }, "448_224": { "coord": [ 3.0, 1.0 ], "autotile_index": 0.0, "tileset": "tiles_BEE", "autotile": 1.0 }, "608_0": { "autotile": 1.0, "autotile_index": 0.0, "tileset": "tiles_BEE", "coord": [ 2.0, 1.0 ] }, "704_64": { "autotile": 1.0, "autotile_index": 0.0, "tileset": "tiles_BEE", "coord": [ 2.0, 1.0 ] }, "832_0": { "autotile": 1.0, "autotile_index": 0.0, "tileset": "tiles_BEE", "coord": [ 2.0, 1.0 ] }, "128_448": { "coord": [ 2.0, 1.0 ], "autotile_index": 0.0, "tileset": "tiles_BEE", "autotile": 1.0 }, "64_32": { "coord": [ 2.0, 1.0 ], "autotile_index": 0.0, "tileset": "tiles_BEE", "autotile": 1.0 }, "896_0": { "autotile": 1.0, "autotile_index": 0.0, "tileset": "tiles_BEE", "coord": [ 2.0, 1.0 ] }, "0_512": { "coord": [ 2.0, 1.0 ], "autotile_index": 0.0, "tileset": "tiles_BEE", "autotile": 1.0 }, "256_416": { "coord": [ 2.0, 0.0 ], "autotile_index": 0.0, "tileset": "tiles_BEE", "autotile": 1.0 }, "480_320": { "autotile": 0.0, "autotile_index": 0.0, "tileset": "tiles_BEE", "coord": [ 4.0, 5.0 ] }, "288_64": { "coord": [ 2.0, 1.0 ], "autotile_index": 0.0, "tileset": "tiles_BEE", "autotile": 1.0 }, "512_32": { "autotile": 1.0, "autotile_index": 0.0, "tileset": "tiles_BEE", "coord": [ 2.0, 1.0 ] }, "0_448": { "coord": [ 2.0, 1.0 ], "autotile_index": 0.0, "tileset": "tiles_BEE", "autotile": 1.0 }, "480_480": { "coord": [ 2.0, 1.0 ], "autotile_index": 0.0, "tileset": "tiles_BEE", "autotile": 1.0 }, "384_64": { "coord": [ 2.0, 1.0 ], "autotile_index": 0.0, "tileset": "tiles_BEE", "autotile": 1.0 }, "256_32": { "coord": [ 2.0, 1.0 ], "autotile_index": 0.0, "tileset": "tiles_BEE", "autotile": 1.0 }, "224_96": { "coord": [ 2.0, 2.0 ], "autotile_index": 0.0, "tileset": "tiles_BEE", "autotile": 1.0 }, "640_416": { "coord": [ 2.0, 0.0 ], "autotile_index": 0.0, "tileset": "tiles_BEE", "autotile": 1.0 }, "96_416": { "coord": [ 2.0, 0.0 ], "autotile_index": 0.0, "tileset": "tiles_BEE", "autotile": 1.0 }, "512_0": { "autotile": 1.0, "autotile_index": 0.0, "tileset": "tiles_BEE", "coord": [ 2.0, 1.0 ] }, "352_480": { "coord": [ 2.0, 1.0 ], "autotile_index": 0.0, "tileset": "tiles_BEE", "autotile": 1.0 }, "416_512": { "coord": [ 2.0, 1.0 ], "autotile_index": 0.0, "tileset": "tiles_BEE", "autotile": 1.0 }, "928_160": { "autotile": 1.0, "autotile_index": 0.0, "tileset": "tiles_BEE", "coord": [ 2.0, 1.0 ] }, "928_96": { "autotile": 1.0, "autotile_index": 0.0, "tileset": "tiles_BEE", "coord": [ 2.0, 1.0 ] }, "800_512": { "coord": [ 2.0, 1.0 ], "autotile_index": 0.0, "tileset": "tiles_BEE", "autotile": 1.0 }, "576_512": { "coord": [ 2.0, 1.0 ], "autotile_index": 0.0, "tileset": "tiles_BEE", "autotile": 1.0 }, "0_32": { "coord": [ 2.0, 1.0 ], "autotile_index": 0.0, "tileset": "tiles_BEE", "autotile": 1.0 }, "448_0": { "coord": [ 2.0, 1.0 ], "autotile_index": 0.0, "tileset": "tiles_BEE", "autotile": 1.0 }, "352_32": { "coord": [ 2.0, 1.0 ], "autotile_index": 0.0, "tileset": "tiles_BEE", "autotile": 1.0 }, "480_512": { "coord": [ 2.0, 1.0 ], "autotile_index": 0.0, "tileset": "tiles_BEE", "autotile": 1.0 }, "512_352": { "autotile": 0.0, "autotile_index": 0.0, "tileset": "tiles_BEE", "coord": [ 5.0, 6.0 ] }, "768_0": { "autotile": 1.0, "autotile_index": 0.0, "tileset": "tiles_BEE", "coord": [ 2.0, 1.0 ] }, "864_448": { "autotile": 1.0, "autotile_index": 0.0, "tileset": "tiles_BEE", "coord": [ 2.0, 1.0 ] }, "928_32": { "autotile": 1.0, "autotile_index": 0.0, "tileset": "tiles_BEE", "coord": [ 2.0, 1.0 ] }, "864_128": { "autotile": 1.0, "autotile_index": 0.0, "tileset": "tiles_BEE", "coord": [ 2.0, 2.0 ] }, "448_480": { "coord": [ 2.0, 1.0 ], "autotile_index": 0.0, "tileset": "tiles_BEE", "autotile": 1.0 }, "864_64": { "autotile": 1.0, "autotile_index": 0.0, "tileset": "tiles_BEE", "coord": [ 2.0, 1.0 ] }, "576_96": { "autotile": 1.0, "autotile_index": 0.0, "tileset": "tiles_BEE", "coord": [ 2.0, 2.0 ] }, "160_416": { "coord": [ 2.0, 0.0 ], "autotile_index": 0.0, "tileset": "tiles_BEE", "autotile": 1.0 }, "128_32": { "coord": [ 2.0, 1.0 ], "autotile_index": 0.0, "tileset": "tiles_BEE", "autotile": 1.0 }, "416_224": { "coord": [ 1.0, 1.0 ], "autotile_index": 0.0, "tileset": "tiles_BEE", "autotile": 1.0 }, "704_96": { "autotile": 1.0, "autotile_index": 0.0, "tileset": "tiles_BEE", "coord": [ 2.0, 2.0 ] }, "448_448": { "coord": [ 2.0, 1.0 ], "autotile_index": 0.0, "tileset": "tiles_BEE", "autotile": 1.0 }, "608_96": { "autotile": 1.0, "autotile_index": 0.0, "tileset": "tiles_BEE", "coord": [ 2.0, 2.0 ] }, "256_0": { "coord": [ 2.0, 1.0 ], "autotile_index": 0.0, "tileset": "tiles_BEE", "autotile": 1.0 }, "224_480": { "coord": [ 2.0, 1.0 ], "autotile_index": 0.0, "tileset": "tiles_BEE", "autotile": 1.0 }, "608_32": { "autotile": 1.0, "autotile_index": 0.0, "tileset": "tiles_BEE", "coord": [ 2.0, 1.0 ] }, "832_64": { "autotile": 1.0, "autotile_index": 0.0, "tileset": "tiles_BEE", "coord": [ 2.0, 1.0 ] }, "96_448": { "coord": [ 2.0, 1.0 ], "autotile_index": 0.0, "tileset": "tiles_BEE", "autotile": 1.0 }, "736_416": { "coord": [ 2.0, 0.0 ], "autotile_index": 0.0, "tileset": "tiles_BEE", "autotile": 1.0 }, "448_32": { "coord": [ 2.0, 1.0 ], "autotile_index": 0.0, "tileset": "tiles_BEE", "autotile": 1.0 }, "224_448": { "coord": [ 2.0, 1.0 ], "autotile_index": 0.0, "tileset": "tiles_BEE", "autotile": 1.0 }, "512_320": { "autotile": 0.0, "autotile_index": 0.0, "tileset": "tiles_BEE", "coord": [ 5.0, 5.0 ] }, "416_352": { "coord": [ 1.0, 1.0 ], "autotile_index": 0.0, "tileset": "tiles_BEE", "autotile": 1.0 }, "928_224": { "autotile": 1.0, "autotile_index": 0.0, "tileset": "tiles_BEE", "coord": [ 2.0, 1.0 ] }, "448_160": { "coord": [ 3.0, 1.0 ], "autotile_index": 0.0, "tileset": "tiles_BEE", "autotile": 1.0 }, "672_96": { "autotile": 1.0, "autotile_index": 0.0, "tileset": "tiles_BEE", "coord": [ 2.0, 2.0 ] }, "608_64": { "autotile": 1.0, "autotile_index": 0.0, "tileset": "tiles_BEE", "coord": [ 2.0, 1.0 ] }, "896_256": { "autotile": 1.0, "autotile_index": 0.0, "tileset": "tiles_BEE", "coord": [ 1.0, 2.0 ] }, "896_480": { "coord": [ 2.0, 1.0 ], "autotile_index": 0.0, "tileset": "tiles_BEE", "autotile": 1.0 }, "832_512": { "coord": [ 2.0, 1.0 ], "autotile_index": 0.0, "tileset": "tiles_BEE", "autotile": 1.0 }, "384_448": { "coord": [ 2.0, 1.0 ], "autotile_index": 0.0, "tileset": "tiles_BEE", "autotile": 1.0 }, "672_32": { "autotile": 1.0, "autotile_index": 0.0, "tileset": "tiles_BEE", "coord": [ 2.0, 1.0 ] }, "448_384": { "coord": [ 3.0, 1.0 ], "autotile_index": 0.0, "tileset": "tiles_BEE", "autotile": 1.0 }, "416_256": { "coord": [ 1.0, 1.0 ], "autotile_index": 0.0, "tileset": "tiles_BEE", "autotile": 1.0 }, "288_448": { "coord": [ 2.0, 1.0 ], "autotile_index": 0.0, "tileset": "tiles_BEE", "autotile": 1.0 }, "0_0": { "coord": [ 2.0, 1.0 ], "autotile_index": 0.0, "tileset": "tiles_BEE", "autotile": 1.0 }, "288_32": { "coord": [ 2.0, 1.0 ], "autotile_index": 0.0, "tileset": "tiles_BEE", "autotile": 1.0 }, "288_512": { "coord": [ 2.0, 1.0 ], "autotile_index": 0.0, "tileset": "tiles_BEE", "autotile": 1.0 }, "768_512": { "coord": [ 2.0, 1.0 ], "autotile_index": 0.0, "tileset": "tiles_BEE", "autotile": 1.0 }, "320_512": { "coord": [ 2.0, 1.0 ], "autotile_index": 0.0, "tileset": "tiles_BEE", "autotile": 1.0 }, "544_0": { "autotile": 1.0, "autotile_index": 0.0, "tileset": "tiles_BEE", "coord": [ 2.0, 1.0 ] }, "736_480": { "coord": [ 2.0, 1.0 ], "autotile_index": 0.0, "tileset": "tiles_BEE", "autotile": 1.0 }, "64_448": { "coord": [ 2.0, 1.0 ], "autotile_index": 0.0, "tileset": "tiles_BEE", "autotile": 1.0 }, "0_96": { "coord": [ 2.0, 1.0 ], "autotile_index": 0.0, "tileset": "tiles_BEE", "autotile": 1.0 }, "480_96": { "autotile": 1.0, "autotile_index": 0.0, "tileset": "tiles_BEE", "coord": [ 2.0, 1.0 ] }, "160_96": { "coord": [ 2.0, 2.0 ], "autotile_index": 0.0, "tileset": "tiles_BEE", "autotile": 1.0 }, "0_480": { "coord": [ 2.0, 1.0 ], "autotile_index": 0.0, "tileset": "tiles_BEE", "autotile": 1.0 }, "672_0": { "autotile": 1.0, "autotile_index": 0.0, "tileset": "tiles_BEE", "coord": [ 2.0, 1.0 ] }, "448_96": { "coord": [ 2.0, 1.0 ], "autotile_index": 0.0, "tileset": "tiles_BEE", "autotile": 1.0 }, "320_96": { "coord": [ 2.0, 2.0 ], "autotile_index": 0.0, "tileset": "tiles_BEE", "autotile": 1.0 }, "96_128": { "coord": [ 3.0, 2.0 ], "autotile_index": 0.0, "tileset": "tiles_BEE", "autotile": 1.0 }, "448_416": { "coord": [ 4.0, 4.0 ], "autotile_index": 0.0, "tileset": "tiles_BEE", "autotile": 1.0 }, "0_256": { "coord": [ 2.0, 2.0 ], "autotile_index": 0.0, "tileset": "tiles_BEE", "autotile": 1.0 }, "160_448": { "coord": [ 2.0, 1.0 ], "autotile_index": 0.0, "tileset": "tiles_BEE", "autotile": 1.0 }, "192_448": { "coord": [ 2.0, 1.0 ], "autotile_index": 0.0, "tileset": "tiles_BEE", "autotile": 1.0 }, "576_480": { "coord": [ 2.0, 1.0 ], "autotile_index": 0.0, "tileset": "tiles_BEE", "autotile": 1.0 }, "96_0": { "coord": [ 2.0, 1.0 ], "autotile_index": 0.0, "tileset": "tiles_BEE", "autotile": 1.0 }, "32_32": { "coord": [ 2.0, 1.0 ], "autotile_index": 0.0, "tileset": "tiles_BEE", "autotile": 1.0 }, "800_96": { "autotile": 1.0, "autotile_index": 0.0, "tileset": "tiles_BEE", "coord": [ 2.0, 2.0 ] }, "800_416": { "coord": [ 2.0, 0.0 ], "autotile_index": 0.0, "tileset": "tiles_BEE", "autotile": 1.0 }, "864_416": { "autotile": 1.0, "autotile_index": 0.0, "tileset": "tiles_BEE", "coord": [ 2.0, 0.0 ] }, "32_512": { "coord": [ 2.0, 1.0 ], "autotile_index": 0.0, "tileset": "tiles_BEE", "autotile": 1.0 }, "32_416": { "coord": [ 2.0, 0.0 ], "autotile_index": 0.0, "tileset": "tiles_BEE", "autotile": 1.0 }, "736_64": { "autotile": 1.0, "autotile_index": 0.0, "tileset": "tiles_BEE", "coord": [ 2.0, 1.0 ] }, "640_512": { "coord": [ 2.0, 1.0 ], "autotile_index": 0.0, "tileset": "tiles_BEE", "autotile": 1.0 }, "480_32": { "autotile": 1.0, "autotile_index": 0.0, "tileset": "tiles_BEE", "coord": [ 2.0, 1.0 ] }, "736_448": { "coord": [ 2.0, 1.0 ], "autotile_index": 0.0, "tileset": "tiles_BEE", "autotile": 1.0 }, "768_32": { "autotile": 1.0, "autotile_index": 0.0, "tileset": "tiles_BEE", "coord": [ 2.0, 1.0 ] }, "448_64": { "coord": [ 2.0, 1.0 ], "autotile_index": 0.0, "tileset": "tiles_BEE", "autotile": 1.0 }, "704_0": { "autotile": 1.0, "autotile_index": 0.0, "tileset": "tiles_BEE", "coord": [ 2.0, 1.0 ] }, "672_480": { "coord": [ 2.0, 1.0 ], "autotile_index": 0.0, "tileset": "tiles_BEE", "autotile": 1.0 }, "896_448": { "autotile": 1.0, "autotile_index": 0.0, "tileset": "tiles_BEE", "coord": [ 2.0, 1.0 ] }, "512_512": { "coord": [ 2.0, 1.0 ], "autotile_index": 0.0, "tileset": "tiles_BEE", "autotile": 1.0 }, "32_224": { "coord": [ 3.0, 1.0 ], "autotile_index": 0.0, "tileset": "tiles_BEE", "autotile": 1.0 }, "416_192": { "coord": [ 1.0, 1.0 ], "autotile_index": 0.0, "tileset": "tiles_BEE", "autotile": 1.0 }, "416_64": { "coord": [ 2.0, 1.0 ], "autotile_index": 0.0, "tileset": "tiles_BEE", "autotile": 1.0 }, "544_512": { "coord": [ 2.0, 1.0 ], "autotile_index": 0.0, "tileset": "tiles_BEE", "autotile": 1.0 }, "768_448": { "coord": [ 2.0, 1.0 ], "autotile_index": 0.0, "tileset": "tiles_BEE", "autotile": 1.0 }, "32_256": { "coord": [ 3.0, 2.0 ], "autotile_index": 0.0, "tileset": "tiles_BEE", "autotile": 1.0 }, "224_64": { "coord": [ 2.0, 1.0 ], "autotile_index": 0.0, "tileset": "tiles_BEE", "autotile": 1.0 }, "0_128": { "coord": [ 2.0, 1.0 ], "autotile_index": 0.0, "tileset": "tiles_BEE", "autotile": 1.0 }, "928_416": { "autotile": 1.0, "autotile_index": 0.0, "tileset": "tiles_BEE", "coord": [ 2.0, 0.0 ] }, "512_416": { "coord": [ 2.0, 0.0 ], "autotile_index": 0.0, "tileset": "tiles_BEE", "autotile": 1.0 }, "544_96": { "autotile": 1.0, "autotile_index": 0.0, "tileset": "tiles_BEE", "coord": [ 2.0, 2.0 ] }, "32_480": { "coord": [ 2.0, 1.0 ], "autotile_index": 0.0, "tileset": "tiles_BEE", "autotile": 1.0 }, "640_0": { "autotile": 1.0, "autotile_index": 0.0, "tileset": "tiles_BEE", "coord": [ 2.0, 1.0 ] }, "32_96": { "coord": [ 2.0, 1.0 ], "autotile_index": 0.0, "tileset": "tiles_BEE", "autotile": 1.0 }, "608_480": { "coord": [ 2.0, 1.0 ], "autotile_index": 0.0, "tileset": "tiles_BEE", "autotile": 1.0 }, "864_96": { "autotile": 1.0, "autotile_index": 0.0, "tileset": "tiles_BEE", "coord": [ 2.0, 1.0 ] }, "800_0": { "autotile": 1.0, "autotile_index": 0.0, "tileset": "tiles_BEE", "coord": [ 2.0, 1.0 ] }, "832_480": { "coord": [ 2.0, 1.0 ], "autotile_index": 0.0, "tileset": "tiles_BEE", "autotile": 1.0 }, "448_128": { "coord": [ 4.0, 2.0 ], "autotile_index": 0.0, "tileset": "tiles_BEE", "autotile": 1.0 }, "928_256": { "autotile": 1.0, "autotile_index": 0.0, "tileset": "tiles_BEE", "coord": [ 2.0, 2.0 ] }, "544_448": { "coord": [ 2.0, 1.0 ], "autotile_index": 0.0, "tileset": "tiles_BEE", "autotile": 1.0 }, "352_448": { "coord": [ 2.0, 1.0 ], "autotile_index": 0.0, "tileset": "tiles_BEE", "autotile": 1.0 }, "480_128": { "autotile": 1.0, "autotile_index": 0.0, "tileset": "tiles_BEE", "coord": [ 2.0, 2.0 ] }, "64_416": { "coord": [ 2.0, 0.0 ], "autotile_index": 0.0, "tileset": "tiles_BEE", "autotile": 1.0 }, "480_64": { "autotile": 1.0, "autotile_index": 0.0, "tileset": "tiles_BEE", "coord": [ 2.0, 1.0 ] }, "0_192": { "coord": [ 2.0, 1.0 ], "autotile_index": 0.0, "tileset": "tiles_BEE", "autotile": 1.0 }, "704_448": { "coord": [ 2.0, 1.0 ], "autotile_index": 0.0, "tileset": "tiles_BEE", "autotile": 1.0 }, "800_32": { "autotile": 1.0, "autotile_index": 0.0, "tileset": "tiles_BEE", "coord": [ 2.0, 1.0 ] }, "96_96": { "coord": [ 4.0, 2.0 ], "autotile_index": 0.0, "tileset": "tiles_BEE", "autotile": 1.0 }, "896_128": { "autotile": 1.0, "autotile_index": 0.0, "tileset": "tiles_BEE", "coord": [ 6.0, 2.0 ] }, "256_448": { "coord": [ 2.0, 1.0 ], "autotile_index": 0.0, "tileset": "tiles_BEE", "autotile": 1.0 }, "672_64": { "autotile": 1.0, "autotile_index": 0.0, "tileset": "tiles_BEE", "coord": [ 2.0, 1.0 ] }, "576_64": { "autotile": 1.0, "autotile_index": 0.0, "tileset": "tiles_BEE", "coord": [ 2.0, 1.0 ] }, "576_416": { "coord": [ 2.0, 0.0 ], "autotile_index": 0.0, "tileset": "tiles_BEE", "autotile": 1.0 }, "896_192": { "autotile": 1.0, "autotile_index": 0.0, "tileset": "tiles_BEE", "coord": [ 1.0, 1.0 ] }, "736_32": { "autotile": 1.0, "autotile_index": 0.0, "tileset": "tiles_BEE", "coord": [ 2.0, 1.0 ] }, "768_64": { "autotile": 1.0, "autotile_index": 0.0, "tileset": "tiles_BEE", "coord": [ 2.0, 1.0 ] }, "512_64": { "autotile": 1.0, "autotile_index": 0.0, "tileset": "tiles_BEE", "coord": [ 2.0, 1.0 ] }, "320_64": { "coord": [ 2.0, 1.0 ], "autotile_index": 0.0, "tileset": "tiles_BEE", "autotile": 1.0 }, "480_448": { "coord": [ 2.0, 1.0 ], "autotile_index": 0.0, "tileset": "tiles_BEE", "autotile": 1.0 }, "896_160": { "autotile": 1.0, "autotile_index": 0.0, "tileset": "tiles_BEE", "coord": [ 1.0, 1.0 ] }, "480_0": { "autotile": 1.0, "autotile_index": 0.0, "tileset": "tiles_BEE", "coord": [ 2.0, 1.0 ] }, "192_512": { "coord": [ 2.0, 1.0 ], "autotile_index": 0.0, "tileset": "tiles_BEE", "autotile": 1.0 }, "320_32": { "coord": [ 2.0, 1.0 ], "autotile_index": 0.0, "tileset": "tiles_BEE", "autotile": 1.0 }, "736_0": { "autotile": 1.0, "autotile_index": 0.0, "tileset": "tiles_BEE", "coord": [ 2.0, 1.0 ] }, "800_480": { "coord": [ 2.0, 1.0 ], "autotile_index": 0.0, "tileset": "tiles_BEE", "autotile": 1.0 }, "544_32": { "autotile": 1.0, "autotile_index": 0.0, "tileset": "tiles_BEE", "coord": [ 2.0, 1.0 ] }, "672_416": { "coord": [ 2.0, 0.0 ], "autotile_index": 0.0, "tileset": "tiles_BEE", "autotile": 1.0 }, "384_480": { "coord": [ 2.0, 1.0 ], "autotile_index": 0.0, "tileset": "tiles_BEE", "autotile": 1.0 }, "928_480": { "coord": [ 2.0, 1.0 ], "autotile_index": 0.0, "tileset": "tiles_BEE", "autotile": 1.0 }, "416_288": { "coord": [ 1.0, 1.0 ], "autotile_index": 0.0, "tileset": "tiles_BEE", "autotile": 1.0 }, "416_416": { "coord": [ 6.0, 4.0 ], "autotile_index": 0.0, "tileset": "tiles_BEE", "autotile": 1.0 }, "608_448": { "coord": [ 2.0, 1.0 ], "autotile_index": 0.0, "tileset": "tiles_BEE", "autotile": 1.0 }, "224_512": { "coord": [ 2.0, 1.0 ], "autotile_index": 0.0, "tileset": "tiles_BEE", "autotile": 1.0 }, "320_0": { "coord": [ 2.0, 1.0 ], "autotile_index": 0.0, "tileset": "tiles_BEE", "autotile": 1.0 }, "96_480": { "coord": [ 2.0, 1.0 ], "autotile_index": 0.0, "tileset": "tiles_BEE", "autotile": 1.0 }, "352_128": { "coord": [ 1.0, 2.0 ], "autotile_index": 0.0, "tileset": "tiles_BEE", "autotile": 1.0 }, "384_128": { "coord": [ 2.0, 2.0 ], "autotile_index": 0.0, "tileset": "tiles_BEE", "autotile": 1.0 }, "320_480": { "coord": [ 2.0, 1.0 ], "autotile_index": 0.0, "tileset": "tiles_BEE", "autotile": 1.0 }, "352_96": { "coord": [ 6.0, 2.0 ], "autotile_index": 0.0, "tileset": "tiles_BEE", "autotile": 1.0 }, "416_384": { "coord": [ 1.0, 1.0 ], "autotile_index": 0.0, "tileset": "tiles_BEE", "autotile": 1.0 }, "256_512": { "coord": [ 2.0, 1.0 ], "autotile_index": 0.0, "tileset": "tiles_BEE", "autotile": 1.0 }, "64_128": { "coord": [ 2.0, 2.0 ], "autotile_index": 0.0, "tileset": "tiles_BEE", "autotile": 1.0 }, "864_512": { "coord": [ 2.0, 1.0 ], "autotile_index": 0.0, "tileset": "tiles_BEE", "autotile": 1.0 }, "928_64": { "autotile": 1.0, "autotile_index": 0.0, "tileset": "tiles_BEE", "coord": [ 2.0, 1.0 ] }, "416_160": { "coord": [ 1.0, 1.0 ], "autotile_index": 0.0, "tileset": "tiles_BEE", "autotile": 1.0 }, "832_448": { "autotile": 1.0, "autotile_index": 0.0, "tileset": "tiles_BEE", "coord": [ 2.0, 1.0 ] }, "256_96": { "coord": [ 2.0, 2.0 ], "autotile_index": 0.0, "tileset": "tiles_BEE", "autotile": 1.0 }, "256_480": { "coord": [ 2.0, 1.0 ], "autotile_index": 0.0, "tileset": "tiles_BEE", "autotile": 1.0 }, "448_192": { "coord": [ 3.0, 1.0 ], "autotile_index": 0.0, "tileset": "tiles_BEE", "autotile": 1.0 }, "224_0": { "coord": [ 2.0, 1.0 ], "autotile_index": 0.0, "tileset": "tiles_BEE", "autotile": 1.0 }, "768_96": { "autotile": 1.0, "autotile_index": 0.0, "tileset": "tiles_BEE", "coord": [ 2.0, 2.0 ] }, "192_416": { "coord": [ 2.0, 0.0 ], "autotile_index": 0.0, "tileset": "tiles_BEE", "autotile": 1.0 }, "128_96": { "coord": [ 2.0, 2.0 ], "autotile_index": 0.0, "tileset": "tiles_BEE", "autotile": 1.0 }, "32_448": { "coord": [ 2.0, 1.0 ], "autotile_index": 0.0, "tileset": "tiles_BEE", "autotile": 1.0 }, "32_0": { "coord": [ 2.0, 1.0 ], "autotile_index": 0.0, "tileset": "tiles_BEE", "autotile": 1.0 }, "704_512": { "coord": [ 2.0, 1.0 ], "autotile_index": 0.0, "tileset": "tiles_BEE", "autotile": 1.0 }, "288_416": { "coord": [ 2.0, 0.0 ], "autotile_index": 0.0, "tileset": "tiles_BEE", "autotile": 1.0 }, "704_416": { "coord": [ 2.0, 0.0 ], "autotile_index": 0.0, "tileset": "tiles_BEE", "autotile": 1.0 }, "576_32": { "autotile": 1.0, "autotile_index": 0.0, "tileset": "tiles_BEE", "coord": [ 2.0, 1.0 ] }, "640_64": { "autotile": 1.0, "autotile_index": 0.0, "tileset": "tiles_BEE", "coord": [ 2.0, 1.0 ] }, "64_480": { "coord": [ 2.0, 1.0 ], "autotile_index": 0.0, "tileset": "tiles_BEE", "autotile": 1.0 }, "640_480": { "coord": [ 2.0, 1.0 ], "autotile_index": 0.0, "tileset": "tiles_BEE", "autotile": 1.0 }, "608_416": { "coord": [ 2.0, 0.0 ], "autotile_index": 0.0, "tileset": "tiles_BEE", "autotile": 1.0 }, "832_128": { "autotile": 1.0, "autotile_index": 0.0, "tileset": "tiles_BEE", "coord": [ 1.0, 2.0 ] }, "480_384": { "autotile": 0.0, "autotile_index": 0.0, "tileset": "tiles_BEE", "coord": [ 4.0, 7.0 ] }, "576_0": { "autotile": 1.0, "autotile_index": 0.0, "tileset": "tiles_BEE", "coord": [ 2.0, 1.0 ] }, "128_0": { "coord": [ 2.0, 1.0 ], "autotile_index": 0.0, "tileset": "tiles_BEE", "autotile": 1.0 }, "384_416": { "coord": [ 2.0, 0.0 ], "autotile_index": 0.0, "tileset": "tiles_BEE", "autotile": 1.0 }, "416_96": { "coord": [ 2.0, 1.0 ], "autotile_index": 0.0, "tileset": "tiles_BEE", "autotile": 1.0 }, "0_160": { "coord": [ 2.0, 1.0 ], "autotile_index": 0.0, "tileset": "tiles_BEE", "autotile": 1.0 }, "224_416": { "coord": [ 2.0, 0.0 ], "autotile_index": 0.0, "tileset": "tiles_BEE", "autotile": 1.0 }, "192_480": { "coord": [ 2.0, 1.0 ], "autotile_index": 0.0, "tileset": "tiles_BEE", "autotile": 1.0 }, "864_480": { "coord": [ 2.0, 1.0 ], "autotile_index": 0.0, "tileset": "tiles_BEE", "autotile": 1.0 }, "480_352": { "autotile": 0.0, "autotile_index": 0.0, "tileset": "tiles_BEE", "coord": [ 4.0, 6.0 ] }, "32_160": { "coord": [ 3.0, 1.0 ], "autotile_index": 0.0, "tileset": "tiles_BEE", "autotile": 1.0 }, "832_416": { "autotile": 1.0, "autotile_index": 0.0, "tileset": "tiles_BEE", "coord": [ 2.0, 0.0 ] }, "512_480": { "coord": [ 2.0, 1.0 ], "autotile_index": 0.0, "tileset": "tiles_BEE", "autotile": 1.0 }, "416_32": { "coord": [ 2.0, 1.0 ], "autotile_index": 0.0, "tileset": "tiles_BEE", "autotile": 1.0 }, "608_512": { "coord": [ 2.0, 1.0 ], "autotile_index": 0.0, "tileset": "tiles_BEE", "autotile": 1.0 }, "512_448": { "coord": [ 2.0, 1.0 ], "autotile_index": 0.0, "tileset": "tiles_BEE", "autotile": 1.0 }, "928_512": { "coord": [ 2.0, 1.0 ], "autotile_index": 0.0, "tileset": "tiles_BEE", "autotile": 1.0 } } }, "backgrounds": { "5": { "x": 0.0, "scroll_x": 0.75, "tile_y": 1.0, "hspeed": 0.0, "scroll_y": 0.75, "panic_sprite": -1.0, "y": 0.0, "sprite": "honeycom-pattern-background-2-cover", "tile_x": 1.0, "vspeed": 0.0, "image_speed": 15.0 } }, "properties": { "song": "FUCK_BEES_Remastered__getmp3.pro_", "roomX": 0.0, "levelWidth": 960.0, "roomY": 0.0, "levelHeight": 540.0, "songTransitionTime": 100.0 } }