{ "editorVersion": 5.0, "instances": [ { "layer": 0.0, "deleted": 0.0, "variables": { "x": 480.0, "flipX": 0.0, "y": 864.0, "flipY": 0.0 }, "object": 598.0 }, { "layer": 0.0, "deleted": 0.0, "variables": { "x": 704.0, "flipX": 0.0, "y": 704.0, "flipY": 0.0 }, "object": 598.0 }, { "layer": 0.0, "deleted": 0.0, "variables": { "x": 864.0, "y": 832.0, "targetRoom": "john", "image_xscale": 1.0, "image_yscale": 1.0, "flipX": 1.0, "flipY": 0.0 }, "object": 440.0 }, { "layer": 0.0, "deleted": 0.0, "variables": { "x": 128.0, "y": 192.0, "targetRoom": "main", "image_xscale": 1.0, "image_yscale": 1.0, "flipX": 0.0, "flipY": 0.0 }, "object": 800.0 }, { "layer": 0.0, "deleted": 0.0, "variables": { "x": 128.0, "flipX": 0.0, "y": 128.0, "flipY": 0.0 }, "object": 908.0 }, { "layer": 0.0, "deleted": 0.0, "variables": { "x": 64.0, "y": 224.0, "image_xscale": 10.0, "image_yscale": 4.0, "flipX": 0.0, "flipY": 0.0 }, "object": 517.0 }, { "layer": 0.0, "deleted": 0.0, "variables": { "x": 480.0, "y": 480.0, "image_xscale": 13.0, "image_yscale": 7.0, "flipX": 0.0, "flipY": 0.0 }, "object": 517.0 }, { "layer": 0.0, "deleted": 0.0, "variables": { "x": 736.0, "y": 352.0, "image_xscale": 5.0, "image_yscale": 4.0, "flipX": 0.0, "flipY": 0.0 }, "object": 517.0 }, { "layer": 0.0, "deleted": 0.0, "variables": { "x": 896.0, "y": 0.0, "image_xscale": 4.0, "image_yscale": 33.0, "flipX": 0.0, "flipY": 0.0 }, "object": 517.0 }, { "layer": 0.0, "deleted": 0.0, "variables": { "x": 320.0, "y": 928.0, "image_xscale": 18.0, "image_yscale": 4.0, "flipX": 0.0, "flipY": 0.0 }, "object": 517.0 }, { "layer": 0.0, "deleted": 0.0, "variables": { "x": -64.0, "y": 0.0, "image_xscale": 4.0, "image_yscale": 33.0, "flipX": 0.0, "flipY": 0.0 }, "object": 517.0 }, { "layer": 0.0, "deleted": 0.0, "variables": { "x": 64.0, "y": 0.0, "image_xscale": 26.0, "image_yscale": 2.0, "flipX": 0.0, "flipY": 0.0 }, "object": 517.0 }, { "layer": 0.0, "deleted": 0.0, "variables": { "x": 672.0, "y": 768.0, "image_xscale": 3.0, "image_yscale": 5.0, "flipX": 0.0, "flipY": 0.0 }, "object": 517.0 }, { "layer": 0.0, "deleted": 0.0, "variables": { "x": 640.0, "flipX": 0.0, "y": 896.0, "flipY": 0.0 }, "object": 516.0 }, { "layer": 0.0, "deleted": 0.0, "variables": { "x": 480.0, "y": 704.0, "image_xscale": 2.0, "image_yscale": 5.0, "flipX": 0.0, "flipY": 0.0 }, "object": 517.0 }, { "layer": 0.0, "deleted": 0.0, "variables": { "x": 64.0, "y": 608.0, "image_xscale": 6.0, "image_yscale": 2.0, "flipX": 0.0, "flipY": 0.0 }, "object": 517.0 }, { "layer": 0.0, "deleted": 0.0, "variables": { "x": 320.0, "y": 480.0, "image_xscale": 5.0, "image_yscale": 1.0, "flipX": 0.0, "flipY": 0.0 }, "object": 722.0 }, { "layer": 0.0, "deleted": 0.0, "variables": { "x": 480.0, "y": 352.0, "image_xscale": 8.0, "image_yscale": 4.0, "flipX": 0.0, "flipY": 0.0 }, "object": 516.0 }, { "layer": 0.0, "deleted": 0.0, "variables": { "x": 320.0, "flipX": 0.0, "y": 416.0, "flipY": 0.0 }, "object": 598.0 }, { "layer": 0.0, "deleted": 0.0, "variables": { "x": 320.0, "flipX": 0.0, "y": 352.0, "flipY": 0.0 }, "object": 598.0 }, { "layer": 0.0, "deleted": 0.0, "variables": { "x": 64.0, "y": 960.0, "image_xscale": 8.0, "image_yscale": 3.0, "flipX": 0.0, "flipY": 0.0 }, "object": 517.0 }, { "layer": 0.0, "deleted": 0.0, "variables": { "x": 832.0, "flipX": 1.0, "y": 305.5, "flipY": 0.0 }, "object": 665.0 }, { "layer": 0.0, "deleted": 0.0, "variables": { "x": 128.0, "y": 562.5, "image_xscale": 1.0, "image_yscale": 1.0, "escape": "true", "flipX": 0.0, "flipY": 0.0 }, "object": 676.0 }, { "layer": 0.0, "deleted": 0.0, "variables": { "x": 448.0, "flipX": 0.0, "y": 433.5, "flipY": 0.0 }, "object": 687.0 }, { "layer": 0.0, "deleted": 0.0, "variables": { "x": 736.0, "y": 306.5, "image_xscale": 1.0, "image_yscale": 1.0, "escape": "true", "flipX": 1.0, "flipY": 0.0 }, "object": 688.0 }, { "layer": 0.0, "deleted": 0.0, "variables": { "x": 256.0, "y": 800.0, "image_xscale": 7.0, "image_yscale": 2.0, "flipX": 1.0, "flipY": 0.0 }, "object": 517.0 }, { "layer": 0.0, "deleted": 0.0, "variables": { "x": 416.0, "flipX": 1.0, "y": 754.5, "flipY": 0.0 }, "object": 656.0 }, { "layer": 0.0, "deleted": 0.0, "variables": { "x": 544.0, "flipX": 1.0, "y": 896.0, "flipY": 0.0 }, "object": 11.0 }, { "layer": 0.0, "deleted": 0.0, "variables": { "x": 576.0, "flipX": 1.0, "y": 896.0, "flipY": 0.0 }, "object": 11.0 }, { "layer": 0.0, "deleted": 0.0, "variables": { "x": 608.0, "flipX": 1.0, "y": 896.0, "flipY": 0.0 }, "object": 11.0 }, { "layer": 0.0, "deleted": 0.0, "variables": { "x": 640.0, "flipX": 1.0, "y": 864.0, "flipY": 0.0 }, "object": 11.0 }, { "layer": 0.0, "deleted": 0.0, "variables": { "x": 640.0, "flipX": 1.0, "y": 832.0, "flipY": 0.0 }, "object": 11.0 }, { "layer": 0.0, "deleted": 0.0, "variables": { "x": 640.0, "flipX": 1.0, "y": 800.0, "flipY": 0.0 }, "object": 11.0 }, { "layer": 0.0, "deleted": 0.0, "variables": { "x": 512.0, "flipX": 1.0, "y": 416.0, "flipY": 0.0 }, "object": 752.0 }, { "layer": 0.0, "deleted": 0.0, "variables": { "x": 576.0, "flipX": 1.0, "y": 384.0, "flipY": 0.0 }, "object": 752.0 }, { "layer": 0.0, "deleted": 0.0, "variables": { "x": 640.0, "flipX": 1.0, "y": 352.0, "flipY": 0.0 }, "object": 752.0 }, { "layer": 0.0, "deleted": 0.0, "variables": { "x": 256.0, "y": 928.0, "image_xscale": 2.0, "image_yscale": 1.0, "flipX": 0.0, "flipY": 0.0 }, "object": 516.0 } ], "tile_data": { "5": { "960_320": { "autotile": 1.0, "autotile_index": 0.0, "tileset": "tiles_BEE", "coord": [ 2.0, 1.0 ] }, "960_352": { "autotile": 1.0, "autotile_index": 0.0, "tileset": "tiles_BEE", "coord": [ 2.0, 1.0 ] }, "960_896": { "autotile": 1.0, "autotile_index": 0.0, "tileset": "tiles_BEE", "coord": [ 2.0, 1.0 ] }, "800_992": { "autotile": 1.0, "autotile_index": 0.0, "tileset": "tiles_BEE", "coord": [ 2.0, 1.0 ] }, "32_672": { "coord": [ 3.0, 2.0 ], "autotile_index": 0.0, "tileset": "tile_medieval", "autotile": 1.0 }, "288_736": { "coord": [ 11.0, 1.0 ], "autotile_index": 0.0, "tileset": "tile_tower", "autotile": 0.0 }, "160_1024": { "autotile": 1.0, "autotile_index": 0.0, "tileset": "tiles_BEE", "coord": [ 2.0, 1.0 ] }, "960_800": { "autotile": 1.0, "autotile_index": 0.0, "tileset": "tiles_BEE", "coord": [ 2.0, 1.0 ] }, "544_960": { "autotile": 1.0, "autotile_index": 0.0, "tileset": "tiles_BEE", "coord": [ 2.0, 1.0 ] }, "928_416": { "autotile": 1.0, "autotile_index": 0.0, "tileset": "tiles_BEE", "coord": [ 2.0, 1.0 ] }, "800_480": { "autotile": 1.0, "autotile_index": 0.0, "tileset": "tiles_BEE", "coord": [ 2.0, 1.0 ] }, "192_608": { "coord": [ 2.0, 1.0 ], "autotile_index": 0.0, "tileset": "tile_medieval", "autotile": 1.0 }, "736_608": { "coord": [ 2.0, 1.0 ], "autotile_index": 0.0, "tileset": "tiles_BEE", "autotile": 1.0 }, "448_832": { "coord": [ 5.0, 6.0 ], "autotile_index": 0.0, "tileset": "tile_tower", "autotile": 1.0 }, "640_384": { "coord": [ 1.0, 4.0 ], "autotile_index": 0.0, "tileset": "tiles_BEE", "autotile": 0.0 }, "992_512": { "autotile": 1.0, "autotile_index": 0.0, "tileset": "tiles_BEE", "coord": [ 2.0, 1.0 ] }, "960_960": { "autotile": 1.0, "autotile_index": 0.0, "tileset": "tiles_BEE", "coord": [ 2.0, 1.0 ] }, "-32_704": { "coord": [ 1.0, 5.0 ], "autotile_index": 0.0, "tileset": "tile_medieval", "autotile": 1.0 }, "896_864": { "autotile": 1.0, "autotile_index": 0.0, "tileset": "tiles_BEE", "coord": [ 1.0, 1.0 ] }, "352_480": { "coord": [ 4.0, 0.0 ], "autotile_index": 0.0, "tileset": "tiles_BEE", "autotile": 0.0 }, "928_992": { "autotile": 1.0, "autotile_index": 0.0, "tileset": "tiles_BEE", "coord": [ 2.0, 1.0 ] }, "416_1024": { "autotile": 1.0, "autotile_index": 0.0, "tileset": "tiles_BEE", "coord": [ 2.0, 1.0 ] }, "0_640": { "coord": [ 2.0, 2.0 ], "autotile_index": 0.0, "tileset": "tile_medieval", "autotile": 1.0 }, "928_512": { "autotile": 1.0, "autotile_index": 0.0, "tileset": "tiles_BEE", "coord": [ 2.0, 1.0 ] }, "640_640": { "coord": [ 6.0, 4.0 ], "autotile_index": 0.0, "tileset": "tile_tower", "autotile": 1.0 }, "736_864": { "coord": [ 3.0, 1.0 ], "autotile_index": 0.0, "tileset": "tiles_BEE", "autotile": 1.0 }, "992_448": { "autotile": 1.0, "autotile_index": 0.0, "tileset": "tiles_BEE", "coord": [ 2.0, 1.0 ] }, "320_32": { "coord": [ 2.0, 2.0 ], "autotile_index": 0.0, "tileset": "tiles_BEE", "autotile": 1.0 }, "192_288": { "coord": [ 2.0, 1.0 ], "autotile_index": 0.0, "tileset": "tiles_BEE", "autotile": 1.0 }, "288_800": { "coord": [ 5.0, 4.0 ], "autotile_index": 0.0, "tileset": "tile_tower", "autotile": 1.0 }, "0_672": { "coord": [ 2.0, 2.0 ], "autotile_index": 0.0, "tileset": "tile_medieval", "autotile": 1.0 }, "128_256": { "coord": [ 2.0, 1.0 ], "autotile_index": 0.0, "tileset": "tiles_BEE", "autotile": 1.0 }, "832_576": { "coord": [ 2.0, 1.0 ], "autotile_index": 0.0, "tileset": "tiles_BEE", "autotile": 1.0 }, "-32_224": { "autotile": 1.0, "autotile_index": 0.0, "tileset": "tiles_BEE", "coord": [ 2.0, 1.0 ] }, "928_1024": { "autotile": 1.0, "autotile_index": 0.0, "tileset": "tiles_BEE", "coord": [ 2.0, 1.0 ] }, "288_928": { "autotile": 0.0, "autotile_index": 0.0, "tileset": "tiles_BEE", "coord": [ 1.0, 4.0 ] }, "960_32": { "autotile": 1.0, "autotile_index": 0.0, "tileset": "tiles_BEE", "coord": [ 2.0, 1.0 ] }, "576_608": { "coord": [ 6.0, 5.0 ], "autotile_index": 0.0, "tileset": "tile_tower", "autotile": 1.0 }, "704_960": { "autotile": 1.0, "autotile_index": 0.0, "tileset": "tiles_BEE", "coord": [ 2.0, 1.0 ] }, "-64_96": { "autotile": 1.0, "autotile_index": 0.0, "tileset": "tiles_BEE", "coord": [ 2.0, 1.0 ] }, "416_0": { "coord": [ 2.0, 1.0 ], "autotile_index": 0.0, "tileset": "tiles_BEE", "autotile": 1.0 }, "800_448": { "autotile": 1.0, "autotile_index": 0.0, "tileset": "tiles_BEE", "coord": [ 2.0, 1.0 ] }, "-32_736": { "coord": [ 3.0, 2.0 ], "autotile_index": 0.0, "tileset": "tile_medieval", "autotile": 1.0 }, "544_512": { "autotile": 1.0, "autotile_index": 0.0, "tileset": "tiles_BEE", "coord": [ 2.0, 1.0 ] }, "960_736": { "autotile": 1.0, "autotile_index": 0.0, "tileset": "tiles_BEE", "coord": [ 2.0, 1.0 ] }, "800_960": { "autotile": 1.0, "autotile_index": 0.0, "tileset": "tiles_BEE", "coord": [ 2.0, 1.0 ] }, "928_96": { "autotile": 1.0, "autotile_index": 0.0, "tileset": "tiles_BEE", "coord": [ 2.0, 1.0 ] }, "864_32": { "coord": [ 2.0, 2.0 ], "autotile_index": 0.0, "tileset": "tiles_BEE", "autotile": 1.0 }, "-32_640": { "coord": [ 7.0, 1.0 ], "autotile_index": 0.0, "tileset": "tile_medieval", "autotile": 0.0 }, "704_512": { "autotile": 1.0, "autotile_index": 0.0, "tileset": "tiles_BEE", "coord": [ 2.0, 1.0 ] }, "512_1024": { "autotile": 1.0, "autotile_index": 0.0, "tileset": "tiles_BEE", "coord": [ 2.0, 1.0 ] }, "992_768": { "autotile": 1.0, "autotile_index": 0.0, "tileset": "tiles_BEE", "coord": [ 2.0, 1.0 ] }, "256_224": { "coord": [ 2.0, 0.0 ], "autotile_index": 0.0, "tileset": "tiles_BEE", "autotile": 1.0 }, "480_32": { "coord": [ 2.0, 2.0 ], "autotile_index": 0.0, "tileset": "tiles_BEE", "autotile": 1.0 }, "864_672": { "coord": [ 2.0, 2.0 ], "autotile_index": 0.0, "tileset": "tiles_BEE", "autotile": 1.0 }, "832_512": { "coord": [ 2.0, 1.0 ], "autotile_index": 0.0, "tileset": "tiles_BEE", "autotile": 1.0 }, "128_1024": { "autotile": 1.0, "autotile_index": 0.0, "tileset": "tiles_BEE", "coord": [ 2.0, 1.0 ] }, "832_928": { "autotile": 1.0, "autotile_index": 0.0, "tileset": "tiles_BEE", "coord": [ 2.0, 0.0 ] }, "32_512": { "coord": [ 3.0, 2.0 ], "autotile_index": 0.0, "tileset": "tile_medieval", "autotile": 1.0 }, "224_320": { "coord": [ 2.0, 2.0 ], "autotile_index": 0.0, "tileset": "tiles_BEE", "autotile": 1.0 }, "864_448": { "coord": [ 2.0, 1.0 ], "autotile_index": 0.0, "tileset": "tiles_BEE", "autotile": 1.0 }, "576_480": { "autotile": 1.0, "autotile_index": 0.0, "tileset": "tiles_BEE", "coord": [ 2.0, 1.0 ] }, "224_1024": { "autotile": 1.0, "autotile_index": 0.0, "tileset": "tiles_BEE", "coord": [ 2.0, 1.0 ] }, "-64_64": { "autotile": 1.0, "autotile_index": 0.0, "tileset": "tiles_BEE", "coord": [ 2.0, 1.0 ] }, "992_160": { "autotile": 1.0, "autotile_index": 0.0, "tileset": "tiles_BEE", "coord": [ 2.0, 1.0 ] }, "992_992": { "autotile": 1.0, "autotile_index": 0.0, "tileset": "tiles_BEE", "coord": [ 2.0, 1.0 ] }, "992_544": { "autotile": 1.0, "autotile_index": 0.0, "tileset": "tiles_BEE", "coord": [ 2.0, 1.0 ] }, "256_704": { "coord": [ 10.0, 0.0 ], "autotile_index": 0.0, "tileset": "tile_tower", "autotile": 0.0 }, "448_0": { "coord": [ 2.0, 1.0 ], "autotile_index": 0.0, "tileset": "tiles_BEE", "autotile": 1.0 }, "544_672": { "coord": [ 5.0, 6.0 ], "autotile_index": 0.0, "tileset": "tile_tower", "autotile": 1.0 }, "320_800": { "coord": [ 5.0, 4.0 ], "autotile_index": 0.0, "tileset": "tile_tower", "autotile": 1.0 }, "160_224": { "coord": [ 2.0, 0.0 ], "autotile_index": 0.0, "tileset": "tiles_BEE", "autotile": 1.0 }, "640_576": { "coord": [ 2.0, 1.0 ], "autotile_index": 0.0, "tileset": "tiles_BEE", "autotile": 1.0 }, "352_256": { "coord": [ 3.0, 1.0 ], "autotile_index": 0.0, "tileset": "tiles_BEE", "autotile": 1.0 }, "-64_800": { "autotile": 1.0, "autotile_index": 0.0, "tileset": "tiles_BEE", "coord": [ 2.0, 1.0 ] }, "480_800": { "coord": [ 5.0, 5.0 ], "autotile_index": 0.0, "tileset": "tile_tower", "autotile": 1.0 }, "32_0": { "autotile": 1.0, "autotile_index": 0.0, "tileset": "tiles_BEE", "coord": [ 2.0, 1.0 ] }, "800_416": { "autotile": 1.0, "autotile_index": 0.0, "tileset": "tiles_BEE", "coord": [ 2.0, 1.0 ] }, "928_672": { "autotile": 1.0, "autotile_index": 0.0, "tileset": "tiles_BEE", "coord": [ 2.0, 1.0 ] }, "832_416": { "coord": [ 2.0, 1.0 ], "autotile_index": 0.0, "tileset": "tiles_BEE", "autotile": 1.0 }, "736_384": { "autotile": 1.0, "autotile_index": 0.0, "tileset": "tiles_BEE", "coord": [ 6.0, 4.0 ] }, "544_0": { "coord": [ 2.0, 1.0 ], "autotile_index": 0.0, "tileset": "tiles_BEE", "autotile": 1.0 }, "512_672": { "coord": [ 5.0, 5.0 ], "autotile_index": 0.0, "tileset": "tile_tower", "autotile": 1.0 }, "992_960": { "autotile": 1.0, "autotile_index": 0.0, "tileset": "tiles_BEE", "coord": [ 2.0, 1.0 ] }, "928_768": { "autotile": 1.0, "autotile_index": 0.0, "tileset": "tiles_BEE", "coord": [ 2.0, 1.0 ] }, "-64_704": { "coord": [ 1.0, 2.0 ], "autotile_index": 0.0, "tileset": "tile_medieval", "autotile": 0.0 }, "704_544": { "autotile": 1.0, "autotile_index": 0.0, "tileset": "tiles_BEE", "coord": [ 2.0, 1.0 ] }, "704_384": { "autotile": 1.0, "autotile_index": 0.0, "tileset": "tiles_BEE", "coord": [ 2.0, 0.0 ] }, "544_928": { "autotile": 1.0, "autotile_index": 0.0, "tileset": "tiles_BEE", "coord": [ 2.0, 0.0 ] }, "-32_352": { "autotile": 1.0, "autotile_index": 0.0, "tileset": "tiles_BEE", "coord": [ 2.0, 1.0 ] }, "672_512": { "autotile": 1.0, "autotile_index": 0.0, "tileset": "tiles_BEE", "coord": [ 2.0, 1.0 ] }, "544_416": { "coord": [ 0.0, 4.0 ], "autotile_index": 0.0, "tileset": "tiles_BEE", "autotile": 0.0 }, "960_768": { "autotile": 1.0, "autotile_index": 0.0, "tileset": "tiles_BEE", "coord": [ 2.0, 1.0 ] }, "128_448": { "coord": [ 2.0, 10.0 ], "autotile_index": 0.0, "tileset": "tile_medieval", "autotile": 0.0 }, "672_768": { "coord": [ 1.0, 0.0 ], "autotile_index": 0.0, "tileset": "tiles_BEE", "autotile": 1.0 }, "608_608": { "coord": [ 2.0, 1.0 ], "autotile_index": 0.0, "tileset": "tiles_BEE", "autotile": 1.0 }, "0_800": { "autotile": 1.0, "autotile_index": 0.0, "tileset": "tiles_BEE", "coord": [ 2.0, 1.0 ] }, "384_832": { "coord": [ 5.0, 6.0 ], "autotile_index": 0.0, "tileset": "tile_tower", "autotile": 1.0 }, "992_352": { "autotile": 1.0, "autotile_index": 0.0, "tileset": "tiles_BEE", "coord": [ 2.0, 1.0 ] }, "160_544": { "coord": [ 3.0, 13.0 ], "autotile_index": 0.0, "tileset": "tile_medieval", "autotile": 0.0 }, "672_544": { "autotile": 1.0, "autotile_index": 0.0, "tileset": "tiles_BEE", "coord": [ 2.0, 1.0 ] }, "192_1024": { "autotile": 1.0, "autotile_index": 0.0, "tileset": "tiles_BEE", "coord": [ 2.0, 1.0 ] }, "192_992": { "coord": [ 0.0, 0.0 ], "autotile_index": 0.0, "tileset": "tiles_BEE", "autotile": 0.0 }, "608_576": { "coord": [ 2.0, 1.0 ], "autotile_index": 0.0, "tileset": "tiles_BEE", "autotile": 1.0 }, "-32_128": { "autotile": 1.0, "autotile_index": 0.0, "tileset": "tiles_BEE", "coord": [ 2.0, 1.0 ] }, "864_544": { "coord": [ 2.0, 1.0 ], "autotile_index": 0.0, "tileset": "tiles_BEE", "autotile": 1.0 }, "128_960": { "autotile": 1.0, "autotile_index": 0.0, "tileset": "tiles_BEE", "coord": [ 2.0, 0.0 ] }, "224_224": { "coord": [ 2.0, 0.0 ], "autotile_index": 0.0, "tileset": "tiles_BEE", "autotile": 1.0 }, "0_0": { "autotile": 1.0, "autotile_index": 0.0, "tileset": "tiles_BEE", "coord": [ 2.0, 1.0 ] }, "224_256": { "coord": [ 2.0, 1.0 ], "autotile_index": 0.0, "tileset": "tiles_BEE", "autotile": 1.0 }, "832_352": { "coord": [ 2.0, 0.0 ], "autotile_index": 0.0, "tileset": "tiles_BEE", "autotile": 1.0 }, "672_864": { "coord": [ 1.0, 1.0 ], "autotile_index": 0.0, "tileset": "tiles_BEE", "autotile": 1.0 }, "32_992": { "autotile": 1.0, "autotile_index": 0.0, "tileset": "tiles_BEE", "coord": [ 2.0, 1.0 ] }, "192_640": { "coord": [ 2.0, 3.0 ], "autotile_index": 0.0, "tileset": "tile_medieval", "autotile": 1.0 }, "32_544": { "coord": [ 3.0, 2.0 ], "autotile_index": 0.0, "tileset": "tile_medieval", "autotile": 1.0 }, "704_768": { "coord": [ 2.0, 0.0 ], "autotile_index": 0.0, "tileset": "tiles_BEE", "autotile": 1.0 }, "960_192": { "autotile": 1.0, "autotile_index": 0.0, "tileset": "tiles_BEE", "coord": [ 2.0, 1.0 ] }, "320_704": { "coord": [ 12.0, 0.0 ], "autotile_index": 0.0, "tileset": "tile_tower", "autotile": 0.0 }, "960_544": { "autotile": 1.0, "autotile_index": 0.0, "tileset": "tiles_BEE", "coord": [ 2.0, 1.0 ] }, "896_544": { "autotile": 1.0, "autotile_index": 0.0, "tileset": "tiles_BEE", "coord": [ 2.0, 1.0 ] }, "512_768": { "coord": [ 6.0, 5.0 ], "autotile_index": 0.0, "tileset": "tile_tower", "autotile": 1.0 }, "672_448": { "autotile": 1.0, "autotile_index": 0.0, "tileset": "tiles_BEE", "coord": [ 2.0, 1.0 ] }, "960_64": { "autotile": 1.0, "autotile_index": 0.0, "tileset": "tiles_BEE", "coord": [ 2.0, 1.0 ] }, "992_96": { "autotile": 1.0, "autotile_index": 0.0, "tileset": "tiles_BEE", "coord": [ 2.0, 1.0 ] }, "384_736": { "coord": [ 7.0, 1.0 ], "autotile_index": 0.0, "tileset": "tile_tower", "autotile": 0.0 }, "-64_608": { "coord": [ 1.0, 2.0 ], "autotile_index": 0.0, "tileset": "tile_medieval", "autotile": 0.0 }, "512_480": { "autotile": 1.0, "autotile_index": 0.0, "tileset": "tiles_BEE", "coord": [ 2.0, 0.0 ] }, "0_64": { "autotile": 1.0, "autotile_index": 0.0, "tileset": "tiles_BEE", "coord": [ 2.0, 1.0 ] }, "224_0": { "coord": [ 2.0, 1.0 ], "autotile_index": 0.0, "tileset": "tiles_BEE", "autotile": 1.0 }, "576_448": { "autotile": 1.0, "autotile_index": 0.0, "tileset": "tiles_BEE", "coord": [ 2.0, 0.0 ] }, "512_960": { "autotile": 1.0, "autotile_index": 0.0, "tileset": "tiles_BEE", "coord": [ 2.0, 1.0 ] }, "864_576": { "coord": [ 2.0, 1.0 ], "autotile_index": 0.0, "tileset": "tiles_BEE", "autotile": 1.0 }, "0_384": { "autotile": 1.0, "autotile_index": 0.0, "tileset": "tiles_BEE", "coord": [ 2.0, 1.0 ] }, "576_640": { "coord": [ 5.0, 5.0 ], "autotile_index": 0.0, "tileset": "tile_tower", "autotile": 1.0 }, "320_832": { "coord": [ 5.0, 6.0 ], "autotile_index": 0.0, "tileset": "tile_tower", "autotile": 1.0 }, "96_992": { "autotile": 1.0, "autotile_index": 0.0, "tileset": "tiles_BEE", "coord": [ 2.0, 1.0 ] }, "416_480": { "coord": [ 4.0, 0.0 ], "autotile_index": 0.0, "tileset": "tiles_BEE", "autotile": 0.0 }, "704_864": { "coord": [ 2.0, 1.0 ], "autotile_index": 0.0, "tileset": "tiles_BEE", "autotile": 1.0 }, "608_512": { "autotile": 1.0, "autotile_index": 0.0, "tileset": "tiles_BEE", "coord": [ 2.0, 1.0 ] }, "480_992": { "autotile": 1.0, "autotile_index": 0.0, "tileset": "tiles_BEE", "coord": [ 2.0, 1.0 ] }, "96_320": { "coord": [ 2.0, 2.0 ], "autotile_index": 0.0, "tileset": "tiles_BEE", "autotile": 1.0 }, "160_640": { "coord": [ 2.0, 3.0 ], "autotile_index": 0.0, "tileset": "tile_medieval", "autotile": 1.0 }, "736_416": { "autotile": 1.0, "autotile_index": 0.0, "tileset": "tiles_BEE", "coord": [ 2.0, 1.0 ] }, "576_992": { "autotile": 1.0, "autotile_index": 0.0, "tileset": "tiles_BEE", "coord": [ 2.0, 1.0 ] }, "64_32": { "coord": [ 2.0, 2.0 ], "autotile_index": 0.0, "tileset": "tiles_BEE", "autotile": 1.0 }, "800_352": { "coord": [ 2.0, 0.0 ], "autotile_index": 0.0, "tileset": "tiles_BEE", "autotile": 1.0 }, "736_480": { "autotile": 1.0, "autotile_index": 0.0, "tileset": "tiles_BEE", "coord": [ 2.0, 1.0 ] }, "672_32": { "coord": [ 2.0, 2.0 ], "autotile_index": 0.0, "tileset": "tiles_BEE", "autotile": 1.0 }, "768_992": { "autotile": 1.0, "autotile_index": 0.0, "tileset": "tiles_BEE", "coord": [ 2.0, 1.0 ] }, "224_960": { "autotile": 1.0, "autotile_index": 0.0, "tileset": "tiles_BEE", "coord": [ 2.0, 0.0 ] }, "768_672": { "coord": [ 2.0, 2.0 ], "autotile_index": 0.0, "tileset": "tiles_BEE", "autotile": 1.0 }, "512_512": { "autotile": 1.0, "autotile_index": 0.0, "tileset": "tiles_BEE", "coord": [ 2.0, 1.0 ] }, "288_320": { "coord": [ 2.0, 2.0 ], "autotile_index": 0.0, "tileset": "tiles_BEE", "autotile": 1.0 }, "32_576": { "coord": [ 3.0, 2.0 ], "autotile_index": 0.0, "tileset": "tile_medieval", "autotile": 1.0 }, "736_448": { "autotile": 1.0, "autotile_index": 0.0, "tileset": "tiles_BEE", "coord": [ 2.0, 1.0 ] }, "-32_480": { "coord": [ 2.0, 1.0 ], "autotile_index": 0.0, "tileset": "tile_medieval", "autotile": 1.0 }, "-64_32": { "autotile": 1.0, "autotile_index": 0.0, "tileset": "tiles_BEE", "coord": [ 2.0, 1.0 ] }, "320_224": { "coord": [ 2.0, 0.0 ], "autotile_index": 0.0, "tileset": "tiles_BEE", "autotile": 1.0 }, "768_960": { "autotile": 1.0, "autotile_index": 0.0, "tileset": "tiles_BEE", "coord": [ 2.0, 1.0 ] }, "960_288": { "autotile": 1.0, "autotile_index": 0.0, "tileset": "tiles_BEE", "coord": [ 2.0, 1.0 ] }, "896_576": { "autotile": 1.0, "autotile_index": 0.0, "tileset": "tiles_BEE", "coord": [ 2.0, 1.0 ] }, "-32_256": { "autotile": 1.0, "autotile_index": 0.0, "tileset": "tiles_BEE", "coord": [ 2.0, 1.0 ] }, "512_928": { "autotile": 1.0, "autotile_index": 0.0, "tileset": "tiles_BEE", "coord": [ 2.0, 0.0 ] }, "672_416": { "autotile": 1.0, "autotile_index": 0.0, "tileset": "tiles_BEE", "coord": [ 6.0, 4.0 ] }, "800_608": { "coord": [ 2.0, 1.0 ], "autotile_index": 0.0, "tileset": "tiles_BEE", "autotile": 1.0 }, "704_576": { "coord": [ 2.0, 1.0 ], "autotile_index": 0.0, "tileset": "tiles_BEE", "autotile": 1.0 }, "800_1024": { "autotile": 1.0, "autotile_index": 0.0, "tileset": "tiles_BEE", "coord": [ 2.0, 1.0 ] }, "0_608": { "coord": [ 2.0, 2.0 ], "autotile_index": 0.0, "tileset": "tile_medieval", "autotile": 1.0 }, "544_480": { "autotile": 1.0, "autotile_index": 0.0, "tileset": "tiles_BEE", "coord": [ 6.0, 4.0 ] }, "736_128": { "coord": [ 0.0, 7.0 ], "autotile_index": 0.0, "tileset": "tiles_BEE", "autotile": 0.0 }, "-32_576": { "coord": [ 7.0, 1.0 ], "autotile_index": 0.0, "tileset": "tile_medieval", "autotile": 0.0 }, "0_832": { "autotile": 1.0, "autotile_index": 0.0, "tileset": "tiles_BEE", "coord": [ 2.0, 1.0 ] }, "-32_832": { "autotile": 1.0, "autotile_index": 0.0, "tileset": "tiles_BEE", "coord": [ 2.0, 1.0 ] }, "160_288": { "coord": [ 2.0, 1.0 ], "autotile_index": 0.0, "tileset": "tiles_BEE", "autotile": 1.0 }, "224_608": { "coord": [ 3.0, 1.0 ], "autotile_index": 0.0, "tileset": "tile_medieval", "autotile": 1.0 }, "32_128": { "autotile": 1.0, "autotile_index": 0.0, "tileset": "tiles_BEE", "coord": [ 3.0, 1.0 ] }, "576_960": { "autotile": 1.0, "autotile_index": 0.0, "tileset": "tiles_BEE", "coord": [ 2.0, 1.0 ] }, "96_0": { "coord": [ 2.0, 1.0 ], "autotile_index": 0.0, "tileset": "tiles_BEE", "autotile": 1.0 }, "-64_640": { "coord": [ 1.0, 2.0 ], "autotile_index": 0.0, "tileset": "tile_medieval", "autotile": 0.0 }, "0_256": { "autotile": 1.0, "autotile_index": 0.0, "tileset": "tiles_BEE", "coord": [ 2.0, 1.0 ] }, "768_128": { "coord": [ 1.0, 7.0 ], "autotile_index": 0.0, "tileset": "tiles_BEE", "autotile": 0.0 }, "352_992": { "autotile": 1.0, "autotile_index": 0.0, "tileset": "tiles_BEE", "coord": [ 2.0, 1.0 ] }, "480_1024": { "autotile": 1.0, "autotile_index": 0.0, "tileset": "tiles_BEE", "coord": [ 2.0, 1.0 ] }, "224_32": { "coord": [ 2.0, 2.0 ], "autotile_index": 0.0, "tileset": "tiles_BEE", "autotile": 1.0 }, "896_256": { "autotile": 1.0, "autotile_index": 0.0, "tileset": "tiles_BEE", "coord": [ 1.0, 1.0 ] }, "32_928": { "autotile": 1.0, "autotile_index": 0.0, "tileset": "tiles_BEE", "coord": [ 3.0, 1.0 ] }, "960_384": { "autotile": 1.0, "autotile_index": 0.0, "tileset": "tiles_BEE", "coord": [ 2.0, 1.0 ] }, "768_96": { "coord": [ 1.0, 6.0 ], "autotile_index": 0.0, "tileset": "tiles_BEE", "autotile": 0.0 }, "64_0": { "coord": [ 2.0, 1.0 ], "autotile_index": 0.0, "tileset": "tiles_BEE", "autotile": 1.0 }, "512_640": { "coord": [ 7.0, 7.0 ], "autotile_index": 0.0, "tileset": "tile_tower", "autotile": 1.0 }, "320_320": { "coord": [ 2.0, 2.0 ], "autotile_index": 0.0, "tileset": "tiles_BEE", "autotile": 1.0 }, "96_1024": { "autotile": 1.0, "autotile_index": 0.0, "tileset": "tiles_BEE", "coord": [ 2.0, 1.0 ] }, "352_288": { "coord": [ 3.0, 1.0 ], "autotile_index": 0.0, "tileset": "tiles_BEE", "autotile": 1.0 }, "448_992": { "autotile": 1.0, "autotile_index": 0.0, "tileset": "tiles_BEE", "coord": [ 2.0, 1.0 ] }, "160_512": { "coord": [ 3.0, 12.0 ], "autotile_index": 0.0, "tileset": "tile_medieval", "autotile": 0.0 }, "-64_960": { "autotile": 1.0, "autotile_index": 0.0, "tileset": "tiles_BEE", "coord": [ 2.0, 1.0 ] }, "640_1024": { "autotile": 1.0, "autotile_index": 0.0, "tileset": "tiles_BEE", "coord": [ 2.0, 1.0 ] }, "64_640": { "coord": [ 2.0, 3.0 ], "autotile_index": 0.0, "tileset": "tile_medieval", "autotile": 1.0 }, "352_320": { "coord": [ 3.0, 2.0 ], "autotile_index": 0.0, "tileset": "tiles_BEE", "autotile": 1.0 }, "32_480": { "coord": [ 3.0, 1.0 ], "autotile_index": 0.0, "tileset": "tile_medieval", "autotile": 1.0 }, "384_768": { "coord": [ 7.0, 2.0 ], "autotile_index": 0.0, "tileset": "tile_tower", "autotile": 0.0 }, "160_480": { "coord": [ 3.0, 11.0 ], "autotile_index": 0.0, "tileset": "tile_medieval", "autotile": 0.0 }, "672_576": { "coord": [ 2.0, 1.0 ], "autotile_index": 0.0, "tileset": "tiles_BEE", "autotile": 1.0 }, "32_896": { "autotile": 1.0, "autotile_index": 0.0, "tileset": "tiles_BEE", "coord": [ 3.0, 1.0 ] }, "96_224": { "coord": [ 2.0, 0.0 ], "autotile_index": 0.0, "tileset": "tiles_BEE", "autotile": 1.0 }, "160_32": { "coord": [ 2.0, 2.0 ], "autotile_index": 0.0, "tileset": "tiles_BEE", "autotile": 1.0 }, "224_288": { "coord": [ 2.0, 1.0 ], "autotile_index": 0.0, "tileset": "tiles_BEE", "autotile": 1.0 }, "-64_224": { "autotile": 1.0, "autotile_index": 0.0, "tileset": "tiles_BEE", "coord": [ 2.0, 1.0 ] }, "384_1024": { "autotile": 1.0, "autotile_index": 0.0, "tileset": "tiles_BEE", "coord": [ 2.0, 1.0 ] }, "960_576": { "autotile": 1.0, "autotile_index": 0.0, "tileset": "tiles_BEE", "coord": [ 2.0, 1.0 ] }, "32_736": { "autotile": 1.0, "autotile_index": 0.0, "tileset": "tiles_BEE", "coord": [ 3.0, 1.0 ] }, "672_992": { "autotile": 1.0, "autotile_index": 0.0, "tileset": "tiles_BEE", "coord": [ 2.0, 1.0 ] }, "960_992": { "autotile": 1.0, "autotile_index": 0.0, "tileset": "tiles_BEE", "coord": [ 2.0, 1.0 ] }, "992_288": { "autotile": 1.0, "autotile_index": 0.0, "tileset": "tiles_BEE", "coord": [ 2.0, 1.0 ] }, "128_0": { "coord": [ 2.0, 1.0 ], "autotile_index": 0.0, "tileset": "tiles_BEE", "autotile": 1.0 }, "928_288": { "autotile": 1.0, "autotile_index": 0.0, "tileset": "tiles_BEE", "coord": [ 2.0, 1.0 ] }, "-64_768": { "coord": [ 1.0, 3.0 ], "autotile_index": 0.0, "tileset": "tile_medieval", "autotile": 0.0 }, "736_992": { "autotile": 1.0, "autotile_index": 0.0, "tileset": "tiles_BEE", "coord": [ 2.0, 1.0 ] }, "-64_192": { "autotile": 1.0, "autotile_index": 0.0, "tileset": "tiles_BEE", "coord": [ 2.0, 1.0 ] }, "640_928": { "coord": [ 2.0, 0.0 ], "autotile_index": 0.0, "tileset": "tiles_BEE", "autotile": 0.0 }, "992_640": { "autotile": 1.0, "autotile_index": 0.0, "tileset": "tiles_BEE", "coord": [ 2.0, 1.0 ] }, "896_288": { "autotile": 1.0, "autotile_index": 0.0, "tileset": "tiles_BEE", "coord": [ 1.0, 1.0 ] }, "-32_672": { "coord": [ 7.0, 1.0 ], "autotile_index": 0.0, "tileset": "tile_medieval", "autotile": 0.0 }, "32_384": { "autotile": 1.0, "autotile_index": 0.0, "tileset": "tiles_BEE", "coord": [ 3.0, 1.0 ] }, "864_480": { "coord": [ 2.0, 1.0 ], "autotile_index": 0.0, "tileset": "tiles_BEE", "autotile": 1.0 }, "768_576": { "coord": [ 2.0, 1.0 ], "autotile_index": 0.0, "tileset": "tiles_BEE", "autotile": 1.0 }, "-32_160": { "autotile": 1.0, "autotile_index": 0.0, "tileset": "tiles_BEE", "coord": [ 2.0, 1.0 ] }, "672_928": { "coord": [ 6.0, 4.0 ], "autotile_index": 0.0, "tileset": "tiles_BEE", "autotile": 0.0 }, "992_864": { "autotile": 1.0, "autotile_index": 0.0, "tileset": "tiles_BEE", "coord": [ 2.0, 1.0 ] }, "384_992": { "autotile": 1.0, "autotile_index": 0.0, "tileset": "tiles_BEE", "coord": [ 2.0, 1.0 ] }, "-64_896": { "autotile": 1.0, "autotile_index": 0.0, "tileset": "tiles_BEE", "coord": [ 2.0, 1.0 ] }, "448_32": { "coord": [ 2.0, 2.0 ], "autotile_index": 0.0, "tileset": "tiles_BEE", "autotile": 1.0 }, "256_832": { "coord": [ 4.0, 6.0 ], "autotile_index": 0.0, "tileset": "tile_tower", "autotile": 1.0 }, "704_1024": { "autotile": 1.0, "autotile_index": 0.0, "tileset": "tiles_BEE", "coord": [ 2.0, 1.0 ] }, "256_1024": { "autotile": 1.0, "autotile_index": 0.0, "tileset": "tiles_BEE", "coord": [ 2.0, 1.0 ] }, "544_992": { "autotile": 1.0, "autotile_index": 0.0, "tileset": "tiles_BEE", "coord": [ 2.0, 1.0 ] }, "768_0": { "coord": [ 2.0, 1.0 ], "autotile_index": 0.0, "tileset": "tiles_BEE", "autotile": 1.0 }, "864_928": { "autotile": 1.0, "autotile_index": 0.0, "tileset": "tiles_BEE", "coord": [ 2.0, 0.0 ] }, "32_288": { "autotile": 1.0, "autotile_index": 0.0, "tileset": "tiles_BEE", "coord": [ 2.0, 1.0 ] }, "992_1024": { "autotile": 1.0, "autotile_index": 0.0, "tileset": "tiles_BEE", "coord": [ 2.0, 1.0 ] }, "960_928": { "autotile": 1.0, "autotile_index": 0.0, "tileset": "tiles_BEE", "coord": [ 2.0, 1.0 ] }, "-32_320": { "autotile": 1.0, "autotile_index": 0.0, "tileset": "tiles_BEE", "coord": [ 2.0, 1.0 ] }, "288_768": { "coord": [ 11.0, 2.0 ], "autotile_index": 0.0, "tileset": "tile_tower", "autotile": 0.0 }, "832_640": { "coord": [ 2.0, 1.0 ], "autotile_index": 0.0, "tileset": "tiles_BEE", "autotile": 1.0 }, "672_800": { "coord": [ 1.0, 1.0 ], "autotile_index": 0.0, "tileset": "tiles_BEE", "autotile": 1.0 }, "480_608": { "coord": [ 4.0, 5.0 ], "autotile_index": 0.0, "tileset": "tile_tower", "autotile": 1.0 }, "896_640": { "autotile": 1.0, "autotile_index": 0.0, "tileset": "tiles_BEE", "coord": [ 2.0, 1.0 ] }, "512_608": { "coord": [ 7.0, 7.0 ], "autotile_index": 0.0, "tileset": "tile_tower", "autotile": 1.0 }, "800_928": { "autotile": 1.0, "autotile_index": 0.0, "tileset": "tiles_BEE", "coord": [ 2.0, 0.0 ] }, "896_192": { "autotile": 1.0, "autotile_index": 0.0, "tileset": "tiles_BEE", "coord": [ 1.0, 1.0 ] }, "-32_96": { "autotile": 1.0, "autotile_index": 0.0, "tileset": "tiles_BEE", "coord": [ 2.0, 1.0 ] }, "-64_128": { "autotile": 1.0, "autotile_index": 0.0, "tileset": "tiles_BEE", "coord": [ 2.0, 1.0 ] }, "320_960": { "autotile": 0.0, "autotile_index": 0.0, "tileset": "tiles_BEE", "coord": [ 6.0, 4.0 ] }, "416_32": { "coord": [ 2.0, 2.0 ], "autotile_index": 0.0, "tileset": "tiles_BEE", "autotile": 1.0 }, "896_608": { "autotile": 1.0, "autotile_index": 0.0, "tileset": "tiles_BEE", "coord": [ 2.0, 1.0 ] }, "0_288": { "autotile": 1.0, "autotile_index": 0.0, "tileset": "tiles_BEE", "coord": [ 2.0, 1.0 ] }, "0_704": { "coord": [ 2.0, 3.0 ], "autotile_index": 0.0, "tileset": "tile_medieval", "autotile": 1.0 }, "352_32": { "coord": [ 2.0, 2.0 ], "autotile_index": 0.0, "tileset": "tiles_BEE", "autotile": 1.0 }, "672_832": { "coord": [ 1.0, 1.0 ], "autotile_index": 0.0, "tileset": "tiles_BEE", "autotile": 1.0 }, "992_128": { "autotile": 1.0, "autotile_index": 0.0, "tileset": "tiles_BEE", "coord": [ 2.0, 1.0 ] }, "192_0": { "coord": [ 2.0, 1.0 ], "autotile_index": 0.0, "tileset": "tiles_BEE", "autotile": 1.0 }, "928_32": { "autotile": 1.0, "autotile_index": 0.0, "tileset": "tiles_BEE", "coord": [ 2.0, 1.0 ] }, "640_512": { "autotile": 1.0, "autotile_index": 0.0, "tileset": "tiles_BEE", "coord": [ 2.0, 1.0 ] }, "160_0": { "coord": [ 2.0, 1.0 ], "autotile_index": 0.0, "tileset": "tiles_BEE", "autotile": 1.0 }, "512_736": { "coord": [ 6.0, 5.0 ], "autotile_index": 0.0, "tileset": "tile_tower", "autotile": 1.0 }, "-64_512": { "coord": [ 1.0, 2.0 ], "autotile_index": 0.0, "tileset": "tile_medieval", "autotile": 0.0 }, "256_992": { "autotile": 1.0, "autotile_index": 0.0, "tileset": "tiles_BEE", "coord": [ 2.0, 1.0 ] }, "864_992": { "autotile": 1.0, "autotile_index": 0.0, "tileset": "tiles_BEE", "coord": [ 2.0, 1.0 ] }, "960_480": { "autotile": 1.0, "autotile_index": 0.0, "tileset": "tiles_BEE", "coord": [ 2.0, 1.0 ] }, "480_0": { "coord": [ 2.0, 1.0 ], "autotile_index": 0.0, "tileset": "tiles_BEE", "autotile": 1.0 }, "384_0": { "coord": [ 2.0, 1.0 ], "autotile_index": 0.0, "tileset": "tiles_BEE", "autotile": 1.0 }, "896_448": { "autotile": 1.0, "autotile_index": 0.0, "tileset": "tiles_BEE", "coord": [ 2.0, 1.0 ] }, "32_864": { "autotile": 1.0, "autotile_index": 0.0, "tileset": "tiles_BEE", "coord": [ 3.0, 1.0 ] }, "320_1024": { "autotile": 1.0, "autotile_index": 0.0, "tileset": "tiles_BEE", "coord": [ 2.0, 1.0 ] }, "128_288": { "coord": [ 2.0, 1.0 ], "autotile_index": 0.0, "tileset": "tiles_BEE", "autotile": 1.0 }, "512_0": { "coord": [ 2.0, 1.0 ], "autotile_index": 0.0, "tileset": "tiles_BEE", "autotile": 1.0 }, "928_704": { "autotile": 1.0, "autotile_index": 0.0, "tileset": "tiles_BEE", "coord": [ 2.0, 1.0 ] }, "800_576": { "coord": [ 2.0, 1.0 ], "autotile_index": 0.0, "tileset": "tiles_BEE", "autotile": 1.0 }, "992_64": { "autotile": 1.0, "autotile_index": 0.0, "tileset": "tiles_BEE", "coord": [ 2.0, 1.0 ] }, "928_896": { "autotile": 1.0, "autotile_index": 0.0, "tileset": "tiles_BEE", "coord": [ 2.0, 1.0 ] }, "288_992": { "autotile": 1.0, "autotile_index": 0.0, "tileset": "tiles_BEE", "coord": [ 2.0, 1.0 ] }, "32_416": { "autotile": 1.0, "autotile_index": 0.0, "tileset": "tiles_BEE", "coord": [ 3.0, 1.0 ] }, "128_992": { "autotile": 1.0, "autotile_index": 0.0, "tileset": "tiles_BEE", "coord": [ 2.0, 1.0 ] }, "992_0": { "autotile": 1.0, "autotile_index": 0.0, "tileset": "tiles_BEE", "coord": [ 2.0, 1.0 ] }, "-128_544": { "autotile": 0.0, "autotile_index": 0.0, "tileset": "tile_tower", "coord": [ 0.0, 0.0 ] }, "480_960": { "autotile": 1.0, "autotile_index": 0.0, "tileset": "tiles_BEE", "coord": [ 2.0, 1.0 ] }, "192_320": { "coord": [ 2.0, 2.0 ], "autotile_index": 0.0, "tileset": "tiles_BEE", "autotile": 1.0 }, "480_544": { "autotile": 1.0, "autotile_index": 0.0, "tileset": "tiles_BEE", "coord": [ 1.0, 1.0 ] }, "736_960": { "autotile": 1.0, "autotile_index": 0.0, "tileset": "tiles_BEE", "coord": [ 2.0, 1.0 ] }, "352_928": { "autotile": 1.0, "autotile_index": 0.0, "tileset": "tiles_BEE", "coord": [ 2.0, 0.0 ] }, "736_832": { "coord": [ 3.0, 1.0 ], "autotile_index": 0.0, "tileset": "tiles_BEE", "autotile": 1.0 }, "-64_736": { "coord": [ 1.0, 2.0 ], "autotile_index": 0.0, "tileset": "tile_medieval", "autotile": 0.0 }, "32_1024": { "autotile": 1.0, "autotile_index": 0.0, "tileset": "tiles_BEE", "coord": [ 2.0, 1.0 ] }, "0_480": { "coord": [ 2.0, 1.0 ], "autotile_index": 0.0, "tileset": "tile_medieval", "autotile": 1.0 }, "736_768": { "coord": [ 3.0, 0.0 ], "autotile_index": 0.0, "tileset": "tiles_BEE", "autotile": 1.0 }, "480_928": { "autotile": 1.0, "autotile_index": 0.0, "tileset": "tiles_BEE", "coord": [ 2.0, 0.0 ] }, "640_992": { "autotile": 1.0, "autotile_index": 0.0, "tileset": "tiles_BEE", "coord": [ 2.0, 1.0 ] }, "800_0": { "coord": [ 2.0, 1.0 ], "autotile_index": 0.0, "tileset": "tiles_BEE", "autotile": 1.0 }, "32_768": { "autotile": 1.0, "autotile_index": 0.0, "tileset": "tiles_BEE", "coord": [ 3.0, 1.0 ] }, "896_1024": { "autotile": 1.0, "autotile_index": 0.0, "tileset": "tiles_BEE", "coord": [ 2.0, 1.0 ] }, "0_1024": { "autotile": 1.0, "autotile_index": 0.0, "tileset": "tiles_BEE", "coord": [ 2.0, 1.0 ] }, "416_736": { "coord": [ 8.0, 1.0 ], "autotile_index": 0.0, "tileset": "tile_tower", "autotile": 0.0 }, "928_224": { "autotile": 1.0, "autotile_index": 0.0, "tileset": "tiles_BEE", "coord": [ 2.0, 1.0 ] }, "960_448": { "autotile": 1.0, "autotile_index": 0.0, "tileset": "tiles_BEE", "coord": [ 2.0, 1.0 ] }, "0_768": { "autotile": 1.0, "autotile_index": 0.0, "tileset": "tiles_BEE", "coord": [ 2.0, 1.0 ] }, "896_832": { "autotile": 1.0, "autotile_index": 0.0, "tileset": "tiles_BEE", "coord": [ 1.0, 1.0 ] }, "864_608": { "coord": [ 2.0, 1.0 ], "autotile_index": 0.0, "tileset": "tiles_BEE", "autotile": 1.0 }, "320_256": { "coord": [ 2.0, 1.0 ], "autotile_index": 0.0, "tileset": "tiles_BEE", "autotile": 1.0 }, "-64_256": { "autotile": 1.0, "autotile_index": 0.0, "tileset": "tiles_BEE", "coord": [ 2.0, 1.0 ] }, "-32_64": { "autotile": 1.0, "autotile_index": 0.0, "tileset": "tiles_BEE", "coord": [ 2.0, 1.0 ] }, "576_576": { "coord": [ 6.0, 4.0 ], "autotile_index": 0.0, "tileset": "tile_tower", "autotile": 1.0 }, "288_832": { "coord": [ 5.0, 6.0 ], "autotile_index": 0.0, "tileset": "tile_tower", "autotile": 1.0 }, "896_160": { "autotile": 1.0, "autotile_index": 0.0, "tileset": "tiles_BEE", "coord": [ 1.0, 1.0 ] }, "352_960": { "autotile": 1.0, "autotile_index": 0.0, "tileset": "tiles_BEE", "coord": [ 2.0, 1.0 ] }, "32_704": { "coord": [ 3.0, 3.0 ], "autotile_index": 0.0, "tileset": "tile_medieval", "autotile": 1.0 }, "160_320": { "coord": [ 2.0, 2.0 ], "autotile_index": 0.0, "tileset": "tiles_BEE", "autotile": 1.0 }, "736_928": { "autotile": 1.0, "autotile_index": 0.0, "tileset": "tiles_BEE", "coord": [ 4.0, 4.0 ] }, "992_224": { "autotile": 1.0, "autotile_index": 0.0, "tileset": "tiles_BEE", "coord": [ 2.0, 1.0 ] }, "896_512": { "autotile": 1.0, "autotile_index": 0.0, "tileset": "tiles_BEE", "coord": [ 2.0, 1.0 ] }, "-32_928": { "autotile": 1.0, "autotile_index": 0.0, "tileset": "tiles_BEE", "coord": [ 2.0, 1.0 ] }, "736_32": { "coord": [ 2.0, 2.0 ], "autotile_index": 0.0, "tileset": "tiles_BEE", "autotile": 1.0 }, "896_416": { "autotile": 1.0, "autotile_index": 0.0, "tileset": "tiles_BEE", "coord": [ 2.0, 1.0 ] }, "-64_448": { "autotile": 1.0, "autotile_index": 0.0, "tileset": "tiles_BEE", "coord": [ 2.0, 1.0 ] }, "-32_192": { "autotile": 1.0, "autotile_index": 0.0, "tileset": "tiles_BEE", "coord": [ 2.0, 1.0 ] }, "704_32": { "coord": [ 2.0, 2.0 ], "autotile_index": 0.0, "tileset": "tiles_BEE", "autotile": 1.0 }, "-64_384": { "autotile": 1.0, "autotile_index": 0.0, "tileset": "tiles_BEE", "coord": [ 2.0, 1.0 ] }, "-64_320": { "autotile": 1.0, "autotile_index": 0.0, "tileset": "tiles_BEE", "coord": [ 2.0, 1.0 ] }, "928_128": { "autotile": 1.0, "autotile_index": 0.0, "tileset": "tiles_BEE", "coord": [ 2.0, 1.0 ] }, "608_0": { "coord": [ 2.0, 1.0 ], "autotile_index": 0.0, "tileset": "tiles_BEE", "autotile": 1.0 }, "960_832": { "autotile": 1.0, "autotile_index": 0.0, "tileset": "tiles_BEE", "coord": [ 2.0, 1.0 ] }, "320_480": { "coord": [ 4.0, 0.0 ], "autotile_index": 0.0, "tileset": "tiles_BEE", "autotile": 0.0 }, "0_736": { "autotile": 1.0, "autotile_index": 0.0, "tileset": "tiles_BEE", "coord": [ 2.0, 1.0 ] }, "-64_480": { "coord": [ 1.0, 1.0 ], "autotile_index": 0.0, "tileset": "tile_medieval", "autotile": 0.0 }, "32_256": { "autotile": 1.0, "autotile_index": 0.0, "tileset": "tiles_BEE", "coord": [ 2.0, 1.0 ] }, "672_672": { "coord": [ 2.0, 2.0 ], "autotile_index": 0.0, "tileset": "tiles_BEE", "autotile": 1.0 }, "0_448": { "autotile": 1.0, "autotile_index": 0.0, "tileset": "tiles_BEE", "coord": [ 2.0, 1.0 ] }, "256_928": { "autotile": 0.0, "autotile_index": 0.0, "tileset": "tiles_BEE", "coord": [ 0.0, 4.0 ] }, "32_192": { "autotile": 1.0, "autotile_index": 0.0, "tileset": "tiles_BEE", "coord": [ 3.0, 1.0 ] }, "416_960": { "autotile": 1.0, "autotile_index": 0.0, "tileset": "tiles_BEE", "coord": [ 2.0, 1.0 ] }, "960_256": { "autotile": 1.0, "autotile_index": 0.0, "tileset": "tiles_BEE", "coord": [ 2.0, 1.0 ] }, "768_384": { "autotile": 1.0, "autotile_index": 0.0, "tileset": "tiles_BEE", "coord": [ 2.0, 1.0 ] }, "-64_832": { "autotile": 1.0, "autotile_index": 0.0, "tileset": "tiles_BEE", "coord": [ 2.0, 1.0 ] }, "608_448": { "autotile": 1.0, "autotile_index": 0.0, "tileset": "tiles_BEE", "coord": [ 6.0, 4.0 ] }, "928_480": { "autotile": 1.0, "autotile_index": 0.0, "tileset": "tiles_BEE", "coord": [ 2.0, 1.0 ] }, "-32_448": { "autotile": 1.0, "autotile_index": 0.0, "tileset": "tiles_BEE", "coord": [ 2.0, 1.0 ] }, "960_608": { "autotile": 1.0, "autotile_index": 0.0, "tileset": "tiles_BEE", "coord": [ 2.0, 1.0 ] }, "768_448": { "autotile": 1.0, "autotile_index": 0.0, "tileset": "tiles_BEE", "coord": [ 2.0, 1.0 ] }, "256_800": { "coord": [ 4.0, 4.0 ], "autotile_index": 0.0, "tileset": "tile_tower", "autotile": 1.0 }, "992_480": { "autotile": 1.0, "autotile_index": 0.0, "tileset": "tiles_BEE", "coord": [ 2.0, 1.0 ] }, "480_448": { "coord": [ 0.0, 4.0 ], "autotile_index": 0.0, "tileset": "tiles_BEE", "autotile": 0.0 }, "64_224": { "coord": [ 2.0, 0.0 ], "autotile_index": 0.0, "tileset": "tiles_BEE", "autotile": 1.0 }, "128_512": { "coord": [ 2.0, 12.0 ], "autotile_index": 0.0, "tileset": "tile_medieval", "autotile": 0.0 }, "416_768": { "coord": [ 8.0, 2.0 ], "autotile_index": 0.0, "tileset": "tile_tower", "autotile": 0.0 }, "896_352": { "autotile": 1.0, "autotile_index": 0.0, "tileset": "tiles_BEE", "coord": [ 6.0, 4.0 ] }, "64_1024": { "autotile": 1.0, "autotile_index": 0.0, "tileset": "tiles_BEE", "coord": [ 2.0, 1.0 ] }, "768_480": { "autotile": 1.0, "autotile_index": 0.0, "tileset": "tiles_BEE", "coord": [ 2.0, 1.0 ] }, "544_640": { "coord": [ 7.0, 7.0 ], "autotile_index": 0.0, "tileset": "tile_tower", "autotile": 1.0 }, "480_736": { "coord": [ 4.0, 5.0 ], "autotile_index": 0.0, "tileset": "tile_tower", "autotile": 1.0 }, "512_800": { "coord": [ 6.0, 5.0 ], "autotile_index": 0.0, "tileset": "tile_tower", "autotile": 1.0 }, "864_0": { "coord": [ 2.0, 1.0 ], "autotile_index": 0.0, "tileset": "tiles_BEE", "autotile": 1.0 }, "544_608": { "coord": [ 7.0, 7.0 ], "autotile_index": 0.0, "tileset": "tile_tower", "autotile": 1.0 }, "928_608": { "autotile": 1.0, "autotile_index": 0.0, "tileset": "tiles_BEE", "coord": [ 2.0, 1.0 ] }, "736_896": { "coord": [ 3.0, 1.0 ], "autotile_index": 0.0, "tileset": "tiles_BEE", "autotile": 1.0 }, "0_576": { "coord": [ 2.0, 2.0 ], "autotile_index": 0.0, "tileset": "tile_medieval", "autotile": 1.0 }, "192_256": { "coord": [ 2.0, 1.0 ], "autotile_index": 0.0, "tileset": "tiles_BEE", "autotile": 1.0 }, "896_960": { "autotile": 1.0, "autotile_index": 0.0, "tileset": "tiles_BEE", "coord": [ 2.0, 1.0 ] }, "960_704": { "autotile": 1.0, "autotile_index": 0.0, "tileset": "tiles_BEE", "coord": [ 2.0, 1.0 ] }, "480_512": { "autotile": 1.0, "autotile_index": 0.0, "tileset": "tiles_BEE", "coord": [ 1.0, 1.0 ] }, "64_992": { "autotile": 1.0, "autotile_index": 0.0, "tileset": "tiles_BEE", "coord": [ 2.0, 1.0 ] }, "96_640": { "coord": [ 2.0, 3.0 ], "autotile_index": 0.0, "tileset": "tile_medieval", "autotile": 1.0 }, "640_0": { "coord": [ 2.0, 1.0 ], "autotile_index": 0.0, "tileset": "tiles_BEE", "autotile": 1.0 }, "928_864": { "autotile": 1.0, "autotile_index": 0.0, "tileset": "tiles_BEE", "coord": [ 2.0, 1.0 ] }, "928_384": { "autotile": 1.0, "autotile_index": 0.0, "tileset": "tiles_BEE", "coord": [ 2.0, 1.0 ] }, "896_0": { "autotile": 1.0, "autotile_index": 0.0, "tileset": "tiles_BEE", "coord": [ 2.0, 1.0 ] }, "704_352": { "coord": [ 1.0, 4.0 ], "autotile_index": 0.0, "tileset": "tiles_BEE", "autotile": 0.0 }, "480_672": { "coord": [ 4.0, 5.0 ], "autotile_index": 0.0, "tileset": "tile_tower", "autotile": 1.0 }, "608_384": { "coord": [ 0.0, 4.0 ], "autotile_index": 0.0, "tileset": "tiles_BEE", "autotile": 0.0 }, "416_928": { "autotile": 1.0, "autotile_index": 0.0, "tileset": "tiles_BEE", "coord": [ 2.0, 0.0 ] }, "64_288": { "coord": [ 2.0, 1.0 ], "autotile_index": 0.0, "tileset": "tiles_BEE", "autotile": 1.0 }, "928_960": { "autotile": 1.0, "autotile_index": 0.0, "tileset": "tiles_BEE", "coord": [ 2.0, 1.0 ] }, "928_192": { "autotile": 1.0, "autotile_index": 0.0, "tileset": "tiles_BEE", "coord": [ 2.0, 1.0 ] }, "960_224": { "autotile": 1.0, "autotile_index": 0.0, "tileset": "tiles_BEE", "coord": [ 2.0, 1.0 ] }, "256_0": { "coord": [ 2.0, 1.0 ], "autotile_index": 0.0, "tileset": "tiles_BEE", "autotile": 1.0 }, "32_448": { "autotile": 1.0, "autotile_index": 0.0, "tileset": "tiles_BEE", "coord": [ 3.0, 1.0 ] }, "864_1024": { "autotile": 1.0, "autotile_index": 0.0, "tileset": "tiles_BEE", "coord": [ 2.0, 1.0 ] }, "448_768": { "coord": [ 9.0, 2.0 ], "autotile_index": 0.0, "tileset": "tile_tower", "autotile": 0.0 }, "992_672": { "autotile": 1.0, "autotile_index": 0.0, "tileset": "tiles_BEE", "coord": [ 2.0, 1.0 ] }, "-64_288": { "autotile": 1.0, "autotile_index": 0.0, "tileset": "tiles_BEE", "coord": [ 2.0, 1.0 ] }, "768_512": { "autotile": 1.0, "autotile_index": 0.0, "tileset": "tiles_BEE", "coord": [ 2.0, 1.0 ] }, "576_1024": { "autotile": 1.0, "autotile_index": 0.0, "tileset": "tiles_BEE", "coord": [ 2.0, 1.0 ] }, "128_32": { "coord": [ 2.0, 2.0 ], "autotile_index": 0.0, "tileset": "tiles_BEE", "autotile": 1.0 }, "800_640": { "coord": [ 2.0, 1.0 ], "autotile_index": 0.0, "tileset": "tiles_BEE", "autotile": 1.0 }, "32_352": { "autotile": 1.0, "autotile_index": 0.0, "tileset": "tiles_BEE", "coord": [ 3.0, 1.0 ] }, "832_480": { "coord": [ 2.0, 1.0 ], "autotile_index": 0.0, "tileset": "tiles_BEE", "autotile": 1.0 }, "192_960": { "autotile": 1.0, "autotile_index": 0.0, "tileset": "tiles_BEE", "coord": [ 2.0, 0.0 ] }, "736_0": { "coord": [ 2.0, 1.0 ], "autotile_index": 0.0, "tileset": "tiles_BEE", "autotile": 1.0 }, "928_256": { "autotile": 1.0, "autotile_index": 0.0, "tileset": "tiles_BEE", "coord": [ 2.0, 1.0 ] }, "576_512": { "autotile": 1.0, "autotile_index": 0.0, "tileset": "tiles_BEE", "coord": [ 2.0, 1.0 ] }, "992_192": { "autotile": 1.0, "autotile_index": 0.0, "tileset": "tiles_BEE", "coord": [ 2.0, 1.0 ] }, "896_800": { "autotile": 1.0, "autotile_index": 0.0, "tileset": "tiles_BEE", "coord": [ 1.0, 1.0 ] }, "32_224": { "autotile": 1.0, "autotile_index": 0.0, "tileset": "tiles_BEE", "coord": [ 4.0, 4.0 ] }, "-64_352": { "autotile": 1.0, "autotile_index": 0.0, "tileset": "tiles_BEE", "coord": [ 2.0, 1.0 ] }, "352_0": { "coord": [ 2.0, 1.0 ], "autotile_index": 0.0, "tileset": "tiles_BEE", "autotile": 1.0 }, "896_64": { "autotile": 1.0, "autotile_index": 0.0, "tileset": "tiles_BEE", "coord": [ 1.0, 1.0 ] }, "704_608": { "coord": [ 2.0, 1.0 ], "autotile_index": 0.0, "tileset": "tiles_BEE", "autotile": 1.0 }, "-32_416": { "autotile": 1.0, "autotile_index": 0.0, "tileset": "tiles_BEE", "coord": [ 2.0, 1.0 ] }, "704_672": { "coord": [ 2.0, 2.0 ], "autotile_index": 0.0, "tileset": "tiles_BEE", "autotile": 1.0 }, "0_512": { "coord": [ 2.0, 2.0 ], "autotile_index": 0.0, "tileset": "tile_medieval", "autotile": 1.0 }, "640_960": { "autotile": 1.0, "autotile_index": 0.0, "tileset": "tiles_BEE", "coord": [ 2.0, 1.0 ] }, "0_928": { "autotile": 1.0, "autotile_index": 0.0, "tileset": "tiles_BEE", "coord": [ 2.0, 1.0 ] }, "0_192": { "autotile": 1.0, "autotile_index": 0.0, "tileset": "tiles_BEE", "coord": [ 2.0, 1.0 ] }, "384_800": { "coord": [ 5.0, 4.0 ], "autotile_index": 0.0, "tileset": "tile_tower", "autotile": 1.0 }, "128_608": { "coord": [ 2.0, 1.0 ], "autotile_index": 0.0, "tileset": "tile_medieval", "autotile": 1.0 }, "832_32": { "coord": [ 2.0, 2.0 ], "autotile_index": 0.0, "tileset": "tiles_BEE", "autotile": 1.0 }, "-32_288": { "autotile": 1.0, "autotile_index": 0.0, "tileset": "tiles_BEE", "coord": [ 2.0, 1.0 ] }, "0_864": { "autotile": 1.0, "autotile_index": 0.0, "tileset": "tiles_BEE", "coord": [ 2.0, 1.0 ] }, "-32_544": { "coord": [ 7.0, 1.0 ], "autotile_index": 0.0, "tileset": "tile_medieval", "autotile": 0.0 }, "128_320": { "coord": [ 2.0, 2.0 ], "autotile_index": 0.0, "tileset": "tiles_BEE", "autotile": 1.0 }, "608_640": { "coord": [ 5.0, 4.0 ], "autotile_index": 0.0, "tileset": "tile_tower", "autotile": 1.0 }, "896_32": { "autotile": 1.0, "autotile_index": 0.0, "tileset": "tiles_BEE", "coord": [ 6.0, 2.0 ] }, "992_800": { "autotile": 1.0, "autotile_index": 0.0, "tileset": "tiles_BEE", "coord": [ 2.0, 1.0 ] }, "576_0": { "coord": [ 2.0, 1.0 ], "autotile_index": 0.0, "tileset": "tiles_BEE", "autotile": 1.0 }, "672_608": { "coord": [ 2.0, 1.0 ], "autotile_index": 0.0, "tileset": "tiles_BEE", "autotile": 1.0 }, "288_1024": { "autotile": 1.0, "autotile_index": 0.0, "tileset": "tiles_BEE", "coord": [ 2.0, 1.0 ] }, "544_448": { "autotile": 1.0, "autotile_index": 0.0, "tileset": "tiles_BEE", "coord": [ 1.0, 0.0 ] }, "544_544": { "autotile": 1.0, "autotile_index": 0.0, "tileset": "tiles_BEE", "coord": [ 2.0, 1.0 ] }, "96_608": { "coord": [ 2.0, 1.0 ], "autotile_index": 0.0, "tileset": "tile_medieval", "autotile": 1.0 }, "0_960": { "autotile": 1.0, "autotile_index": 0.0, "tileset": "tiles_BEE", "coord": [ 2.0, 1.0 ] }, "608_1024": { "autotile": 1.0, "autotile_index": 0.0, "tileset": "tiles_BEE", "coord": [ 2.0, 1.0 ] }, "544_32": { "coord": [ 2.0, 2.0 ], "autotile_index": 0.0, "tileset": "tiles_BEE", "autotile": 1.0 }, "832_608": { "coord": [ 2.0, 1.0 ], "autotile_index": 0.0, "tileset": "tiles_BEE", "autotile": 1.0 }, "800_384": { "autotile": 1.0, "autotile_index": 0.0, "tileset": "tiles_BEE", "coord": [ 2.0, 1.0 ] }, "736_576": { "coord": [ 2.0, 1.0 ], "autotile_index": 0.0, "tileset": "tiles_BEE", "autotile": 1.0 }, "256_960": { "autotile": 0.0, "autotile_index": 0.0, "tileset": "tiles_BEE", "coord": [ 2.0, 0.0 ] }, "448_928": { "autotile": 1.0, "autotile_index": 0.0, "tileset": "tiles_BEE", "coord": [ 2.0, 0.0 ] }, "736_640": { "coord": [ 2.0, 1.0 ], "autotile_index": 0.0, "tileset": "tiles_BEE", "autotile": 1.0 }, "160_576": { "coord": [ 3.0, 14.0 ], "autotile_index": 0.0, "tileset": "tile_medieval", "autotile": 0.0 }, "160_608": { "coord": [ 2.0, 1.0 ], "autotile_index": 0.0, "tileset": "tile_medieval", "autotile": 1.0 }, "832_384": { "coord": [ 2.0, 1.0 ], "autotile_index": 0.0, "tileset": "tiles_BEE", "autotile": 1.0 }, "960_1024": { "autotile": 1.0, "autotile_index": 0.0, "tileset": "tiles_BEE", "coord": [ 2.0, 1.0 ] }, "960_0": { "autotile": 1.0, "autotile_index": 0.0, "tileset": "tiles_BEE", "coord": [ 2.0, 1.0 ] }, "544_576": { "coord": [ 5.0, 4.0 ], "autotile_index": 0.0, "tileset": "tile_tower", "autotile": 1.0 }, "992_928": { "autotile": 1.0, "autotile_index": 0.0, "tileset": "tiles_BEE", "coord": [ 2.0, 1.0 ] }, "768_544": { "autotile": 1.0, "autotile_index": 0.0, "tileset": "tiles_BEE", "coord": [ 2.0, 1.0 ] }, "448_800": { "coord": [ 5.0, 4.0 ], "autotile_index": 0.0, "tileset": "tile_tower", "autotile": 1.0 }, "992_32": { "autotile": 1.0, "autotile_index": 0.0, "tileset": "tiles_BEE", "coord": [ 2.0, 1.0 ] }, "352_800": { "coord": [ 5.0, 4.0 ], "autotile_index": 0.0, "tileset": "tile_tower", "autotile": 1.0 }, "128_480": { "coord": [ 2.0, 11.0 ], "autotile_index": 0.0, "tileset": "tile_medieval", "autotile": 0.0 }, "160_256": { "coord": [ 2.0, 1.0 ], "autotile_index": 0.0, "tileset": "tiles_BEE", "autotile": 1.0 }, "608_672": { "coord": [ 5.0, 6.0 ], "autotile_index": 0.0, "tileset": "tile_tower", "autotile": 1.0 }, "896_736": { "autotile": 1.0, "autotile_index": 0.0, "tileset": "tiles_BEE", "coord": [ 1.0, 1.0 ] }, "640_608": { "coord": [ 2.0, 1.0 ], "autotile_index": 0.0, "tileset": "tiles_BEE", "autotile": 1.0 }, "128_640": { "coord": [ 2.0, 3.0 ], "autotile_index": 0.0, "tileset": "tile_medieval", "autotile": 1.0 }, "800_672": { "coord": [ 2.0, 2.0 ], "autotile_index": 0.0, "tileset": "tiles_BEE", "autotile": 1.0 }, "-64_160": { "autotile": 1.0, "autotile_index": 0.0, "tileset": "tiles_BEE", "coord": [ 2.0, 1.0 ] }, "736_672": { "coord": [ 2.0, 2.0 ], "autotile_index": 0.0, "tileset": "tiles_BEE", "autotile": 1.0 }, "416_992": { "autotile": 1.0, "autotile_index": 0.0, "tileset": "tiles_BEE", "coord": [ 2.0, 1.0 ] }, "256_256": { "coord": [ 2.0, 1.0 ], "autotile_index": 0.0, "tileset": "tiles_BEE", "autotile": 1.0 }, "736_544": { "autotile": 1.0, "autotile_index": 0.0, "tileset": "tiles_BEE", "coord": [ 2.0, 1.0 ] }, "256_32": { "coord": [ 2.0, 2.0 ], "autotile_index": 0.0, "tileset": "tiles_BEE", "autotile": 1.0 }, "992_608": { "autotile": 1.0, "autotile_index": 0.0, "tileset": "tiles_BEE", "coord": [ 2.0, 1.0 ] }, "256_320": { "coord": [ 2.0, 2.0 ], "autotile_index": 0.0, "tileset": "tiles_BEE", "autotile": 1.0 }, "896_928": { "autotile": 1.0, "autotile_index": 0.0, "tileset": "tiles_BEE", "coord": [ 6.0, 4.0 ] }, "32_320": { "autotile": 1.0, "autotile_index": 0.0, "tileset": "tiles_BEE", "coord": [ 4.0, 2.0 ] }, "704_416": { "autotile": 1.0, "autotile_index": 0.0, "tileset": "tiles_BEE", "coord": [ 2.0, 1.0 ] }, "192_32": { "coord": [ 2.0, 2.0 ], "autotile_index": 0.0, "tileset": "tiles_BEE", "autotile": 1.0 }, "800_544": { "autotile": 1.0, "autotile_index": 0.0, "tileset": "tiles_BEE", "coord": [ 2.0, 1.0 ] }, "736_352": { "autotile": 1.0, "autotile_index": 0.0, "tileset": "tiles_BEE", "coord": [ 1.0, 0.0 ] }, "320_992": { "autotile": 1.0, "autotile_index": 0.0, "tileset": "tiles_BEE", "coord": [ 2.0, 1.0 ] }, "832_448": { "coord": [ 2.0, 1.0 ], "autotile_index": 0.0, "tileset": "tiles_BEE", "autotile": 1.0 }, "640_480": { "autotile": 1.0, "autotile_index": 0.0, "tileset": "tiles_BEE", "coord": [ 2.0, 1.0 ] }, "160_448": { "coord": [ 3.0, 10.0 ], "autotile_index": 0.0, "tileset": "tile_medieval", "autotile": 0.0 }, "896_768": { "autotile": 1.0, "autotile_index": 0.0, "tileset": "tiles_BEE", "coord": [ 1.0, 1.0 ] }, "-64_576": { "coord": [ 1.0, 2.0 ], "autotile_index": 0.0, "tileset": "tile_medieval", "autotile": 0.0 }, "128_544": { "coord": [ 2.0, 13.0 ], "autotile_index": 0.0, "tileset": "tile_medieval", "autotile": 0.0 }, "896_992": { "autotile": 1.0, "autotile_index": 0.0, "tileset": "tiles_BEE", "coord": [ 2.0, 1.0 ] }, "-32_800": { "autotile": 1.0, "autotile_index": 0.0, "tileset": "tiles_BEE", "coord": [ 2.0, 1.0 ] }, "960_416": { "autotile": 1.0, "autotile_index": 0.0, "tileset": "tiles_BEE", "coord": [ 2.0, 1.0 ] }, "32_640": { "coord": [ 1.0, 5.0 ], "autotile_index": 0.0, "tileset": "tile_medieval", "autotile": 1.0 }, "960_640": { "autotile": 1.0, "autotile_index": 0.0, "tileset": "tiles_BEE", "coord": [ 2.0, 1.0 ] }, "832_0": { "coord": [ 2.0, 1.0 ], "autotile_index": 0.0, "tileset": "tiles_BEE", "autotile": 1.0 }, "864_384": { "coord": [ 2.0, 1.0 ], "autotile_index": 0.0, "tileset": "tiles_BEE", "autotile": 1.0 }, "352_832": { "coord": [ 5.0, 6.0 ], "autotile_index": 0.0, "tileset": "tile_tower", "autotile": 1.0 }, "-32_1024": { "autotile": 1.0, "autotile_index": 0.0, "tileset": "tiles_BEE", "coord": [ 2.0, 1.0 ] }, "864_512": { "coord": [ 2.0, 1.0 ], "autotile_index": 0.0, "tileset": "tiles_BEE", "autotile": 1.0 }, "64_256": { "coord": [ 2.0, 1.0 ], "autotile_index": 0.0, "tileset": "tiles_BEE", "autotile": 1.0 }, "928_736": { "autotile": 1.0, "autotile_index": 0.0, "tileset": "tiles_BEE", "coord": [ 2.0, 1.0 ] }, "288_960": { "autotile": 0.0, "autotile_index": 0.0, "tileset": "tiles_BEE", "coord": [ 2.0, 0.0 ] }, "704_800": { "coord": [ 2.0, 1.0 ], "autotile_index": 0.0, "tileset": "tiles_BEE", "autotile": 1.0 }, "608_928": { "autotile": 1.0, "autotile_index": 0.0, "tileset": "tiles_BEE", "coord": [ 2.0, 0.0 ] }, "-32_608": { "coord": [ 7.0, 1.0 ], "autotile_index": 0.0, "tileset": "tile_medieval", "autotile": 0.0 }, "0_128": { "autotile": 1.0, "autotile_index": 0.0, "tileset": "tiles_BEE", "coord": [ 2.0, 1.0 ] }, "0_352": { "autotile": 1.0, "autotile_index": 0.0, "tileset": "tiles_BEE", "coord": [ 2.0, 1.0 ] }, "960_672": { "autotile": 1.0, "autotile_index": 0.0, "tileset": "tiles_BEE", "coord": [ 2.0, 1.0 ] }, "416_832": { "coord": [ 5.0, 6.0 ], "autotile_index": 0.0, "tileset": "tile_tower", "autotile": 1.0 }, "32_32": { "autotile": 1.0, "autotile_index": 0.0, "tileset": "tiles_BEE", "coord": [ 4.0, 2.0 ] }, "256_768": { "coord": [ 10.0, 2.0 ], "autotile_index": 0.0, "tileset": "tile_tower", "autotile": 0.0 }, "928_576": { "autotile": 1.0, "autotile_index": 0.0, "tileset": "tiles_BEE", "coord": [ 2.0, 1.0 ] }, "960_96": { "autotile": 1.0, "autotile_index": 0.0, "tileset": "tiles_BEE", "coord": [ 2.0, 1.0 ] }, "480_640": { "coord": [ 4.0, 5.0 ], "autotile_index": 0.0, "tileset": "tile_tower", "autotile": 1.0 }, "928_0": { "autotile": 1.0, "autotile_index": 0.0, "tileset": "tiles_BEE", "coord": [ 2.0, 1.0 ] }, "928_448": { "autotile": 1.0, "autotile_index": 0.0, "tileset": "tiles_BEE", "coord": [ 2.0, 1.0 ] }, "672_640": { "coord": [ 2.0, 1.0 ], "autotile_index": 0.0, "tileset": "tiles_BEE", "autotile": 1.0 }, "672_480": { "autotile": 1.0, "autotile_index": 0.0, "tileset": "tiles_BEE", "coord": [ 2.0, 1.0 ] }, "288_0": { "coord": [ 2.0, 1.0 ], "autotile_index": 0.0, "tileset": "tiles_BEE", "autotile": 1.0 }, "640_544": { "autotile": 1.0, "autotile_index": 0.0, "tileset": "tiles_BEE", "coord": [ 2.0, 1.0 ] }, "928_352": { "autotile": 1.0, "autotile_index": 0.0, "tileset": "tiles_BEE", "coord": [ 2.0, 1.0 ] }, "928_928": { "autotile": 1.0, "autotile_index": 0.0, "tileset": "tiles_BEE", "coord": [ 2.0, 1.0 ] }, "736_96": { "coord": [ 0.0, 6.0 ], "autotile_index": 0.0, "tileset": "tiles_BEE", "autotile": 0.0 }, "928_640": { "autotile": 1.0, "autotile_index": 0.0, "tileset": "tiles_BEE", "coord": [ 2.0, 1.0 ] }, "512_576": { "coord": [ 5.0, 4.0 ], "autotile_index": 0.0, "tileset": "tile_tower", "autotile": 1.0 }, "512_448": { "coord": [ 1.0, 4.0 ], "autotile_index": 0.0, "tileset": "tiles_BEE", "autotile": 0.0 }, "704_992": { "autotile": 1.0, "autotile_index": 0.0, "tileset": "tiles_BEE", "coord": [ 2.0, 1.0 ] }, "384_480": { "coord": [ 4.0, 0.0 ], "autotile_index": 0.0, "tileset": "tiles_BEE", "autotile": 0.0 }, "-32_768": { "coord": [ 3.0, 3.0 ], "autotile_index": 0.0, "tileset": "tile_medieval", "autotile": 1.0 }, "448_480": { "coord": [ 4.0, 0.0 ], "autotile_index": 0.0, "tileset": "tiles_BEE", "autotile": 0.0 }, "0_896": { "autotile": 1.0, "autotile_index": 0.0, "tileset": "tiles_BEE", "coord": [ 2.0, 1.0 ] }, "992_736": { "autotile": 1.0, "autotile_index": 0.0, "tileset": "tiles_BEE", "coord": [ 2.0, 1.0 ] }, "64_320": { "coord": [ 2.0, 2.0 ], "autotile_index": 0.0, "tileset": "tiles_BEE", "autotile": 1.0 }, "704_0": { "coord": [ 2.0, 1.0 ], "autotile_index": 0.0, "tileset": "tiles_BEE", "autotile": 1.0 }, "992_896": { "autotile": 1.0, "autotile_index": 0.0, "tileset": "tiles_BEE", "coord": [ 2.0, 1.0 ] }, "224_992": { "autotile": 1.0, "autotile_index": 0.0, "tileset": "tiles_BEE", "coord": [ 2.0, 1.0 ] }, "512_544": { "autotile": 1.0, "autotile_index": 0.0, "tileset": "tiles_BEE", "coord": [ 2.0, 1.0 ] }, "640_896": { "coord": [ 0.0, 3.0 ], "autotile_index": 0.0, "tileset": "tiles_BEE", "autotile": 0.0 }, "672_352": { "coord": [ 0.0, 4.0 ], "autotile_index": 0.0, "tileset": "tiles_BEE", "autotile": 0.0 }, "0_544": { "coord": [ 2.0, 2.0 ], "autotile_index": 0.0, "tileset": "tile_medieval", "autotile": 1.0 }, "-32_960": { "autotile": 1.0, "autotile_index": 0.0, "tileset": "tiles_BEE", "coord": [ 2.0, 1.0 ] }, "480_704": { "coord": [ 4.0, 5.0 ], "autotile_index": 0.0, "tileset": "tile_tower", "autotile": 1.0 }, "960_160": { "autotile": 1.0, "autotile_index": 0.0, "tileset": "tiles_BEE", "coord": [ 2.0, 1.0 ] }, "32_160": { "autotile": 1.0, "autotile_index": 0.0, "tileset": "tiles_BEE", "coord": [ 3.0, 1.0 ] }, "704_480": { "autotile": 1.0, "autotile_index": 0.0, "tileset": "tiles_BEE", "coord": [ 2.0, 1.0 ] }, "448_736": { "coord": [ 9.0, 1.0 ], "autotile_index": 0.0, "tileset": "tile_tower", "autotile": 0.0 }, "704_640": { "coord": [ 2.0, 1.0 ], "autotile_index": 0.0, "tileset": "tiles_BEE", "autotile": 1.0 }, "832_544": { "coord": [ 2.0, 1.0 ], "autotile_index": 0.0, "tileset": "tiles_BEE", "autotile": 1.0 }, "704_896": { "coord": [ 2.0, 1.0 ], "autotile_index": 0.0, "tileset": "tiles_BEE", "autotile": 1.0 }, "928_160": { "autotile": 1.0, "autotile_index": 0.0, "tileset": "tiles_BEE", "coord": [ 2.0, 1.0 ] }, "-64_0": { "autotile": 1.0, "autotile_index": 0.0, "tileset": "tiles_BEE", "coord": [ 2.0, 1.0 ] }, "64_608": { "coord": [ 2.0, 1.0 ], "autotile_index": 0.0, "tileset": "tile_medieval", "autotile": 1.0 }, "480_832": { "coord": [ 5.0, 6.0 ], "autotile_index": 0.0, "tileset": "tile_tower", "autotile": 1.0 }, "160_960": { "autotile": 1.0, "autotile_index": 0.0, "tileset": "tiles_BEE", "coord": [ 2.0, 0.0 ] }, "480_576": { "coord": [ 4.0, 4.0 ], "autotile_index": 0.0, "tileset": "tile_tower", "autotile": 1.0 }, "768_352": { "autotile": 1.0, "autotile_index": 0.0, "tileset": "tiles_BEE", "coord": [ 2.0, 0.0 ] }, "384_928": { "autotile": 1.0, "autotile_index": 0.0, "tileset": "tiles_BEE", "coord": [ 2.0, 0.0 ] }, "800_32": { "coord": [ 2.0, 2.0 ], "autotile_index": 0.0, "tileset": "tiles_BEE", "autotile": 1.0 }, "-32_896": { "autotile": 1.0, "autotile_index": 0.0, "tileset": "tiles_BEE", "coord": [ 2.0, 1.0 ] }, "672_960": { "autotile": 1.0, "autotile_index": 0.0, "tileset": "tiles_BEE", "coord": [ 2.0, 1.0 ] }, "576_928": { "autotile": 1.0, "autotile_index": 0.0, "tileset": "tiles_BEE", "coord": [ 2.0, 0.0 ] }, "96_256": { "coord": [ 2.0, 1.0 ], "autotile_index": 0.0, "tileset": "tiles_BEE", "autotile": 1.0 }, "288_32": { "coord": [ 2.0, 2.0 ], "autotile_index": 0.0, "tileset": "tiles_BEE", "autotile": 1.0 }, "896_704": { "autotile": 1.0, "autotile_index": 0.0, "tileset": "tiles_BEE", "coord": [ 1.0, 1.0 ] }, "576_416": { "coord": [ 1.0, 4.0 ], "autotile_index": 0.0, "tileset": "tiles_BEE", "autotile": 0.0 }, "672_896": { "coord": [ 1.0, 1.0 ], "autotile_index": 0.0, "tileset": "tiles_BEE", "autotile": 0.0 }, "160_992": { "coord": [ 0.0, 1.0 ], "autotile_index": 0.0, "tileset": "tiles_BEE", "autotile": 0.0 }, "992_832": { "autotile": 1.0, "autotile_index": 0.0, "tileset": "tiles_BEE", "coord": [ 2.0, 1.0 ] }, "768_928": { "autotile": 1.0, "autotile_index": 0.0, "tileset": "tiles_BEE", "coord": [ 2.0, 0.0 ] }, "0_320": { "autotile": 1.0, "autotile_index": 0.0, "tileset": "tiles_BEE", "coord": [ 2.0, 1.0 ] }, "864_416": { "coord": [ 2.0, 1.0 ], "autotile_index": 0.0, "tileset": "tiles_BEE", "autotile": 1.0 }, "288_256": { "coord": [ 2.0, 1.0 ], "autotile_index": 0.0, "tileset": "tiles_BEE", "autotile": 1.0 }, "0_416": { "autotile": 1.0, "autotile_index": 0.0, "tileset": "tiles_BEE", "coord": [ 2.0, 1.0 ] }, "736_1024": { "autotile": 1.0, "autotile_index": 0.0, "tileset": "tiles_BEE", "coord": [ 2.0, 1.0 ] }, "96_960": { "autotile": 1.0, "autotile_index": 0.0, "tileset": "tiles_BEE", "coord": [ 2.0, 0.0 ] }, "224_640": { "coord": [ 3.0, 3.0 ], "autotile_index": 0.0, "tileset": "tile_medieval", "autotile": 1.0 }, "320_736": { "coord": [ 12.0, 1.0 ], "autotile_index": 0.0, "tileset": "tile_tower", "autotile": 0.0 }, "928_800": { "autotile": 1.0, "autotile_index": 0.0, "tileset": "tiles_BEE", "coord": [ 2.0, 1.0 ] }, "992_256": { "autotile": 1.0, "autotile_index": 0.0, "tileset": "tiles_BEE", "coord": [ 2.0, 1.0 ] }, "608_544": { "autotile": 1.0, "autotile_index": 0.0, "tileset": "tiles_BEE", "coord": [ 2.0, 1.0 ] }, "288_224": { "coord": [ 2.0, 0.0 ], "autotile_index": 0.0, "tileset": "tiles_BEE", "autotile": 1.0 }, "-32_32": { "autotile": 1.0, "autotile_index": 0.0, "tileset": "tiles_BEE", "coord": [ 2.0, 1.0 ] }, "928_64": { "autotile": 1.0, "autotile_index": 0.0, "tileset": "tiles_BEE", "coord": [ 2.0, 1.0 ] }, "672_1024": { "autotile": 1.0, "autotile_index": 0.0, "tileset": "tiles_BEE", "coord": [ 2.0, 1.0 ] }, "864_960": { "autotile": 1.0, "autotile_index": 0.0, "tileset": "tiles_BEE", "coord": [ 2.0, 1.0 ] }, "384_32": { "coord": [ 2.0, 2.0 ], "autotile_index": 0.0, "tileset": "tiles_BEE", "autotile": 1.0 }, "512_704": { "coord": [ 6.0, 5.0 ], "autotile_index": 0.0, "tileset": "tile_tower", "autotile": 1.0 }, "512_32": { "coord": [ 2.0, 2.0 ], "autotile_index": 0.0, "tileset": "tiles_BEE", "autotile": 1.0 }, "896_128": { "autotile": 1.0, "autotile_index": 0.0, "tileset": "tiles_BEE", "coord": [ 1.0, 1.0 ] }, "512_992": { "autotile": 1.0, "autotile_index": 0.0, "tileset": "tiles_BEE", "coord": [ 2.0, 1.0 ] }, "640_672": { "coord": [ 6.0, 6.0 ], "autotile_index": 0.0, "tileset": "tile_tower", "autotile": 1.0 }, "928_544": { "autotile": 1.0, "autotile_index": 0.0, "tileset": "tiles_BEE", "coord": [ 2.0, 1.0 ] }, "896_96": { "autotile": 1.0, "autotile_index": 0.0, "tileset": "tiles_BEE", "coord": [ 1.0, 1.0 ] }, "448_1024": { "autotile": 1.0, "autotile_index": 0.0, "tileset": "tiles_BEE", "coord": [ 2.0, 1.0 ] }, "640_416": { "autotile": 1.0, "autotile_index": 0.0, "tileset": "tiles_BEE", "coord": [ 2.0, 0.0 ] }, "32_832": { "autotile": 1.0, "autotile_index": 0.0, "tileset": "tiles_BEE", "coord": [ 3.0, 1.0 ] }, "-32_992": { "autotile": 1.0, "autotile_index": 0.0, "tileset": "tiles_BEE", "coord": [ 2.0, 1.0 ] }, "832_992": { "autotile": 1.0, "autotile_index": 0.0, "tileset": "tiles_BEE", "coord": [ 2.0, 1.0 ] }, "128_224": { "coord": [ 2.0, 0.0 ], "autotile_index": 0.0, "tileset": "tiles_BEE", "autotile": 1.0 }, "768_416": { "autotile": 1.0, "autotile_index": 0.0, "tileset": "tiles_BEE", "coord": [ 2.0, 1.0 ] }, "0_992": { "autotile": 1.0, "autotile_index": 0.0, "tileset": "tiles_BEE", "coord": [ 2.0, 1.0 ] }, "352_224": { "coord": [ 3.0, 0.0 ], "autotile_index": 0.0, "tileset": "tiles_BEE", "autotile": 1.0 }, "896_896": { "autotile": 1.0, "autotile_index": 0.0, "tileset": "tiles_BEE", "coord": [ 1.0, 1.0 ] }, "0_160": { "autotile": 1.0, "autotile_index": 0.0, "tileset": "tiles_BEE", "coord": [ 2.0, 1.0 ] }, "-64_1024": { "autotile": 1.0, "autotile_index": 0.0, "tileset": "tiles_BEE", "coord": [ 2.0, 1.0 ] }, "384_960": { "autotile": 1.0, "autotile_index": 0.0, "tileset": "tiles_BEE", "coord": [ 2.0, 1.0 ] }, "640_448": { "autotile": 1.0, "autotile_index": 0.0, "tileset": "tiles_BEE", "coord": [ 2.0, 1.0 ] }, "-64_672": { "coord": [ 1.0, 2.0 ], "autotile_index": 0.0, "tileset": "tile_medieval", "autotile": 0.0 }, "576_544": { "autotile": 1.0, "autotile_index": 0.0, "tileset": "tiles_BEE", "coord": [ 2.0, 1.0 ] }, "672_384": { "autotile": 1.0, "autotile_index": 0.0, "tileset": "tiles_BEE", "coord": [ 1.0, 0.0 ] }, "320_768": { "coord": [ 12.0, 2.0 ], "autotile_index": 0.0, "tileset": "tile_tower", "autotile": 0.0 }, "-32_0": { "autotile": 1.0, "autotile_index": 0.0, "tileset": "tiles_BEE", "coord": [ 2.0, 1.0 ] }, "864_640": { "coord": [ 2.0, 1.0 ], "autotile_index": 0.0, "tileset": "tiles_BEE", "autotile": 1.0 }, "832_960": { "autotile": 1.0, "autotile_index": 0.0, "tileset": "tiles_BEE", "coord": [ 2.0, 1.0 ] }, "32_960": { "autotile": 1.0, "autotile_index": 0.0, "tileset": "tiles_BEE", "coord": [ 4.0, 4.0 ] }, "288_704": { "coord": [ 11.0, 0.0 ], "autotile_index": 0.0, "tileset": "tile_tower", "autotile": 0.0 }, "672_0": { "coord": [ 2.0, 1.0 ], "autotile_index": 0.0, "tileset": "tiles_BEE", "autotile": 1.0 }, "320_288": { "coord": [ 2.0, 1.0 ], "autotile_index": 0.0, "tileset": "tiles_BEE", "autotile": 1.0 }, "128_576": { "coord": [ 2.0, 14.0 ], "autotile_index": 0.0, "tileset": "tile_medieval", "autotile": 0.0 }, "64_960": { "autotile": 1.0, "autotile_index": 0.0, "tileset": "tiles_BEE", "coord": [ 2.0, 0.0 ] }, "768_32": { "coord": [ 2.0, 2.0 ], "autotile_index": 0.0, "tileset": "tiles_BEE", "autotile": 1.0 }, "576_32": { "coord": [ 2.0, 2.0 ], "autotile_index": 0.0, "tileset": "tiles_BEE", "autotile": 1.0 }, "-32_512": { "coord": [ 7.0, 1.0 ], "autotile_index": 0.0, "tileset": "tile_medieval", "autotile": 0.0 }, "704_448": { "autotile": 1.0, "autotile_index": 0.0, "tileset": "tiles_BEE", "coord": [ 2.0, 1.0 ] }, "896_672": { "autotile": 1.0, "autotile_index": 0.0, "tileset": "tiles_BEE", "coord": [ 6.0, 2.0 ] }, "896_224": { "autotile": 1.0, "autotile_index": 0.0, "tileset": "tiles_BEE", "coord": [ 1.0, 1.0 ] }, "992_704": { "autotile": 1.0, "autotile_index": 0.0, "tileset": "tiles_BEE", "coord": [ 2.0, 1.0 ] }, "608_480": { "autotile": 1.0, "autotile_index": 0.0, "tileset": "tiles_BEE", "coord": [ 2.0, 1.0 ] }, "992_416": { "autotile": 1.0, "autotile_index": 0.0, "tileset": "tiles_BEE", "coord": [ 2.0, 1.0 ] }, "-64_864": { "autotile": 1.0, "autotile_index": 0.0, "tileset": "tiles_BEE", "coord": [ 2.0, 1.0 ] }, "0_96": { "autotile": 1.0, "autotile_index": 0.0, "tileset": "tiles_BEE", "coord": [ 2.0, 1.0 ] }, "256_288": { "coord": [ 2.0, 1.0 ], "autotile_index": 0.0, "tileset": "tiles_BEE", "autotile": 1.0 }, "640_32": { "coord": [ 2.0, 2.0 ], "autotile_index": 0.0, "tileset": "tiles_BEE", "autotile": 1.0 }, "928_832": { "autotile": 1.0, "autotile_index": 0.0, "tileset": "tiles_BEE", "coord": [ 2.0, 1.0 ] }, "512_832": { "coord": [ 6.0, 6.0 ], "autotile_index": 0.0, "tileset": "tile_tower", "autotile": 1.0 }, "544_1024": { "autotile": 1.0, "autotile_index": 0.0, "tileset": "tiles_BEE", "coord": [ 2.0, 1.0 ] }, "320_0": { "coord": [ 2.0, 1.0 ], "autotile_index": 0.0, "tileset": "tiles_BEE", "autotile": 1.0 }, "704_928": { "autotile": 1.0, "autotile_index": 0.0, "tileset": "tiles_BEE", "coord": [ 2.0, 1.0 ] }, "-64_544": { "coord": [ 1.0, 2.0 ], "autotile_index": 0.0, "tileset": "tile_medieval", "autotile": 0.0 }, "0_224": { "autotile": 1.0, "autotile_index": 0.0, "tileset": "tiles_BEE", "coord": [ 2.0, 1.0 ] }, "192_224": { "coord": [ 2.0, 0.0 ], "autotile_index": 0.0, "tileset": "tiles_BEE", "autotile": 1.0 }, "768_608": { "coord": [ 2.0, 1.0 ], "autotile_index": 0.0, "tileset": "tiles_BEE", "autotile": 1.0 }, "448_960": { "autotile": 1.0, "autotile_index": 0.0, "tileset": "tiles_BEE", "coord": [ 2.0, 1.0 ] }, "608_32": { "coord": [ 2.0, 2.0 ], "autotile_index": 0.0, "tileset": "tiles_BEE", "autotile": 1.0 }, "896_480": { "autotile": 1.0, "autotile_index": 0.0, "tileset": "tiles_BEE", "coord": [ 2.0, 1.0 ] }, "864_352": { "coord": [ 2.0, 0.0 ], "autotile_index": 0.0, "tileset": "tiles_BEE", "autotile": 1.0 }, "32_608": { "coord": [ 1.0, 7.0 ], "autotile_index": 0.0, "tileset": "tile_medieval", "autotile": 1.0 }, "96_32": { "coord": [ 2.0, 2.0 ], "autotile_index": 0.0, "tileset": "tiles_BEE", "autotile": 1.0 }, "32_96": { "autotile": 1.0, "autotile_index": 0.0, "tileset": "tiles_BEE", "coord": [ 3.0, 1.0 ] }, "928_320": { "autotile": 1.0, "autotile_index": 0.0, "tileset": "tiles_BEE", "coord": [ 2.0, 1.0 ] }, "-32_384": { "autotile": 1.0, "autotile_index": 0.0, "tileset": "tiles_BEE", "coord": [ 2.0, 1.0 ] }, "-64_416": { "autotile": 1.0, "autotile_index": 0.0, "tileset": "tiles_BEE", "coord": [ 2.0, 1.0 ] }, "32_64": { "autotile": 1.0, "autotile_index": 0.0, "tileset": "tiles_BEE", "coord": [ 3.0, 1.0 ] }, "960_128": { "autotile": 1.0, "autotile_index": 0.0, "tileset": "tiles_BEE", "coord": [ 2.0, 1.0 ] }, "992_576": { "autotile": 1.0, "autotile_index": 0.0, "tileset": "tiles_BEE", "coord": [ 2.0, 1.0 ] }, "256_736": { "coord": [ 10.0, 1.0 ], "autotile_index": 0.0, "tileset": "tile_tower", "autotile": 0.0 }, "768_640": { "coord": [ 2.0, 1.0 ], "autotile_index": 0.0, "tileset": "tiles_BEE", "autotile": 1.0 }, "800_512": { "autotile": 1.0, "autotile_index": 0.0, "tileset": "tiles_BEE", "coord": [ 2.0, 1.0 ] }, "960_512": { "autotile": 1.0, "autotile_index": 0.0, "tileset": "tiles_BEE", "coord": [ 2.0, 1.0 ] }, "736_800": { "coord": [ 3.0, 1.0 ], "autotile_index": 0.0, "tileset": "tiles_BEE", "autotile": 1.0 }, "416_800": { "coord": [ 5.0, 4.0 ], "autotile_index": 0.0, "tileset": "tile_tower", "autotile": 1.0 }, "0_32": { "autotile": 1.0, "autotile_index": 0.0, "tileset": "tiles_BEE", "coord": [ 2.0, 1.0 ] }, "480_768": { "coord": [ 4.0, 5.0 ], "autotile_index": 0.0, "tileset": "tile_tower", "autotile": 1.0 }, "576_672": { "coord": [ 5.0, 6.0 ], "autotile_index": 0.0, "tileset": "tile_tower", "autotile": 1.0 }, "-32_864": { "autotile": 1.0, "autotile_index": 0.0, "tileset": "tiles_BEE", "coord": [ 2.0, 1.0 ] }, "288_288": { "coord": [ 2.0, 1.0 ], "autotile_index": 0.0, "tileset": "tiles_BEE", "autotile": 1.0 }, "480_480": { "coord": [ 1.0, 0.0 ], "autotile_index": 0.0, "tileset": "tiles_BEE", "autotile": 0.0 }, "320_928": { "autotile": 0.0, "autotile_index": 0.0, "tileset": "tiles_BEE", "coord": [ 1.0, 0.0 ] }, "608_992": { "autotile": 1.0, "autotile_index": 0.0, "tileset": "tiles_BEE", "coord": [ 2.0, 1.0 ] }, "896_384": { "autotile": 1.0, "autotile_index": 0.0, "tileset": "tiles_BEE", "coord": [ 2.0, 1.0 ] }, "608_416": { "autotile": 1.0, "autotile_index": 0.0, "tileset": "tiles_BEE", "coord": [ 1.0, 0.0 ] }, "32_800": { "autotile": 1.0, "autotile_index": 0.0, "tileset": "tiles_BEE", "coord": [ 3.0, 1.0 ] }, "768_1024": { "autotile": 1.0, "autotile_index": 0.0, "tileset": "tiles_BEE", "coord": [ 2.0, 1.0 ] }, "352_1024": { "autotile": 1.0, "autotile_index": 0.0, "tileset": "tiles_BEE", "coord": [ 2.0, 1.0 ] }, "-64_992": { "autotile": 1.0, "autotile_index": 0.0, "tileset": "tiles_BEE", "coord": [ 2.0, 1.0 ] }, "704_832": { "coord": [ 2.0, 1.0 ], "autotile_index": 0.0, "tileset": "tiles_BEE", "autotile": 1.0 }, "608_960": { "autotile": 1.0, "autotile_index": 0.0, "tileset": "tiles_BEE", "coord": [ 2.0, 1.0 ] }, "96_288": { "coord": [ 2.0, 1.0 ], "autotile_index": 0.0, "tileset": "tiles_BEE", "autotile": 1.0 }, "992_384": { "autotile": 1.0, "autotile_index": 0.0, "tileset": "tiles_BEE", "coord": [ 2.0, 1.0 ] }, "896_320": { "autotile": 1.0, "autotile_index": 0.0, "tileset": "tiles_BEE", "coord": [ 1.0, 1.0 ] }, "736_512": { "autotile": 1.0, "autotile_index": 0.0, "tileset": "tiles_BEE", "coord": [ 2.0, 1.0 ] }, "832_672": { "coord": [ 2.0, 2.0 ], "autotile_index": 0.0, "tileset": "tiles_BEE", "autotile": 1.0 }, "960_864": { "autotile": 1.0, "autotile_index": 0.0, "tileset": "tiles_BEE", "coord": [ 2.0, 1.0 ] }, "-64_928": { "autotile": 1.0, "autotile_index": 0.0, "tileset": "tiles_BEE", "coord": [ 2.0, 1.0 ] }, "832_1024": { "autotile": 1.0, "autotile_index": 0.0, "tileset": "tiles_BEE", "coord": [ 2.0, 1.0 ] }, "992_320": { "autotile": 1.0, "autotile_index": 0.0, "tileset": "tiles_BEE", "coord": [ 2.0, 1.0 ] } } }, "backgrounds": { "5": { "x": 0.0, "scroll_x": 0.75, "tile_y": 1.0, "hspeed": 0.0, "scroll_y": 0.75, "panic_sprite": -1.0, "y": 0.0, "sprite": "honeycom-pattern-background-2-cover", "tile_x": 1.0, "vspeed": 0.0, "image_speed": 15.0 } }, "properties": { "songTransitionTime": 100.0, "roomX": -64.0, "levelWidth": 1024.0, "roomY": 0.0, "levelHeight": 1052.0, "song": "FUCK_BEES_Remastered__getmp3.pro_" } }