{ "editorVersion": 5.0, "instances": [ { "layer": 0.0, "deleted": 0.0, "variables": { "x": 1056.0, "flipX": 0.0, "y": 384.0, "flipY": 0.0 }, "object": 516.0 }, { "layer": 0.0, "deleted": 0.0, "variables": { "x": 0.0, "y": 480.0, "image_xscale": 13.0, "image_yscale": 2.0, "flipX": 0.0, "flipY": 0.0 }, "object": 517.0 }, { "layer": 0.0, "deleted": 0.0, "variables": { "x": 416.0, "y": 352.0, "image_xscale": 2.0, "image_yscale": 6.0, "flipX": 0.0, "flipY": 0.0 }, "object": 517.0 }, { "layer": 0.0, "deleted": 0.0, "variables": { "x": 480.0, "y": 416.0, "image_xscale": 19.0, "image_yscale": 4.0, "flipX": 0.0, "flipY": 0.0 }, "object": 517.0 }, { "layer": 0.0, "deleted": 0.0, "variables": { "x": 1088.0, "y": -192.0, "image_xscale": 2.0, "image_yscale": 23.0, "flipX": 0.0, "flipY": 0.0 }, "object": 517.0 }, { "layer": 0.0, "deleted": 0.0, "variables": { "x": 0.0, "y": -256.0, "image_xscale": 36.0, "image_yscale": 2.0, "flipX": 0.0, "flipY": 0.0 }, "object": 517.0 }, { "layer": 0.0, "deleted": 0.0, "variables": { "x": 0.0, "y": -192.0, "image_xscale": 2.0, "image_yscale": 17.0, "flipX": 0.0, "flipY": 0.0 }, "object": 517.0 }, { "layer": 0.0, "deleted": 0.0, "variables": { "x": 64.0, "y": 32.0, "image_xscale": 15.0, "image_yscale": 3.0, "flipX": 0.0, "flipY": 0.0 }, "object": 517.0 }, { "layer": 0.0, "deleted": 0.0, "variables": { "x": 640.0, "y": 256.0, "image_xscale": 6.0, "image_yscale": 3.0, "flipX": 0.0, "flipY": 0.0 }, "object": 517.0 }, { "layer": 0.0, "deleted": 0.0, "variables": { "x": 64.0, "y": 288.0, "image_xscale": 6.0, "image_yscale": 2.0, "flipX": 0.0, "flipY": 0.0 }, "object": 517.0 }, { "layer": 0.0, "deleted": 0.0, "variables": { "x": -32.0, "y": 352.0, "targetRoom": "GUS", "image_xscale": 1.0, "image_yscale": 2.0, "flipX": 0.0, "flipY": 0.0, "targetDoor": "A" }, "object": 801.0 }, { "layer": 0.0, "deleted": 0.0, "variables": { "x": 32.0, "flipX": 0.0, "y": 448.0, "flipY": 0.0 }, "object": 804.0 }, { "layer": 0.0, "deleted": 0.0, "variables": { "x": 640.0, "flipX": 0.0, "y": 352.0, "flipY": 0.0 }, "object": 734.0 }, { "layer": 0.0, "deleted": 0.0, "variables": { "x": 768.0, "flipX": 0.0, "y": 352.0, "flipY": 0.0 }, "object": 734.0 }, { "layer": 0.0, "deleted": 0.0, "variables": { "x": 736.0, "flipX": 0.0, "content": "obj_pizzakintomato", "flipY": 0.0, "y": 384.0 }, "object": 751.0 }, { "layer": 0.0, "deleted": 0.0, "variables": { "x": 896.0, "y": -192.0, "image_xscale": 6.0, "image_yscale": 2.0, "flipX": 0.0, "flipY": 0.0 }, "object": 517.0 }, { "layer": 0.0, "deleted": 0.0, "variables": { "x": 544.0, "y": -64.0, "image_xscale": 3.0, "image_yscale": 2.0, "flipX": 0.0, "flipY": 0.0 }, "object": 517.0 }, { "layer": 0.0, "deleted": 0.0, "variables": { "x": 64.0, "y": -96.0, "image_xscale": 4.0, "image_yscale": 1.0, "flipX": 0.0, "flipY": 0.0 }, "object": 722.0 }, { "layer": 0.0, "deleted": 0.0, "variables": { "x": 128.0, "flipX": 0.0, "y": -128.0, "flipY": 0.0 }, "object": 765.0 }, { "layer": 0.0, "deleted": 0.0, "variables": { "x": 544.0, "y": 0.0, "image_xscale": 11.0, "image_yscale": 4.0, "flipX": 0.0, "flipY": 0.0 }, "object": 517.0 }, { "layer": 0.0, "deleted": 0.0, "variables": { "x": 736.0, "flipX": 1.0, "y": 209.0, "flipY": 0.0 }, "object": 687.0 }, { "layer": 0.0, "deleted": 0.0, "variables": { "x": 576.0, "flipX": 0.0, "y": -111.0, "flipY": 0.0 }, "object": 681.0 }, { "layer": 0.0, "deleted": 0.0, "variables": { "x": 480.0, "flipX": 0.0, "y": 0.0, "flipY": 0.0 }, "object": 617.0 }, { "layer": 0.0, "deleted": 0.0, "variables": { "x": 512.0, "flipX": 0.0, "y": 0.0, "flipY": 0.0 }, "object": 617.0 }, { "layer": 0.0, "deleted": 0.0, "variables": { "x": 448.0, "flipX": 0.0, "y": 0.0, "flipY": 0.0 }, "object": 617.0 }, { "layer": 0.0, "deleted": 0.0, "variables": { "x": 416.0, "flipX": 0.0, "y": 0.0, "flipY": 0.0 }, "object": 617.0 }, { "layer": 0.0, "deleted": 0.0, "variables": { "x": 384.0, "flipX": 0.0, "y": 0.0, "flipY": 0.0 }, "object": 617.0 }, { "layer": 0.0, "deleted": 0.0, "variables": { "x": 352.0, "flipX": 0.0, "y": 0.0, "flipY": 0.0 }, "object": 617.0 }, { "layer": 0.0, "deleted": 0.0, "variables": { "x": 320.0, "flipX": 0.0, "y": 0.0, "flipY": 0.0 }, "object": 617.0 }, { "layer": 0.0, "deleted": 0.0, "variables": { "x": 288.0, "flipX": 0.0, "y": 0.0, "flipY": 0.0 }, "object": 617.0 }, { "layer": 0.0, "deleted": 0.0, "variables": { "x": 256.0, "flipX": 0.0, "y": 0.0, "flipY": 0.0 }, "object": 617.0 }, { "layer": 0.0, "deleted": 0.0, "variables": { "x": 224.0, "flipX": 0.0, "y": 0.0, "flipY": 0.0 }, "object": 617.0 }, { "layer": 0.0, "deleted": 0.0, "variables": { "x": 192.0, "flipX": 0.0, "y": 0.0, "flipY": 0.0 }, "object": 617.0 }, { "layer": 0.0, "deleted": 0.0, "variables": { "x": 160.0, "flipX": 0.0, "y": 0.0, "flipY": 0.0 }, "object": 617.0 }, { "layer": 0.0, "deleted": 0.0, "variables": { "x": 128.0, "flipX": 0.0, "y": 0.0, "flipY": 0.0 }, "object": 617.0 }, { "layer": 0.0, "deleted": 0.0, "variables": { "x": 96.0, "flipX": 0.0, "y": 0.0, "flipY": 0.0 }, "object": 617.0 }, { "layer": 0.0, "deleted": 0.0, "variables": { "x": 64.0, "flipX": 0.0, "y": 0.0, "flipY": 0.0 }, "object": 617.0 }, { "layer": 0.0, "deleted": 0.0, "variables": { "x": 160.0, "flipX": 0.0, "y": 241.0, "flipY": 0.0 }, "object": 665.0 }, { "layer": 0.0, "deleted": 0.0, "variables": { "x": 96.0, "flipX": 0.0, "y": 256.0, "flipY": 0.0 }, "object": 816.0 }, { "layer": 0.0, "deleted": 0.0, "variables": { "x": 896.0, "y": 96.0, "image_xscale": 3.0, "image_yscale": 1.0, "flipX": 0.0, "flipY": 0.0 }, "object": 722.0 }, { "layer": 0.0, "deleted": 0.0, "variables": { "x": 1056.0, "flipX": 0.0, "y": 320.0, "flipY": 0.0 }, "object": 752.0 }, { "layer": 0.0, "deleted": 0.0, "variables": { "x": 1056.0, "flipX": 0.0, "y": 256.0, "flipY": 0.0 }, "object": 752.0 }, { "layer": 0.0, "deleted": 0.0, "variables": { "x": 1056.0, "flipX": 0.0, "y": 192.0, "flipY": 0.0 }, "object": 752.0 }, { "layer": 0.0, "deleted": 0.0, "variables": { "x": 1056.0, "flipX": 0.0, "y": 128.0, "flipY": 0.0 }, "object": 752.0 }, { "layer": 0.0, "deleted": 0.0, "variables": { "x": 1056.0, "flipX": 0.0, "y": 64.0, "flipY": 0.0 }, "object": 752.0 }, { "layer": 0.0, "deleted": 0.0, "variables": { "x": 1056.0, "flipX": 0.0, "y": 0.0, "flipY": 0.0 }, "object": 752.0 }, { "layer": 0.0, "deleted": 0.0, "variables": { "x": 1024.0, "flipX": 0.0, "y": -64.0, "flipY": 0.0 }, "object": 752.0 }, { "layer": 0.0, "deleted": 0.0, "variables": { "x": 992.0, "flipX": 0.0, "y": -96.0, "flipY": 0.0 }, "object": 752.0 }, { "layer": 0.0, "deleted": 0.0, "variables": { "x": 928.0, "flipX": 0.0, "y": -128.0, "flipY": 0.0 }, "object": 752.0 }, { "layer": 0.0, "deleted": 0.0, "variables": { "x": 960.0, "flipX": 0.0, "y": -128.0, "flipY": 0.0 }, "object": 752.0 }, { "layer": 0.0, "deleted": 0.0, "variables": { "x": 896.0, "flipX": 0.0, "y": -128.0, "flipY": 0.0 }, "object": 752.0 }, { "layer": 0.0, "deleted": 0.0, "variables": { "x": 224.0, "flipX": 0.0, "y": 256.0, "flipY": 0.0 }, "object": 752.0 }, { "layer": 0.0, "deleted": 0.0, "variables": { "x": 192.0, "flipX": 0.0, "y": 256.0, "flipY": 0.0 }, "object": 752.0 }, { "layer": 0.0, "deleted": 0.0, "variables": { "x": 192.0, "flipX": 0.0, "y": 224.0, "flipY": 0.0 }, "object": 752.0 }, { "layer": 0.0, "deleted": 0.0, "variables": { "x": 224.0, "flipX": 0.0, "y": 224.0, "flipY": 0.0 }, "object": 752.0 }, { "layer": 0.0, "deleted": 0.0, "variables": { "x": 288.0, "y": -64.0, "image_xscale": 2.0, "image_yscale": 1.0, "flipX": 0.0, "flipY": 0.0 }, "object": 722.0 }, { "layer": 0.0, "deleted": 0.0, "variables": { "x": 640.0, "y": -64.0, "image_xscale": 4.0, "image_yscale": 2.0, "flipX": 1.0, "flipY": 0.0 }, "object": 516.0 } ], "tile_data": { "5": { "544_512": { "coord": [ 2.0, 1.0 ], "autotile_index": 0.0, "tileset": "tiles_BEE", "autotile": 1.0 }, "64_96": { "coord": [ 2.0, 2.0 ], "autotile_index": 0.0, "tileset": "tiles_BEE", "autotile": 1.0 }, "992_512": { "coord": [ 2.0, 1.0 ], "autotile_index": 0.0, "tileset": "tiles_BEE", "autotile": 1.0 }, "1120_512": { "coord": [ 2.0, 1.0 ], "autotile_index": 0.0, "tileset": "tiles_BEE", "autotile": 1.0 }, "640_448": { "coord": [ 2.0, 1.0 ], "autotile_index": 0.0, "tileset": "tiles_BEE", "autotile": 1.0 }, "768_-224": { "coord": [ 2.0, 2.0 ], "autotile_index": 0.0, "tileset": "tiles_BEE", "autotile": 1.0 }, "512_64": { "coord": [ 2.0, 1.0 ], "autotile_index": 0.0, "tileset": "tiles_BEE", "autotile": 1.0 }, "704_320": { "coord": [ 2.0, 2.0 ], "autotile_index": 0.0, "tileset": "tiles_BEE", "autotile": 1.0 }, "32_480": { "autotile": 1.0, "autotile_index": 0.0, "tileset": "tiles_BEE", "coord": [ 2.0, 0.0 ] }, "960_-160": { "coord": [ 2.0, 2.0 ], "autotile_index": 0.0, "tileset": "tiles_BEE", "autotile": 1.0 }, "544_416": { "autotile": 1.0, "autotile_index": 0.0, "tileset": "tiles_BEE", "coord": [ 2.0, 0.0 ] }, "96_-96": { "coord": [ 4.0, 0.0 ], "autotile_index": 0.0, "tileset": "tiles_BEE", "autotile": 0.0 }, "640_416": { "coord": [ 2.0, 0.0 ], "autotile_index": 0.0, "tileset": "tiles_BEE", "autotile": 1.0 }, "704_96": { "coord": [ 2.0, 2.0 ], "autotile_index": 0.0, "tileset": "tiles_BEE", "autotile": 1.0 }, "800_480": { "coord": [ 2.0, 1.0 ], "autotile_index": 0.0, "tileset": "tiles_BEE", "autotile": 1.0 }, "1024_-224": { "coord": [ 2.0, 1.0 ], "autotile_index": 0.0, "tileset": "tiles_BEE", "autotile": 1.0 }, "704_-224": { "autotile": 1.0, "autotile_index": 0.0, "tileset": "tiles_BEE", "coord": [ 2.0, 2.0 ] }, "192_480": { "autotile": 1.0, "autotile_index": 0.0, "tileset": "tiles_BEE", "coord": [ 2.0, 0.0 ] }, "640_288": { "coord": [ 1.0, 1.0 ], "autotile_index": 0.0, "tileset": "tiles_BEE", "autotile": 1.0 }, "160_32": { "coord": [ 2.0, 0.0 ], "autotile_index": 0.0, "tileset": "tiles_BEE", "autotile": 1.0 }, "448_512": { "coord": [ 2.0, 1.0 ], "autotile_index": 0.0, "tileset": "tiles_BEE", "autotile": 1.0 }, "576_32": { "autotile": 1.0, "autotile_index": 0.0, "tileset": "tiles_BEE", "coord": [ 2.0, 1.0 ] }, "1024_416": { "coord": [ 2.0, 0.0 ], "autotile_index": 0.0, "tileset": "tiles_BEE", "autotile": 1.0 }, "576_-224": { "autotile": 1.0, "autotile_index": 0.0, "tileset": "tiles_BEE", "coord": [ 2.0, 2.0 ] }, "288_512": { "autotile": 1.0, "autotile_index": 0.0, "tileset": "tiles_BEE", "coord": [ 2.0, 1.0 ] }, "352_480": { "coord": [ 2.0, 0.0 ], "autotile_index": 0.0, "tileset": "tiles_BEE", "autotile": 1.0 }, "800_-224": { "coord": [ 2.0, 2.0 ], "autotile_index": 0.0, "tileset": "tiles_BEE", "autotile": 1.0 }, "832_0": { "coord": [ 2.0, 0.0 ], "autotile_index": 0.0, "tileset": "tiles_BEE", "autotile": 1.0 }, "320_512": { "autotile": 1.0, "autotile_index": 0.0, "tileset": "tiles_BEE", "coord": [ 2.0, 1.0 ] }, "736_32": { "autotile": 1.0, "autotile_index": 0.0, "tileset": "tiles_BEE", "coord": [ 2.0, 1.0 ] }, "1120_288": { "autotile": 1.0, "autotile_index": 0.0, "tileset": "tiles_BEE", "coord": [ 2.0, 1.0 ] }, "128_-96": { "coord": [ 4.0, 0.0 ], "autotile_index": 0.0, "tileset": "tiles_BEE", "autotile": 0.0 }, "1088_-128": { "coord": [ 1.0, 1.0 ], "autotile_index": 0.0, "tileset": "tiles_BEE", "autotile": 1.0 }, "640_64": { "autotile": 1.0, "autotile_index": 0.0, "tileset": "tiles_BEE", "coord": [ 2.0, 1.0 ] }, "224_288": { "coord": [ 3.0, 0.0 ], "autotile_index": 0.0, "tileset": "tiles_BEE", "autotile": 1.0 }, "992_-256": { "coord": [ 2.0, 1.0 ], "autotile_index": 0.0, "tileset": "tiles_BEE", "autotile": 1.0 }, "448_96": { "coord": [ 2.0, 2.0 ], "autotile_index": 0.0, "tileset": "tiles_BEE", "autotile": 1.0 }, "928_96": { "autotile": 0.0, "autotile_index": 0.0, "tileset": "tiles_BEE", "coord": [ 4.0, 0.0 ] }, "864_32": { "coord": [ 3.0, 1.0 ], "autotile_index": 0.0, "tileset": "tiles_BEE", "autotile": 1.0 }, "640_256": { "coord": [ 1.0, 0.0 ], "autotile_index": 0.0, "tileset": "tiles_BEE", "autotile": 1.0 }, "0_-256": { "autotile": 1.0, "autotile_index": 0.0, "tileset": "tiles_BEE", "coord": [ 2.0, 1.0 ] }, "416_416": { "autotile": 1.0, "autotile_index": 0.0, "tileset": "tiles_BEE", "coord": [ 1.0, 1.0 ] }, "288_-64": { "autotile": 0.0, "autotile_index": 0.0, "tileset": "tiles_BEE", "coord": [ 4.0, 0.0 ] }, "512_512": { "coord": [ 2.0, 1.0 ], "autotile_index": 0.0, "tileset": "tiles_BEE", "autotile": 1.0 }, "480_64": { "coord": [ 2.0, 1.0 ], "autotile_index": 0.0, "tileset": "tiles_BEE", "autotile": 1.0 }, "1088_-96": { "coord": [ 1.0, 1.0 ], "autotile_index": 0.0, "tileset": "tiles_BEE", "autotile": 1.0 }, "1024_480": { "coord": [ 2.0, 1.0 ], "autotile_index": 0.0, "tileset": "tiles_BEE", "autotile": 1.0 }, "576_0": { "autotile": 1.0, "autotile_index": 0.0, "tileset": "tiles_BEE", "coord": [ 2.0, 1.0 ] }, "768_32": { "coord": [ 2.0, 1.0 ], "autotile_index": 0.0, "tileset": "tiles_BEE", "autotile": 1.0 }, "448_352": { "autotile": 1.0, "autotile_index": 0.0, "tileset": "tiles_BEE", "coord": [ 3.0, 0.0 ] }, "960_-192": { "coord": [ 2.0, 1.0 ], "autotile_index": 0.0, "tileset": "tiles_BEE", "autotile": 1.0 }, "640_-32": { "autotile": 1.0, "autotile_index": 0.0, "tileset": "tiles_BEE", "coord": [ 2.0, 0.0 ] }, "1088_448": { "coord": [ 2.0, 1.0 ], "autotile_index": 0.0, "tileset": "tiles_BEE", "autotile": 1.0 }, "384_-256": { "autotile": 1.0, "autotile_index": 0.0, "tileset": "tiles_BEE", "coord": [ 2.0, 1.0 ] }, "0_0": { "coord": [ 2.0, 1.0 ], "autotile_index": 0.0, "tileset": "tiles_BEE", "autotile": 1.0 }, "864_96": { "coord": [ 3.0, 2.0 ], "autotile_index": 0.0, "tileset": "tiles_BEE", "autotile": 1.0 }, "32_-64": { "coord": [ 3.0, 1.0 ], "autotile_index": 0.0, "tileset": "tiles_BEE", "autotile": 1.0 }, "608_64": { "autotile": 1.0, "autotile_index": 0.0, "tileset": "tiles_BEE", "coord": [ 2.0, 1.0 ] }, "672_480": { "coord": [ 2.0, 1.0 ], "autotile_index": 0.0, "tileset": "tiles_BEE", "autotile": 1.0 }, "160_320": { "coord": [ 2.0, 2.0 ], "autotile_index": 0.0, "tileset": "tiles_BEE", "autotile": 1.0 }, "352_64": { "coord": [ 2.0, 1.0 ], "autotile_index": 0.0, "tileset": "tiles_BEE", "autotile": 1.0 }, "640_0": { "autotile": 1.0, "autotile_index": 0.0, "tileset": "tiles_BEE", "coord": [ 2.0, 1.0 ] }, "32_32": { "coord": [ 4.0, 4.0 ], "autotile_index": 0.0, "tileset": "tiles_BEE", "autotile": 1.0 }, "128_64": { "autotile": 1.0, "autotile_index": 0.0, "tileset": "tiles_BEE", "coord": [ 2.0, 1.0 ] }, "704_32": { "autotile": 1.0, "autotile_index": 0.0, "tileset": "tiles_BEE", "coord": [ 2.0, 1.0 ] }, "1120_160": { "autotile": 1.0, "autotile_index": 0.0, "tileset": "tiles_BEE", "coord": [ 2.0, 1.0 ] }, "704_448": { "coord": [ 2.0, 1.0 ], "autotile_index": 0.0, "tileset": "tiles_BEE", "autotile": 1.0 }, "608_512": { "coord": [ 2.0, 1.0 ], "autotile_index": 0.0, "tileset": "tiles_BEE", "autotile": 1.0 }, "96_32": { "coord": [ 2.0, 0.0 ], "autotile_index": 0.0, "tileset": "tiles_BEE", "autotile": 1.0 }, "1120_-256": { "coord": [ 2.0, 1.0 ], "autotile_index": 0.0, "tileset": "tiles_BEE", "autotile": 1.0 }, "64_32": { "coord": [ 2.0, 0.0 ], "autotile_index": 0.0, "tileset": "tiles_BEE", "autotile": 1.0 }, "640_384": { "coord": [ 6.0, 1.0 ], "autotile_index": 0.0, "tileset": "tiles_BEE", "autotile": 0.0 }, "736_256": { "coord": [ 2.0, 0.0 ], "autotile_index": 0.0, "tileset": "tiles_BEE", "autotile": 1.0 }, "928_480": { "coord": [ 2.0, 1.0 ], "autotile_index": 0.0, "tileset": "tiles_BEE", "autotile": 1.0 }, "544_480": { "coord": [ 2.0, 1.0 ], "autotile_index": 0.0, "tileset": "tiles_BEE", "autotile": 1.0 }, "512_480": { "coord": [ 2.0, 1.0 ], "autotile_index": 0.0, "tileset": "tiles_BEE", "autotile": 1.0 }, "576_-32": { "autotile": 1.0, "autotile_index": 0.0, "tileset": "tiles_BEE", "coord": [ 2.0, 1.0 ] }, "224_64": { "autotile": 1.0, "autotile_index": 0.0, "tileset": "tiles_BEE", "coord": [ 2.0, 1.0 ] }, "544_-64": { "coord": [ 1.0, 0.0 ], "autotile_index": 0.0, "tileset": "tiles_BEE", "autotile": 1.0 }, "128_32": { "coord": [ 2.0, 0.0 ], "autotile_index": 0.0, "tileset": "tiles_BEE", "autotile": 1.0 }, "1120_-128": { "coord": [ 2.0, 1.0 ], "autotile_index": 0.0, "tileset": "tiles_BEE", "autotile": 1.0 }, "736_448": { "coord": [ 2.0, 1.0 ], "autotile_index": 0.0, "tileset": "tiles_BEE", "autotile": 1.0 }, "832_-224": { "coord": [ 2.0, 2.0 ], "autotile_index": 0.0, "tileset": "tiles_BEE", "autotile": 1.0 }, "160_64": { "autotile": 1.0, "autotile_index": 0.0, "tileset": "tiles_BEE", "coord": [ 2.0, 1.0 ] }, "352_512": { "coord": [ 2.0, 1.0 ], "autotile_index": 0.0, "tileset": "tiles_BEE", "autotile": 1.0 }, "1120_384": { "coord": [ 2.0, 1.0 ], "autotile_index": 0.0, "tileset": "tiles_BEE", "autotile": 1.0 }, "352_-256": { "autotile": 1.0, "autotile_index": 0.0, "tileset": "tiles_BEE", "coord": [ 2.0, 1.0 ] }, "672_0": { "autotile": 1.0, "autotile_index": 0.0, "tileset": "tiles_BEE", "coord": [ 4.0, 4.0 ] }, "960_-256": { "coord": [ 2.0, 1.0 ], "autotile_index": 0.0, "tileset": "tiles_BEE", "autotile": 1.0 }, "352_96": { "coord": [ 2.0, 2.0 ], "autotile_index": 0.0, "tileset": "tiles_BEE", "autotile": 1.0 }, "96_480": { "autotile": 1.0, "autotile_index": 0.0, "tileset": "tiles_BEE", "coord": [ 2.0, 0.0 ] }, "352_-224": { "autotile": 1.0, "autotile_index": 0.0, "tileset": "tiles_BEE", "coord": [ 2.0, 2.0 ] }, "672_512": { "coord": [ 2.0, 1.0 ], "autotile_index": 0.0, "tileset": "tiles_BEE", "autotile": 1.0 }, "0_-64": { "coord": [ 2.0, 1.0 ], "autotile_index": 0.0, "tileset": "tiles_BEE", "autotile": 1.0 }, "960_480": { "coord": [ 2.0, 1.0 ], "autotile_index": 0.0, "tileset": "tiles_BEE", "autotile": 1.0 }, "224_512": { "autotile": 1.0, "autotile_index": 0.0, "tileset": "tiles_BEE", "coord": [ 2.0, 1.0 ] }, "448_32": { "coord": [ 2.0, 0.0 ], "autotile_index": 0.0, "tileset": "tiles_BEE", "autotile": 1.0 }, "32_288": { "coord": [ 4.0, 4.0 ], "autotile_index": 0.0, "tileset": "tiles_BEE", "autotile": 1.0 }, "256_96": { "autotile": 1.0, "autotile_index": 0.0, "tileset": "tiles_BEE", "coord": [ 2.0, 2.0 ] }, "32_-160": { "autotile": 1.0, "autotile_index": 0.0, "tileset": "tiles_BEE", "coord": [ 3.0, 1.0 ] }, "1120_256": { "autotile": 1.0, "autotile_index": 0.0, "tileset": "tiles_BEE", "coord": [ 2.0, 1.0 ] }, "480_512": { "coord": [ 2.0, 1.0 ], "autotile_index": 0.0, "tileset": "tiles_BEE", "autotile": 1.0 }, "768_-256": { "coord": [ 2.0, 1.0 ], "autotile_index": 0.0, "tileset": "tiles_BEE", "autotile": 1.0 }, "1120_-192": { "coord": [ 2.0, 1.0 ], "autotile_index": 0.0, "tileset": "tiles_BEE", "autotile": 1.0 }, "160_512": { "autotile": 1.0, "autotile_index": 0.0, "tileset": "tiles_BEE", "coord": [ 2.0, 1.0 ] }, "672_96": { "coord": [ 2.0, 2.0 ], "autotile_index": 0.0, "tileset": "tiles_BEE", "autotile": 1.0 }, "128_-256": { "autotile": 1.0, "autotile_index": 0.0, "tileset": "tiles_BEE", "coord": [ 2.0, 1.0 ] }, "448_64": { "coord": [ 2.0, 1.0 ], "autotile_index": 0.0, "tileset": "tiles_BEE", "autotile": 1.0 }, "672_384": { "coord": [ 7.0, 1.0 ], "autotile_index": 0.0, "tileset": "tiles_BEE", "autotile": 0.0 }, "320_96": { "coord": [ 2.0, 2.0 ], "autotile_index": 0.0, "tileset": "tiles_BEE", "autotile": 1.0 }, "608_96": { "coord": [ 2.0, 2.0 ], "autotile_index": 0.0, "tileset": "tiles_BEE", "autotile": 1.0 }, "320_480": { "autotile": 1.0, "autotile_index": 0.0, "tileset": "tiles_BEE", "coord": [ 2.0, 0.0 ] }, "1088_-192": { "coord": [ 2.0, 1.0 ], "autotile_index": 0.0, "tileset": "tiles_BEE", "autotile": 1.0 }, "416_352": { "autotile": 1.0, "autotile_index": 0.0, "tileset": "tiles_BEE", "coord": [ 1.0, 0.0 ] }, "672_352": { "coord": [ 7.0, 0.0 ], "autotile_index": 0.0, "tileset": "tiles_BEE", "autotile": 0.0 }, "672_32": { "autotile": 1.0, "autotile_index": 0.0, "tileset": "tiles_BEE", "coord": [ 2.0, 1.0 ] }, "960_448": { "coord": [ 2.0, 1.0 ], "autotile_index": 0.0, "tileset": "tiles_BEE", "autotile": 1.0 }, "608_-256": { "autotile": 1.0, "autotile_index": 0.0, "tileset": "tiles_BEE", "coord": [ 2.0, 1.0 ] }, "192_96": { "autotile": 1.0, "autotile_index": 0.0, "tileset": "tiles_BEE", "coord": [ 2.0, 2.0 ] }, "576_64": { "autotile": 1.0, "autotile_index": 0.0, "tileset": "tiles_BEE", "coord": [ 2.0, 1.0 ] }, "480_480": { "coord": [ 2.0, 1.0 ], "autotile_index": 0.0, "tileset": "tiles_BEE", "autotile": 1.0 }, "1088_-160": { "coord": [ 6.0, 2.0 ], "autotile_index": 0.0, "tileset": "tiles_BEE", "autotile": 1.0 }, "320_-256": { "autotile": 1.0, "autotile_index": 0.0, "tileset": "tiles_BEE", "coord": [ 2.0, 1.0 ] }, "512_448": { "autotile": 1.0, "autotile_index": 0.0, "tileset": "tiles_BEE", "coord": [ 2.0, 1.0 ] }, "1120_192": { "autotile": 1.0, "autotile_index": 0.0, "tileset": "tiles_BEE", "coord": [ 2.0, 1.0 ] }, "224_96": { "autotile": 1.0, "autotile_index": 0.0, "tileset": "tiles_BEE", "coord": [ 2.0, 2.0 ] }, "928_448": { "coord": [ 2.0, 1.0 ], "autotile_index": 0.0, "tileset": "tiles_BEE", "autotile": 1.0 }, "800_64": { "coord": [ 2.0, 1.0 ], "autotile_index": 0.0, "tileset": "tiles_BEE", "autotile": 1.0 }, "0_96": { "coord": [ 2.0, 1.0 ], "autotile_index": 0.0, "tileset": "tiles_BEE", "autotile": 1.0 }, "1056_416": { "coord": [ 2.0, 0.0 ], "autotile_index": 0.0, "tileset": "tiles_BEE", "autotile": 1.0 }, "768_448": { "coord": [ 2.0, 1.0 ], "autotile_index": 0.0, "tileset": "tiles_BEE", "autotile": 1.0 }, "736_96": { "coord": [ 2.0, 2.0 ], "autotile_index": 0.0, "tileset": "tiles_BEE", "autotile": 1.0 }, "1056_512": { "coord": [ 2.0, 1.0 ], "autotile_index": 0.0, "tileset": "tiles_BEE", "autotile": 1.0 }, "64_-224": { "autotile": 1.0, "autotile_index": 0.0, "tileset": "tiles_BEE", "coord": [ 2.0, 2.0 ] }, "928_416": { "coord": [ 2.0, 0.0 ], "autotile_index": 0.0, "tileset": "tiles_BEE", "autotile": 1.0 }, "96_-256": { "autotile": 1.0, "autotile_index": 0.0, "tileset": "tiles_BEE", "coord": [ 2.0, 1.0 ] }, "544_-256": { "autotile": 1.0, "autotile_index": 0.0, "tileset": "tiles_BEE", "coord": [ 2.0, 1.0 ] }, "128_512": { "autotile": 1.0, "autotile_index": 0.0, "tileset": "tiles_BEE", "coord": [ 2.0, 1.0 ] }, "672_448": { "coord": [ 2.0, 1.0 ], "autotile_index": 0.0, "tileset": "tiles_BEE", "autotile": 1.0 }, "576_448": { "autotile": 1.0, "autotile_index": 0.0, "tileset": "tiles_BEE", "coord": [ 2.0, 1.0 ] }, "64_-96": { "coord": [ 4.0, 0.0 ], "autotile_index": 0.0, "tileset": "tiles_BEE", "autotile": 0.0 }, "800_416": { "coord": [ 2.0, 0.0 ], "autotile_index": 0.0, "tileset": "tiles_BEE", "autotile": 1.0 }, "896_480": { "coord": [ 2.0, 1.0 ], "autotile_index": 0.0, "tileset": "tiles_BEE", "autotile": 1.0 }, "1120_448": { "coord": [ 2.0, 1.0 ], "autotile_index": 0.0, "tileset": "tiles_BEE", "autotile": 1.0 }, "704_0": { "autotile": 1.0, "autotile_index": 0.0, "tileset": "tiles_BEE", "coord": [ 2.0, 0.0 ] }, "736_480": { "coord": [ 2.0, 1.0 ], "autotile_index": 0.0, "tileset": "tiles_BEE", "autotile": 1.0 }, "32_512": { "autotile": 1.0, "autotile_index": 0.0, "tileset": "tiles_BEE", "coord": [ 2.0, 1.0 ] }, "800_448": { "coord": [ 2.0, 1.0 ], "autotile_index": 0.0, "tileset": "tiles_BEE", "autotile": 1.0 }, "320_-64": { "autotile": 0.0, "autotile_index": 0.0, "tileset": "tiles_BEE", "coord": [ 4.0, 0.0 ] }, "672_-224": { "autotile": 1.0, "autotile_index": 0.0, "tileset": "tiles_BEE", "coord": [ 2.0, 2.0 ] }, "1088_512": { "coord": [ 2.0, 1.0 ], "autotile_index": 0.0, "tileset": "tiles_BEE", "autotile": 1.0 }, "416_96": { "coord": [ 2.0, 2.0 ], "autotile_index": 0.0, "tileset": "tiles_BEE", "autotile": 1.0 }, "1056_-192": { "coord": [ 2.0, 1.0 ], "autotile_index": 0.0, "tileset": "tiles_BEE", "autotile": 1.0 }, "1088_-32": { "autotile": 1.0, "autotile_index": 0.0, "tileset": "tiles_BEE", "coord": [ 1.0, 1.0 ] }, "288_-256": { "autotile": 1.0, "autotile_index": 0.0, "tileset": "tiles_BEE", "coord": [ 2.0, 1.0 ] }, "64_320": { "coord": [ 2.0, 2.0 ], "autotile_index": 0.0, "tileset": "tiles_BEE", "autotile": 1.0 }, "1120_-32": { "autotile": 1.0, "autotile_index": 0.0, "tileset": "tiles_BEE", "coord": [ 2.0, 1.0 ] }, "512_-224": { "autotile": 1.0, "autotile_index": 0.0, "tileset": "tiles_BEE", "coord": [ 2.0, 2.0 ] }, "576_416": { "autotile": 1.0, "autotile_index": 0.0, "tileset": "tiles_BEE", "coord": [ 2.0, 0.0 ] }, "448_448": { "autotile": 1.0, "autotile_index": 0.0, "tileset": "tiles_BEE", "coord": [ 2.0, 1.0 ] }, "96_288": { "coord": [ 2.0, 0.0 ], "autotile_index": 0.0, "tileset": "tiles_BEE", "autotile": 1.0 }, "864_64": { "coord": [ 3.0, 1.0 ], "autotile_index": 0.0, "tileset": "tiles_BEE", "autotile": 1.0 }, "416_512": { "coord": [ 2.0, 1.0 ], "autotile_index": 0.0, "tileset": "tiles_BEE", "autotile": 1.0 }, "672_-32": { "autotile": 1.0, "autotile_index": 0.0, "tileset": "tiles_BEE", "coord": [ 3.0, 0.0 ] }, "896_-256": { "coord": [ 2.0, 1.0 ], "autotile_index": 0.0, "tileset": "tiles_BEE", "autotile": 1.0 }, "928_512": { "coord": [ 2.0, 1.0 ], "autotile_index": 0.0, "tileset": "tiles_BEE", "autotile": 1.0 }, "96_512": { "autotile": 1.0, "autotile_index": 0.0, "tileset": "tiles_BEE", "coord": [ 2.0, 1.0 ] }, "128_288": { "coord": [ 2.0, 0.0 ], "autotile_index": 0.0, "tileset": "tiles_BEE", "autotile": 1.0 }, "192_320": { "coord": [ 2.0, 2.0 ], "autotile_index": 0.0, "tileset": "tiles_BEE", "autotile": 1.0 }, "736_0": { "autotile": 1.0, "autotile_index": 0.0, "tileset": "tiles_BEE", "coord": [ 2.0, 0.0 ] }, "0_288": { "coord": [ 2.0, 1.0 ], "autotile_index": 0.0, "tileset": "tiles_BEE", "autotile": 1.0 }, "1120_352": { "coord": [ 2.0, 1.0 ], "autotile_index": 0.0, "tileset": "tiles_BEE", "autotile": 1.0 }, "768_384": { "coord": [ 6.0, 1.0 ], "autotile_index": 0.0, "tileset": "tiles_BEE", "autotile": 0.0 }, "832_416": { "coord": [ 2.0, 0.0 ], "autotile_index": 0.0, "tileset": "tiles_BEE", "autotile": 1.0 }, "864_0": { "coord": [ 3.0, 0.0 ], "autotile_index": 0.0, "tileset": "tiles_BEE", "autotile": 1.0 }, "672_416": { "coord": [ 2.0, 0.0 ], "autotile_index": 0.0, "tileset": "tiles_BEE", "autotile": 1.0 }, "992_448": { "coord": [ 2.0, 1.0 ], "autotile_index": 0.0, "tileset": "tiles_BEE", "autotile": 1.0 }, "288_-224": { "autotile": 1.0, "autotile_index": 0.0, "tileset": "tiles_BEE", "coord": [ 2.0, 2.0 ] }, "1088_0": { "autotile": 1.0, "autotile_index": 0.0, "tileset": "tiles_BEE", "coord": [ 1.0, 1.0 ] }, "512_96": { "coord": [ 2.0, 2.0 ], "autotile_index": 0.0, "tileset": "tiles_BEE", "autotile": 1.0 }, "640_480": { "coord": [ 2.0, 1.0 ], "autotile_index": 0.0, "tileset": "tiles_BEE", "autotile": 1.0 }, "1120_96": { "autotile": 1.0, "autotile_index": 0.0, "tileset": "tiles_BEE", "coord": [ 2.0, 1.0 ] }, "96_320": { "coord": [ 2.0, 2.0 ], "autotile_index": 0.0, "tileset": "tiles_BEE", "autotile": 1.0 }, "384_480": { "coord": [ 2.0, 0.0 ], "autotile_index": 0.0, "tileset": "tiles_BEE", "autotile": 1.0 }, "608_-224": { "autotile": 1.0, "autotile_index": 0.0, "tileset": "tiles_BEE", "coord": [ 2.0, 2.0 ] }, "1120_-224": { "coord": [ 2.0, 1.0 ], "autotile_index": 0.0, "tileset": "tiles_BEE", "autotile": 1.0 }, "192_-224": { "autotile": 1.0, "autotile_index": 0.0, "tileset": "tiles_BEE", "coord": [ 2.0, 2.0 ] }, "96_96": { "coord": [ 2.0, 2.0 ], "autotile_index": 0.0, "tileset": "tiles_BEE", "autotile": 1.0 }, "608_480": { "coord": [ 2.0, 1.0 ], "autotile_index": 0.0, "tileset": "tiles_BEE", "autotile": 1.0 }, "768_0": { "coord": [ 2.0, 0.0 ], "autotile_index": 0.0, "tileset": "tiles_BEE", "autotile": 1.0 }, "768_320": { "coord": [ 2.0, 2.0 ], "autotile_index": 0.0, "tileset": "tiles_BEE", "autotile": 1.0 }, "800_32": { "autotile": 0.0, "autotile_index": 0.0, "tileset": "tiles_BEE", "coord": [ 0.0, 0.0 ] }, "1088_320": { "autotile": 1.0, "autotile_index": 0.0, "tileset": "tiles_BEE", "coord": [ 1.0, 1.0 ] }, "416_32": { "coord": [ 2.0, 0.0 ], "autotile_index": 0.0, "tileset": "tiles_BEE", "autotile": 1.0 }, "640_352": { "coord": [ 6.0, 0.0 ], "autotile_index": 0.0, "tileset": "tiles_BEE", "autotile": 0.0 }, "128_-224": { "autotile": 1.0, "autotile_index": 0.0, "tileset": "tiles_BEE", "coord": [ 2.0, 2.0 ] }, "768_480": { "coord": [ 2.0, 1.0 ], "autotile_index": 0.0, "tileset": "tiles_BEE", "autotile": 1.0 }, "960_416": { "coord": [ 2.0, 0.0 ], "autotile_index": 0.0, "tileset": "tiles_BEE", "autotile": 1.0 }, "800_-256": { "coord": [ 2.0, 1.0 ], "autotile_index": 0.0, "tileset": "tiles_BEE", "autotile": 1.0 }, "736_320": { "coord": [ 2.0, 2.0 ], "autotile_index": 0.0, "tileset": "tiles_BEE", "autotile": 1.0 }, "32_0": { "coord": [ 3.0, 1.0 ], "autotile_index": 0.0, "tileset": "tiles_BEE", "autotile": 1.0 }, "640_-64": { "autotile": 0.0, "autotile_index": 0.0, "tileset": "tiles_BEE", "coord": [ 2.0, 4.0 ] }, "576_512": { "coord": [ 2.0, 1.0 ], "autotile_index": 0.0, "tileset": "tiles_BEE", "autotile": 1.0 }, "128_320": { "coord": [ 2.0, 2.0 ], "autotile_index": 0.0, "tileset": "tiles_BEE", "autotile": 1.0 }, "608_-64": { "autotile": 1.0, "autotile_index": 0.0, "tileset": "tiles_BEE", "coord": [ 3.0, 0.0 ] }, "0_-192": { "autotile": 1.0, "autotile_index": 0.0, "tileset": "tiles_BEE", "coord": [ 2.0, 1.0 ] }, "32_-32": { "coord": [ 3.0, 1.0 ], "autotile_index": 0.0, "tileset": "tiles_BEE", "autotile": 1.0 }, "64_288": { "coord": [ 2.0, 0.0 ], "autotile_index": 0.0, "tileset": "tiles_BEE", "autotile": 1.0 }, "288_96": { "autotile": 1.0, "autotile_index": 0.0, "tileset": "tiles_BEE", "coord": [ 2.0, 2.0 ] }, "256_512": { "autotile": 1.0, "autotile_index": 0.0, "tileset": "tiles_BEE", "coord": [ 2.0, 1.0 ] }, "0_160": { "coord": [ 2.0, 1.0 ], "autotile_index": 0.0, "tileset": "tiles_BEE", "autotile": 1.0 }, "576_-64": { "autotile": 1.0, "autotile_index": 0.0, "tileset": "tiles_BEE", "coord": [ 2.0, 0.0 ] }, "1088_352": { "coord": [ 1.0, 1.0 ], "autotile_index": 0.0, "tileset": "tiles_BEE", "autotile": 1.0 }, "704_256": { "coord": [ 2.0, 0.0 ], "autotile_index": 0.0, "tileset": "tiles_BEE", "autotile": 1.0 }, "0_-128": { "autotile": 1.0, "autotile_index": 0.0, "tileset": "tiles_BEE", "coord": [ 2.0, 1.0 ] }, "864_-256": { "coord": [ 2.0, 1.0 ], "autotile_index": 0.0, "tileset": "tiles_BEE", "autotile": 1.0 }, "32_192": { "autotile": 1.0, "autotile_index": 0.0, "tileset": "tiles_BEE", "coord": [ 3.0, 1.0 ] }, "1088_160": { "autotile": 1.0, "autotile_index": 0.0, "tileset": "tiles_BEE", "coord": [ 1.0, 1.0 ] }, "896_-160": { "coord": [ 1.0, 2.0 ], "autotile_index": 0.0, "tileset": "tiles_BEE", "autotile": 1.0 }, "896_448": { "coord": [ 2.0, 1.0 ], "autotile_index": 0.0, "tileset": "tiles_BEE", "autotile": 1.0 }, "800_256": { "coord": [ 3.0, 0.0 ], "autotile_index": 0.0, "tileset": "tiles_BEE", "autotile": 1.0 }, "320_32": { "coord": [ 2.0, 0.0 ], "autotile_index": 0.0, "tileset": "tiles_BEE", "autotile": 1.0 }, "448_384": { "autotile": 1.0, "autotile_index": 0.0, "tileset": "tiles_BEE", "coord": [ 3.0, 1.0 ] }, "768_64": { "coord": [ 2.0, 1.0 ], "autotile_index": 0.0, "tileset": "tiles_BEE", "autotile": 1.0 }, "896_96": { "autotile": 0.0, "autotile_index": 0.0, "tileset": "tiles_BEE", "coord": [ 4.0, 0.0 ] }, "352_32": { "coord": [ 2.0, 0.0 ], "autotile_index": 0.0, "tileset": "tiles_BEE", "autotile": 1.0 }, "512_32": { "coord": [ 2.0, 0.0 ], "autotile_index": 0.0, "tileset": "tiles_BEE", "autotile": 1.0 }, "832_-256": { "coord": [ 2.0, 1.0 ], "autotile_index": 0.0, "tileset": "tiles_BEE", "autotile": 1.0 }, "736_64": { "autotile": 1.0, "autotile_index": 0.0, "tileset": "tiles_BEE", "coord": [ 2.0, 1.0 ] }, "128_96": { "autotile": 1.0, "autotile_index": 0.0, "tileset": "tiles_BEE", "coord": [ 2.0, 2.0 ] }, "800_0": { "coord": [ 2.0, 0.0 ], "autotile_index": 0.0, "tileset": "tiles_BEE", "autotile": 1.0 }, "1120_-64": { "autotile": 1.0, "autotile_index": 0.0, "tileset": "tiles_BEE", "coord": [ 2.0, 1.0 ] }, "576_-256": { "autotile": 1.0, "autotile_index": 0.0, "tileset": "tiles_BEE", "coord": [ 2.0, 1.0 ] }, "32_256": { "coord": [ 3.0, 1.0 ], "autotile_index": 0.0, "tileset": "tiles_BEE", "autotile": 1.0 }, "736_288": { "coord": [ 0.0, 1.0 ], "autotile_index": 0.0, "tileset": "tiles_BEE", "autotile": 0.0 }, "864_512": { "coord": [ 2.0, 1.0 ], "autotile_index": 0.0, "tileset": "tiles_BEE", "autotile": 1.0 }, "672_-64": { "autotile": 0.0, "autotile_index": 0.0, "tileset": "tiles_BEE", "coord": [ 3.0, 4.0 ] }, "0_480": { "autotile": 1.0, "autotile_index": 0.0, "tileset": "tiles_BEE", "coord": [ 2.0, 0.0 ] }, "224_320": { "coord": [ 3.0, 2.0 ], "autotile_index": 0.0, "tileset": "tiles_BEE", "autotile": 1.0 }, "768_96": { "coord": [ 2.0, 2.0 ], "autotile_index": 0.0, "tileset": "tiles_BEE", "autotile": 1.0 }, "224_-256": { "autotile": 1.0, "autotile_index": 0.0, "tileset": "tiles_BEE", "coord": [ 2.0, 1.0 ] }, "192_32": { "coord": [ 2.0, 0.0 ], "autotile_index": 0.0, "tileset": "tiles_BEE", "autotile": 1.0 }, "864_-224": { "coord": [ 2.0, 2.0 ], "autotile_index": 0.0, "tileset": "tiles_BEE", "autotile": 1.0 }, "480_96": { "coord": [ 2.0, 2.0 ], "autotile_index": 0.0, "tileset": "tiles_BEE", "autotile": 1.0 }, "192_-256": { "autotile": 1.0, "autotile_index": 0.0, "tileset": "tiles_BEE", "coord": [ 2.0, 1.0 ] }, "1088_416": { "coord": [ 6.0, 4.0 ], "autotile_index": 0.0, "tileset": "tiles_BEE", "autotile": 1.0 }, "704_512": { "coord": [ 2.0, 1.0 ], "autotile_index": 0.0, "tileset": "tiles_BEE", "autotile": 1.0 }, "960_96": { "autotile": 0.0, "autotile_index": 0.0, "tileset": "tiles_BEE", "coord": [ 4.0, 0.0 ] }, "32_64": { "coord": [ 2.0, 1.0 ], "autotile_index": 0.0, "tileset": "tiles_BEE", "autotile": 1.0 }, "608_32": { "autotile": 1.0, "autotile_index": 0.0, "tileset": "tiles_BEE", "coord": [ 2.0, 1.0 ] }, "256_-256": { "autotile": 1.0, "autotile_index": 0.0, "tileset": "tiles_BEE", "coord": [ 2.0, 1.0 ] }, "736_512": { "coord": [ 2.0, 1.0 ], "autotile_index": 0.0, "tileset": "tiles_BEE", "autotile": 1.0 }, "160_-224": { "autotile": 1.0, "autotile_index": 0.0, "tileset": "tiles_BEE", "coord": [ 2.0, 2.0 ] }, "928_-192": { "coord": [ 2.0, 1.0 ], "autotile_index": 0.0, "tileset": "tiles_BEE", "autotile": 1.0 }, "832_480": { "coord": [ 2.0, 1.0 ], "autotile_index": 0.0, "tileset": "tiles_BEE", "autotile": 1.0 }, "544_0": { "coord": [ 1.0, 1.0 ], "autotile_index": 0.0, "tileset": "tiles_BEE", "autotile": 1.0 }, "800_512": { "coord": [ 2.0, 1.0 ], "autotile_index": 0.0, "tileset": "tiles_BEE", "autotile": 1.0 }, "416_-256": { "autotile": 1.0, "autotile_index": 0.0, "tileset": "tiles_BEE", "coord": [ 2.0, 1.0 ] }, "864_448": { "coord": [ 2.0, 1.0 ], "autotile_index": 0.0, "tileset": "tiles_BEE", "autotile": 1.0 }, "832_32": { "coord": [ 2.0, 1.0 ], "autotile_index": 0.0, "tileset": "tiles_BEE", "autotile": 1.0 }, "736_-32": { "autotile": 0.0, "autotile_index": 0.0, "tileset": "tiles_BEE", "coord": [ 3.0, 4.0 ] }, "416_-224": { "autotile": 1.0, "autotile_index": 0.0, "tileset": "tiles_BEE", "coord": [ 2.0, 2.0 ] }, "1120_320": { "autotile": 1.0, "autotile_index": 0.0, "tileset": "tiles_BEE", "coord": [ 2.0, 1.0 ] }, "544_32": { "coord": [ 6.0, 4.0 ], "autotile_index": 0.0, "tileset": "tiles_BEE", "autotile": 1.0 }, "1056_-160": { "coord": [ 2.0, 2.0 ], "autotile_index": 0.0, "tileset": "tiles_BEE", "autotile": 1.0 }, "1120_480": { "coord": [ 2.0, 1.0 ], "autotile_index": 0.0, "tileset": "tiles_BEE", "autotile": 1.0 }, "608_0": { "autotile": 1.0, "autotile_index": 0.0, "tileset": "tiles_BEE", "coord": [ 2.0, 1.0 ] }, "0_32": { "coord": [ 2.0, 1.0 ], "autotile_index": 0.0, "tileset": "tiles_BEE", "autotile": 1.0 }, "0_-224": { "autotile": 1.0, "autotile_index": 0.0, "tileset": "tiles_BEE", "coord": [ 2.0, 1.0 ] }, "768_256": { "coord": [ 2.0, 0.0 ], "autotile_index": 0.0, "tileset": "tiles_BEE", "autotile": 1.0 }, "704_480": { "coord": [ 2.0, 1.0 ], "autotile_index": 0.0, "tileset": "tiles_BEE", "autotile": 1.0 }, "1088_-256": { "coord": [ 2.0, 1.0 ], "autotile_index": 0.0, "tileset": "tiles_BEE", "autotile": 1.0 }, "0_-96": { "coord": [ 2.0, 1.0 ], "autotile_index": 0.0, "tileset": "tiles_BEE", "autotile": 1.0 }, "192_64": { "autotile": 1.0, "autotile_index": 0.0, "tileset": "tiles_BEE", "coord": [ 2.0, 1.0 ] }, "864_416": { "coord": [ 2.0, 0.0 ], "autotile_index": 0.0, "tileset": "tiles_BEE", "autotile": 1.0 }, "160_-256": { "autotile": 1.0, "autotile_index": 0.0, "tileset": "tiles_BEE", "coord": [ 2.0, 1.0 ] }, "288_64": { "autotile": 1.0, "autotile_index": 0.0, "tileset": "tiles_BEE", "coord": [ 2.0, 1.0 ] }, "64_-256": { "autotile": 1.0, "autotile_index": 0.0, "tileset": "tiles_BEE", "coord": [ 2.0, 1.0 ] }, "992_-224": { "coord": [ 2.0, 1.0 ], "autotile_index": 0.0, "tileset": "tiles_BEE", "autotile": 1.0 }, "1120_416": { "coord": [ 2.0, 1.0 ], "autotile_index": 0.0, "tileset": "tiles_BEE", "autotile": 1.0 }, "0_320": { "coord": [ 2.0, 2.0 ], "autotile_index": 0.0, "tileset": "tiles_BEE", "autotile": 1.0 }, "672_64": { "autotile": 1.0, "autotile_index": 0.0, "tileset": "tiles_BEE", "coord": [ 2.0, 1.0 ] }, "1088_64": { "autotile": 1.0, "autotile_index": 0.0, "tileset": "tiles_BEE", "coord": [ 1.0, 1.0 ] }, "192_288": { "coord": [ 2.0, 0.0 ], "autotile_index": 0.0, "tileset": "tiles_BEE", "autotile": 1.0 }, "448_480": { "coord": [ 2.0, 1.0 ], "autotile_index": 0.0, "tileset": "tiles_BEE", "autotile": 1.0 }, "576_480": { "coord": [ 2.0, 1.0 ], "autotile_index": 0.0, "tileset": "tiles_BEE", "autotile": 1.0 }, "800_288": { "coord": [ 3.0, 1.0 ], "autotile_index": 0.0, "tileset": "tiles_BEE", "autotile": 1.0 }, "1024_512": { "coord": [ 2.0, 1.0 ], "autotile_index": 0.0, "tileset": "tiles_BEE", "autotile": 1.0 }, "160_96": { "autotile": 1.0, "autotile_index": 0.0, "tileset": "tiles_BEE", "coord": [ 2.0, 2.0 ] }, "1024_-160": { "coord": [ 2.0, 2.0 ], "autotile_index": 0.0, "tileset": "tiles_BEE", "autotile": 1.0 }, "416_384": { "autotile": 1.0, "autotile_index": 0.0, "tileset": "tiles_BEE", "coord": [ 1.0, 1.0 ] }, "1024_-192": { "coord": [ 2.0, 1.0 ], "autotile_index": 0.0, "tileset": "tiles_BEE", "autotile": 1.0 }, "672_256": { "coord": [ 2.0, 0.0 ], "autotile_index": 0.0, "tileset": "tiles_BEE", "autotile": 1.0 }, "960_-224": { "coord": [ 2.0, 1.0 ], "autotile_index": 0.0, "tileset": "tiles_BEE", "autotile": 1.0 }, "480_448": { "autotile": 1.0, "autotile_index": 0.0, "tileset": "tiles_BEE", "coord": [ 2.0, 1.0 ] }, "1088_256": { "autotile": 1.0, "autotile_index": 0.0, "tileset": "tiles_BEE", "coord": [ 1.0, 1.0 ] }, "832_96": { "coord": [ 2.0, 2.0 ], "autotile_index": 0.0, "tileset": "tiles_BEE", "autotile": 1.0 }, "224_480": { "autotile": 1.0, "autotile_index": 0.0, "tileset": "tiles_BEE", "coord": [ 2.0, 0.0 ] }, "64_64": { "coord": [ 2.0, 1.0 ], "autotile_index": 0.0, "tileset": "tiles_BEE", "autotile": 1.0 }, "928_-256": { "coord": [ 2.0, 1.0 ], "autotile_index": 0.0, "tileset": "tiles_BEE", "autotile": 1.0 }, "384_96": { "coord": [ 2.0, 2.0 ], "autotile_index": 0.0, "tileset": "tiles_BEE", "autotile": 1.0 }, "160_-96": { "coord": [ 4.0, 0.0 ], "autotile_index": 0.0, "tileset": "tiles_BEE", "autotile": 0.0 }, "608_-32": { "autotile": 1.0, "autotile_index": 0.0, "tileset": "tiles_BEE", "coord": [ 4.0, 4.0 ] }, "448_-256": { "autotile": 1.0, "autotile_index": 0.0, "tileset": "tiles_BEE", "coord": [ 2.0, 1.0 ] }, "672_288": { "coord": [ 2.0, 1.0 ], "autotile_index": 0.0, "tileset": "tiles_BEE", "autotile": 1.0 }, "1088_32": { "autotile": 1.0, "autotile_index": 0.0, "tileset": "tiles_BEE", "coord": [ 1.0, 1.0 ] }, "1120_32": { "autotile": 1.0, "autotile_index": 0.0, "tileset": "tiles_BEE", "coord": [ 2.0, 1.0 ] }, "832_512": { "coord": [ 2.0, 1.0 ], "autotile_index": 0.0, "tileset": "tiles_BEE", "autotile": 1.0 }, "1088_192": { "autotile": 1.0, "autotile_index": 0.0, "tileset": "tiles_BEE", "coord": [ 1.0, 1.0 ] }, "800_96": { "coord": [ 2.0, 2.0 ], "autotile_index": 0.0, "tileset": "tiles_BEE", "autotile": 1.0 }, "224_32": { "coord": [ 2.0, 0.0 ], "autotile_index": 0.0, "tileset": "tiles_BEE", "autotile": 1.0 }, "736_-256": { "autotile": 1.0, "autotile_index": 0.0, "tileset": "tiles_BEE", "coord": [ 2.0, 1.0 ] }, "384_32": { "coord": [ 2.0, 0.0 ], "autotile_index": 0.0, "tileset": "tiles_BEE", "autotile": 1.0 }, "448_-224": { "autotile": 1.0, "autotile_index": 0.0, "tileset": "tiles_BEE", "coord": [ 2.0, 2.0 ] }, "0_-160": { "autotile": 1.0, "autotile_index": 0.0, "tileset": "tiles_BEE", "coord": [ 2.0, 1.0 ] }, "736_-224": { "autotile": 1.0, "autotile_index": 0.0, "tileset": "tiles_BEE", "coord": [ 2.0, 2.0 ] }, "416_64": { "coord": [ 2.0, 1.0 ], "autotile_index": 0.0, "tileset": "tiles_BEE", "autotile": 1.0 }, "992_416": { "coord": [ 2.0, 0.0 ], "autotile_index": 0.0, "tileset": "tiles_BEE", "autotile": 1.0 }, "608_448": { "coord": [ 2.0, 1.0 ], "autotile_index": 0.0, "tileset": "tiles_BEE", "autotile": 1.0 }, "96_-224": { "autotile": 1.0, "autotile_index": 0.0, "tileset": "tiles_BEE", "coord": [ 2.0, 2.0 ] }, "1056_-224": { "coord": [ 2.0, 1.0 ], "autotile_index": 0.0, "tileset": "tiles_BEE", "autotile": 1.0 }, "1088_-224": { "coord": [ 2.0, 1.0 ], "autotile_index": 0.0, "tileset": "tiles_BEE", "autotile": 1.0 }, "1120_224": { "autotile": 1.0, "autotile_index": 0.0, "tileset": "tiles_BEE", "coord": [ 2.0, 1.0 ] }, "0_256": { "coord": [ 2.0, 1.0 ], "autotile_index": 0.0, "tileset": "tiles_BEE", "autotile": 1.0 }, "0_-32": { "coord": [ 2.0, 1.0 ], "autotile_index": 0.0, "tileset": "tiles_BEE", "autotile": 1.0 }, "256_32": { "coord": [ 2.0, 0.0 ], "autotile_index": 0.0, "tileset": "tiles_BEE", "autotile": 1.0 }, "928_-160": { "coord": [ 2.0, 2.0 ], "autotile_index": 0.0, "tileset": "tiles_BEE", "autotile": 1.0 }, "800_384": { "coord": [ 7.0, 1.0 ], "autotile_index": 0.0, "tileset": "tiles_BEE", "autotile": 0.0 }, "320_-224": { "autotile": 1.0, "autotile_index": 0.0, "tileset": "tiles_BEE", "coord": [ 2.0, 2.0 ] }, "32_128": { "coord": [ 3.0, 1.0 ], "autotile_index": 0.0, "tileset": "tiles_BEE", "autotile": 1.0 }, "640_512": { "coord": [ 2.0, 1.0 ], "autotile_index": 0.0, "tileset": "tiles_BEE", "autotile": 1.0 }, "640_-256": { "autotile": 1.0, "autotile_index": 0.0, "tileset": "tiles_BEE", "coord": [ 2.0, 1.0 ] }, "768_512": { "coord": [ 2.0, 1.0 ], "autotile_index": 0.0, "tileset": "tiles_BEE", "autotile": 1.0 }, "896_-192": { "coord": [ 1.0, 1.0 ], "autotile_index": 0.0, "tileset": "tiles_BEE", "autotile": 1.0 }, "640_96": { "coord": [ 2.0, 2.0 ], "autotile_index": 0.0, "tileset": "tiles_BEE", "autotile": 1.0 }, "32_-96": { "coord": [ 4.0, 2.0 ], "autotile_index": 0.0, "tileset": "tiles_BEE", "autotile": 1.0 }, "704_-32": { "autotile": 0.0, "autotile_index": 0.0, "tileset": "tiles_BEE", "coord": [ 2.0, 4.0 ] }, "640_-224": { "autotile": 1.0, "autotile_index": 0.0, "tileset": "tiles_BEE", "coord": [ 2.0, 2.0 ] }, "544_64": { "coord": [ 2.0, 1.0 ], "autotile_index": 0.0, "tileset": "tiles_BEE", "autotile": 1.0 }, "768_288": { "coord": [ 2.0, 1.0 ], "autotile_index": 0.0, "tileset": "tiles_BEE", "autotile": 1.0 }, "608_416": { "coord": [ 2.0, 0.0 ], "autotile_index": 0.0, "tileset": "tiles_BEE", "autotile": 1.0 }, "896_512": { "coord": [ 2.0, 1.0 ], "autotile_index": 0.0, "tileset": "tiles_BEE", "autotile": 1.0 }, "640_32": { "autotile": 1.0, "autotile_index": 0.0, "tileset": "tiles_BEE", "coord": [ 2.0, 1.0 ] }, "544_-224": { "autotile": 1.0, "autotile_index": 0.0, "tileset": "tiles_BEE", "coord": [ 2.0, 2.0 ] }, "832_64": { "autotile": 0.0, "autotile_index": 0.0, "tileset": "tiles_BEE", "coord": [ 0.0, 0.0 ] }, "448_416": { "autotile": 1.0, "autotile_index": 0.0, "tileset": "tiles_BEE", "coord": [ 4.0, 4.0 ] }, "0_192": { "autotile": 1.0, "autotile_index": 0.0, "tileset": "tiles_BEE", "coord": [ 2.0, 1.0 ] }, "1088_128": { "autotile": 1.0, "autotile_index": 0.0, "tileset": "tiles_BEE", "coord": [ 1.0, 1.0 ] }, "32_-224": { "autotile": 1.0, "autotile_index": 0.0, "tileset": "tiles_BEE", "coord": [ 4.0, 2.0 ] }, "992_480": { "coord": [ 2.0, 1.0 ], "autotile_index": 0.0, "tileset": "tiles_BEE", "autotile": 1.0 }, "32_-192": { "autotile": 1.0, "autotile_index": 0.0, "tileset": "tiles_BEE", "coord": [ 3.0, 1.0 ] }, "64_512": { "autotile": 1.0, "autotile_index": 0.0, "tileset": "tiles_BEE", "coord": [ 2.0, 1.0 ] }, "384_64": { "coord": [ 2.0, 1.0 ], "autotile_index": 0.0, "tileset": "tiles_BEE", "autotile": 1.0 }, "1024_-256": { "coord": [ 2.0, 1.0 ], "autotile_index": 0.0, "tileset": "tiles_BEE", "autotile": 1.0 }, "128_480": { "autotile": 1.0, "autotile_index": 0.0, "tileset": "tiles_BEE", "coord": [ 2.0, 0.0 ] }, "512_416": { "autotile": 1.0, "autotile_index": 0.0, "tileset": "tiles_BEE", "coord": [ 2.0, 0.0 ] }, "512_-256": { "autotile": 1.0, "autotile_index": 0.0, "tileset": "tiles_BEE", "coord": [ 2.0, 1.0 ] }, "0_512": { "autotile": 1.0, "autotile_index": 0.0, "tileset": "tiles_BEE", "coord": [ 2.0, 1.0 ] }, "1088_480": { "coord": [ 2.0, 1.0 ], "autotile_index": 0.0, "tileset": "tiles_BEE", "autotile": 1.0 }, "160_288": { "coord": [ 2.0, 0.0 ], "autotile_index": 0.0, "tileset": "tiles_BEE", "autotile": 1.0 }, "544_96": { "coord": [ 2.0, 2.0 ], "autotile_index": 0.0, "tileset": "tiles_BEE", "autotile": 1.0 }, "288_32": { "coord": [ 2.0, 0.0 ], "autotile_index": 0.0, "tileset": "tiles_BEE", "autotile": 1.0 }, "736_416": { "coord": [ 2.0, 0.0 ], "autotile_index": 0.0, "tileset": "tiles_BEE", "autotile": 1.0 }, "480_-224": { "autotile": 1.0, "autotile_index": 0.0, "tileset": "tiles_BEE", "coord": [ 2.0, 2.0 ] }, "832_448": { "coord": [ 2.0, 1.0 ], "autotile_index": 0.0, "tileset": "tiles_BEE", "autotile": 1.0 }, "1056_448": { "coord": [ 2.0, 1.0 ], "autotile_index": 0.0, "tileset": "tiles_BEE", "autotile": 1.0 }, "1088_288": { "autotile": 1.0, "autotile_index": 0.0, "tileset": "tiles_BEE", "coord": [ 1.0, 1.0 ] }, "992_-160": { "coord": [ 2.0, 2.0 ], "autotile_index": 0.0, "tileset": "tiles_BEE", "autotile": 1.0 }, "224_-224": { "autotile": 1.0, "autotile_index": 0.0, "tileset": "tiles_BEE", "coord": [ 2.0, 2.0 ] }, "1088_96": { "autotile": 1.0, "autotile_index": 0.0, "tileset": "tiles_BEE", "coord": [ 1.0, 1.0 ] }, "672_-256": { "autotile": 1.0, "autotile_index": 0.0, "tileset": "tiles_BEE", "coord": [ 2.0, 1.0 ] }, "192_512": { "autotile": 1.0, "autotile_index": 0.0, "tileset": "tiles_BEE", "coord": [ 2.0, 1.0 ] }, "1088_-64": { "autotile": 1.0, "autotile_index": 0.0, "tileset": "tiles_BEE", "coord": [ 1.0, 1.0 ] }, "1024_448": { "coord": [ 2.0, 1.0 ], "autotile_index": 0.0, "tileset": "tiles_BEE", "autotile": 1.0 }, "384_-224": { "autotile": 1.0, "autotile_index": 0.0, "tileset": "tiles_BEE", "coord": [ 2.0, 2.0 ] }, "896_416": { "coord": [ 2.0, 0.0 ], "autotile_index": 0.0, "tileset": "tiles_BEE", "autotile": 1.0 }, "864_480": { "coord": [ 2.0, 1.0 ], "autotile_index": 0.0, "tileset": "tiles_BEE", "autotile": 1.0 }, "0_64": { "coord": [ 2.0, 1.0 ], "autotile_index": 0.0, "tileset": "tiles_BEE", "autotile": 1.0 }, "1120_-160": { "coord": [ 2.0, 1.0 ], "autotile_index": 0.0, "tileset": "tiles_BEE", "autotile": 1.0 }, "416_480": { "coord": [ 6.0, 4.0 ], "autotile_index": 0.0, "tileset": "tiles_BEE", "autotile": 1.0 }, "640_320": { "coord": [ 1.0, 2.0 ], "autotile_index": 0.0, "tileset": "tiles_BEE", "autotile": 1.0 }, "160_480": { "autotile": 1.0, "autotile_index": 0.0, "tileset": "tiles_BEE", "coord": [ 2.0, 0.0 ] }, "1120_64": { "autotile": 1.0, "autotile_index": 0.0, "tileset": "tiles_BEE", "coord": [ 2.0, 1.0 ] }, "544_-32": { "coord": [ 1.0, 1.0 ], "autotile_index": 0.0, "tileset": "tiles_BEE", "autotile": 1.0 }, "960_512": { "coord": [ 2.0, 1.0 ], "autotile_index": 0.0, "tileset": "tiles_BEE", "autotile": 1.0 }, "704_64": { "autotile": 1.0, "autotile_index": 0.0, "tileset": "tiles_BEE", "coord": [ 2.0, 1.0 ] }, "896_-224": { "coord": [ 6.0, 2.0 ], "autotile_index": 0.0, "tileset": "tiles_BEE", "autotile": 1.0 }, "800_352": { "coord": [ 7.0, 0.0 ], "autotile_index": 0.0, "tileset": "tiles_BEE", "autotile": 0.0 }, "480_-256": { "autotile": 1.0, "autotile_index": 0.0, "tileset": "tiles_BEE", "coord": [ 2.0, 1.0 ] }, "1088_224": { "autotile": 1.0, "autotile_index": 0.0, "tileset": "tiles_BEE", "coord": [ 1.0, 1.0 ] }, "32_320": { "coord": [ 2.0, 2.0 ], "autotile_index": 0.0, "tileset": "tiles_BEE", "autotile": 1.0 }, "32_96": { "coord": [ 4.0, 2.0 ], "autotile_index": 0.0, "tileset": "tiles_BEE", "autotile": 1.0 }, "480_32": { "coord": [ 2.0, 0.0 ], "autotile_index": 0.0, "tileset": "tiles_BEE", "autotile": 1.0 }, "0_224": { "coord": [ 2.0, 1.0 ], "autotile_index": 0.0, "tileset": "tiles_BEE", "autotile": 1.0 }, "928_-224": { "coord": [ 2.0, 1.0 ], "autotile_index": 0.0, "tileset": "tiles_BEE", "autotile": 1.0 }, "32_-256": { "autotile": 1.0, "autotile_index": 0.0, "tileset": "tiles_BEE", "coord": [ 2.0, 1.0 ] }, "1088_384": { "coord": [ 1.0, 1.0 ], "autotile_index": 0.0, "tileset": "tiles_BEE", "autotile": 1.0 }, "32_160": { "coord": [ 3.0, 1.0 ], "autotile_index": 0.0, "tileset": "tiles_BEE", "autotile": 1.0 }, "672_320": { "coord": [ 2.0, 2.0 ], "autotile_index": 0.0, "tileset": "tiles_BEE", "autotile": 1.0 }, "384_512": { "coord": [ 2.0, 1.0 ], "autotile_index": 0.0, "tileset": "tiles_BEE", "autotile": 1.0 }, "256_480": { "autotile": 1.0, "autotile_index": 0.0, "tileset": "tiles_BEE", "coord": [ 2.0, 0.0 ] }, "576_96": { "coord": [ 2.0, 2.0 ], "autotile_index": 0.0, "tileset": "tiles_BEE", "autotile": 1.0 }, "288_480": { "autotile": 1.0, "autotile_index": 0.0, "tileset": "tiles_BEE", "coord": [ 2.0, 0.0 ] }, "32_224": { "coord": [ 3.0, 1.0 ], "autotile_index": 0.0, "tileset": "tiles_BEE", "autotile": 1.0 }, "800_320": { "coord": [ 3.0, 2.0 ], "autotile_index": 0.0, "tileset": "tiles_BEE", "autotile": 1.0 }, "1056_-256": { "coord": [ 2.0, 1.0 ], "autotile_index": 0.0, "tileset": "tiles_BEE", "autotile": 1.0 }, "64_480": { "autotile": 1.0, "autotile_index": 0.0, "tileset": "tiles_BEE", "coord": [ 2.0, 0.0 ] }, "416_448": { "autotile": 1.0, "autotile_index": 0.0, "tileset": "tiles_BEE", "coord": [ 1.0, 1.0 ] }, "0_128": { "coord": [ 2.0, 1.0 ], "autotile_index": 0.0, "tileset": "tiles_BEE", "autotile": 1.0 }, "256_-224": { "autotile": 1.0, "autotile_index": 0.0, "tileset": "tiles_BEE", "coord": [ 2.0, 2.0 ] }, "32_-128": { "autotile": 1.0, "autotile_index": 0.0, "tileset": "tiles_BEE", "coord": [ 3.0, 1.0 ] }, "768_416": { "coord": [ 2.0, 0.0 ], "autotile_index": 0.0, "tileset": "tiles_BEE", "autotile": 1.0 }, "320_64": { "coord": [ 2.0, 1.0 ], "autotile_index": 0.0, "tileset": "tiles_BEE", "autotile": 1.0 }, "992_-192": { "coord": [ 2.0, 1.0 ], "autotile_index": 0.0, "tileset": "tiles_BEE", "autotile": 1.0 }, "480_416": { "autotile": 1.0, "autotile_index": 0.0, "tileset": "tiles_BEE", "coord": [ 2.0, 0.0 ] }, "704_-256": { "autotile": 1.0, "autotile_index": 0.0, "tileset": "tiles_BEE", "coord": [ 2.0, 1.0 ] }, "1120_0": { "autotile": 1.0, "autotile_index": 0.0, "tileset": "tiles_BEE", "coord": [ 2.0, 1.0 ] }, "1120_-96": { "coord": [ 2.0, 1.0 ], "autotile_index": 0.0, "tileset": "tiles_BEE", "autotile": 1.0 }, "704_416": { "coord": [ 2.0, 0.0 ], "autotile_index": 0.0, "tileset": "tiles_BEE", "autotile": 1.0 }, "544_448": { "autotile": 1.0, "autotile_index": 0.0, "tileset": "tiles_BEE", "coord": [ 2.0, 1.0 ] }, "704_288": { "coord": [ 0.0, 1.0 ], "autotile_index": 0.0, "tileset": "tiles_BEE", "autotile": 0.0 }, "768_352": { "coord": [ 6.0, 0.0 ], "autotile_index": 0.0, "tileset": "tiles_BEE", "autotile": 0.0 }, "1120_128": { "autotile": 1.0, "autotile_index": 0.0, "tileset": "tiles_BEE", "coord": [ 2.0, 1.0 ] }, "1056_480": { "coord": [ 2.0, 1.0 ], "autotile_index": 0.0, "tileset": "tiles_BEE", "autotile": 1.0 }, "256_64": { "autotile": 1.0, "autotile_index": 0.0, "tileset": "tiles_BEE", "coord": [ 2.0, 1.0 ] }, "96_64": { "coord": [ 2.0, 1.0 ], "autotile_index": 0.0, "tileset": "tiles_BEE", "autotile": 1.0 } } }, "backgrounds": { "5": { "x": 0.0, "scroll_x": 0.75, "tile_y": 1.0, "hspeed": 0.0, "scroll_y": 0.75, "y": 0.0, "sprite": "honeycom-pattern-background-2-cover", "tile_x": 1.0, "vspeed": 0.0, "image_speed": 15.0, "panic_sprite": -1.0 } }, "properties": { "song": "", "roomX": 0.0, "levelWidth": 1152.0, "roomY": -256.0, "levelHeight": 540.0, "songTransitionTime": 100.0 } }