{ "editorVersion": 5.0, "instances": [ { "layer": 0.0, "deleted": 0.0, "variables": { "x": -32.0, "y": 224.0, "targetRoom": "what ever you want you stupid ni-", "image_xscale": 1.0, "image_yscale": 2.0, "flipX": 0.0, "flipY": 0.0, "targetDoor": "A" }, "object": 801.0 }, { "layer": 0.0, "deleted": 0.0, "variables": { "x": 32.0, "flipX": 0.0, "y": 320.0, "flipY": 0.0 }, "object": 804.0 }, { "layer": 0.0, "deleted": 0.0, "variables": { "x": 0.0, "y": 352.0, "image_xscale": 10.0, "image_yscale": 6.0, "flipX": 0.0, "flipY": 0.0 }, "object": 517.0 }, { "layer": 0.0, "deleted": 0.0, "variables": { "x": 0.0, "y": -128.0, "image_xscale": 2.0, "image_yscale": 11.0, "flipX": 0.0, "flipY": 0.0 }, "object": 517.0 }, { "layer": 0.0, "deleted": 0.0, "variables": { "x": 320.0, "y": 416.0, "image_xscale": 14.0, "image_yscale": 4.0, "flipX": 0.0, "flipY": 0.0 }, "object": 517.0 }, { "layer": 0.0, "deleted": 0.0, "variables": { "x": 480.0, "y": 288.0, "image_xscale": 4.0, "image_yscale": 4.0, "flipX": 0.0, "flipY": 0.0 }, "object": 517.0 }, { "layer": 0.0, "deleted": 0.0, "variables": { "x": 768.0, "y": 96.0, "image_xscale": 4.0, "image_yscale": 14.0, "flipX": 0.0, "flipY": 0.0 }, "object": 517.0 }, { "layer": 0.0, "deleted": 0.0, "variables": { "x": 896.0, "y": -128.0, "image_xscale": 2.0, "image_yscale": 21.0, "flipX": 0.0, "flipY": 0.0 }, "object": 517.0 }, { "layer": 0.0, "deleted": 0.0, "variables": { "x": 0.0, "y": -192.0, "image_xscale": 30.0, "image_yscale": 2.0, "flipX": 0.0, "flipY": 0.0 }, "object": 517.0 }, { "layer": 0.0, "deleted": 0.0, "variables": { "x": 544.0, "flipX": 1.0, "y": 242.0, "flipY": 0.0 }, "object": 676.0 }, { "layer": 0.0, "deleted": 0.0, "variables": { "x": 448.0, "y": -128.0, "image_xscale": 2.0, "image_yscale": 8.0, "flipX": 1.0, "flipY": 0.0 }, "object": 517.0 }, { "layer": 0.0, "deleted": 0.0, "variables": { "x": 256.0, "y": 64.0, "image_xscale": 6.0, "image_yscale": 2.0, "flipX": 0.0, "flipY": 0.0 }, "object": 517.0 }, { "layer": 0.0, "deleted": 0.0, "variables": { "x": 800.0, "flipX": 0.0, "y": 0.0, "flipY": 0.0 }, "object": 793.0 }, { "layer": 0.0, "deleted": 0.0, "variables": { "x": 320.0, "y": -32.0, "targetRoom": "GUS", "image_xscale": 1.0, "image_yscale": 1.0, "flipX": 0.0, "flipY": 0.0 }, "object": 795.0 }, { "layer": 0.0, "deleted": 0.0, "variables": { "x": 352.0, "flipX": 0.0, "y": 32.0, "flipY": 0.0 }, "object": 806.0 } ], "tile_data": { "5": { "864_256": { "autotile": 1.0, "autotile_index": 0.0, "tileset": "tiles_BEE", "coord": [ 2.0, 1.0 ] }, "224_416": { "autotile": 1.0, "autotile_index": 0.0, "tileset": "tiles_BEE", "coord": [ 2.0, 1.0 ] }, "384_-160": { "autotile": 1.0, "autotile_index": 0.0, "tileset": "tiles_BEE", "coord": [ 2.0, 2.0 ] }, "896_224": { "autotile": 1.0, "autotile_index": 0.0, "tileset": "tiles_BEE", "coord": [ 2.0, 1.0 ] }, "640_448": { "autotile": 1.0, "autotile_index": 0.0, "tileset": "tiles_BEE", "coord": [ 2.0, 1.0 ] }, "736_-160": { "autotile": 1.0, "autotile_index": 0.0, "tileset": "tiles_BEE", "coord": [ 2.0, 2.0 ] }, "640_-160": { "autotile": 1.0, "autotile_index": 0.0, "tileset": "tiles_BEE", "coord": [ 2.0, 2.0 ] }, "96_448": { "autotile": 1.0, "autotile_index": 0.0, "tileset": "tiles_BEE", "coord": [ 2.0, 1.0 ] }, "32_480": { "autotile": 1.0, "autotile_index": 0.0, "tileset": "tiles_BEE", "coord": [ 2.0, 1.0 ] }, "864_384": { "autotile": 1.0, "autotile_index": 0.0, "tileset": "tiles_BEE", "coord": [ 2.0, 1.0 ] }, "192_-192": { "autotile": 1.0, "autotile_index": 0.0, "tileset": "tiles_BEE", "coord": [ 2.0, 1.0 ] }, "544_416": { "autotile": 1.0, "autotile_index": 0.0, "tileset": "tiles_BEE", "coord": [ 2.0, 1.0 ] }, "640_416": { "autotile": 1.0, "autotile_index": 0.0, "tileset": "tiles_BEE", "coord": [ 2.0, 0.0 ] }, "800_480": { "autotile": 1.0, "autotile_index": 0.0, "tileset": "tiles_BEE", "coord": [ 2.0, 1.0 ] }, "448_-96": { "autotile": 1.0, "autotile_index": 0.0, "tileset": "tiles_BEE", "coord": [ 1.0, 1.0 ] }, "928_-128": { "autotile": 1.0, "autotile_index": 0.0, "tileset": "tiles_BEE", "coord": [ 2.0, 1.0 ] }, "128_-192": { "autotile": 1.0, "autotile_index": 0.0, "tileset": "tiles_BEE", "coord": [ 2.0, 1.0 ] }, "0_416": { "autotile": 1.0, "autotile_index": 0.0, "tileset": "tiles_BEE", "coord": [ 2.0, 1.0 ] }, "192_480": { "autotile": 1.0, "autotile_index": 0.0, "tileset": "tiles_BEE", "coord": [ 2.0, 1.0 ] }, "352_448": { "autotile": 1.0, "autotile_index": 0.0, "tileset": "tiles_BEE", "coord": [ 2.0, 1.0 ] }, "480_288": { "autotile": 1.0, "autotile_index": 0.0, "tileset": "tiles_BEE", "coord": [ 1.0, 0.0 ] }, "64_448": { "autotile": 1.0, "autotile_index": 0.0, "tileset": "tiles_BEE", "coord": [ 2.0, 1.0 ] }, "288_352": { "autotile": 1.0, "autotile_index": 0.0, "tileset": "tiles_BEE", "coord": [ 3.0, 0.0 ] }, "320_-192": { "autotile": 1.0, "autotile_index": 0.0, "tileset": "tiles_BEE", "coord": [ 2.0, 1.0 ] }, "480_-160": { "autotile": 1.0, "autotile_index": 0.0, "tileset": "tiles_BEE", "coord": [ 4.0, 2.0 ] }, "864_-192": { "autotile": 1.0, "autotile_index": 0.0, "tileset": "tiles_BEE", "coord": [ 2.0, 1.0 ] }, "288_416": { "autotile": 1.0, "autotile_index": 0.0, "tileset": "tiles_BEE", "coord": [ 4.0, 4.0 ] }, "512_352": { "autotile": 1.0, "autotile_index": 0.0, "tileset": "tiles_BEE", "coord": [ 2.0, 1.0 ] }, "448_512": { "autotile": 1.0, "autotile_index": 0.0, "tileset": "tiles_BEE", "coord": [ 2.0, 1.0 ] }, "896_-128": { "autotile": 1.0, "autotile_index": 0.0, "tileset": "tiles_BEE", "coord": [ 1.0, 1.0 ] }, "896_352": { "autotile": 1.0, "autotile_index": 0.0, "tileset": "tiles_BEE", "coord": [ 2.0, 1.0 ] }, "896_192": { "autotile": 1.0, "autotile_index": 0.0, "tileset": "tiles_BEE", "coord": [ 2.0, 1.0 ] }, "256_416": { "autotile": 1.0, "autotile_index": 0.0, "tileset": "tiles_BEE", "coord": [ 2.0, 1.0 ] }, "288_512": { "autotile": 1.0, "autotile_index": 0.0, "tileset": "tiles_BEE", "coord": [ 2.0, 1.0 ] }, "800_-160": { "autotile": 1.0, "autotile_index": 0.0, "tileset": "tiles_BEE", "coord": [ 2.0, 2.0 ] }, "352_480": { "autotile": 1.0, "autotile_index": 0.0, "tileset": "tiles_BEE", "coord": [ 2.0, 1.0 ] }, "576_352": { "autotile": 1.0, "autotile_index": 0.0, "tileset": "tiles_BEE", "coord": [ 3.0, 1.0 ] }, "896_128": { "autotile": 1.0, "autotile_index": 0.0, "tileset": "tiles_BEE", "coord": [ 2.0, 1.0 ] }, "448_0": { "autotile": 1.0, "autotile_index": 0.0, "tileset": "tiles_BEE", "coord": [ 1.0, 1.0 ] }, "320_512": { "autotile": 1.0, "autotile_index": 0.0, "tileset": "tiles_BEE", "coord": [ 2.0, 1.0 ] }, "800_192": { "autotile": 1.0, "autotile_index": 0.0, "tileset": "tiles_BEE", "coord": [ 2.0, 1.0 ] }, "544_288": { "autotile": 1.0, "autotile_index": 0.0, "tileset": "tiles_BEE", "coord": [ 2.0, 0.0 ] }, "96_-192": { "autotile": 1.0, "autotile_index": 0.0, "tileset": "tiles_BEE", "coord": [ 2.0, 1.0 ] }, "128_448": { "coord": [ 2.0, 1.0 ], "autotile_index": 0.0, "tileset": "tiles_BEE", "autotile": 1.0 }, "448_96": { "autotile": 1.0, "autotile_index": 0.0, "tileset": "tiles_BEE", "coord": [ 2.0, 2.0 ] }, "896_-64": { "autotile": 1.0, "autotile_index": 0.0, "tileset": "tiles_BEE", "coord": [ 1.0, 1.0 ] }, "928_64": { "autotile": 1.0, "autotile_index": 0.0, "tileset": "tiles_BEE", "coord": [ 2.0, 1.0 ] }, "928_96": { "autotile": 1.0, "autotile_index": 0.0, "tileset": "tiles_BEE", "coord": [ 2.0, 1.0 ] }, "416_416": { "autotile": 1.0, "autotile_index": 0.0, "tileset": "tiles_BEE", "coord": [ 2.0, 0.0 ] }, "512_512": { "autotile": 1.0, "autotile_index": 0.0, "tileset": "tiles_BEE", "coord": [ 2.0, 1.0 ] }, "896_160": { "autotile": 1.0, "autotile_index": 0.0, "tileset": "tiles_BEE", "coord": [ 2.0, 1.0 ] }, "512_320": { "autotile": 1.0, "autotile_index": 0.0, "tileset": "tiles_BEE", "coord": [ 2.0, 1.0 ] }, "480_64": { "autotile": 1.0, "autotile_index": 0.0, "tileset": "tiles_BEE", "coord": [ 3.0, 1.0 ] }, "480_-128": { "autotile": 1.0, "autotile_index": 0.0, "tileset": "tiles_BEE", "coord": [ 3.0, 1.0 ] }, "480_320": { "autotile": 1.0, "autotile_index": 0.0, "tileset": "tiles_BEE", "coord": [ 1.0, 1.0 ] }, "480_-192": { "autotile": 1.0, "autotile_index": 0.0, "tileset": "tiles_BEE", "coord": [ 2.0, 1.0 ] }, "0_0": { "coord": [ 2.0, 1.0 ], "autotile_index": 0.0, "tileset": "tiles_BEE", "autotile": 1.0 }, "928_320": { "autotile": 1.0, "autotile_index": 0.0, "tileset": "tiles_BEE", "coord": [ 2.0, 1.0 ] }, "928_-96": { "autotile": 1.0, "autotile_index": 0.0, "tileset": "tiles_BEE", "coord": [ 2.0, 1.0 ] }, "864_96": { "autotile": 1.0, "autotile_index": 0.0, "tileset": "tiles_BEE", "coord": [ 2.0, 0.0 ] }, "32_-64": { "autotile": 1.0, "autotile_index": 0.0, "tileset": "tiles_BEE", "coord": [ 3.0, 1.0 ] }, "672_480": { "autotile": 1.0, "autotile_index": 0.0, "tileset": "tiles_BEE", "coord": [ 2.0, 1.0 ] }, "800_160": { "autotile": 1.0, "autotile_index": 0.0, "tileset": "tiles_BEE", "coord": [ 2.0, 1.0 ] }, "64_384": { "autotile": 1.0, "autotile_index": 0.0, "tileset": "tiles_BEE", "coord": [ 2.0, 1.0 ] }, "352_64": { "autotile": 1.0, "autotile_index": 0.0, "tileset": "tiles_BEE", "coord": [ 2.0, 0.0 ] }, "32_32": { "coord": [ 3.0, 1.0 ], "autotile_index": 0.0, "tileset": "tiles_BEE", "autotile": 1.0 }, "704_448": { "autotile": 1.0, "autotile_index": 0.0, "tileset": "tiles_BEE", "coord": [ 2.0, 1.0 ] }, "608_512": { "autotile": 1.0, "autotile_index": 0.0, "tileset": "tiles_BEE", "coord": [ 2.0, 1.0 ] }, "64_-160": { "autotile": 1.0, "autotile_index": 0.0, "tileset": "tiles_BEE", "coord": [ 2.0, 2.0 ] }, "160_-192": { "autotile": 1.0, "autotile_index": 0.0, "tileset": "tiles_BEE", "coord": [ 2.0, 1.0 ] }, "640_384": { "autotile": 0.0, "autotile_index": 0.0, "tileset": "tiles_BEE", "coord": [ 5.0, 7.0 ] }, "928_352": { "autotile": 1.0, "autotile_index": 0.0, "tileset": "tiles_BEE", "coord": [ 2.0, 1.0 ] }, "896_64": { "autotile": 1.0, "autotile_index": 0.0, "tileset": "tiles_BEE", "coord": [ 1.0, 1.0 ] }, "640_-192": { "autotile": 1.0, "autotile_index": 0.0, "tileset": "tiles_BEE", "coord": [ 2.0, 1.0 ] }, "576_-160": { "autotile": 1.0, "autotile_index": 0.0, "tileset": "tiles_BEE", "coord": [ 2.0, 2.0 ] }, "384_448": { "autotile": 1.0, "autotile_index": 0.0, "tileset": "tiles_BEE", "coord": [ 2.0, 1.0 ] }, "480_0": { "autotile": 1.0, "autotile_index": 0.0, "tileset": "tiles_BEE", "coord": [ 3.0, 1.0 ] }, "928_480": { "autotile": 1.0, "autotile_index": 0.0, "tileset": "tiles_BEE", "coord": [ 2.0, 1.0 ] }, "160_384": { "coord": [ 2.0, 1.0 ], "autotile_index": 0.0, "tileset": "tiles_BEE", "autotile": 1.0 }, "544_480": { "autotile": 1.0, "autotile_index": 0.0, "tileset": "tiles_BEE", "coord": [ 2.0, 1.0 ] }, "512_480": { "autotile": 1.0, "autotile_index": 0.0, "tileset": "tiles_BEE", "coord": [ 2.0, 1.0 ] }, "864_-160": { "autotile": 1.0, "autotile_index": 0.0, "tileset": "tiles_BEE", "coord": [ 2.0, 2.0 ] }, "736_448": { "autotile": 1.0, "autotile_index": 0.0, "tileset": "tiles_BEE", "coord": [ 2.0, 1.0 ] }, "64_352": { "autotile": 1.0, "autotile_index": 0.0, "tileset": "tiles_BEE", "coord": [ 2.0, 0.0 ] }, "832_-160": { "autotile": 1.0, "autotile_index": 0.0, "tileset": "tiles_BEE", "coord": [ 2.0, 2.0 ] }, "352_512": { "autotile": 1.0, "autotile_index": 0.0, "tileset": "tiles_BEE", "coord": [ 2.0, 1.0 ] }, "928_-64": { "autotile": 1.0, "autotile_index": 0.0, "tileset": "tiles_BEE", "coord": [ 2.0, 1.0 ] }, "352_96": { "autotile": 1.0, "autotile_index": 0.0, "tileset": "tiles_BEE", "coord": [ 2.0, 2.0 ] }, "576_320": { "autotile": 1.0, "autotile_index": 0.0, "tileset": "tiles_BEE", "coord": [ 3.0, 1.0 ] }, "96_480": { "autotile": 1.0, "autotile_index": 0.0, "tileset": "tiles_BEE", "coord": [ 2.0, 1.0 ] }, "672_512": { "autotile": 1.0, "autotile_index": 0.0, "tileset": "tiles_BEE", "coord": [ 2.0, 1.0 ] }, "0_-64": { "autotile": 1.0, "autotile_index": 0.0, "tileset": "tiles_BEE", "coord": [ 2.0, 1.0 ] }, "448_-64": { "autotile": 1.0, "autotile_index": 0.0, "tileset": "tiles_BEE", "coord": [ 1.0, 1.0 ] }, "608_320": { "autotile": 0.0, "autotile_index": 0.0, "tileset": "tiles_BEE", "coord": [ 4.0, 5.0 ] }, "224_512": { "autotile": 1.0, "autotile_index": 0.0, "tileset": "tiles_BEE", "coord": [ 2.0, 1.0 ] }, "160_416": { "coord": [ 2.0, 1.0 ], "autotile_index": 0.0, "tileset": "tiles_BEE", "autotile": 1.0 }, "448_32": { "autotile": 1.0, "autotile_index": 0.0, "tileset": "tiles_BEE", "coord": [ 1.0, 1.0 ] }, "256_96": { "autotile": 1.0, "autotile_index": 0.0, "tileset": "tiles_BEE", "coord": [ 1.0, 2.0 ] }, "32_-160": { "autotile": 1.0, "autotile_index": 0.0, "tileset": "tiles_BEE", "coord": [ 4.0, 2.0 ] }, "480_512": { "autotile": 1.0, "autotile_index": 0.0, "tileset": "tiles_BEE", "coord": [ 2.0, 1.0 ] }, "832_320": { "autotile": 1.0, "autotile_index": 0.0, "tileset": "tiles_BEE", "coord": [ 2.0, 1.0 ] }, "160_512": { "coord": [ 2.0, 1.0 ], "autotile_index": 0.0, "tileset": "tiles_BEE", "autotile": 1.0 }, "416_-160": { "autotile": 1.0, "autotile_index": 0.0, "tileset": "tiles_BEE", "coord": [ 2.0, 2.0 ] }, "448_64": { "autotile": 1.0, "autotile_index": 0.0, "tileset": "tiles_BEE", "coord": [ 6.0, 4.0 ] }, "672_384": { "autotile": 0.0, "autotile_index": 0.0, "tileset": "tiles_BEE", "coord": [ 6.0, 7.0 ] }, "320_96": { "autotile": 1.0, "autotile_index": 0.0, "tileset": "tiles_BEE", "coord": [ 2.0, 2.0 ] }, "512_-160": { "autotile": 1.0, "autotile_index": 0.0, "tileset": "tiles_BEE", "coord": [ 2.0, 2.0 ] }, "768_160": { "autotile": 1.0, "autotile_index": 0.0, "tileset": "tiles_BEE", "coord": [ 1.0, 1.0 ] }, "896_320": { "autotile": 1.0, "autotile_index": 0.0, "tileset": "tiles_BEE", "coord": [ 2.0, 1.0 ] }, "320_480": { "autotile": 1.0, "autotile_index": 0.0, "tileset": "tiles_BEE", "coord": [ 2.0, 1.0 ] }, "672_352": { "autotile": 0.0, "autotile_index": 0.0, "tileset": "tiles_BEE", "coord": [ 6.0, 6.0 ] }, "480_480": { "autotile": 1.0, "autotile_index": 0.0, "tileset": "tiles_BEE", "coord": [ 2.0, 1.0 ] }, "512_448": { "autotile": 1.0, "autotile_index": 0.0, "tileset": "tiles_BEE", "coord": [ 2.0, 1.0 ] }, "832_192": { "autotile": 1.0, "autotile_index": 0.0, "tileset": "tiles_BEE", "coord": [ 2.0, 1.0 ] }, "928_448": { "autotile": 1.0, "autotile_index": 0.0, "tileset": "tiles_BEE", "coord": [ 2.0, 1.0 ] }, "32_352": { "autotile": 1.0, "autotile_index": 0.0, "tileset": "tiles_BEE", "coord": [ 2.0, 0.0 ] }, "0_96": { "autotile": 1.0, "autotile_index": 0.0, "tileset": "tiles_BEE", "coord": [ 2.0, 1.0 ] }, "800_224": { "autotile": 1.0, "autotile_index": 0.0, "tileset": "tiles_BEE", "coord": [ 2.0, 1.0 ] }, "448_-128": { "autotile": 1.0, "autotile_index": 0.0, "tileset": "tiles_BEE", "coord": [ 1.0, 1.0 ] }, "768_448": { "autotile": 1.0, "autotile_index": 0.0, "tileset": "tiles_BEE", "coord": [ 2.0, 1.0 ] }, "928_416": { "autotile": 1.0, "autotile_index": 0.0, "tileset": "tiles_BEE", "coord": [ 2.0, 1.0 ] }, "224_352": { "autotile": 1.0, "autotile_index": 0.0, "tileset": "tiles_BEE", "coord": [ 2.0, 0.0 ] }, "832_384": { "autotile": 1.0, "autotile_index": 0.0, "tileset": "tiles_BEE", "coord": [ 2.0, 1.0 ] }, "128_512": { "coord": [ 2.0, 1.0 ], "autotile_index": 0.0, "tileset": "tiles_BEE", "autotile": 1.0 }, "672_448": { "autotile": 1.0, "autotile_index": 0.0, "tileset": "tiles_BEE", "coord": [ 2.0, 1.0 ] }, "576_448": { "autotile": 1.0, "autotile_index": 0.0, "tileset": "tiles_BEE", "coord": [ 2.0, 1.0 ] }, "800_416": { "autotile": 1.0, "autotile_index": 0.0, "tileset": "tiles_BEE", "coord": [ 2.0, 1.0 ] }, "896_480": { "autotile": 1.0, "autotile_index": 0.0, "tileset": "tiles_BEE", "coord": [ 2.0, 1.0 ] }, "576_288": { "autotile": 1.0, "autotile_index": 0.0, "tileset": "tiles_BEE", "coord": [ 3.0, 0.0 ] }, "608_384": { "autotile": 0.0, "autotile_index": 0.0, "tileset": "tiles_BEE", "coord": [ 4.0, 7.0 ] }, "736_480": { "autotile": 1.0, "autotile_index": 0.0, "tileset": "tiles_BEE", "coord": [ 2.0, 1.0 ] }, "704_-192": { "autotile": 1.0, "autotile_index": 0.0, "tileset": "tiles_BEE", "coord": [ 2.0, 1.0 ] }, "32_512": { "autotile": 1.0, "autotile_index": 0.0, "tileset": "tiles_BEE", "coord": [ 2.0, 1.0 ] }, "288_-160": { "autotile": 1.0, "autotile_index": 0.0, "tileset": "tiles_BEE", "coord": [ 2.0, 2.0 ] }, "800_448": { "autotile": 1.0, "autotile_index": 0.0, "tileset": "tiles_BEE", "coord": [ 2.0, 1.0 ] }, "192_416": { "autotile": 1.0, "autotile_index": 0.0, "tileset": "tiles_BEE", "coord": [ 2.0, 1.0 ] }, "704_-160": { "autotile": 1.0, "autotile_index": 0.0, "tileset": "tiles_BEE", "coord": [ 2.0, 2.0 ] }, "128_-160": { "autotile": 1.0, "autotile_index": 0.0, "tileset": "tiles_BEE", "coord": [ 2.0, 2.0 ] }, "416_96": { "autotile": 1.0, "autotile_index": 0.0, "tileset": "tiles_BEE", "coord": [ 2.0, 2.0 ] }, "288_384": { "autotile": 1.0, "autotile_index": 0.0, "tileset": "tiles_BEE", "coord": [ 3.0, 1.0 ] }, "928_160": { "autotile": 1.0, "autotile_index": 0.0, "tileset": "tiles_BEE", "coord": [ 2.0, 1.0 ] }, "448_448": { "autotile": 1.0, "autotile_index": 0.0, "tileset": "tiles_BEE", "coord": [ 2.0, 1.0 ] }, "576_416": { "autotile": 1.0, "autotile_index": 0.0, "tileset": "tiles_BEE", "coord": [ 4.0, 4.0 ] }, "224_-160": { "autotile": 1.0, "autotile_index": 0.0, "tileset": "tiles_BEE", "coord": [ 2.0, 2.0 ] }, "544_352": { "autotile": 1.0, "autotile_index": 0.0, "tileset": "tiles_BEE", "coord": [ 2.0, 1.0 ] }, "896_-96": { "autotile": 1.0, "autotile_index": 0.0, "tileset": "tiles_BEE", "coord": [ 1.0, 1.0 ] }, "768_-192": { "autotile": 1.0, "autotile_index": 0.0, "tileset": "tiles_BEE", "coord": [ 2.0, 1.0 ] }, "416_512": { "autotile": 1.0, "autotile_index": 0.0, "tileset": "tiles_BEE", "coord": [ 2.0, 1.0 ] }, "128_384": { "coord": [ 2.0, 1.0 ], "autotile_index": 0.0, "tileset": "tiles_BEE", "autotile": 1.0 }, "480_384": { "autotile": 1.0, "autotile_index": 0.0, "tileset": "tiles_BEE", "coord": [ 1.0, 1.0 ] }, "608_352": { "autotile": 0.0, "autotile_index": 0.0, "tileset": "tiles_BEE", "coord": [ 4.0, 6.0 ] }, "96_416": { "autotile": 1.0, "autotile_index": 0.0, "tileset": "tiles_BEE", "coord": [ 2.0, 1.0 ] }, "832_224": { "autotile": 1.0, "autotile_index": 0.0, "tileset": "tiles_BEE", "coord": [ 2.0, 1.0 ] }, "160_352": { "coord": [ 2.0, 0.0 ], "autotile_index": 0.0, "tileset": "tiles_BEE", "autotile": 1.0 }, "928_512": { "autotile": 1.0, "autotile_index": 0.0, "tileset": "tiles_BEE", "coord": [ 2.0, 1.0 ] }, "832_352": { "autotile": 1.0, "autotile_index": 0.0, "tileset": "tiles_BEE", "coord": [ 2.0, 1.0 ] }, "128_416": { "coord": [ 2.0, 1.0 ], "autotile_index": 0.0, "tileset": "tiles_BEE", "autotile": 1.0 }, "96_512": { "autotile": 1.0, "autotile_index": 0.0, "tileset": "tiles_BEE", "coord": [ 2.0, 1.0 ] }, "352_-192": { "autotile": 1.0, "autotile_index": 0.0, "tileset": "tiles_BEE", "coord": [ 2.0, 1.0 ] }, "576_-192": { "autotile": 1.0, "autotile_index": 0.0, "tileset": "tiles_BEE", "coord": [ 2.0, 1.0 ] }, "768_384": { "autotile": 1.0, "autotile_index": 0.0, "tileset": "tiles_BEE", "coord": [ 1.0, 1.0 ] }, "768_224": { "autotile": 1.0, "autotile_index": 0.0, "tileset": "tiles_BEE", "coord": [ 1.0, 1.0 ] }, "832_416": { "autotile": 1.0, "autotile_index": 0.0, "tileset": "tiles_BEE", "coord": [ 2.0, 1.0 ] }, "672_416": { "autotile": 1.0, "autotile_index": 0.0, "tileset": "tiles_BEE", "coord": [ 2.0, 0.0 ] }, "576_384": { "autotile": 1.0, "autotile_index": 0.0, "tileset": "tiles_BEE", "coord": [ 3.0, 1.0 ] }, "640_480": { "autotile": 1.0, "autotile_index": 0.0, "tileset": "tiles_BEE", "coord": [ 2.0, 1.0 ] }, "0_352": { "autotile": 1.0, "autotile_index": 0.0, "tileset": "tiles_BEE", "coord": [ 2.0, 0.0 ] }, "384_-192": { "autotile": 1.0, "autotile_index": 0.0, "tileset": "tiles_BEE", "coord": [ 2.0, 1.0 ] }, "384_480": { "autotile": 1.0, "autotile_index": 0.0, "tileset": "tiles_BEE", "coord": [ 2.0, 1.0 ] }, "608_480": { "autotile": 1.0, "autotile_index": 0.0, "tileset": "tiles_BEE", "coord": [ 2.0, 1.0 ] }, "768_320": { "autotile": 1.0, "autotile_index": 0.0, "tileset": "tiles_BEE", "coord": [ 1.0, 1.0 ] }, "608_-192": { "autotile": 1.0, "autotile_index": 0.0, "tileset": "tiles_BEE", "coord": [ 2.0, 1.0 ] }, "736_-192": { "autotile": 1.0, "autotile_index": 0.0, "tileset": "tiles_BEE", "coord": [ 2.0, 1.0 ] }, "640_352": { "autotile": 0.0, "autotile_index": 0.0, "tileset": "tiles_BEE", "coord": [ 5.0, 6.0 ] }, "768_480": { "autotile": 1.0, "autotile_index": 0.0, "tileset": "tiles_BEE", "coord": [ 2.0, 1.0 ] }, "32_416": { "autotile": 1.0, "autotile_index": 0.0, "tileset": "tiles_BEE", "coord": [ 2.0, 1.0 ] }, "832_256": { "autotile": 1.0, "autotile_index": 0.0, "tileset": "tiles_BEE", "coord": [ 2.0, 1.0 ] }, "544_320": { "autotile": 1.0, "autotile_index": 0.0, "tileset": "tiles_BEE", "coord": [ 2.0, 1.0 ] }, "384_416": { "autotile": 1.0, "autotile_index": 0.0, "tileset": "tiles_BEE", "coord": [ 2.0, 0.0 ] }, "64_416": { "autotile": 1.0, "autotile_index": 0.0, "tileset": "tiles_BEE", "coord": [ 2.0, 1.0 ] }, "864_224": { "autotile": 1.0, "autotile_index": 0.0, "tileset": "tiles_BEE", "coord": [ 2.0, 1.0 ] }, "896_-32": { "autotile": 1.0, "autotile_index": 0.0, "tileset": "tiles_BEE", "coord": [ 1.0, 1.0 ] }, "896_256": { "autotile": 1.0, "autotile_index": 0.0, "tileset": "tiles_BEE", "coord": [ 2.0, 1.0 ] }, "32_0": { "coord": [ 3.0, 1.0 ], "autotile_index": 0.0, "tileset": "tiles_BEE", "autotile": 1.0 }, "864_320": { "autotile": 1.0, "autotile_index": 0.0, "tileset": "tiles_BEE", "coord": [ 2.0, 1.0 ] }, "576_512": { "autotile": 1.0, "autotile_index": 0.0, "tileset": "tiles_BEE", "coord": [ 2.0, 1.0 ] }, "160_448": { "coord": [ 2.0, 1.0 ], "autotile_index": 0.0, "tileset": "tiles_BEE", "autotile": 1.0 }, "32_-32": { "autotile": 1.0, "autotile_index": 0.0, "tileset": "tiles_BEE", "coord": [ 3.0, 1.0 ] }, "0_-192": { "autotile": 1.0, "autotile_index": 0.0, "tileset": "tiles_BEE", "coord": [ 2.0, 1.0 ] }, "288_96": { "autotile": 1.0, "autotile_index": 0.0, "tileset": "tiles_BEE", "coord": [ 2.0, 2.0 ] }, "256_512": { "autotile": 1.0, "autotile_index": 0.0, "tileset": "tiles_BEE", "coord": [ 2.0, 1.0 ] }, "672_-160": { "autotile": 1.0, "autotile_index": 0.0, "tileset": "tiles_BEE", "coord": [ 2.0, 2.0 ] }, "0_160": { "autotile": 1.0, "autotile_index": 0.0, "tileset": "tiles_BEE", "coord": [ 2.0, 1.0 ] }, "928_192": { "autotile": 1.0, "autotile_index": 0.0, "tileset": "tiles_BEE", "coord": [ 2.0, 1.0 ] }, "160_-160": { "autotile": 1.0, "autotile_index": 0.0, "tileset": "tiles_BEE", "coord": [ 2.0, 2.0 ] }, "0_-128": { "autotile": 1.0, "autotile_index": 0.0, "tileset": "tiles_BEE", "coord": [ 2.0, 1.0 ] }, "288_-192": { "autotile": 1.0, "autotile_index": 0.0, "tileset": "tiles_BEE", "coord": [ 2.0, 1.0 ] }, "32_192": { "autotile": 1.0, "autotile_index": 0.0, "tileset": "tiles_BEE", "coord": [ 3.0, 2.0 ] }, "896_-160": { "autotile": 1.0, "autotile_index": 0.0, "tileset": "tiles_BEE", "coord": [ 6.0, 2.0 ] }, "896_448": { "autotile": 1.0, "autotile_index": 0.0, "tileset": "tiles_BEE", "coord": [ 2.0, 1.0 ] }, "352_416": { "autotile": 1.0, "autotile_index": 0.0, "tileset": "tiles_BEE", "coord": [ 2.0, 0.0 ] }, "800_256": { "autotile": 1.0, "autotile_index": 0.0, "tileset": "tiles_BEE", "coord": [ 2.0, 1.0 ] }, "0_448": { "autotile": 1.0, "autotile_index": 0.0, "tileset": "tiles_BEE", "coord": [ 2.0, 1.0 ] }, "32_384": { "autotile": 1.0, "autotile_index": 0.0, "tileset": "tiles_BEE", "coord": [ 2.0, 1.0 ] }, "896_96": { "autotile": 1.0, "autotile_index": 0.0, "tileset": "tiles_BEE", "coord": [ 6.0, 4.0 ] }, "320_-160": { "autotile": 1.0, "autotile_index": 0.0, "tileset": "tiles_BEE", "coord": [ 2.0, 2.0 ] }, "224_448": { "autotile": 1.0, "autotile_index": 0.0, "tileset": "tiles_BEE", "coord": [ 2.0, 1.0 ] }, "832_160": { "autotile": 1.0, "autotile_index": 0.0, "tileset": "tiles_BEE", "coord": [ 2.0, 1.0 ] }, "832_288": { "autotile": 1.0, "autotile_index": 0.0, "tileset": "tiles_BEE", "coord": [ 2.0, 1.0 ] }, "864_512": { "autotile": 1.0, "autotile_index": 0.0, "tileset": "tiles_BEE", "coord": [ 2.0, 1.0 ] }, "0_480": { "autotile": 1.0, "autotile_index": 0.0, "tileset": "tiles_BEE", "coord": [ 2.0, 1.0 ] }, "768_96": { "autotile": 1.0, "autotile_index": 0.0, "tileset": "tiles_BEE", "coord": [ 1.0, 0.0 ] }, "480_-96": { "autotile": 1.0, "autotile_index": 0.0, "tileset": "tiles_BEE", "coord": [ 3.0, 1.0 ] }, "832_-192": { "autotile": 1.0, "autotile_index": 0.0, "tileset": "tiles_BEE", "coord": [ 2.0, 1.0 ] }, "480_96": { "autotile": 1.0, "autotile_index": 0.0, "tileset": "tiles_BEE", "coord": [ 3.0, 2.0 ] }, "256_448": { "autotile": 1.0, "autotile_index": 0.0, "tileset": "tiles_BEE", "coord": [ 2.0, 1.0 ] }, "704_512": { "autotile": 1.0, "autotile_index": 0.0, "tileset": "tiles_BEE", "coord": [ 2.0, 1.0 ] }, "32_64": { "autotile": 1.0, "autotile_index": 0.0, "tileset": "tiles_BEE", "coord": [ 3.0, 1.0 ] }, "736_512": { "autotile": 1.0, "autotile_index": 0.0, "tileset": "tiles_BEE", "coord": [ 2.0, 1.0 ] }, "928_-192": { "autotile": 1.0, "autotile_index": 0.0, "tileset": "tiles_BEE", "coord": [ 2.0, 1.0 ] }, "832_480": { "autotile": 1.0, "autotile_index": 0.0, "tileset": "tiles_BEE", "coord": [ 2.0, 1.0 ] }, "64_-192": { "autotile": 1.0, "autotile_index": 0.0, "tileset": "tiles_BEE", "coord": [ 2.0, 1.0 ] }, "32_448": { "autotile": 1.0, "autotile_index": 0.0, "tileset": "tiles_BEE", "coord": [ 2.0, 1.0 ] }, "864_288": { "autotile": 1.0, "autotile_index": 0.0, "tileset": "tiles_BEE", "coord": [ 2.0, 1.0 ] }, "96_352": { "autotile": 1.0, "autotile_index": 0.0, "tileset": "tiles_BEE", "coord": [ 2.0, 0.0 ] }, "800_512": { "autotile": 1.0, "autotile_index": 0.0, "tileset": "tiles_BEE", "coord": [ 2.0, 1.0 ] }, "864_448": { "autotile": 1.0, "autotile_index": 0.0, "tileset": "tiles_BEE", "coord": [ 2.0, 1.0 ] }, "864_192": { "autotile": 1.0, "autotile_index": 0.0, "tileset": "tiles_BEE", "coord": [ 2.0, 1.0 ] }, "864_128": { "autotile": 1.0, "autotile_index": 0.0, "tileset": "tiles_BEE", "coord": [ 2.0, 1.0 ] }, "96_-160": { "autotile": 1.0, "autotile_index": 0.0, "tileset": "tiles_BEE", "coord": [ 2.0, 2.0 ] }, "800_128": { "autotile": 1.0, "autotile_index": 0.0, "tileset": "tiles_BEE", "coord": [ 2.0, 1.0 ] }, "0_32": { "coord": [ 2.0, 1.0 ], "autotile_index": 0.0, "tileset": "tiles_BEE", "autotile": 1.0 }, "768_256": { "autotile": 1.0, "autotile_index": 0.0, "tileset": "tiles_BEE", "coord": [ 1.0, 1.0 ] }, "704_480": { "autotile": 1.0, "autotile_index": 0.0, "tileset": "tiles_BEE", "coord": [ 2.0, 1.0 ] }, "0_-96": { "autotile": 1.0, "autotile_index": 0.0, "tileset": "tiles_BEE", "coord": [ 2.0, 1.0 ] }, "544_-160": { "autotile": 1.0, "autotile_index": 0.0, "tileset": "tiles_BEE", "coord": [ 2.0, 2.0 ] }, "864_416": { "autotile": 1.0, "autotile_index": 0.0, "tileset": "tiles_BEE", "coord": [ 2.0, 1.0 ] }, "288_64": { "autotile": 1.0, "autotile_index": 0.0, "tileset": "tiles_BEE", "coord": [ 2.0, 0.0 ] }, "448_480": { "autotile": 1.0, "autotile_index": 0.0, "tileset": "tiles_BEE", "coord": [ 2.0, 1.0 ] }, "96_384": { "autotile": 1.0, "autotile_index": 0.0, "tileset": "tiles_BEE", "coord": [ 2.0, 1.0 ] }, "576_480": { "autotile": 1.0, "autotile_index": 0.0, "tileset": "tiles_BEE", "coord": [ 2.0, 1.0 ] }, "512_288": { "autotile": 1.0, "autotile_index": 0.0, "tileset": "tiles_BEE", "coord": [ 2.0, 0.0 ] }, "320_416": { "autotile": 1.0, "autotile_index": 0.0, "tileset": "tiles_BEE", "coord": [ 2.0, 0.0 ] }, "800_288": { "autotile": 1.0, "autotile_index": 0.0, "tileset": "tiles_BEE", "coord": [ 2.0, 1.0 ] }, "672_-192": { "autotile": 1.0, "autotile_index": 0.0, "tileset": "tiles_BEE", "coord": [ 2.0, 1.0 ] }, "544_384": { "autotile": 1.0, "autotile_index": 0.0, "tileset": "tiles_BEE", "coord": [ 2.0, 1.0 ] }, "480_448": { "autotile": 1.0, "autotile_index": 0.0, "tileset": "tiles_BEE", "coord": [ 2.0, 1.0 ] }, "832_96": { "autotile": 1.0, "autotile_index": 0.0, "tileset": "tiles_BEE", "coord": [ 2.0, 0.0 ] }, "224_480": { "autotile": 1.0, "autotile_index": 0.0, "tileset": "tiles_BEE", "coord": [ 2.0, 1.0 ] }, "224_-192": { "autotile": 1.0, "autotile_index": 0.0, "tileset": "tiles_BEE", "coord": [ 2.0, 1.0 ] }, "384_96": { "autotile": 1.0, "autotile_index": 0.0, "tileset": "tiles_BEE", "coord": [ 2.0, 2.0 ] }, "864_160": { "autotile": 1.0, "autotile_index": 0.0, "tileset": "tiles_BEE", "coord": [ 2.0, 1.0 ] }, "896_288": { "autotile": 1.0, "autotile_index": 0.0, "tileset": "tiles_BEE", "coord": [ 2.0, 1.0 ] }, "192_-160": { "autotile": 1.0, "autotile_index": 0.0, "tileset": "tiles_BEE", "coord": [ 2.0, 2.0 ] }, "288_448": { "autotile": 1.0, "autotile_index": 0.0, "tileset": "tiles_BEE", "coord": [ 2.0, 1.0 ] }, "832_512": { "autotile": 1.0, "autotile_index": 0.0, "tileset": "tiles_BEE", "coord": [ 2.0, 1.0 ] }, "800_96": { "autotile": 1.0, "autotile_index": 0.0, "tileset": "tiles_BEE", "coord": [ 2.0, 0.0 ] }, "800_-192": { "autotile": 1.0, "autotile_index": 0.0, "tileset": "tiles_BEE", "coord": [ 2.0, 1.0 ] }, "864_352": { "autotile": 1.0, "autotile_index": 0.0, "tileset": "tiles_BEE", "coord": [ 2.0, 1.0 ] }, "928_128": { "autotile": 1.0, "autotile_index": 0.0, "tileset": "tiles_BEE", "coord": [ 2.0, 1.0 ] }, "480_-64": { "autotile": 1.0, "autotile_index": 0.0, "tileset": "tiles_BEE", "coord": [ 3.0, 1.0 ] }, "0_-160": { "autotile": 1.0, "autotile_index": 0.0, "tileset": "tiles_BEE", "coord": [ 2.0, 1.0 ] }, "896_0": { "autotile": 1.0, "autotile_index": 0.0, "tileset": "tiles_BEE", "coord": [ 1.0, 1.0 ] }, "416_64": { "autotile": 1.0, "autotile_index": 0.0, "tileset": "tiles_BEE", "coord": [ 2.0, 0.0 ] }, "608_448": { "autotile": 1.0, "autotile_index": 0.0, "tileset": "tiles_BEE", "coord": [ 2.0, 1.0 ] }, "256_-160": { "autotile": 1.0, "autotile_index": 0.0, "tileset": "tiles_BEE", "coord": [ 2.0, 2.0 ] }, "0_-32": { "autotile": 1.0, "autotile_index": 0.0, "tileset": "tiles_BEE", "coord": [ 2.0, 1.0 ] }, "928_32": { "autotile": 1.0, "autotile_index": 0.0, "tileset": "tiles_BEE", "coord": [ 2.0, 1.0 ] }, "928_-160": { "autotile": 1.0, "autotile_index": 0.0, "tileset": "tiles_BEE", "coord": [ 2.0, 1.0 ] }, "896_384": { "autotile": 1.0, "autotile_index": 0.0, "tileset": "tiles_BEE", "coord": [ 2.0, 1.0 ] }, "800_384": { "autotile": 1.0, "autotile_index": 0.0, "tileset": "tiles_BEE", "coord": [ 2.0, 1.0 ] }, "32_128": { "autotile": 1.0, "autotile_index": 0.0, "tileset": "tiles_BEE", "coord": [ 3.0, 1.0 ] }, "640_512": { "autotile": 1.0, "autotile_index": 0.0, "tileset": "tiles_BEE", "coord": [ 2.0, 1.0 ] }, "480_-32": { "autotile": 1.0, "autotile_index": 0.0, "tileset": "tiles_BEE", "coord": [ 3.0, 1.0 ] }, "768_512": { "autotile": 1.0, "autotile_index": 0.0, "tileset": "tiles_BEE", "coord": [ 2.0, 1.0 ] }, "896_-192": { "autotile": 1.0, "autotile_index": 0.0, "tileset": "tiles_BEE", "coord": [ 2.0, 1.0 ] }, "832_128": { "autotile": 1.0, "autotile_index": 0.0, "tileset": "tiles_BEE", "coord": [ 2.0, 1.0 ] }, "896_32": { "autotile": 1.0, "autotile_index": 0.0, "tileset": "tiles_BEE", "coord": [ 1.0, 1.0 ] }, "928_-32": { "autotile": 1.0, "autotile_index": 0.0, "tileset": "tiles_BEE", "coord": [ 2.0, 1.0 ] }, "32_-96": { "autotile": 1.0, "autotile_index": 0.0, "tileset": "tiles_BEE", "coord": [ 3.0, 1.0 ] }, "192_384": { "coord": [ 2.0, 1.0 ], "autotile_index": 0.0, "tileset": "tiles_BEE", "autotile": 1.0 }, "768_288": { "autotile": 1.0, "autotile_index": 0.0, "tileset": "tiles_BEE", "coord": [ 1.0, 1.0 ] }, "608_416": { "autotile": 1.0, "autotile_index": 0.0, "tileset": "tiles_BEE", "coord": [ 2.0, 0.0 ] }, "256_384": { "autotile": 1.0, "autotile_index": 0.0, "tileset": "tiles_BEE", "coord": [ 2.0, 1.0 ] }, "896_512": { "autotile": 1.0, "autotile_index": 0.0, "tileset": "tiles_BEE", "coord": [ 2.0, 1.0 ] }, "768_128": { "autotile": 1.0, "autotile_index": 0.0, "tileset": "tiles_BEE", "coord": [ 1.0, 1.0 ] }, "448_-160": { "autotile": 1.0, "autotile_index": 0.0, "tileset": "tiles_BEE", "coord": [ 6.0, 2.0 ] }, "448_416": { "autotile": 1.0, "autotile_index": 0.0, "tileset": "tiles_BEE", "coord": [ 2.0, 0.0 ] }, "0_192": { "autotile": 1.0, "autotile_index": 0.0, "tileset": "tiles_BEE", "coord": [ 2.0, 2.0 ] }, "544_-192": { "autotile": 1.0, "autotile_index": 0.0, "tileset": "tiles_BEE", "coord": [ 2.0, 1.0 ] }, "32_-192": { "autotile": 1.0, "autotile_index": 0.0, "tileset": "tiles_BEE", "coord": [ 2.0, 1.0 ] }, "64_512": { "autotile": 1.0, "autotile_index": 0.0, "tileset": "tiles_BEE", "coord": [ 2.0, 1.0 ] }, "384_64": { "autotile": 1.0, "autotile_index": 0.0, "tileset": "tiles_BEE", "coord": [ 2.0, 0.0 ] }, "128_480": { "coord": [ 2.0, 1.0 ], "autotile_index": 0.0, "tileset": "tiles_BEE", "autotile": 1.0 }, "512_416": { "autotile": 1.0, "autotile_index": 0.0, "tileset": "tiles_BEE", "coord": [ 2.0, 1.0 ] }, "320_448": { "autotile": 1.0, "autotile_index": 0.0, "tileset": "tiles_BEE", "coord": [ 2.0, 1.0 ] }, "0_512": { "autotile": 1.0, "autotile_index": 0.0, "tileset": "tiles_BEE", "coord": [ 2.0, 1.0 ] }, "928_384": { "autotile": 1.0, "autotile_index": 0.0, "tileset": "tiles_BEE", "coord": [ 2.0, 1.0 ] }, "512_-192": { "autotile": 1.0, "autotile_index": 0.0, "tileset": "tiles_BEE", "coord": [ 2.0, 1.0 ] }, "736_416": { "autotile": 1.0, "autotile_index": 0.0, "tileset": "tiles_BEE", "coord": [ 2.0, 0.0 ] }, "352_-160": { "autotile": 1.0, "autotile_index": 0.0, "tileset": "tiles_BEE", "coord": [ 2.0, 2.0 ] }, "256_-192": { "autotile": 1.0, "autotile_index": 0.0, "tileset": "tiles_BEE", "coord": [ 2.0, 1.0 ] }, "832_448": { "autotile": 1.0, "autotile_index": 0.0, "tileset": "tiles_BEE", "coord": [ 2.0, 1.0 ] }, "256_352": { "autotile": 1.0, "autotile_index": 0.0, "tileset": "tiles_BEE", "coord": [ 2.0, 0.0 ] }, "224_384": { "autotile": 1.0, "autotile_index": 0.0, "tileset": "tiles_BEE", "coord": [ 2.0, 1.0 ] }, "928_0": { "autotile": 1.0, "autotile_index": 0.0, "tileset": "tiles_BEE", "coord": [ 2.0, 1.0 ] }, "192_512": { "autotile": 1.0, "autotile_index": 0.0, "tileset": "tiles_BEE", "coord": [ 2.0, 1.0 ] }, "896_416": { "autotile": 1.0, "autotile_index": 0.0, "tileset": "tiles_BEE", "coord": [ 2.0, 1.0 ] }, "512_384": { "autotile": 1.0, "autotile_index": 0.0, "tileset": "tiles_BEE", "coord": [ 2.0, 1.0 ] }, "864_480": { "autotile": 1.0, "autotile_index": 0.0, "tileset": "tiles_BEE", "coord": [ 2.0, 1.0 ] }, "0_64": { "autotile": 1.0, "autotile_index": 0.0, "tileset": "tiles_BEE", "coord": [ 2.0, 1.0 ] }, "416_480": { "autotile": 1.0, "autotile_index": 0.0, "tileset": "tiles_BEE", "coord": [ 2.0, 1.0 ] }, "640_320": { "autotile": 0.0, "autotile_index": 0.0, "tileset": "tiles_BEE", "coord": [ 5.0, 5.0 ] }, "192_448": { "autotile": 1.0, "autotile_index": 0.0, "tileset": "tiles_BEE", "coord": [ 2.0, 1.0 ] }, "160_480": { "coord": [ 2.0, 1.0 ], "autotile_index": 0.0, "tileset": "tiles_BEE", "autotile": 1.0 }, "800_352": { "autotile": 1.0, "autotile_index": 0.0, "tileset": "tiles_BEE", "coord": [ 2.0, 1.0 ] }, "608_-160": { "autotile": 1.0, "autotile_index": 0.0, "tileset": "tiles_BEE", "coord": [ 2.0, 2.0 ] }, "448_-32": { "autotile": 1.0, "autotile_index": 0.0, "tileset": "tiles_BEE", "coord": [ 1.0, 1.0 ] }, "32_96": { "autotile": 1.0, "autotile_index": 0.0, "tileset": "tiles_BEE", "coord": [ 3.0, 1.0 ] }, "928_288": { "autotile": 1.0, "autotile_index": 0.0, "tileset": "tiles_BEE", "coord": [ 2.0, 1.0 ] }, "480_32": { "autotile": 1.0, "autotile_index": 0.0, "tileset": "tiles_BEE", "coord": [ 3.0, 1.0 ] }, "32_160": { "autotile": 1.0, "autotile_index": 0.0, "tileset": "tiles_BEE", "coord": [ 3.0, 1.0 ] }, "672_320": { "autotile": 0.0, "autotile_index": 0.0, "tileset": "tiles_BEE", "coord": [ 6.0, 5.0 ] }, "384_512": { "autotile": 1.0, "autotile_index": 0.0, "tileset": "tiles_BEE", "coord": [ 2.0, 1.0 ] }, "256_480": { "autotile": 1.0, "autotile_index": 0.0, "tileset": "tiles_BEE", "coord": [ 2.0, 1.0 ] }, "288_480": { "autotile": 1.0, "autotile_index": 0.0, "tileset": "tiles_BEE", "coord": [ 2.0, 1.0 ] }, "800_320": { "autotile": 1.0, "autotile_index": 0.0, "tileset": "tiles_BEE", "coord": [ 2.0, 1.0 ] }, "64_480": { "autotile": 1.0, "autotile_index": 0.0, "tileset": "tiles_BEE", "coord": [ 2.0, 1.0 ] }, "416_448": { "autotile": 1.0, "autotile_index": 0.0, "tileset": "tiles_BEE", "coord": [ 2.0, 1.0 ] }, "128_352": { "coord": [ 2.0, 0.0 ], "autotile_index": 0.0, "tileset": "tiles_BEE", "autotile": 1.0 }, "0_384": { "autotile": 1.0, "autotile_index": 0.0, "tileset": "tiles_BEE", "coord": [ 2.0, 1.0 ] }, "768_-160": { "autotile": 1.0, "autotile_index": 0.0, "tileset": "tiles_BEE", "coord": [ 2.0, 2.0 ] }, "448_-192": { "autotile": 1.0, "autotile_index": 0.0, "tileset": "tiles_BEE", "coord": [ 2.0, 1.0 ] }, "0_128": { "autotile": 1.0, "autotile_index": 0.0, "tileset": "tiles_BEE", "coord": [ 2.0, 1.0 ] }, "416_-192": { "autotile": 1.0, "autotile_index": 0.0, "tileset": "tiles_BEE", "coord": [ 2.0, 1.0 ] }, "32_-128": { "autotile": 1.0, "autotile_index": 0.0, "tileset": "tiles_BEE", "coord": [ 3.0, 1.0 ] }, "768_416": { "autotile": 1.0, "autotile_index": 0.0, "tileset": "tiles_BEE", "coord": [ 6.0, 4.0 ] }, "320_64": { "autotile": 1.0, "autotile_index": 0.0, "tileset": "tiles_BEE", "coord": [ 2.0, 0.0 ] }, "480_416": { "autotile": 1.0, "autotile_index": 0.0, "tileset": "tiles_BEE", "coord": [ 6.0, 4.0 ] }, "192_352": { "coord": [ 2.0, 0.0 ], "autotile_index": 0.0, "tileset": "tiles_BEE", "autotile": 1.0 }, "928_256": { "autotile": 1.0, "autotile_index": 0.0, "tileset": "tiles_BEE", "coord": [ 2.0, 1.0 ] }, "928_224": { "autotile": 1.0, "autotile_index": 0.0, "tileset": "tiles_BEE", "coord": [ 2.0, 1.0 ] }, "768_192": { "autotile": 1.0, "autotile_index": 0.0, "tileset": "tiles_BEE", "coord": [ 1.0, 1.0 ] }, "704_416": { "autotile": 1.0, "autotile_index": 0.0, "tileset": "tiles_BEE", "coord": [ 2.0, 0.0 ] }, "544_448": { "autotile": 1.0, "autotile_index": 0.0, "tileset": "tiles_BEE", "coord": [ 2.0, 1.0 ] }, "768_352": { "autotile": 1.0, "autotile_index": 0.0, "tileset": "tiles_BEE", "coord": [ 1.0, 1.0 ] }, "256_64": { "autotile": 1.0, "autotile_index": 0.0, "tileset": "tiles_BEE", "coord": [ 1.0, 0.0 ] }, "480_352": { "autotile": 1.0, "autotile_index": 0.0, "tileset": "tiles_BEE", "coord": [ 1.0, 1.0 ] }, "544_512": { "autotile": 1.0, "autotile_index": 0.0, "tileset": "tiles_BEE", "coord": [ 2.0, 1.0 ] } } }, "backgrounds": { "5": { "x": 0.0, "scroll_x": 0.75, "tile_y": 1.0, "hspeed": 0.0, "scroll_y": 0.75, "y": 0.0, "sprite": "honeycom-pattern-background-2-cover", "tile_x": 1.0, "vspeed": 0.0, "image_speed": 15.0, "panic_sprite": -1.0 } }, "properties": { "song": "", "roomX": 0.0, "levelWidth": 960.0, "roomY": -192.0, "levelHeight": 540.0, "songTransitionTime": 100.0 } }