{ "editorVersion": 5.0, "instances": [ { "layer": 0.0, "deleted": 0.0, "variables": { "x": -320.0, "y": 0.0, "image_xscale": 17.0, "image_yscale": 2.0, "flipX": 0.0, "flipY": 0.0 }, "object": 517.0 }, { "layer": 0.0, "deleted": 0.0, "variables": { "x": 224.0, "y": -32.0, "image_xscale": 2.0, "image_yscale": 5.0, "flipX": 0.0, "flipY": 0.0 }, "object": 517.0 }, { "layer": 0.0, "deleted": 0.0, "variables": { "x": 416.0, "y": -32.0, "image_xscale": 3.0, "image_yscale": 5.0, "flipX": 0.0, "flipY": 0.0 }, "object": 517.0 }, { "layer": 0.0, "deleted": 0.0, "variables": { "x": 160.0, "y": 352.0, "image_xscale": 4.0, "image_yscale": 7.0, "flipX": 0.0, "flipY": 0.0 }, "object": 517.0 }, { "layer": 0.0, "deleted": 0.0, "variables": { "x": 160.0, "y": 256.0, "image_xscale": 11.0, "image_yscale": 3.0, "flipX": 0.0, "flipY": 0.0 }, "object": 517.0 }, { "layer": 0.0, "deleted": 0.0, "variables": { "x": 288.0, "y": -96.0, "targetRoom": "what ever you want you stupid ni-", "image_xscale": 4.0, "image_yscale": 1.0, "flipX": 0.0, "flipY": 0.0, "targetDoor": "G" }, "object": 801.0 }, { "layer": 0.0, "deleted": 0.0, "variables": { "x": 320.0, "y": 0.0, "image_xscale": 1.0, "image_yscale": 1.0, "flipX": 0.0, "flipY": 0.0 }, "object": 239.0 }, { "layer": 0.0, "deleted": 0.0, "variables": { "x": -320.0, "y": 64.0, "image_xscale": 2.0, "image_yscale": 39.0, "flipX": 0.0, "flipY": 0.0 }, "object": 517.0 }, { "layer": 0.0, "deleted": 0.0, "variables": { "x": -160.0, "y": 704.0, "image_xscale": 25.0, "image_yscale": 2.0, "flipX": 0.0, "flipY": 0.0 }, "object": 517.0 }, { "layer": 0.0, "deleted": 0.0, "variables": { "x": 512.0, "y": 0.0, "image_xscale": 4.0, "image_yscale": 22.0, "flipX": 0.0, "flipY": 0.0 }, "object": 517.0 }, { "layer": 0.0, "deleted": 0.0, "variables": { "x": 288.0, "y": 544.0, "image_xscale": 2.0, "image_yscale": 1.0, "flipX": 0.0, "flipY": 0.0 }, "object": 722.0 }, { "layer": 0.0, "deleted": 0.0, "variables": { "x": 448.0, "y": 512.0, "image_xscale": 2.0, "image_yscale": 1.0, "flipX": 0.0, "flipY": 0.0 }, "object": 722.0 }, { "layer": 0.0, "deleted": 0.0, "variables": { "x": 352.0, "y": 448.0, "image_xscale": 3.0, "image_yscale": 1.0, "flipX": 0.0, "flipY": 0.0 }, "object": 722.0 }, { "layer": 0.0, "deleted": 0.0, "variables": { "x": 96.0, "y": 256.0, "image_xscale": 2.0, "image_yscale": 1.0, "flipX": 0.0, "flipY": 0.0 }, "object": 722.0 }, { "layer": 0.0, "deleted": 0.0, "variables": { "x": -32.0, "y": 64.0, "image_xscale": 2.0, "image_yscale": 7.0, "flipX": 0.0, "flipY": 0.0 }, "object": 517.0 }, { "layer": 0.0, "deleted": 0.0, "variables": { "x": 384.0, "flipX": 0.0, "y": 704.0, "flipY": 0.0 }, "object": 855.0 }, { "layer": 0.0, "deleted": 0.0, "variables": { "x": -96.0, "y": 544.0, "image_xscale": 2.0, "image_yscale": 2.0, "flipX": 1.0, "flipY": 0.0 }, "object": 516.0 }, { "layer": 0.0, "deleted": 0.0, "variables": { "x": -96.0, "y": 416.0, "image_xscale": 8.0, "image_yscale": 1.0, "flipX": 0.0, "flipY": 0.0 }, "object": 722.0 }, { "layer": 0.0, "deleted": 0.0, "variables": { "x": -96.0, "y": 608.0, "image_xscale": 4.0, "image_yscale": 3.0, "flipX": 1.0, "flipY": 0.0 }, "object": 517.0 }, { "layer": 0.0, "deleted": 0.0, "variables": { "x": 32.0, "y": 608.0, "image_xscale": 3.0, "image_yscale": 3.0, "flipX": 1.0, "flipY": 0.0 }, "object": 516.0 }, { "layer": 0.0, "deleted": 0.0, "variables": { "x": -160.0, "y": 544.0, "image_xscale": 2.0, "image_yscale": 5.0, "flipX": 1.0, "flipY": 0.0 }, "object": 517.0 }, { "layer": 0.0, "deleted": 0.0, "variables": { "x": 0.0, "flipX": 0.0, "y": 608.0, "flipY": 0.0 }, "object": 809.0 }, { "layer": 0.0, "deleted": 0.0, "variables": { "x": 0.0, "flipX": 0.0, "y": 608.0, "flipY": 0.0 }, "object": 810.0 }, { "layer": 0.0, "deleted": 0.0, "variables": { "x": 399.0, "y": 403.0, "image_xscale": 1.0, "image_yscale": 1.0, "flipX": 0.0, "flipY": 0.0 }, "object": 1097.0 }, { "layer": 0.0, "deleted": 0.0, "variables": { "x": -256.0, "flipX": 0.0, "y": 544.0, "flipY": 0.0 }, "object": 139.0 }, { "layer": 0.0, "deleted": 0.0, "variables": { "x": -224.0, "flipX": 0.0, "y": 544.0, "flipY": 0.0 }, "object": 139.0 }, { "layer": 0.0, "deleted": 0.0, "variables": { "x": -192.0, "flipX": 0.0, "y": 544.0, "flipY": 0.0 }, "object": 139.0 }, { "layer": 0.0, "deleted": 0.0, "variables": { "x": 128.0, "y": 209.5, "image_xscale": 1.0, "image_yscale": 1.0, "escape": "true", "flipX": 0.0, "flipY": 0.0 }, "object": 681.0 }, { "layer": 0.0, "deleted": 0.0, "variables": { "x": -256.0, "y": 352.0, "image_xscale": 2.0, "image_yscale": 1.0, "flipX": 0.0, "flipY": 0.0 }, "object": 722.0 }, { "layer": 0.0, "deleted": 0.0, "variables": { "x": -224.0, "y": 305.5, "image_xscale": 1.0, "image_yscale": 1.0, "escape": "true", "flipX": 0.0, "flipY": 0.0 }, "object": 687.0 }, { "layer": 0.0, "deleted": 0.0, "variables": { "x": -160.0, "flipX": 0.0, "y": 96.0, "flipY": 0.0 }, "object": 551.0 }, { "layer": 0.0, "deleted": 0.0, "variables": { "x": 320.0, "flipX": 0.0, "y": 64.0, "flipY": 0.0 }, "object": 11.0 }, { "layer": 0.0, "deleted": 0.0, "variables": { "x": -256.0, "flipX": 0.0, "y": 192.0, "flipY": 0.0 }, "object": 11.0 }, { "layer": 0.0, "deleted": 0.0, "variables": { "x": -256.0, "flipX": 0.0, "y": 224.0, "flipY": 0.0 }, "object": 11.0 }, { "layer": 0.0, "deleted": 0.0, "variables": { "x": -256.0, "flipX": 0.0, "y": 256.0, "flipY": 0.0 }, "object": 11.0 }, { "layer": 0.0, "deleted": 0.0, "variables": { "x": 352.0, "flipX": 0.0, "y": 96.0, "flipY": 0.0 }, "object": 11.0 }, { "layer": 0.0, "deleted": 0.0, "variables": { "x": 320.0, "flipX": 0.0, "y": 128.0, "flipY": 0.0 }, "object": 11.0 }, { "layer": 0.0, "deleted": 0.0, "variables": { "x": 352.0, "flipX": 0.0, "y": 160.0, "flipY": 0.0 }, "object": 11.0 }, { "layer": 0.0, "deleted": 0.0, "variables": { "x": 288.0, "flipX": 0.0, "y": 512.0, "flipY": 0.0 }, "object": 11.0 }, { "layer": 0.0, "deleted": 0.0, "variables": { "x": 320.0, "flipX": 0.0, "y": 512.0, "flipY": 0.0 }, "object": 11.0 }, { "layer": 0.0, "deleted": 0.0, "variables": { "x": 448.0, "flipX": 0.0, "y": 480.0, "flipY": 0.0 }, "object": 11.0 }, { "layer": 0.0, "deleted": 0.0, "variables": { "x": 480.0, "flipX": 0.0, "y": 480.0, "flipY": 0.0 }, "object": 11.0 }, { "layer": 0.0, "deleted": 0.0, "variables": { "x": -224.0, "flipX": 0.0, "y": 608.0, "flipY": 0.0 }, "object": 11.0 }, { "layer": 0.0, "deleted": 0.0, "variables": { "x": -224.0, "flipX": 0.0, "y": 672.0, "flipY": 0.0 }, "object": 11.0 }, { "layer": 0.0, "deleted": 0.0, "variables": { "x": -224.0, "flipX": 0.0, "y": 736.0, "flipY": 0.0 }, "object": 11.0 }, { "layer": 0.0, "deleted": 0.0, "variables": { "x": -96.0, "flipX": 0.0, "y": 896.0, "flipY": 0.0 }, "object": 1059.0 }, { "layer": 0.0, "deleted": 0.0, "variables": { "x": -256.0, "y": 896.0, "image_xscale": 7.0, "image_yscale": 1.0, "flipX": 0.0, "flipY": 0.0 }, "object": 722.0 }, { "layer": 0.0, "deleted": 0.0, "variables": { "x": 64.0, "y": 928.0, "image_xscale": 6.0, "image_yscale": 2.0, "flipX": 0.0, "flipY": 0.0 }, "object": 517.0 }, { "layer": 0.0, "deleted": 0.0, "variables": { "x": 128.0, "y": 896.0, "image_xscale": 1.0, "image_yscale": 1.0, "flipX": 0.0, "flipY": 0.0 }, "object": 11.0 }, { "layer": 0.0, "deleted": 0.0, "variables": { "x": 160.0, "y": 896.0, "image_xscale": 1.0, "image_yscale": 1.0, "flipX": 0.0, "flipY": 0.0 }, "object": 11.0 }, { "layer": 0.0, "deleted": 0.0, "variables": { "x": 576.0, "y": 768.0, "image_xscale": 2.0, "image_yscale": 17.0, "flipX": 0.0, "flipY": 0.0 }, "object": 517.0 }, { "layer": 0.0, "deleted": 0.0, "variables": { "x": 480.0, "y": 960.0, "image_xscale": 3.0, "image_yscale": 1.0, "flipX": 0.0, "flipY": 0.0 }, "object": 722.0 }, { "layer": 0.0, "deleted": 0.0, "variables": { "x": 352.0, "y": 1056.0, "image_xscale": 7.0, "image_yscale": 2.0, "flipX": 0.0, "flipY": 0.0 }, "object": 517.0 }, { "layer": 0.0, "deleted": 0.0, "variables": { "x": 384.0, "y": 768.0, "image_xscale": 2.0, "image_yscale": 7.0, "flipX": 0.0, "flipY": 0.0 }, "object": 517.0 }, { "layer": 0.0, "deleted": 0.0, "variables": { "x": 448.0, "y": 960.0, "image_xscale": 1.0, "image_yscale": 3.0, "flipX": 0.0, "flipY": 0.0 }, "object": 724.0 }, { "layer": 0.0, "deleted": 0.0, "variables": { "x": 512.0, "y": 1009.5, "image_xscale": 1.0, "image_yscale": 1.0, "escape": "true", "flipX": 1.0, "flipY": 0.0 }, "object": 646.0 }, { "layer": 0.0, "deleted": 0.0, "variables": { "x": 448.0, "y": 768.0, "image_xscale": 4.0, "image_yscale": 2.0, "flipX": 0.0, "flipY": 0.0 }, "object": 517.0 }, { "layer": 0.0, "deleted": 0.0, "variables": { "x": 480.0, "y": 864.0, "targetRoom": "main", "image_xscale": 1.0, "image_yscale": 1.0, "flipX": 0.0, "flipY": 0.0 }, "object": 795.0 }, { "layer": 0.0, "deleted": 0.0, "variables": { "x": 512.0, "flipX": 0.0, "y": 928.0, "flipY": 0.0 }, "object": 806.0 } ], "tile_data": { "5": { "-96_672": { "autotile": 1.0, "autotile_index": 0.0, "tileset": "tiles_BEE", "coord": [ 2.0, 1.0 ] }, "480_736": { "coord": [ 7.0, 7.0 ], "autotile_index": 0.0, "tileset": "tile_tower", "autotile": 1.0 }, "416_0": { "coord": [ 1.0, 1.0 ], "autotile_index": 0.0, "tileset": "tiles_BEE", "autotile": 1.0 }, "448_992": { "coord": [ 3.0, 21.0 ], "autotile_index": 0.0, "tileset": "spr_entrancedeco", "autotile": 0.0 }, "384_320": { "coord": [ 2.0, 2.0 ], "autotile_index": 0.0, "tileset": "tiles_BEE", "autotile": 1.0 }, "-288_864": { "autotile": 1.0, "autotile_index": 0.0, "tileset": "tiles_BEE", "coord": [ 3.0, 1.0 ] }, "224_352": { "coord": [ 2.0, 1.0 ], "autotile_index": 0.0, "tileset": "tiles_BEE", "autotile": 1.0 }, "416_1088": { "autotile": 1.0, "autotile_index": 0.0, "tileset": "tiles_BEE", "coord": [ 2.0, 2.0 ] }, "416_1056": { "autotile": 1.0, "autotile_index": 0.0, "tileset": "tiles_BEE", "coord": [ 2.0, 0.0 ] }, "512_448": { "coord": [ 1.0, 1.0 ], "autotile_index": 0.0, "tileset": "tiles_BEE", "autotile": 1.0 }, "160_288": { "coord": [ 1.0, 1.0 ], "autotile_index": 0.0, "tileset": "tiles_BEE", "autotile": 1.0 }, "96_0": { "coord": [ 2.0, 1.0 ], "autotile_index": 0.0, "tileset": "tiles_BEE", "autotile": 1.0 }, "768_0": { "coord": [ 2.0, 2.0 ], "autotile_index": 0.0, "tileset": "tiles_BEE", "autotile": 1.0 }, "256_32": { "coord": [ 3.0, 1.0 ], "autotile_index": 0.0, "tileset": "tiles_BEE", "autotile": 1.0 }, "-32_640": { "autotile": 1.0, "autotile_index": 0.0, "tileset": "tiles_BEE", "coord": [ 2.0, 1.0 ] }, "320_320": { "coord": [ 2.0, 2.0 ], "autotile_index": 0.0, "tileset": "tiles_BEE", "autotile": 1.0 }, "224_736": { "autotile": 1.0, "autotile_index": 0.0, "tileset": "tiles_BEE", "coord": [ 2.0, 2.0 ] }, "128_416": { "coord": [ 4.0, 0.0 ], "autotile_index": 0.0, "tileset": "tiles_BEE", "autotile": 0.0 }, "64_416": { "coord": [ 4.0, 0.0 ], "autotile_index": 0.0, "tileset": "tiles_BEE", "autotile": 0.0 }, "64_928": { "coord": [ 1.0, 0.0 ], "autotile_index": 0.0, "tileset": "tiles_BEE", "autotile": 1.0 }, "448_0": { "coord": [ 2.0, 1.0 ], "autotile_index": 0.0, "tileset": "tiles_BEE", "autotile": 1.0 }, "448_64": { "coord": [ 2.0, 1.0 ], "autotile_index": 0.0, "tileset": "tiles_BEE", "autotile": 1.0 }, "320_288": { "coord": [ 2.0, 1.0 ], "autotile_index": 0.0, "tileset": "tiles_BEE", "autotile": 1.0 }, "576_0": { "autotile": 1.0, "autotile_index": 0.0, "tileset": "tiles_BEE", "coord": [ 2.0, 1.0 ] }, "192_256": { "coord": [ 2.0, 0.0 ], "autotile_index": 0.0, "tileset": "tiles_BEE", "autotile": 1.0 }, "608_896": { "coord": [ 7.0, 7.0 ], "autotile_index": 0.0, "tileset": "tile_tower", "autotile": 1.0 }, "608_992": { "coord": [ 4.0, 5.0 ], "autotile_index": 0.0, "tileset": "tile_tower", "autotile": 1.0 }, "-288_64": { "coord": [ 3.0, 1.0 ], "autotile_index": 0.0, "tileset": "tiles_BEE", "autotile": 1.0 }, "576_672": { "coord": [ 7.0, 7.0 ], "autotile_index": 0.0, "tileset": "tile_tower", "autotile": 1.0 }, "32_608": { "coord": [ 1.0, 3.0 ], "autotile_index": 0.0, "tileset": "tiles_BEE", "autotile": 0.0 }, "64_0": { "coord": [ 2.0, 1.0 ], "autotile_index": 0.0, "tileset": "tiles_BEE", "autotile": 1.0 }, "-288_0": { "coord": [ 2.0, 1.0 ], "autotile_index": 0.0, "tileset": "tiles_BEE", "autotile": 1.0 }, "-320_32": { "coord": [ 2.0, 1.0 ], "autotile_index": 0.0, "tileset": "tiles_BEE", "autotile": 1.0 }, "-32_704": { "autotile": 1.0, "autotile_index": 0.0, "tileset": "tiles_BEE", "coord": [ 2.0, 1.0 ] }, "352_1088": { "autotile": 1.0, "autotile_index": 0.0, "tileset": "tiles_BEE", "coord": [ 1.0, 2.0 ] }, "0_128": { "coord": [ 3.0, 1.0 ], "autotile_index": 0.0, "tileset": "tiles_BEE", "autotile": 1.0 }, "896_128": { "coord": [ 1.0, 1.0 ], "autotile_index": 0.0, "tileset": "tiles_BEE", "autotile": 1.0 }, "576_64": { "autotile": 1.0, "autotile_index": 0.0, "tileset": "tiles_BEE", "coord": [ 2.0, 1.0 ] }, "448_1056": { "autotile": 1.0, "autotile_index": 0.0, "tileset": "tiles_BEE", "coord": [ 2.0, 0.0 ] }, "384_768": { "coord": [ 4.0, 5.0 ], "autotile_index": 0.0, "tileset": "tile_tower", "autotile": 1.0 }, "-160_736": { "autotile": 1.0, "autotile_index": 0.0, "tileset": "tiles_BEE", "coord": [ 1.0, 2.0 ] }, "608_256": { "autotile": 1.0, "autotile_index": 0.0, "tileset": "tiles_BEE", "coord": [ 2.0, 1.0 ] }, "256_96": { "coord": [ 3.0, 2.0 ], "autotile_index": 0.0, "tileset": "tiles_BEE", "autotile": 1.0 }, "0_32": { "coord": [ 4.0, 2.0 ], "autotile_index": 0.0, "tileset": "tiles_BEE", "autotile": 1.0 }, "224_928": { "coord": [ 2.0, 0.0 ], "autotile_index": 0.0, "tileset": "tiles_BEE", "autotile": 1.0 }, "256_384": { "coord": [ 3.0, 1.0 ], "autotile_index": 0.0, "tileset": "tiles_BEE", "autotile": 1.0 }, "128_928": { "coord": [ 2.0, 0.0 ], "autotile_index": 0.0, "tileset": "tiles_BEE", "autotile": 1.0 }, "256_512": { "coord": [ 3.0, 1.0 ], "autotile_index": 0.0, "tileset": "tiles_BEE", "autotile": 1.0 }, "-160_896": { "coord": [ 4.0, 0.0 ], "autotile_index": 0.0, "tileset": "tiles_BEE", "autotile": 0.0 }, "-128_608": { "coord": [ 2.0, 1.0 ], "autotile_index": 0.0, "tileset": "tiles_BEE", "autotile": 1.0 }, "192_480": { "coord": [ 2.0, 1.0 ], "autotile_index": 0.0, "tileset": "tiles_BEE", "autotile": 1.0 }, "-288_960": { "autotile": 1.0, "autotile_index": 0.0, "tileset": "tiles_BEE", "coord": [ 3.0, 1.0 ] }, "576_192": { "autotile": 1.0, "autotile_index": 0.0, "tileset": "tiles_BEE", "coord": [ 2.0, 1.0 ] }, "480_32": { "coord": [ 2.0, 1.0 ], "autotile_index": 0.0, "tileset": "tiles_BEE", "autotile": 1.0 }, "544_320": { "coord": [ 2.0, 1.0 ], "autotile_index": 0.0, "tileset": "tiles_BEE", "autotile": 1.0 }, "-96_416": { "coord": [ 4.0, 0.0 ], "autotile_index": 0.0, "tileset": "tiles_BEE", "autotile": 0.0 }, "896_32": { "coord": [ 1.0, 1.0 ], "autotile_index": 0.0, "tileset": "tiles_BEE", "autotile": 1.0 }, "-32_256": { "coord": [ 1.0, 2.0 ], "autotile_index": 0.0, "tileset": "tiles_BEE", "autotile": 1.0 }, "608_448": { "autotile": 1.0, "autotile_index": 0.0, "tileset": "tiles_BEE", "coord": [ 2.0, 1.0 ] }, "-32_64": { "coord": [ 1.0, 1.0 ], "autotile_index": 0.0, "tileset": "tiles_BEE", "autotile": 1.0 }, "448_800": { "coord": [ 5.0, 6.0 ], "autotile_index": 0.0, "tileset": "tile_tower", "autotile": 1.0 }, "576_448": { "autotile": 1.0, "autotile_index": 0.0, "tileset": "tiles_BEE", "coord": [ 2.0, 1.0 ] }, "64_640": { "coord": [ 1.0, 3.0 ], "autotile_index": 0.0, "tileset": "tiles_BEE", "autotile": 0.0 }, "352_256": { "coord": [ 2.0, 0.0 ], "autotile_index": 0.0, "tileset": "tiles_BEE", "autotile": 1.0 }, "-320_96": { "coord": [ 2.0, 1.0 ], "autotile_index": 0.0, "tileset": "tiles_BEE", "autotile": 1.0 }, "448_1024": { "coord": [ 3.0, 21.0 ], "autotile_index": 0.0, "tileset": "spr_entrancedeco", "autotile": 0.0 }, "256_704": { "autotile": 1.0, "autotile_index": 0.0, "tileset": "tiles_BEE", "coord": [ 2.0, 0.0 ] }, "416_864": { "coord": [ 6.0, 5.0 ], "autotile_index": 0.0, "tileset": "tile_tower", "autotile": 1.0 }, "-32_160": { "coord": [ 1.0, 1.0 ], "autotile_index": 0.0, "tileset": "tiles_BEE", "autotile": 1.0 }, "-320_1152": { "autotile": 1.0, "autotile_index": 0.0, "tileset": "tiles_BEE", "coord": [ 2.0, 1.0 ] }, "-128_544": { "coord": [ 3.0, 0.0 ], "autotile_index": 0.0, "tileset": "tiles_BEE", "autotile": 0.0 }, "512_608": { "coord": [ 1.0, 1.0 ], "autotile_index": 0.0, "tileset": "tiles_BEE", "autotile": 1.0 }, "-320_416": { "coord": [ 2.0, 1.0 ], "autotile_index": 0.0, "tileset": "tiles_BEE", "autotile": 1.0 }, "64_672": { "autotile": 0.0, "autotile_index": 0.0, "tileset": "tiles_BEE", "coord": [ 3.0, 0.0 ] }, "-288_1056": { "autotile": 1.0, "autotile_index": 0.0, "tileset": "tiles_BEE", "coord": [ 3.0, 1.0 ] }, "896_64": { "coord": [ 1.0, 1.0 ], "autotile_index": 0.0, "tileset": "tiles_BEE", "autotile": 1.0 }, "192_544": { "coord": [ 2.0, 2.0 ], "autotile_index": 0.0, "tileset": "tiles_BEE", "autotile": 1.0 }, "0_608": { "coord": [ 3.0, 0.0 ], "autotile_index": 0.0, "tileset": "tiles_BEE", "autotile": 1.0 }, "288_320": { "coord": [ 2.0, 2.0 ], "autotile_index": 0.0, "tileset": "tiles_BEE", "autotile": 1.0 }, "416_448": { "coord": [ 4.0, 0.0 ], "autotile_index": 0.0, "tileset": "tiles_BEE", "autotile": 0.0 }, "224_416": { "coord": [ 2.0, 1.0 ], "autotile_index": 0.0, "tileset": "tiles_BEE", "autotile": 1.0 }, "-32_736": { "autotile": 1.0, "autotile_index": 0.0, "tileset": "tiles_BEE", "coord": [ 2.0, 2.0 ] }, "576_768": { "coord": [ 7.0, 7.0 ], "autotile_index": 0.0, "tileset": "tile_tower", "autotile": 1.0 }, "928_128": { "coord": [ 2.0, 1.0 ], "autotile_index": 0.0, "tileset": "tiles_BEE", "autotile": 1.0 }, "-64_704": { "autotile": 1.0, "autotile_index": 0.0, "tileset": "tiles_BEE", "coord": [ 2.0, 1.0 ] }, "-32_672": { "autotile": 1.0, "autotile_index": 0.0, "tileset": "tiles_BEE", "coord": [ 2.0, 1.0 ] }, "576_1184": { "coord": [ 1.0, 1.0 ], "autotile_index": 0.0, "tileset": "tiles_BEE", "autotile": 1.0 }, "480_288": { "coord": [ 2.0, 1.0 ], "autotile_index": 0.0, "tileset": "tiles_BEE", "autotile": 1.0 }, "-320_0": { "coord": [ 2.0, 1.0 ], "autotile_index": 0.0, "tileset": "tiles_BEE", "autotile": 1.0 }, "-64_608": { "coord": [ 2.0, 0.0 ], "autotile_index": 0.0, "tileset": "tiles_BEE", "autotile": 1.0 }, "576_416": { "autotile": 1.0, "autotile_index": 0.0, "tileset": "tiles_BEE", "coord": [ 2.0, 1.0 ] }, "-288_832": { "autotile": 1.0, "autotile_index": 0.0, "tileset": "tiles_BEE", "coord": [ 3.0, 1.0 ] }, "480_512": { "coord": [ 4.0, 0.0 ], "autotile_index": 0.0, "tileset": "tiles_BEE", "autotile": 0.0 }, "608_288": { "autotile": 1.0, "autotile_index": 0.0, "tileset": "tiles_BEE", "coord": [ 2.0, 1.0 ] }, "544_64": { "coord": [ 2.0, 1.0 ], "autotile_index": 0.0, "tileset": "tiles_BEE", "autotile": 1.0 }, "128_256": { "coord": [ 4.0, 0.0 ], "autotile_index": 0.0, "tileset": "tiles_BEE", "autotile": 0.0 }, "-320_64": { "coord": [ 2.0, 1.0 ], "autotile_index": 0.0, "tileset": "tiles_BEE", "autotile": 1.0 }, "480_704": { "coord": [ 5.0, 4.0 ], "autotile_index": 0.0, "tileset": "tile_tower", "autotile": 1.0 }, "576_480": { "autotile": 1.0, "autotile_index": 0.0, "tileset": "tiles_BEE", "coord": [ 2.0, 1.0 ] }, "-288_608": { "coord": [ 3.0, 1.0 ], "autotile_index": 0.0, "tileset": "tiles_BEE", "autotile": 1.0 }, "160_736": { "autotile": 1.0, "autotile_index": 0.0, "tileset": "tiles_BEE", "coord": [ 2.0, 2.0 ] }, "256_416": { "coord": [ 3.0, 1.0 ], "autotile_index": 0.0, "tileset": "tiles_BEE", "autotile": 1.0 }, "512_256": { "coord": [ 6.0, 4.0 ], "autotile_index": 0.0, "tileset": "tiles_BEE", "autotile": 1.0 }, "544_384": { "coord": [ 2.0, 1.0 ], "autotile_index": 0.0, "tileset": "tiles_BEE", "autotile": 1.0 }, "512_160": { "coord": [ 1.0, 1.0 ], "autotile_index": 0.0, "tileset": "tiles_BEE", "autotile": 1.0 }, "416_288": { "coord": [ 2.0, 1.0 ], "autotile_index": 0.0, "tileset": "tiles_BEE", "autotile": 1.0 }, "-288_32": { "coord": [ 4.0, 2.0 ], "autotile_index": 0.0, "tileset": "tiles_BEE", "autotile": 1.0 }, "128_0": { "coord": [ 2.0, 1.0 ], "autotile_index": 0.0, "tileset": "tiles_BEE", "autotile": 1.0 }, "512_544": { "coord": [ 1.0, 1.0 ], "autotile_index": 0.0, "tileset": "tiles_BEE", "autotile": 1.0 }, "608_608": { "coord": [ 7.0, 7.0 ], "autotile_index": 0.0, "tileset": "tile_tower", "autotile": 1.0 }, "608_864": { "coord": [ 7.0, 7.0 ], "autotile_index": 0.0, "tileset": "tile_tower", "autotile": 1.0 }, "576_640": { "coord": [ 5.0, 5.0 ], "autotile_index": 0.0, "tileset": "tile_tower", "autotile": 1.0 }, "576_992": { "autotile": 1.0, "autotile_index": 0.0, "tileset": "tiles_BEE", "coord": [ 1.0, 0.0 ] }, "-320_672": { "coord": [ 2.0, 1.0 ], "autotile_index": 0.0, "tileset": "tiles_BEE", "autotile": 1.0 }, "-288_288": { "coord": [ 3.0, 1.0 ], "autotile_index": 0.0, "tileset": "tiles_BEE", "autotile": 1.0 }, "544_448": { "coord": [ 2.0, 1.0 ], "autotile_index": 0.0, "tileset": "tiles_BEE", "autotile": 1.0 }, "608_0": { "autotile": 1.0, "autotile_index": 0.0, "tileset": "tiles_BEE", "coord": [ 2.0, 1.0 ] }, "480_960": { "coord": [ 0.0, 4.0 ], "autotile_index": 0.0, "tileset": "tile_tower", "autotile": 0.0 }, "608_544": { "autotile": 1.0, "autotile_index": 0.0, "tileset": "tiles_BEE", "coord": [ 2.0, 1.0 ] }, "480_64": { "coord": [ 2.0, 1.0 ], "autotile_index": 0.0, "tileset": "tiles_BEE", "autotile": 1.0 }, "96_960": { "coord": [ 2.0, 2.0 ], "autotile_index": 0.0, "tileset": "tiles_BEE", "autotile": 1.0 }, "-160_544": { "coord": [ 1.0, 0.0 ], "autotile_index": 0.0, "tileset": "tiles_BEE", "autotile": 1.0 }, "-128_672": { "autotile": 1.0, "autotile_index": 0.0, "tileset": "tiles_BEE", "coord": [ 2.0, 1.0 ] }, "352_1056": { "autotile": 1.0, "autotile_index": 0.0, "tileset": "tiles_BEE", "coord": [ 1.0, 0.0 ] }, "512_352": { "coord": [ 1.0, 1.0 ], "autotile_index": 0.0, "tileset": "tiles_BEE", "autotile": 1.0 }, "608_64": { "autotile": 1.0, "autotile_index": 0.0, "tileset": "tiles_BEE", "coord": [ 2.0, 1.0 ] }, "-288_256": { "coord": [ 3.0, 1.0 ], "autotile_index": 0.0, "tileset": "tiles_BEE", "autotile": 1.0 }, "480_1024": { "coord": [ 7.0, 2.0 ], "autotile_index": 0.0, "tileset": "tile_tower", "autotile": 0.0 }, "192_384": { "coord": [ 2.0, 1.0 ], "autotile_index": 0.0, "tileset": "tiles_BEE", "autotile": 1.0 }, "416_96": { "coord": [ 1.0, 2.0 ], "autotile_index": 0.0, "tileset": "tiles_BEE", "autotile": 1.0 }, "544_704": { "coord": [ 7.0, 7.0 ], "autotile_index": 0.0, "tileset": "tile_tower", "autotile": 1.0 }, "-224_896": { "coord": [ 4.0, 0.0 ], "autotile_index": 0.0, "tileset": "tiles_BEE", "autotile": 0.0 }, "544_288": { "coord": [ 2.0, 1.0 ], "autotile_index": 0.0, "tileset": "tiles_BEE", "autotile": 1.0 }, "608_704": { "coord": [ 7.0, 6.0 ], "autotile_index": 0.0, "tileset": "tile_tower", "autotile": 1.0 }, "384_288": { "coord": [ 2.0, 1.0 ], "autotile_index": 0.0, "tileset": "tiles_BEE", "autotile": 1.0 }, "192_704": { "autotile": 1.0, "autotile_index": 0.0, "tileset": "tiles_BEE", "coord": [ 2.0, 0.0 ] }, "-128_640": { "autotile": 1.0, "autotile_index": 0.0, "tileset": "tiles_BEE", "coord": [ 2.0, 1.0 ] }, "-96_32": { "coord": [ 2.0, 2.0 ], "autotile_index": 0.0, "tileset": "tiles_BEE", "autotile": 1.0 }, "-288_576": { "coord": [ 3.0, 1.0 ], "autotile_index": 0.0, "tileset": "tiles_BEE", "autotile": 1.0 }, "512_96": { "coord": [ 6.0, 2.0 ], "autotile_index": 0.0, "tileset": "tiles_BEE", "autotile": 1.0 }, "-192_32": { "coord": [ 2.0, 2.0 ], "autotile_index": 0.0, "tileset": "tiles_BEE", "autotile": 1.0 }, "416_704": { "coord": [ 5.0, 4.0 ], "autotile_index": 0.0, "tileset": "tile_tower", "autotile": 1.0 }, "384_1056": { "autotile": 1.0, "autotile_index": 0.0, "tileset": "tiles_BEE", "coord": [ 2.0, 0.0 ] }, "608_480": { "autotile": 1.0, "autotile_index": 0.0, "tileset": "tiles_BEE", "coord": [ 2.0, 1.0 ] }, "-128_576": { "coord": [ 4.0, 4.0 ], "autotile_index": 0.0, "tileset": "tiles_BEE", "autotile": 0.0 }, "512_768": { "coord": [ 7.0, 7.0 ], "autotile_index": 0.0, "tileset": "tile_tower", "autotile": 1.0 }, "160_480": { "coord": [ 1.0, 1.0 ], "autotile_index": 0.0, "tileset": "tiles_BEE", "autotile": 1.0 }, "512_800": { "coord": [ 5.0, 6.0 ], "autotile_index": 0.0, "tileset": "tile_tower", "autotile": 1.0 }, "-96_576": { "coord": [ 3.0, 0.0 ], "autotile_index": 0.0, "tileset": "tiles_BEE", "autotile": 1.0 }, "416_832": { "coord": [ 6.0, 5.0 ], "autotile_index": 0.0, "tileset": "tile_tower", "autotile": 1.0 }, "-320_1120": { "autotile": 1.0, "autotile_index": 0.0, "tileset": "tiles_BEE", "coord": [ 2.0, 1.0 ] }, "320_704": { "coord": [ 4.0, 4.0 ], "autotile_index": 0.0, "tileset": "tile_tower", "autotile": 1.0 }, "-288_224": { "coord": [ 3.0, 1.0 ], "autotile_index": 0.0, "tileset": "tiles_BEE", "autotile": 1.0 }, "0_704": { "autotile": 1.0, "autotile_index": 0.0, "tileset": "tiles_BEE", "coord": [ 2.0, 1.0 ] }, "192_960": { "coord": [ 2.0, 2.0 ], "autotile_index": 0.0, "tileset": "tiles_BEE", "autotile": 1.0 }, "224_480": { "coord": [ 2.0, 1.0 ], "autotile_index": 0.0, "tileset": "tiles_BEE", "autotile": 1.0 }, "576_32": { "autotile": 1.0, "autotile_index": 0.0, "tileset": "tiles_BEE", "coord": [ 2.0, 1.0 ] }, "352_288": { "coord": [ 2.0, 1.0 ], "autotile_index": 0.0, "tileset": "tiles_BEE", "autotile": 1.0 }, "160_544": { "coord": [ 1.0, 2.0 ], "autotile_index": 0.0, "tileset": "tiles_BEE", "autotile": 1.0 }, "608_32": { "autotile": 1.0, "autotile_index": 0.0, "tileset": "tiles_BEE", "coord": [ 2.0, 1.0 ] }, "256_320": { "coord": [ 4.0, 2.0 ], "autotile_index": 0.0, "tileset": "tiles_BEE", "autotile": 1.0 }, "576_1088": { "autotile": 1.0, "autotile_index": 0.0, "tileset": "tiles_BEE", "coord": [ 6.0, 2.0 ] }, "576_352": { "autotile": 1.0, "autotile_index": 0.0, "tileset": "tiles_BEE", "coord": [ 2.0, 1.0 ] }, "480_1056": { "autotile": 1.0, "autotile_index": 0.0, "tileset": "tiles_BEE", "coord": [ 2.0, 0.0 ] }, "576_864": { "coord": [ 4.0, 5.0 ], "autotile_index": 0.0, "tileset": "tile_tower", "autotile": 1.0 }, "640_992": { "autotile": 1.0, "autotile_index": 0.0, "tileset": "tile_tower", "coord": [ 0.0, 0.0 ] }, "512_576": { "coord": [ 1.0, 1.0 ], "autotile_index": 0.0, "tileset": "tiles_BEE", "autotile": 1.0 }, "64_32": { "coord": [ 2.0, 2.0 ], "autotile_index": 0.0, "tileset": "tiles_BEE", "autotile": 1.0 }, "576_1152": { "autotile": 1.0, "autotile_index": 0.0, "tileset": "tiles_BEE", "coord": [ 1.0, 1.0 ] }, "-320_736": { "autotile": 1.0, "autotile_index": 0.0, "tileset": "tiles_BEE", "coord": [ 2.0, 1.0 ] }, "-288_800": { "autotile": 1.0, "autotile_index": 0.0, "tileset": "tiles_BEE", "coord": [ 3.0, 1.0 ] }, "512_1024": { "coord": [ 8.0, 2.0 ], "autotile_index": 0.0, "tileset": "tile_tower", "autotile": 0.0 }, "608_320": { "autotile": 1.0, "autotile_index": 0.0, "tileset": "tiles_BEE", "coord": [ 2.0, 1.0 ] }, "320_256": { "coord": [ 2.0, 0.0 ], "autotile_index": 0.0, "tileset": "tiles_BEE", "autotile": 1.0 }, "0_96": { "coord": [ 3.0, 1.0 ], "autotile_index": 0.0, "tileset": "tiles_BEE", "autotile": 1.0 }, "-320_1088": { "autotile": 1.0, "autotile_index": 0.0, "tileset": "tiles_BEE", "coord": [ 2.0, 1.0 ] }, "224_512": { "coord": [ 2.0, 1.0 ], "autotile_index": 0.0, "tileset": "tiles_BEE", "autotile": 1.0 }, "224_0": { "coord": [ 2.0, 1.0 ], "autotile_index": 0.0, "tileset": "tiles_BEE", "autotile": 1.0 }, "-64_576": { "coord": [ 1.0, 3.0 ], "autotile_index": 0.0, "tileset": "tiles_BEE", "autotile": 0.0 }, "192_928": { "coord": [ 2.0, 0.0 ], "autotile_index": 0.0, "tileset": "tiles_BEE", "autotile": 1.0 }, "736_0": { "coord": [ 2.0, 2.0 ], "autotile_index": 0.0, "tileset": "tiles_BEE", "autotile": 1.0 }, "-288_736": { "autotile": 1.0, "autotile_index": 0.0, "tileset": "tiles_BEE", "coord": [ 3.0, 1.0 ] }, "128_736": { "autotile": 1.0, "autotile_index": 0.0, "tileset": "tiles_BEE", "coord": [ 2.0, 2.0 ] }, "544_192": { "coord": [ 2.0, 1.0 ], "autotile_index": 0.0, "tileset": "tiles_BEE", "autotile": 1.0 }, "-160_32": { "coord": [ 2.0, 2.0 ], "autotile_index": 0.0, "tileset": "tiles_BEE", "autotile": 1.0 }, "192_448": { "coord": [ 2.0, 1.0 ], "autotile_index": 0.0, "tileset": "tiles_BEE", "autotile": 1.0 }, "-288_448": { "coord": [ 3.0, 1.0 ], "autotile_index": 0.0, "tileset": "tiles_BEE", "autotile": 1.0 }, "-96_704": { "autotile": 1.0, "autotile_index": 0.0, "tileset": "tiles_BEE", "coord": [ 2.0, 1.0 ] }, "-320_1024": { "autotile": 1.0, "autotile_index": 0.0, "tileset": "tiles_BEE", "coord": [ 2.0, 1.0 ] }, "512_320": { "coord": [ 6.0, 2.0 ], "autotile_index": 0.0, "tileset": "tiles_BEE", "autotile": 1.0 }, "64_960": { "coord": [ 1.0, 2.0 ], "autotile_index": 0.0, "tileset": "tiles_BEE", "autotile": 1.0 }, "-288_96": { "coord": [ 3.0, 1.0 ], "autotile_index": 0.0, "tileset": "tiles_BEE", "autotile": 1.0 }, "608_800": { "coord": [ 7.0, 7.0 ], "autotile_index": 0.0, "tileset": "tile_tower", "autotile": 1.0 }, "-64_896": { "coord": [ 4.0, 0.0 ], "autotile_index": 0.0, "tileset": "tiles_BEE", "autotile": 0.0 }, "288_256": { "coord": [ 2.0, 0.0 ], "autotile_index": 0.0, "tileset": "tiles_BEE", "autotile": 1.0 }, "576_608": { "coord": [ 4.0, 5.0 ], "autotile_index": 0.0, "tileset": "tile_tower", "autotile": 1.0 }, "576_160": { "autotile": 1.0, "autotile_index": 0.0, "tileset": "tiles_BEE", "coord": [ 2.0, 1.0 ] }, "448_320": { "coord": [ 2.0, 2.0 ], "autotile_index": 0.0, "tileset": "tiles_BEE", "autotile": 1.0 }, "576_384": { "autotile": 1.0, "autotile_index": 0.0, "tileset": "tiles_BEE", "coord": [ 2.0, 1.0 ] }, "224_64": { "coord": [ 1.0, 1.0 ], "autotile_index": 0.0, "tileset": "tiles_BEE", "autotile": 1.0 }, "-64_32": { "coord": [ 2.0, 2.0 ], "autotile_index": 0.0, "tileset": "tiles_BEE", "autotile": 1.0 }, "-288_768": { "autotile": 1.0, "autotile_index": 0.0, "tileset": "tiles_BEE", "coord": [ 3.0, 1.0 ] }, "480_0": { "coord": [ 2.0, 1.0 ], "autotile_index": 0.0, "tileset": "tiles_BEE", "autotile": 1.0 }, "512_192": { "coord": [ 1.0, 1.0 ], "autotile_index": 0.0, "tileset": "tiles_BEE", "autotile": 1.0 }, "384_1088": { "autotile": 1.0, "autotile_index": 0.0, "tileset": "tiles_BEE", "coord": [ 2.0, 2.0 ] }, "-128_736": { "autotile": 1.0, "autotile_index": 0.0, "tileset": "tiles_BEE", "coord": [ 2.0, 2.0 ] }, "608_160": { "autotile": 1.0, "autotile_index": 0.0, "tileset": "tiles_BEE", "coord": [ 2.0, 1.0 ] }, "-224_0": { "coord": [ 2.0, 1.0 ], "autotile_index": 0.0, "tileset": "tiles_BEE", "autotile": 1.0 }, "-288_1184": { "autotile": 1.0, "autotile_index": 0.0, "tileset": "tiles_BEE", "coord": [ 3.0, 1.0 ] }, "448_736": { "coord": [ 7.0, 7.0 ], "autotile_index": 0.0, "tileset": "tile_tower", "autotile": 1.0 }, "544_224": { "coord": [ 2.0, 1.0 ], "autotile_index": 0.0, "tileset": "tiles_BEE", "autotile": 1.0 }, "512_960": { "coord": [ 1.0, 4.0 ], "autotile_index": 0.0, "tileset": "tile_tower", "autotile": 0.0 }, "-288_1024": { "autotile": 1.0, "autotile_index": 0.0, "tileset": "tiles_BEE", "coord": [ 3.0, 1.0 ] }, "96_32": { "coord": [ 2.0, 2.0 ], "autotile_index": 0.0, "tileset": "tiles_BEE", "autotile": 1.0 }, "-160_640": { "autotile": 1.0, "autotile_index": 0.0, "tileset": "tiles_BEE", "coord": [ 1.0, 1.0 ] }, "-224_32": { "coord": [ 2.0, 2.0 ], "autotile_index": 0.0, "tileset": "tiles_BEE", "autotile": 1.0 }, "384_800": { "coord": [ 4.0, 5.0 ], "autotile_index": 0.0, "tileset": "tile_tower", "autotile": 1.0 }, "-320_576": { "coord": [ 2.0, 1.0 ], "autotile_index": 0.0, "tileset": "tiles_BEE", "autotile": 1.0 }, "256_448": { "coord": [ 3.0, 1.0 ], "autotile_index": 0.0, "tileset": "tiles_BEE", "autotile": 1.0 }, "384_928": { "coord": [ 4.0, 5.0 ], "autotile_index": 0.0, "tileset": "tile_tower", "autotile": 1.0 }, "608_192": { "autotile": 1.0, "autotile_index": 0.0, "tileset": "tiles_BEE", "coord": [ 2.0, 1.0 ] }, "512_736": { "coord": [ 7.0, 7.0 ], "autotile_index": 0.0, "tileset": "tile_tower", "autotile": 1.0 }, "-64_0": { "coord": [ 2.0, 1.0 ], "autotile_index": 0.0, "tileset": "tiles_BEE", "autotile": 1.0 }, "608_384": { "autotile": 1.0, "autotile_index": 0.0, "tileset": "tiles_BEE", "coord": [ 2.0, 1.0 ] }, "512_416": { "coord": [ 1.0, 1.0 ], "autotile_index": 0.0, "tileset": "tiles_BEE", "autotile": 1.0 }, "-96_736": { "autotile": 1.0, "autotile_index": 0.0, "tileset": "tiles_BEE", "coord": [ 2.0, 2.0 ] }, "-256_352": { "coord": [ 4.0, 0.0 ], "autotile_index": 0.0, "tileset": "tiles_BEE", "autotile": 0.0 }, "-320_896": { "autotile": 1.0, "autotile_index": 0.0, "tileset": "tiles_BEE", "coord": [ 2.0, 1.0 ] }, "192_352": { "coord": [ 2.0, 1.0 ], "autotile_index": 0.0, "tileset": "tiles_BEE", "autotile": 1.0 }, "160_512": { "coord": [ 1.0, 1.0 ], "autotile_index": 0.0, "tileset": "tiles_BEE", "autotile": 1.0 }, "32_32": { "coord": [ 2.0, 2.0 ], "autotile_index": 0.0, "tileset": "tiles_BEE", "autotile": 1.0 }, "448_1088": { "autotile": 1.0, "autotile_index": 0.0, "tileset": "tiles_BEE", "coord": [ 2.0, 2.0 ] }, "544_544": { "coord": [ 2.0, 1.0 ], "autotile_index": 0.0, "tileset": "tiles_BEE", "autotile": 1.0 }, "256_0": { "coord": [ 3.0, 1.0 ], "autotile_index": 0.0, "tileset": "tiles_BEE", "autotile": 1.0 }, "256_480": { "coord": [ 3.0, 1.0 ], "autotile_index": 0.0, "tileset": "tiles_BEE", "autotile": 1.0 }, "-320_224": { "coord": [ 2.0, 1.0 ], "autotile_index": 0.0, "tileset": "tiles_BEE", "autotile": 1.0 }, "544_256": { "coord": [ 2.0, 1.0 ], "autotile_index": 0.0, "tileset": "tiles_BEE", "autotile": 1.0 }, "416_896": { "coord": [ 6.0, 5.0 ], "autotile_index": 0.0, "tileset": "tile_tower", "autotile": 1.0 }, "352_320": { "coord": [ 2.0, 2.0 ], "autotile_index": 0.0, "tileset": "tiles_BEE", "autotile": 1.0 }, "0_0": { "coord": [ 2.0, 1.0 ], "autotile_index": 0.0, "tileset": "tiles_BEE", "autotile": 1.0 }, "608_768": { "coord": [ 7.0, 7.0 ], "autotile_index": 0.0, "tileset": "tile_tower", "autotile": 1.0 }, "-32_224": { "coord": [ 1.0, 1.0 ], "autotile_index": 0.0, "tileset": "tiles_BEE", "autotile": 1.0 }, "192_416": { "coord": [ 2.0, 1.0 ], "autotile_index": 0.0, "tileset": "tiles_BEE", "autotile": 1.0 }, "512_992": { "coord": [ 8.0, 1.0 ], "autotile_index": 0.0, "tileset": "tile_tower", "autotile": 0.0 }, "512_128": { "coord": [ 1.0, 1.0 ], "autotile_index": 0.0, "tileset": "tiles_BEE", "autotile": 1.0 }, "576_1120": { "autotile": 1.0, "autotile_index": 0.0, "tileset": "tiles_BEE", "coord": [ 1.0, 1.0 ] }, "608_640": { "coord": [ 7.0, 7.0 ], "autotile_index": 0.0, "tileset": "tile_tower", "autotile": 1.0 }, "-288_128": { "coord": [ 3.0, 1.0 ], "autotile_index": 0.0, "tileset": "tiles_BEE", "autotile": 1.0 }, "-288_704": { "autotile": 1.0, "autotile_index": 0.0, "tileset": "tiles_BEE", "coord": [ 3.0, 1.0 ] }, "-320_160": { "coord": [ 2.0, 1.0 ], "autotile_index": 0.0, "tileset": "tiles_BEE", "autotile": 1.0 }, "224_288": { "coord": [ 2.0, 1.0 ], "autotile_index": 0.0, "tileset": "tiles_BEE", "autotile": 1.0 }, "416_768": { "coord": [ 7.0, 7.0 ], "autotile_index": 0.0, "tileset": "tile_tower", "autotile": 1.0 }, "224_256": { "coord": [ 2.0, 0.0 ], "autotile_index": 0.0, "tileset": "tiles_BEE", "autotile": 1.0 }, "-320_960": { "autotile": 1.0, "autotile_index": 0.0, "tileset": "tiles_BEE", "coord": [ 2.0, 1.0 ] }, "416_960": { "coord": [ 6.0, 6.0 ], "autotile_index": 0.0, "tileset": "tile_tower", "autotile": 1.0 }, "160_448": { "coord": [ 1.0, 1.0 ], "autotile_index": 0.0, "tileset": "tiles_BEE", "autotile": 1.0 }, "224_32": { "coord": [ 6.0, 2.0 ], "autotile_index": 0.0, "tileset": "tiles_BEE", "autotile": 1.0 }, "416_320": { "coord": [ 2.0, 2.0 ], "autotile_index": 0.0, "tileset": "tiles_BEE", "autotile": 1.0 }, "-320_384": { "coord": [ 2.0, 1.0 ], "autotile_index": 0.0, "tileset": "tiles_BEE", "autotile": 1.0 }, "-192_0": { "coord": [ 2.0, 1.0 ], "autotile_index": 0.0, "tileset": "tiles_BEE", "autotile": 1.0 }, "-320_288": { "coord": [ 2.0, 1.0 ], "autotile_index": 0.0, "tileset": "tiles_BEE", "autotile": 1.0 }, "160_352": { "coord": [ 1.0, 1.0 ], "autotile_index": 0.0, "tileset": "tiles_BEE", "autotile": 1.0 }, "352_736": { "coord": [ 5.0, 6.0 ], "autotile_index": 0.0, "tileset": "tile_tower", "autotile": 1.0 }, "-32_96": { "coord": [ 1.0, 1.0 ], "autotile_index": 0.0, "tileset": "tiles_BEE", "autotile": 1.0 }, "544_1024": { "coord": [ 9.0, 2.0 ], "autotile_index": 0.0, "tileset": "tile_tower", "autotile": 0.0 }, "-128_896": { "coord": [ 4.0, 0.0 ], "autotile_index": 0.0, "tileset": "tiles_BEE", "autotile": 0.0 }, "-320_992": { "autotile": 1.0, "autotile_index": 0.0, "tileset": "tiles_BEE", "coord": [ 2.0, 1.0 ] }, "576_544": { "autotile": 1.0, "autotile_index": 0.0, "tileset": "tiles_BEE", "coord": [ 2.0, 1.0 ] }, "608_1088": { "autotile": 1.0, "autotile_index": 0.0, "tileset": "tiles_BEE", "coord": [ 2.0, 1.0 ] }, "448_704": { "coord": [ 5.0, 4.0 ], "autotile_index": 0.0, "tileset": "tile_tower", "autotile": 1.0 }, "-288_480": { "coord": [ 3.0, 1.0 ], "autotile_index": 0.0, "tileset": "tiles_BEE", "autotile": 1.0 }, "320_544": { "coord": [ 4.0, 0.0 ], "autotile_index": 0.0, "tileset": "tiles_BEE", "autotile": 0.0 }, "-224_352": { "coord": [ 4.0, 0.0 ], "autotile_index": 0.0, "tileset": "tiles_BEE", "autotile": 0.0 }, "64_704": { "autotile": 0.0, "autotile_index": 0.0, "tileset": "tiles_BEE", "coord": [ 4.0, 4.0 ] }, "0_256": { "coord": [ 3.0, 2.0 ], "autotile_index": 0.0, "tileset": "tiles_BEE", "autotile": 1.0 }, "544_768": { "coord": [ 7.0, 7.0 ], "autotile_index": 0.0, "tileset": "tile_tower", "autotile": 1.0 }, "96_256": { "coord": [ 4.0, 0.0 ], "autotile_index": 0.0, "tileset": "tiles_BEE", "autotile": 0.0 }, "384_896": { "coord": [ 4.0, 5.0 ], "autotile_index": 0.0, "tileset": "tile_tower", "autotile": 1.0 }, "192_32": { "coord": [ 2.0, 2.0 ], "autotile_index": 0.0, "tileset": "tiles_BEE", "autotile": 1.0 }, "32_0": { "coord": [ 2.0, 1.0 ], "autotile_index": 0.0, "tileset": "tiles_BEE", "autotile": 1.0 }, "-288_1152": { "autotile": 1.0, "autotile_index": 0.0, "tileset": "tiles_BEE", "coord": [ 3.0, 1.0 ] }, "384_736": { "coord": [ 5.0, 5.0 ], "autotile_index": 0.0, "tileset": "tile_tower", "autotile": 1.0 }, "928_32": { "coord": [ 2.0, 1.0 ], "autotile_index": 0.0, "tileset": "tiles_BEE", "autotile": 1.0 }, "160_320": { "coord": [ 1.0, 1.0 ], "autotile_index": 0.0, "tileset": "tiles_BEE", "autotile": 1.0 }, "96_672": { "coord": [ 1.0, 3.0 ], "autotile_index": 0.0, "tileset": "tiles_BEE", "autotile": 0.0 }, "-320_192": { "coord": [ 2.0, 1.0 ], "autotile_index": 0.0, "tileset": "tiles_BEE", "autotile": 1.0 }, "448_32": { "coord": [ 2.0, 1.0 ], "autotile_index": 0.0, "tileset": "tiles_BEE", "autotile": 1.0 }, "-96_544": { "coord": [ 1.0, 3.0 ], "autotile_index": 0.0, "tileset": "tiles_BEE", "autotile": 0.0 }, "-32_32": { "coord": [ 6.0, 2.0 ], "autotile_index": 0.0, "tileset": "tiles_BEE", "autotile": 1.0 }, "384_448": { "coord": [ 4.0, 0.0 ], "autotile_index": 0.0, "tileset": "tiles_BEE", "autotile": 0.0 }, "576_960": { "coord": [ 5.0, 6.0 ], "autotile_index": 0.0, "tileset": "tile_tower", "autotile": 1.0 }, "576_512": { "autotile": 1.0, "autotile_index": 0.0, "tileset": "tiles_BEE", "coord": [ 2.0, 1.0 ] }, "160_256": { "coord": [ 1.0, 0.0 ], "autotile_index": 0.0, "tileset": "tiles_BEE", "autotile": 1.0 }, "608_224": { "autotile": 1.0, "autotile_index": 0.0, "tileset": "tiles_BEE", "coord": [ 2.0, 1.0 ] }, "256_64": { "coord": [ 3.0, 1.0 ], "autotile_index": 0.0, "tileset": "tiles_BEE", "autotile": 1.0 }, "384_960": { "coord": [ 4.0, 6.0 ], "autotile_index": 0.0, "tileset": "tile_tower", "autotile": 1.0 }, "576_736": { "coord": [ 7.0, 6.0 ], "autotile_index": 0.0, "tileset": "tile_tower", "autotile": 1.0 }, "480_800": { "coord": [ 5.0, 6.0 ], "autotile_index": 0.0, "tileset": "tile_tower", "autotile": 1.0 }, "512_704": { "coord": [ 5.0, 5.0 ], "autotile_index": 0.0, "tileset": "tile_tower", "autotile": 1.0 }, "896_96": { "coord": [ 1.0, 1.0 ], "autotile_index": 0.0, "tileset": "tiles_BEE", "autotile": 1.0 }, "384_256": { "coord": [ 2.0, 0.0 ], "autotile_index": 0.0, "tileset": "tiles_BEE", "autotile": 1.0 }, "608_1184": { "coord": [ 2.0, 1.0 ], "autotile_index": 0.0, "tileset": "tiles_BEE", "autotile": 1.0 }, "-320_864": { "autotile": 1.0, "autotile_index": 0.0, "tileset": "tiles_BEE", "coord": [ 2.0, 1.0 ] }, "256_352": { "coord": [ 3.0, 1.0 ], "autotile_index": 0.0, "tileset": "tiles_BEE", "autotile": 1.0 }, "-96_640": { "autotile": 1.0, "autotile_index": 0.0, "tileset": "tiles_BEE", "coord": [ 2.0, 1.0 ] }, "896_0": { "coord": [ 6.0, 2.0 ], "autotile_index": 0.0, "tileset": "tiles_BEE", "autotile": 1.0 }, "608_352": { "autotile": 1.0, "autotile_index": 0.0, "tileset": "tiles_BEE", "coord": [ 2.0, 1.0 ] }, "0_640": { "autotile": 1.0, "autotile_index": 0.0, "tileset": "tiles_BEE", "coord": [ 2.0, 1.0 ] }, "544_160": { "coord": [ 2.0, 1.0 ], "autotile_index": 0.0, "tileset": "tiles_BEE", "autotile": 1.0 }, "-32_192": { "coord": [ 1.0, 1.0 ], "autotile_index": 0.0, "tileset": "tiles_BEE", "autotile": 1.0 }, "-288_640": { "coord": [ 3.0, 1.0 ], "autotile_index": 0.0, "tileset": "tiles_BEE", "autotile": 1.0 }, "0_192": { "coord": [ 3.0, 1.0 ], "autotile_index": 0.0, "tileset": "tiles_BEE", "autotile": 1.0 }, "-288_192": { "coord": [ 3.0, 1.0 ], "autotile_index": 0.0, "tileset": "tiles_BEE", "autotile": 1.0 }, "192_736": { "autotile": 1.0, "autotile_index": 0.0, "tileset": "tiles_BEE", "coord": [ 2.0, 2.0 ] }, "608_928": { "coord": [ 7.0, 7.0 ], "autotile_index": 0.0, "tileset": "tile_tower", "autotile": 1.0 }, "512_480": { "coord": [ 1.0, 1.0 ], "autotile_index": 0.0, "tileset": "tiles_BEE", "autotile": 1.0 }, "-32_128": { "coord": [ 1.0, 1.0 ], "autotile_index": 0.0, "tileset": "tiles_BEE", "autotile": 1.0 }, "192_288": { "coord": [ 2.0, 1.0 ], "autotile_index": 0.0, "tileset": "tiles_BEE", "autotile": 1.0 }, "480_256": { "coord": [ 2.0, 0.0 ], "autotile_index": 0.0, "tileset": "tiles_BEE", "autotile": 1.0 }, "160_384": { "coord": [ 1.0, 1.0 ], "autotile_index": 0.0, "tileset": "tiles_BEE", "autotile": 1.0 }, "576_576": { "coord": [ 4.0, 4.0 ], "autotile_index": 0.0, "tileset": "tile_tower", "autotile": 1.0 }, "-320_320": { "coord": [ 2.0, 1.0 ], "autotile_index": 0.0, "tileset": "tiles_BEE", "autotile": 1.0 }, "-32_416": { "coord": [ 4.0, 0.0 ], "autotile_index": 0.0, "tileset": "tiles_BEE", "autotile": 0.0 }, "448_960": { "coord": [ 4.0, 21.0 ], "autotile_index": 0.0, "tileset": "spr_entrancedeco", "autotile": 0.0 }, "576_896": { "coord": [ 4.0, 5.0 ], "autotile_index": 0.0, "tileset": "tile_tower", "autotile": 1.0 }, "544_672": { "coord": [ 7.0, 7.0 ], "autotile_index": 0.0, "tileset": "tile_tower", "autotile": 1.0 }, "544_416": { "coord": [ 2.0, 1.0 ], "autotile_index": 0.0, "tileset": "tiles_BEE", "autotile": 1.0 }, "-96_608": { "coord": [ 4.0, 4.0 ], "autotile_index": 0.0, "tileset": "tiles_BEE", "autotile": 1.0 }, "512_1088": { "autotile": 1.0, "autotile_index": 0.0, "tileset": "tiles_BEE", "coord": [ 2.0, 2.0 ] }, "448_256": { "coord": [ 2.0, 0.0 ], "autotile_index": 0.0, "tileset": "tiles_BEE", "autotile": 1.0 }, "832_0": { "coord": [ 2.0, 2.0 ], "autotile_index": 0.0, "tileset": "tiles_BEE", "autotile": 1.0 }, "608_576": { "coord": [ 5.0, 4.0 ], "autotile_index": 0.0, "tileset": "tile_tower", "autotile": 1.0 }, "576_1024": { "autotile": 1.0, "autotile_index": 0.0, "tileset": "tiles_BEE", "coord": [ 1.0, 1.0 ] }, "-160_576": { "coord": [ 1.0, 1.0 ], "autotile_index": 0.0, "tileset": "tiles_BEE", "autotile": 1.0 }, "192_320": { "coord": [ 2.0, 1.0 ], "autotile_index": 0.0, "tileset": "tiles_BEE", "autotile": 1.0 }, "352_448": { "coord": [ 4.0, 0.0 ], "autotile_index": 0.0, "tileset": "tiles_BEE", "autotile": 0.0 }, "544_960": { "coord": [ 2.0, 4.0 ], "autotile_index": 0.0, "tileset": "tile_tower", "autotile": 0.0 }, "320_736": { "coord": [ 4.0, 6.0 ], "autotile_index": 0.0, "tileset": "tile_tower", "autotile": 1.0 }, "96_704": { "autotile": 0.0, "autotile_index": 0.0, "tileset": "tiles_BEE", "coord": [ 2.0, 0.0 ] }, "224_384": { "coord": [ 2.0, 1.0 ], "autotile_index": 0.0, "tileset": "tiles_BEE", "autotile": 1.0 }, "-192_896": { "coord": [ 4.0, 0.0 ], "autotile_index": 0.0, "tileset": "tiles_BEE", "autotile": 0.0 }, "512_672": { "coord": [ 4.0, 5.0 ], "autotile_index": 0.0, "tileset": "tile_tower", "autotile": 1.0 }, "608_1024": { "autotile": 1.0, "autotile_index": 0.0, "tileset": "tile_tower", "coord": [ 4.0, 6.0 ] }, "512_288": { "coord": [ 2.0, 1.0 ], "autotile_index": 0.0, "tileset": "tiles_BEE", "autotile": 1.0 }, "192_512": { "coord": [ 2.0, 1.0 ], "autotile_index": 0.0, "tileset": "tiles_BEE", "autotile": 1.0 }, "864_0": { "coord": [ 2.0, 2.0 ], "autotile_index": 0.0, "tileset": "tiles_BEE", "autotile": 1.0 }, "160_704": { "autotile": 1.0, "autotile_index": 0.0, "tileset": "tiles_BEE", "coord": [ 2.0, 0.0 ] }, "288_544": { "coord": [ 4.0, 0.0 ], "autotile_index": 0.0, "tileset": "tiles_BEE", "autotile": 0.0 }, "-320_256": { "coord": [ 2.0, 1.0 ], "autotile_index": 0.0, "tileset": "tiles_BEE", "autotile": 1.0 }, "-288_512": { "coord": [ 3.0, 1.0 ], "autotile_index": 0.0, "tileset": "tiles_BEE", "autotile": 1.0 }, "192_0": { "coord": [ 2.0, 1.0 ], "autotile_index": 0.0, "tileset": "tiles_BEE", "autotile": 1.0 }, "512_1056": { "autotile": 1.0, "autotile_index": 0.0, "tileset": "tiles_BEE", "coord": [ 2.0, 0.0 ] }, "608_512": { "autotile": 1.0, "autotile_index": 0.0, "tileset": "tiles_BEE", "coord": [ 2.0, 1.0 ] }, "544_800": { "coord": [ 5.0, 6.0 ], "autotile_index": 0.0, "tileset": "tile_tower", "autotile": 1.0 }, "-288_160": { "coord": [ 3.0, 1.0 ], "autotile_index": 0.0, "tileset": "tiles_BEE", "autotile": 1.0 }, "-288_352": { "coord": [ 3.0, 1.0 ], "autotile_index": 0.0, "tileset": "tiles_BEE", "autotile": 1.0 }, "928_64": { "coord": [ 2.0, 1.0 ], "autotile_index": 0.0, "tileset": "tiles_BEE", "autotile": 1.0 }, "544_1088": { "autotile": 1.0, "autotile_index": 0.0, "tileset": "tiles_BEE", "coord": [ 2.0, 2.0 ] }, "96_416": { "coord": [ 4.0, 0.0 ], "autotile_index": 0.0, "tileset": "tiles_BEE", "autotile": 0.0 }, "-288_1120": { "autotile": 1.0, "autotile_index": 0.0, "tileset": "tiles_BEE", "coord": [ 3.0, 1.0 ] }, "288_704": { "autotile": 1.0, "autotile_index": 0.0, "tileset": "tiles_BEE", "coord": [ 2.0, 0.0 ] }, "96_928": { "coord": [ 2.0, 0.0 ], "autotile_index": 0.0, "tileset": "tiles_BEE", "autotile": 1.0 }, "0_736": { "autotile": 1.0, "autotile_index": 0.0, "tileset": "tiles_BEE", "coord": [ 2.0, 2.0 ] }, "-160_704": { "autotile": 1.0, "autotile_index": 0.0, "tileset": "tiles_BEE", "coord": [ 1.0, 1.0 ] }, "-320_1056": { "autotile": 1.0, "autotile_index": 0.0, "tileset": "tiles_BEE", "coord": [ 2.0, 1.0 ] }, "0_416": { "coord": [ 4.0, 0.0 ], "autotile_index": 0.0, "tileset": "tiles_BEE", "autotile": 0.0 }, "576_128": { "autotile": 1.0, "autotile_index": 0.0, "tileset": "tiles_BEE", "coord": [ 2.0, 1.0 ] }, "288_288": { "coord": [ 2.0, 1.0 ], "autotile_index": 0.0, "tileset": "tiles_BEE", "autotile": 1.0 }, "512_512": { "coord": [ 6.0, 2.0 ], "autotile_index": 0.0, "tileset": "tiles_BEE", "autotile": 1.0 }, "160_416": { "coord": [ 1.0, 1.0 ], "autotile_index": 0.0, "tileset": "tiles_BEE", "autotile": 1.0 }, "-320_480": { "coord": [ 2.0, 1.0 ], "autotile_index": 0.0, "tileset": "tiles_BEE", "autotile": 1.0 }, "576_800": { "coord": [ 5.0, 5.0 ], "autotile_index": 0.0, "tileset": "tile_tower", "autotile": 1.0 }, "416_800": { "coord": [ 5.0, 5.0 ], "autotile_index": 0.0, "tileset": "tile_tower", "autotile": 1.0 }, "544_480": { "coord": [ 2.0, 1.0 ], "autotile_index": 0.0, "tileset": "tiles_BEE", "autotile": 1.0 }, "0_64": { "coord": [ 3.0, 1.0 ], "autotile_index": 0.0, "tileset": "tiles_BEE", "autotile": 1.0 }, "608_1152": { "autotile": 1.0, "autotile_index": 0.0, "tileset": "tiles_BEE", "coord": [ 2.0, 1.0 ] }, "0_224": { "coord": [ 3.0, 1.0 ], "autotile_index": 0.0, "tileset": "tiles_BEE", "autotile": 1.0 }, "544_32": { "coord": [ 2.0, 1.0 ], "autotile_index": 0.0, "tileset": "tiles_BEE", "autotile": 1.0 }, "-320_832": { "autotile": 1.0, "autotile_index": 0.0, "tileset": "tiles_BEE", "coord": [ 2.0, 1.0 ] }, "576_288": { "autotile": 1.0, "autotile_index": 0.0, "tileset": "tiles_BEE", "coord": [ 2.0, 1.0 ] }, "544_352": { "coord": [ 2.0, 1.0 ], "autotile_index": 0.0, "tileset": "tiles_BEE", "autotile": 1.0 }, "-32_0": { "coord": [ 2.0, 1.0 ], "autotile_index": 0.0, "tileset": "tiles_BEE", "autotile": 1.0 }, "-160_0": { "coord": [ 2.0, 1.0 ], "autotile_index": 0.0, "tileset": "tiles_BEE", "autotile": 1.0 }, "-320_640": { "coord": [ 2.0, 1.0 ], "autotile_index": 0.0, "tileset": "tiles_BEE", "autotile": 1.0 }, "480_320": { "coord": [ 2.0, 2.0 ], "autotile_index": 0.0, "tileset": "tiles_BEE", "autotile": 1.0 }, "512_32": { "coord": [ 2.0, 1.0 ], "autotile_index": 0.0, "tileset": "tiles_BEE", "autotile": 1.0 }, "-64_640": { "autotile": 1.0, "autotile_index": 0.0, "tileset": "tiles_BEE", "coord": [ 2.0, 1.0 ] }, "160_960": { "coord": [ 2.0, 2.0 ], "autotile_index": 0.0, "tileset": "tiles_BEE", "autotile": 1.0 }, "-64_672": { "autotile": 1.0, "autotile_index": 0.0, "tileset": "tiles_BEE", "coord": [ 2.0, 1.0 ] }, "608_832": { "coord": [ 7.0, 7.0 ], "autotile_index": 0.0, "tileset": "tile_tower", "autotile": 1.0 }, "32_736": { "autotile": 1.0, "autotile_index": 0.0, "tileset": "tiles_BEE", "coord": [ 2.0, 2.0 ] }, "544_640": { "coord": [ 5.0, 4.0 ], "autotile_index": 0.0, "tileset": "tile_tower", "autotile": 1.0 }, "160_928": { "coord": [ 2.0, 0.0 ], "autotile_index": 0.0, "tileset": "tiles_BEE", "autotile": 1.0 }, "-32_608": { "coord": [ 2.0, 0.0 ], "autotile_index": 0.0, "tileset": "tiles_BEE", "autotile": 1.0 }, "224_96": { "coord": [ 1.0, 2.0 ], "autotile_index": 0.0, "tileset": "tiles_BEE", "autotile": 1.0 }, "800_0": { "coord": [ 2.0, 2.0 ], "autotile_index": 0.0, "tileset": "tiles_BEE", "autotile": 1.0 }, "32_416": { "coord": [ 4.0, 0.0 ], "autotile_index": 0.0, "tileset": "tiles_BEE", "autotile": 0.0 }, "-320_128": { "coord": [ 2.0, 1.0 ], "autotile_index": 0.0, "tileset": "tiles_BEE", "autotile": 1.0 }, "576_1056": { "autotile": 1.0, "autotile_index": 0.0, "tileset": "tiles_BEE", "coord": [ 6.0, 4.0 ] }, "352_704": { "coord": [ 5.0, 4.0 ], "autotile_index": 0.0, "tileset": "tile_tower", "autotile": 1.0 }, "384_704": { "coord": [ 5.0, 4.0 ], "autotile_index": 0.0, "tileset": "tile_tower", "autotile": 1.0 }, "-256_896": { "coord": [ 4.0, 0.0 ], "autotile_index": 0.0, "tileset": "tiles_BEE", "autotile": 0.0 }, "640_1024": { "autotile": 1.0, "autotile_index": 0.0, "tileset": "tile_tower", "coord": [ 0.0, 0.0 ] }, "928_96": { "coord": [ 2.0, 1.0 ], "autotile_index": 0.0, "tileset": "tiles_BEE", "autotile": 1.0 }, "512_640": { "coord": [ 4.0, 4.0 ], "autotile_index": 0.0, "tileset": "tile_tower", "autotile": 1.0 }, "-256_32": { "coord": [ 2.0, 2.0 ], "autotile_index": 0.0, "tileset": "tiles_BEE", "autotile": 1.0 }, "224_704": { "autotile": 1.0, "autotile_index": 0.0, "tileset": "tiles_BEE", "coord": [ 2.0, 0.0 ] }, "256_544": { "coord": [ 3.0, 2.0 ], "autotile_index": 0.0, "tileset": "tiles_BEE", "autotile": 1.0 }, "448_96": { "coord": [ 2.0, 2.0 ], "autotile_index": 0.0, "tileset": "tiles_BEE", "autotile": 1.0 }, "0_160": { "coord": [ 3.0, 1.0 ], "autotile_index": 0.0, "tileset": "tiles_BEE", "autotile": 1.0 }, "256_256": { "coord": [ 2.0, 0.0 ], "autotile_index": 0.0, "tileset": "tiles_BEE", "autotile": 1.0 }, "-288_992": { "autotile": 1.0, "autotile_index": 0.0, "tileset": "tiles_BEE", "coord": [ 3.0, 1.0 ] }, "384_832": { "coord": [ 4.0, 5.0 ], "autotile_index": 0.0, "tileset": "tile_tower", "autotile": 1.0 }, "-288_544": { "coord": [ 3.0, 1.0 ], "autotile_index": 0.0, "tileset": "tiles_BEE", "autotile": 1.0 }, "544_992": { "coord": [ 9.0, 1.0 ], "autotile_index": 0.0, "tileset": "tile_tower", "autotile": 0.0 }, "64_736": { "autotile": 1.0, "autotile_index": 0.0, "tileset": "tiles_BEE", "coord": [ 2.0, 2.0 ] }, "544_0": { "coord": [ 2.0, 1.0 ], "autotile_index": 0.0, "tileset": "tiles_BEE", "autotile": 1.0 }, "-96_0": { "coord": [ 2.0, 1.0 ], "autotile_index": 0.0, "tileset": "tiles_BEE", "autotile": 1.0 }, "512_64": { "coord": [ 2.0, 1.0 ], "autotile_index": 0.0, "tileset": "tiles_BEE", "autotile": 1.0 }, "448_512": { "coord": [ 4.0, 0.0 ], "autotile_index": 0.0, "tileset": "tiles_BEE", "autotile": 0.0 }, "480_768": { "coord": [ 7.0, 7.0 ], "autotile_index": 0.0, "tileset": "tile_tower", "autotile": 1.0 }, "416_928": { "coord": [ 6.0, 5.0 ], "autotile_index": 0.0, "tileset": "tile_tower", "autotile": 1.0 }, "576_704": { "coord": [ 7.0, 6.0 ], "autotile_index": 0.0, "tileset": "tile_tower", "autotile": 1.0 }, "-288_896": { "autotile": 1.0, "autotile_index": 0.0, "tileset": "tiles_BEE", "coord": [ 3.0, 1.0 ] }, "-320_512": { "coord": [ 2.0, 1.0 ], "autotile_index": 0.0, "tileset": "tiles_BEE", "autotile": 1.0 }, "608_416": { "autotile": 1.0, "autotile_index": 0.0, "tileset": "tiles_BEE", "coord": [ 2.0, 1.0 ] }, "512_0": { "coord": [ 2.0, 1.0 ], "autotile_index": 0.0, "tileset": "tiles_BEE", "autotile": 1.0 }, "544_576": { "coord": [ 2.0, 1.0 ], "autotile_index": 0.0, "tileset": "tiles_BEE", "autotile": 1.0 }, "-128_0": { "coord": [ 2.0, 1.0 ], "autotile_index": 0.0, "tileset": "tiles_BEE", "autotile": 1.0 }, "448_288": { "coord": [ 2.0, 1.0 ], "autotile_index": 0.0, "tileset": "tiles_BEE", "autotile": 1.0 }, "224_320": { "coord": [ 2.0, 1.0 ], "autotile_index": 0.0, "tileset": "tiles_BEE", "autotile": 1.0 }, "-320_704": { "autotile": 1.0, "autotile_index": 0.0, "tileset": "tiles_BEE", "coord": [ 2.0, 1.0 ] }, "-320_352": { "coord": [ 2.0, 1.0 ], "autotile_index": 0.0, "tileset": "tiles_BEE", "autotile": 1.0 }, "608_960": { "coord": [ 5.0, 5.0 ], "autotile_index": 0.0, "tileset": "tile_tower", "autotile": 1.0 }, "576_96": { "autotile": 1.0, "autotile_index": 0.0, "tileset": "tiles_BEE", "coord": [ 2.0, 1.0 ] }, "480_992": { "coord": [ 7.0, 1.0 ], "autotile_index": 0.0, "tileset": "tile_tower", "autotile": 0.0 }, "-288_416": { "coord": [ 3.0, 1.0 ], "autotile_index": 0.0, "tileset": "tiles_BEE", "autotile": 1.0 }, "256_288": { "coord": [ 2.0, 1.0 ], "autotile_index": 0.0, "tileset": "tiles_BEE", "autotile": 1.0 }, "160_32": { "coord": [ 2.0, 2.0 ], "autotile_index": 0.0, "tileset": "tiles_BEE", "autotile": 1.0 }, "-288_1088": { "autotile": 1.0, "autotile_index": 0.0, "tileset": "tiles_BEE", "coord": [ 3.0, 1.0 ] }, "608_96": { "autotile": 1.0, "autotile_index": 0.0, "tileset": "tiles_BEE", "coord": [ 2.0, 1.0 ] }, "576_832": { "coord": [ 4.0, 5.0 ], "autotile_index": 0.0, "tileset": "tile_tower", "autotile": 1.0 }, "-128_704": { "autotile": 1.0, "autotile_index": 0.0, "tileset": "tiles_BEE", "coord": [ 2.0, 1.0 ] }, "544_128": { "coord": [ 2.0, 1.0 ], "autotile_index": 0.0, "tileset": "tiles_BEE", "autotile": 1.0 }, "-320_448": { "coord": [ 2.0, 1.0 ], "autotile_index": 0.0, "tileset": "tiles_BEE", "autotile": 1.0 }, "576_928": { "coord": [ 4.0, 5.0 ], "autotile_index": 0.0, "tileset": "tile_tower", "autotile": 1.0 }, "416_32": { "coord": [ 1.0, 1.0 ], "autotile_index": 0.0, "tileset": "tiles_BEE", "autotile": 1.0 }, "0_672": { "autotile": 1.0, "autotile_index": 0.0, "tileset": "tiles_BEE", "coord": [ 2.0, 1.0 ] }, "608_1120": { "autotile": 1.0, "autotile_index": 0.0, "tileset": "tiles_BEE", "coord": [ 2.0, 1.0 ] }, "32_704": { "autotile": 1.0, "autotile_index": 0.0, "tileset": "tiles_BEE", "coord": [ 2.0, 1.0 ] }, "608_672": { "coord": [ 7.0, 7.0 ], "autotile_index": 0.0, "tileset": "tile_tower", "autotile": 1.0 }, "-288_672": { "coord": [ 3.0, 1.0 ], "autotile_index": 0.0, "tileset": "tiles_BEE", "autotile": 1.0 }, "512_224": { "coord": [ 1.0, 1.0 ], "autotile_index": 0.0, "tileset": "tiles_BEE", "autotile": 1.0 }, "-320_800": { "autotile": 1.0, "autotile_index": 0.0, "tileset": "tiles_BEE", "coord": [ 2.0, 1.0 ] }, "576_320": { "autotile": 1.0, "autotile_index": 0.0, "tileset": "tiles_BEE", "coord": [ 2.0, 1.0 ] }, "576_256": { "autotile": 1.0, "autotile_index": 0.0, "tileset": "tiles_BEE", "coord": [ 2.0, 1.0 ] }, "-128_32": { "coord": [ 2.0, 2.0 ], "autotile_index": 0.0, "tileset": "tiles_BEE", "autotile": 1.0 }, "128_704": { "autotile": 1.0, "autotile_index": 0.0, "tileset": "tiles_BEE", "coord": [ 2.0, 0.0 ] }, "480_1088": { "autotile": 1.0, "autotile_index": 0.0, "tileset": "tiles_BEE", "coord": [ 2.0, 2.0 ] }, "512_384": { "coord": [ 1.0, 1.0 ], "autotile_index": 0.0, "tileset": "tiles_BEE", "autotile": 1.0 }, "-320_608": { "coord": [ 2.0, 1.0 ], "autotile_index": 0.0, "tileset": "tiles_BEE", "autotile": 1.0 }, "448_768": { "coord": [ 7.0, 7.0 ], "autotile_index": 0.0, "tileset": "tile_tower", "autotile": 1.0 }, "288_736": { "autotile": 1.0, "autotile_index": 0.0, "tileset": "tiles_BEE", "coord": [ 2.0, 2.0 ] }, "-64_416": { "coord": [ 4.0, 0.0 ], "autotile_index": 0.0, "tileset": "tiles_BEE", "autotile": 0.0 }, "-288_928": { "autotile": 1.0, "autotile_index": 0.0, "tileset": "tiles_BEE", "coord": [ 3.0, 1.0 ] }, "-64_736": { "autotile": 1.0, "autotile_index": 0.0, "tileset": "tiles_BEE", "coord": [ 2.0, 2.0 ] }, "-288_320": { "coord": [ 3.0, 1.0 ], "autotile_index": 0.0, "tileset": "tiles_BEE", "autotile": 1.0 }, "-256_0": { "coord": [ 2.0, 1.0 ], "autotile_index": 0.0, "tileset": "tiles_BEE", "autotile": 1.0 }, "480_96": { "coord": [ 2.0, 2.0 ], "autotile_index": 0.0, "tileset": "tiles_BEE", "autotile": 1.0 }, "96_736": { "autotile": 1.0, "autotile_index": 0.0, "tileset": "tiles_BEE", "coord": [ 2.0, 2.0 ] }, "-96_896": { "coord": [ 4.0, 0.0 ], "autotile_index": 0.0, "tileset": "tiles_BEE", "autotile": 0.0 }, "544_608": { "coord": [ 2.0, 1.0 ], "autotile_index": 0.0, "tileset": "tiles_BEE", "autotile": 1.0 }, "544_96": { "coord": [ 2.0, 1.0 ], "autotile_index": 0.0, "tileset": "tiles_BEE", "autotile": 1.0 }, "928_0": { "coord": [ 2.0, 1.0 ], "autotile_index": 0.0, "tileset": "tiles_BEE", "autotile": 1.0 }, "544_512": { "coord": [ 2.0, 1.0 ], "autotile_index": 0.0, "tileset": "tiles_BEE", "autotile": 1.0 }, "544_1056": { "autotile": 1.0, "autotile_index": 0.0, "tileset": "tiles_BEE", "coord": [ 2.0, 0.0 ] }, "128_960": { "coord": [ 2.0, 2.0 ], "autotile_index": 0.0, "tileset": "tiles_BEE", "autotile": 1.0 }, "256_736": { "autotile": 1.0, "autotile_index": 0.0, "tileset": "tiles_BEE", "coord": [ 2.0, 2.0 ] }, "416_64": { "coord": [ 1.0, 1.0 ], "autotile_index": 0.0, "tileset": "tiles_BEE", "autotile": 1.0 }, "-320_768": { "autotile": 1.0, "autotile_index": 0.0, "tileset": "tiles_BEE", "coord": [ 2.0, 1.0 ] }, "128_32": { "coord": [ 2.0, 2.0 ], "autotile_index": 0.0, "tileset": "tiles_BEE", "autotile": 1.0 }, "544_736": { "coord": [ 7.0, 7.0 ], "autotile_index": 0.0, "tileset": "tile_tower", "autotile": 1.0 }, "384_864": { "coord": [ 4.0, 5.0 ], "autotile_index": 0.0, "tileset": "tile_tower", "autotile": 1.0 }, "608_128": { "autotile": 1.0, "autotile_index": 0.0, "tileset": "tiles_BEE", "coord": [ 2.0, 1.0 ] }, "-288_384": { "coord": [ 3.0, 1.0 ], "autotile_index": 0.0, "tileset": "tiles_BEE", "autotile": 1.0 }, "32_640": { "autotile": 0.0, "autotile_index": 0.0, "tileset": "tiles_BEE", "coord": [ 3.0, 1.0 ] }, "-320_1184": { "autotile": 1.0, "autotile_index": 0.0, "tileset": "tiles_BEE", "coord": [ 2.0, 1.0 ] }, "416_736": { "coord": [ 7.0, 7.0 ], "autotile_index": 0.0, "tileset": "tile_tower", "autotile": 1.0 }, "32_672": { "autotile": 0.0, "autotile_index": 0.0, "tileset": "tiles_BEE", "coord": [ 4.0, 4.0 ] }, "224_960": { "coord": [ 2.0, 2.0 ], "autotile_index": 0.0, "tileset": "tiles_BEE", "autotile": 1.0 }, "-320_928": { "autotile": 1.0, "autotile_index": 0.0, "tileset": "tiles_BEE", "coord": [ 2.0, 1.0 ] }, "-160_608": { "coord": [ 1.0, 1.0 ], "autotile_index": 0.0, "tileset": "tiles_BEE", "autotile": 1.0 }, "224_544": { "coord": [ 2.0, 2.0 ], "autotile_index": 0.0, "tileset": "tiles_BEE", "autotile": 1.0 }, "416_256": { "coord": [ 2.0, 0.0 ], "autotile_index": 0.0, "tileset": "tiles_BEE", "autotile": 1.0 }, "608_736": { "coord": [ 7.0, 6.0 ], "autotile_index": 0.0, "tileset": "tile_tower", "autotile": 1.0 }, "-320_544": { "coord": [ 2.0, 1.0 ], "autotile_index": 0.0, "tileset": "tiles_BEE", "autotile": 1.0 }, "576_224": { "autotile": 1.0, "autotile_index": 0.0, "tileset": "tiles_BEE", "coord": [ 2.0, 1.0 ] }, "224_448": { "coord": [ 2.0, 1.0 ], "autotile_index": 0.0, "tileset": "tiles_BEE", "autotile": 1.0 }, "608_1056": { "autotile": 1.0, "autotile_index": 0.0, "tileset": "tiles_BEE", "coord": [ 2.0, 1.0 ] }, "-160_672": { "autotile": 1.0, "autotile_index": 0.0, "tileset": "tiles_BEE", "coord": [ 1.0, 1.0 ] }, "160_0": { "coord": [ 2.0, 1.0 ], "autotile_index": 0.0, "tileset": "tiles_BEE", "autotile": 1.0 } } }, "backgrounds": { "5": { "x": 0.0, "scroll_x": 0.75, "tile_y": 1.0, "hspeed": 0.0, "scroll_y": 0.75, "panic_sprite": -1.0, "y": 0.0, "sprite": "honeycom-pattern-background-2-cover", "tile_x": 1.0, "vspeed": 0.0, "image_speed": 15.0 } }, "properties": { "songTransitionTime": 100.0, "roomX": -320.0, "levelWidth": 640.0, "roomY": 0.0, "levelHeight": 1212.0, "song": "" } }