{ "editorVersion": 5.0, "instances": [ { "layer": 0.0, "deleted": 0.0, "variables": { "x": 224.0, "flipX": 0.0, "y": 384.0, "flipY": 0.0 }, "object": 617.0 }, { "layer": 0.0, "deleted": 0.0, "variables": { "x": 416.0, "y": 320.0, "image_xscale": 11.0, "image_yscale": 3.0, "flipX": 0.0, "flipY": 0.0 }, "object": 517.0 }, { "layer": 0.0, "deleted": 0.0, "variables": { "x": 768.0, "y": 320.0, "image_xscale": 7.0, "image_yscale": 3.0, "flipX": 0.0, "flipY": 0.0 }, "object": 517.0 }, { "layer": 0.0, "deleted": 0.0, "variables": { "x": 896.0, "y": -64.0, "image_xscale": 3.0, "image_yscale": 8.0, "flipX": 0.0, "flipY": 0.0 }, "object": 517.0 }, { "layer": 0.0, "deleted": 0.0, "variables": { "x": -320.0, "y": -128.0, "image_xscale": 40.0, "image_yscale": 2.0, "flipX": 0.0, "flipY": 0.0 }, "object": 517.0 }, { "layer": 0.0, "deleted": 0.0, "variables": { "x": -320.0, "y": -64.0, "image_xscale": 2.0, "image_yscale": 15.0, "flipX": 0.0, "flipY": 0.0 }, "object": 517.0 }, { "layer": 0.0, "deleted": 0.0, "variables": { "x": -320.0, "y": 416.0, "image_xscale": 40.0, "image_yscale": 4.0, "flipX": 0.0, "flipY": 0.0 }, "object": 517.0 }, { "layer": 0.0, "deleted": 0.0, "variables": { "x": -256.0, "y": 224.0, "image_xscale": 15.0, "image_yscale": 6.0, "flipX": 0.0, "flipY": 0.0 }, "object": 517.0 }, { "layer": 0.0, "deleted": 0.0, "variables": { "x": -160.0, "y": 128.0, "targetRoom": "john", "image_xscale": 1.0, "image_yscale": 1.0, "flipX": 0.0, "flipY": 0.0 }, "object": 440.0 }, { "layer": 0.0, "deleted": 0.0, "variables": { "x": 128.0, "y": 177.5, "image_xscale": 1.0, "image_yscale": 1.0, "escape": "true", "flipX": 0.0, "flipY": 0.0 }, "object": 670.0 }, { "layer": 0.0, "deleted": 0.0, "variables": { "x": 0.0, "y": 177.5, "image_xscale": 1.0, "image_yscale": 1.0, "escape": "true", "flipX": 0.0, "flipY": 0.0 }, "object": 670.0 }, { "layer": 0.0, "deleted": 0.0, "variables": { "x": 896.0, "y": 288.0, "image_xscale": 1.0, "image_yscale": 1.0, "flipX": 0.0, "flipY": 0.0 }, "object": 806.0 }, { "layer": 0.0, "deleted": 0.0, "variables": { "x": 992.0, "y": 192.0, "targetRoom": "main", "image_xscale": 1.0, "image_yscale": 2.0, "flipX": 1.0, "flipY": 0.0, "targetDoor": "C" }, "object": 801.0 }, { "layer": 0.0, "deleted": 0.0, "variables": { "x": 256.0, "flipX": 0.0, "y": 384.0, "flipY": 0.0 }, "object": 617.0 }, { "layer": 0.0, "deleted": 0.0, "variables": { "x": 288.0, "flipX": 0.0, "y": 384.0, "flipY": 0.0 }, "object": 617.0 }, { "layer": 0.0, "deleted": 0.0, "variables": { "x": 320.0, "flipX": 0.0, "y": 384.0, "flipY": 0.0 }, "object": 617.0 }, { "layer": 0.0, "deleted": 0.0, "variables": { "x": 352.0, "flipX": 0.0, "y": 384.0, "flipY": 0.0 }, "object": 617.0 }, { "layer": 0.0, "deleted": 0.0, "variables": { "x": 384.0, "flipX": 0.0, "y": 384.0, "flipY": 0.0 }, "object": 617.0 } ], "tile_data": { "5": { "192_-128": { "coord": [ 2.0, 23.0 ], "autotile_index": 1.0, "tileset": "bg_tilefpepperiomoutation", "autotile": 1.0 }, "-256_-128": { "autotile": 0.0, "autotile_index": 0.0, "tileset": "bg_tilefpepperiomoutation", "coord": [ 3.0, 28.0 ] }, "64_320": { "coord": [ 2.0, 22.0 ], "autotile_index": 1.0, "tileset": "bg_tilefpepperiomoutation", "autotile": 1.0 }, "-96_512": { "coord": [ 2.0, 22.0 ], "autotile_index": 1.0, "tileset": "bg_tilefpepperiomoutation", "autotile": 1.0 }, "0_512": { "coord": [ 2.0, 22.0 ], "autotile_index": 1.0, "tileset": "bg_tilefpepperiomoutation", "autotile": 1.0 }, "480_320": { "coord": [ 2.0, 20.0 ], "autotile_index": 1.0, "tileset": "bg_tilefpepperiomoutation", "autotile": 1.0 }, "384_-128": { "coord": [ 2.0, 23.0 ], "autotile_index": 1.0, "tileset": "bg_tilefpepperiomoutation", "autotile": 1.0 }, "896_544": { "coord": [ 0.0, 0.0 ], "autotile_index": 1.0, "tileset": "bg_tilefpepperiomoutation", "autotile": 1.0 }, "32_320": { "coord": [ 2.0, 22.0 ], "autotile_index": 1.0, "tileset": "bg_tilefpepperiomoutation", "autotile": 1.0 }, "-384_512": { "coord": [ 0.0, 0.0 ], "autotile_index": 1.0, "tileset": "bg_tilefpepperiomoutation", "autotile": 1.0 }, "576_448": { "coord": [ 2.0, 22.0 ], "autotile_index": 1.0, "tileset": "bg_tilefpepperiomoutation", "autotile": 1.0 }, "32_288": { "coord": [ 2.0, 22.0 ], "autotile_index": 1.0, "tileset": "bg_tilefpepperiomoutation", "autotile": 1.0 }, "800_416": { "coord": [ 2.0, 22.0 ], "autotile_index": 1.0, "tileset": "bg_tilefpepperiomoutation", "autotile": 1.0 }, "864_480": { "coord": [ 2.0, 22.0 ], "autotile_index": 1.0, "tileset": "bg_tilefpepperiomoutation", "autotile": 1.0 }, "96_-128": { "coord": [ 2.0, 23.0 ], "autotile_index": 1.0, "tileset": "bg_tilefpepperiomoutation", "autotile": 1.0 }, "-320_-96": { "coord": [ 3.0, 22.0 ], "autotile_index": 1.0, "tileset": "bg_tilefpepperiomoutation", "autotile": 1.0 }, "608_416": { "coord": [ 2.0, 22.0 ], "autotile_index": 1.0, "tileset": "bg_tilefpepperiomoutation", "autotile": 1.0 }, "640_448": { "coord": [ 2.0, 22.0 ], "autotile_index": 1.0, "tileset": "bg_tilefpepperiomoutation", "autotile": 1.0 }, "768_384": { "coord": [ 2.0, 22.0 ], "autotile_index": 1.0, "tileset": "bg_tilefpepperiomoutation", "autotile": 1.0 }, "32_448": { "coord": [ 2.0, 22.0 ], "autotile_index": 1.0, "tileset": "bg_tilefpepperiomoutation", "autotile": 1.0 }, "-96_320": { "coord": [ 2.0, 22.0 ], "autotile_index": 1.0, "tileset": "bg_tilefpepperiomoutation", "autotile": 1.0 }, "-224_512": { "coord": [ 2.0, 22.0 ], "autotile_index": 1.0, "tileset": "bg_tilefpepperiomoutation", "autotile": 1.0 }, "352_480": { "coord": [ 2.0, 22.0 ], "autotile_index": 1.0, "tileset": "bg_tilefpepperiomoutation", "autotile": 1.0 }, "640_-128": { "coord": [ 2.0, 23.0 ], "autotile_index": 1.0, "tileset": "bg_tilefpepperiomoutation", "autotile": 1.0 }, "-288_512": { "coord": [ 2.0, 22.0 ], "autotile_index": 1.0, "tileset": "bg_tilefpepperiomoutation", "autotile": 1.0 }, "896_-64": { "coord": [ 0.0, 21.0 ], "autotile_index": 1.0, "tileset": "bg_tilefpepperiomoutation", "autotile": 1.0 }, "-192_384": { "autotile": 0.0, "autotile_index": 0.0, "tileset": "bg_tilefpepperiomoutation", "coord": [ 0.0, 26.0 ] }, "-160_448": { "coord": [ 2.0, 22.0 ], "autotile_index": 1.0, "tileset": "bg_tilefpepperiomoutation", "autotile": 1.0 }, "768_512": { "coord": [ 2.0, 22.0 ], "autotile_index": 1.0, "tileset": "bg_tilefpepperiomoutation", "autotile": 1.0 }, "32_-96": { "coord": [ 3.0, 24.0 ], "autotile_index": 1.0, "tileset": "bg_tilefpepperiomoutation", "autotile": 1.0 }, "896_-32": { "coord": [ 0.0, 23.0 ], "autotile_index": 1.0, "tileset": "bg_tilefpepperiomoutation", "autotile": 1.0 }, "192_224": { "coord": [ 4.0, 20.0 ], "autotile_index": 1.0, "tileset": "bg_tilefpepperiomoutation", "autotile": 1.0 }, "448_448": { "coord": [ 2.0, 22.0 ], "autotile_index": 1.0, "tileset": "bg_tilefpepperiomoutation", "autotile": 1.0 }, "192_480": { "coord": [ 2.0, 22.0 ], "autotile_index": 1.0, "tileset": "bg_tilefpepperiomoutation", "autotile": 1.0 }, "-160_320": { "coord": [ 2.0, 22.0 ], "autotile_index": 1.0, "tileset": "bg_tilefpepperiomoutation", "autotile": 1.0 }, "128_320": { "coord": [ 2.0, 22.0 ], "autotile_index": 1.0, "tileset": "bg_tilefpepperiomoutation", "autotile": 1.0 }, "832_352": { "coord": [ 2.0, 21.0 ], "autotile_index": 1.0, "tileset": "bg_tilefpepperiomoutation", "autotile": 1.0 }, "480_448": { "coord": [ 2.0, 22.0 ], "autotile_index": 1.0, "tileset": "bg_tilefpepperiomoutation", "autotile": 1.0 }, "352_512": { "coord": [ 2.0, 22.0 ], "autotile_index": 1.0, "tileset": "bg_tilefpepperiomoutation", "autotile": 1.0 }, "800_384": { "coord": [ 2.0, 22.0 ], "autotile_index": 1.0, "tileset": "bg_tilefpepperiomoutation", "autotile": 1.0 }, "928_512": { "coord": [ 2.0, 22.0 ], "autotile_index": 1.0, "tileset": "bg_tilefpepperiomoutation", "autotile": 1.0 }, "256_416": { "coord": [ 1.0, 20.0 ], "autotile_index": 1.0, "tileset": "bg_tilefpepperiomoutation", "autotile": 1.0 }, "-320_224": { "coord": [ 3.0, 22.0 ], "autotile_index": 1.0, "tileset": "bg_tilefpepperiomoutation", "autotile": 1.0 }, "896_128": { "autotile": 1.0, "autotile_index": 1.0, "tileset": "bg_tilefpepperiomoutation", "coord": [ 0.0, 22.0 ] }, "544_320": { "coord": [ 3.0, 20.0 ], "autotile_index": 1.0, "tileset": "bg_tilefpepperiomoutation", "autotile": 1.0 }, "704_320": { "coord": [ 1.0, 20.0 ], "autotile_index": 1.0, "tileset": "bg_tilefpepperiomoutation", "autotile": 1.0 }, "160_-128": { "coord": [ 2.0, 23.0 ], "autotile_index": 1.0, "tileset": "bg_tilefpepperiomoutation", "autotile": 1.0 }, "-128_320": { "coord": [ 2.0, 22.0 ], "autotile_index": 1.0, "tileset": "bg_tilefpepperiomoutation", "autotile": 1.0 }, "768_416": { "coord": [ 2.0, 22.0 ], "autotile_index": 1.0, "tileset": "bg_tilefpepperiomoutation", "autotile": 1.0 }, "352_416": { "coord": [ 3.0, 20.0 ], "autotile_index": 1.0, "tileset": "bg_tilefpepperiomoutation", "autotile": 1.0 }, "-64_416": { "autotile": 0.0, "autotile_index": 0.0, "tileset": "bg_tilefpepperiomoutation", "coord": [ 4.0, 27.0 ] }, "-320_480": { "coord": [ 2.0, 22.0 ], "autotile_index": 1.0, "tileset": "bg_tilefpepperiomoutation", "autotile": 1.0 }, "-224_288": { "autotile": 0.0, "autotile_index": 0.0, "tileset": "bg_tilefpepperiomoutation", "coord": [ 1.0, 29.0 ] }, "192_352": { "coord": [ 4.0, 21.0 ], "autotile_index": 1.0, "tileset": "bg_tilefpepperiomoutation", "autotile": 1.0 }, "608_352": { "coord": [ 2.0, 21.0 ], "autotile_index": 1.0, "tileset": "bg_tilefpepperiomoutation", "autotile": 1.0 }, "544_480": { "coord": [ 2.0, 22.0 ], "autotile_index": 1.0, "tileset": "bg_tilefpepperiomoutation", "autotile": 1.0 }, "640_352": { "coord": [ 2.0, 21.0 ], "autotile_index": 1.0, "tileset": "bg_tilefpepperiomoutation", "autotile": 1.0 }, "-288_256": { "coord": [ 2.0, 21.0 ], "autotile_index": 1.0, "tileset": "bg_tilefpepperiomoutation", "autotile": 1.0 }, "256_480": { "coord": [ 2.0, 22.0 ], "autotile_index": 1.0, "tileset": "bg_tilefpepperiomoutation", "autotile": 1.0 }, "0_-128": { "coord": [ 2.0, 23.0 ], "autotile_index": 1.0, "tileset": "bg_tilefpepperiomoutation", "autotile": 1.0 }, "-256_320": { "autotile": 0.0, "autotile_index": 0.0, "tileset": "bg_tilefpepperiomoutation", "coord": [ 0.0, 30.0 ] }, "704_384": { "autotile": 0.0, "autotile_index": 0.0, "tileset": "bg_tilefpepperiomoutation", "coord": [ 2.0, 26.0 ] }, "-288_192": { "coord": [ 4.0, 22.0 ], "autotile_index": 1.0, "tileset": "bg_tilefpepperiomoutation", "autotile": 1.0 }, "640_512": { "coord": [ 2.0, 22.0 ], "autotile_index": 1.0, "tileset": "bg_tilefpepperiomoutation", "autotile": 1.0 }, "704_352": { "autotile": 0.0, "autotile_index": 0.0, "tileset": "bg_tilefpepperiomoutation", "coord": [ 2.0, 25.0 ] }, "928_-96": { "coord": [ 1.0, 22.0 ], "autotile_index": 1.0, "tileset": "bg_tilefpepperiomoutation", "autotile": 1.0 }, "-320_128": { "coord": [ 3.0, 22.0 ], "autotile_index": 1.0, "tileset": "bg_tilefpepperiomoutation", "autotile": 1.0 }, "928_32": { "autotile": 1.0, "autotile_index": 1.0, "tileset": "bg_tilefpepperiomoutation", "coord": [ 1.0, 22.0 ] }, "928_-32": { "coord": [ 1.0, 22.0 ], "autotile_index": 1.0, "tileset": "bg_tilefpepperiomoutation", "autotile": 1.0 }, "-96_288": { "coord": [ 2.0, 22.0 ], "autotile_index": 1.0, "tileset": "bg_tilefpepperiomoutation", "autotile": 1.0 }, "576_-96": { "coord": [ 2.0, 24.0 ], "autotile_index": 1.0, "tileset": "bg_tilefpepperiomoutation", "autotile": 1.0 }, "448_416": { "coord": [ 1.0, 22.0 ], "autotile_index": 1.0, "tileset": "bg_tilefpepperiomoutation", "autotile": 1.0 }, "-256_448": { "coord": [ 2.0, 22.0 ], "autotile_index": 1.0, "tileset": "bg_tilefpepperiomoutation", "autotile": 1.0 }, "928_480": { "coord": [ 2.0, 22.0 ], "autotile_index": 1.0, "tileset": "bg_tilefpepperiomoutation", "autotile": 1.0 }, "-32_352": { "autotile": 0.0, "autotile_index": 0.0, "tileset": "bg_tilefpepperiomoutation", "coord": [ 5.0, 25.0 ] }, "288_416": { "coord": [ 2.0, 20.0 ], "autotile_index": 1.0, "tileset": "bg_tilefpepperiomoutation", "autotile": 1.0 }, "128_-96": { "coord": [ 1.0, 24.0 ], "autotile_index": 1.0, "tileset": "bg_tilefpepperiomoutation", "autotile": 1.0 }, "576_512": { "coord": [ 2.0, 22.0 ], "autotile_index": 1.0, "tileset": "bg_tilefpepperiomoutation", "autotile": 1.0 }, "128_256": { "coord": [ 2.0, 21.0 ], "autotile_index": 1.0, "tileset": "bg_tilefpepperiomoutation", "autotile": 1.0 }, "-288_416": { "coord": [ 2.0, 22.0 ], "autotile_index": 1.0, "tileset": "bg_tilefpepperiomoutation", "autotile": 1.0 }, "416_-96": { "coord": [ 1.0, 24.0 ], "autotile_index": 1.0, "tileset": "bg_tilefpepperiomoutation", "autotile": 1.0 }, "96_512": { "coord": [ 2.0, 22.0 ], "autotile_index": 1.0, "tileset": "bg_tilefpepperiomoutation", "autotile": 1.0 }, "96_-96": { "coord": [ 3.0, 24.0 ], "autotile_index": 1.0, "tileset": "bg_tilefpepperiomoutation", "autotile": 1.0 }, "-320_352": { "coord": [ 2.0, 22.0 ], "autotile_index": 1.0, "tileset": "bg_tilefpepperiomoutation", "autotile": 1.0 }, "-192_416": { "autotile": 0.0, "autotile_index": 0.0, "tileset": "bg_tilefpepperiomoutation", "coord": [ 0.0, 27.0 ] }, "928_544": { "coord": [ 0.0, 0.0 ], "autotile_index": 1.0, "tileset": "bg_tilefpepperiomoutation", "autotile": 1.0 }, "0_320": { "coord": [ 2.0, 22.0 ], "autotile_index": 1.0, "tileset": "bg_tilefpepperiomoutation", "autotile": 1.0 }, "576_352": { "coord": [ 2.0, 21.0 ], "autotile_index": 1.0, "tileset": "bg_tilefpepperiomoutation", "autotile": 1.0 }, "-320_512": { "coord": [ 2.0, 22.0 ], "autotile_index": 1.0, "tileset": "bg_tilefpepperiomoutation", "autotile": 1.0 }, "96_416": { "coord": [ 2.0, 22.0 ], "autotile_index": 1.0, "tileset": "bg_tilefpepperiomoutation", "autotile": 1.0 }, "960_-96": { "autotile": 1.0, "autotile_index": 0.0, "tileset": "tile_freezer2", "coord": [ 0.0, 0.0 ] }, "928_128": { "autotile": 1.0, "autotile_index": 1.0, "tileset": "bg_tilefpepperiomoutation", "coord": [ 1.0, 23.0 ] }, "-96_384": { "autotile": 0.0, "autotile_index": 0.0, "tileset": "bg_tilefpepperiomoutation", "coord": [ 3.0, 26.0 ] }, "160_224": { "coord": [ 1.0, 20.0 ], "autotile_index": 1.0, "tileset": "bg_tilefpepperiomoutation", "autotile": 1.0 }, "896_416": { "coord": [ 2.0, 22.0 ], "autotile_index": 1.0, "tileset": "bg_tilefpepperiomoutation", "autotile": 1.0 }, "-256_416": { "coord": [ 2.0, 22.0 ], "autotile_index": 1.0, "tileset": "bg_tilefpepperiomoutation", "autotile": 1.0 }, "320_480": { "coord": [ 2.0, 22.0 ], "autotile_index": 1.0, "tileset": "bg_tilefpepperiomoutation", "autotile": 1.0 }, "-288_32": { "coord": [ 4.0, 23.0 ], "autotile_index": 1.0, "tileset": "bg_tilefpepperiomoutation", "autotile": 1.0 }, "-256_224": { "coord": [ 1.0, 20.0 ], "autotile_index": 1.0, "tileset": "bg_tilefpepperiomoutation", "autotile": 1.0 }, "128_480": { "coord": [ 2.0, 22.0 ], "autotile_index": 1.0, "tileset": "bg_tilefpepperiomoutation", "autotile": 1.0 }, "384_-96": { "coord": [ 1.0, 24.0 ], "autotile_index": 1.0, "tileset": "bg_tilefpepperiomoutation", "autotile": 1.0 }, "-192_-96": { "coord": [ 2.0, 24.0 ], "autotile_index": 1.0, "tileset": "bg_tilefpepperiomoutation", "autotile": 1.0 }, "160_256": { "coord": [ 3.0, 21.0 ], "autotile_index": 1.0, "tileset": "bg_tilefpepperiomoutation", "autotile": 1.0 }, "416_448": { "coord": [ 2.0, 21.0 ], "autotile_index": 1.0, "tileset": "bg_tilefpepperiomoutation", "autotile": 1.0 }, "-96_352": { "autotile": 0.0, "autotile_index": 0.0, "tileset": "bg_tilefpepperiomoutation", "coord": [ 3.0, 25.0 ] }, "-128_384": { "autotile": 0.0, "autotile_index": 0.0, "tileset": "bg_tilefpepperiomoutation", "coord": [ 2.0, 26.0 ] }, "672_320": { "coord": [ 3.0, 20.0 ], "autotile_index": 1.0, "tileset": "bg_tilefpepperiomoutation", "autotile": 1.0 }, "320_-96": { "coord": [ 1.0, 24.0 ], "autotile_index": 1.0, "tileset": "bg_tilefpepperiomoutation", "autotile": 1.0 }, "512_-128": { "coord": [ 2.0, 23.0 ], "autotile_index": 1.0, "tileset": "bg_tilefpepperiomoutation", "autotile": 1.0 }, "-128_-96": { "coord": [ 3.0, 24.0 ], "autotile_index": 1.0, "tileset": "bg_tilefpepperiomoutation", "autotile": 1.0 }, "288_480": { "coord": [ 2.0, 22.0 ], "autotile_index": 1.0, "tileset": "bg_tilefpepperiomoutation", "autotile": 1.0 }, "-32_288": { "coord": [ 2.0, 22.0 ], "autotile_index": 1.0, "tileset": "bg_tilefpepperiomoutation", "autotile": 1.0 }, "800_352": { "coord": [ 2.0, 21.0 ], "autotile_index": 1.0, "tileset": "bg_tilefpepperiomoutation", "autotile": 1.0 }, "896_384": { "coord": [ 2.0, 22.0 ], "autotile_index": 1.0, "tileset": "bg_tilefpepperiomoutation", "autotile": 1.0 }, "704_-128": { "coord": [ 2.0, 23.0 ], "autotile_index": 1.0, "tileset": "bg_tilefpepperiomoutation", "autotile": 1.0 }, "704_480": { "coord": [ 2.0, 22.0 ], "autotile_index": 1.0, "tileset": "bg_tilefpepperiomoutation", "autotile": 1.0 }, "64_544": { "coord": [ 0.0, 0.0 ], "autotile_index": 1.0, "tileset": "bg_tilefpepperiomoutation", "autotile": 1.0 }, "512_384": { "autotile": 0.0, "autotile_index": 0.0, "tileset": "bg_tilefpepperiomoutation", "coord": [ 0.0, 28.0 ] }, "480_352": { "coord": [ 2.0, 21.0 ], "autotile_index": 1.0, "tileset": "bg_tilefpepperiomoutation", "autotile": 1.0 }, "736_352": { "autotile": 0.0, "autotile_index": 0.0, "tileset": "bg_tilefpepperiomoutation", "coord": [ 3.0, 25.0 ] }, "160_448": { "coord": [ 2.0, 22.0 ], "autotile_index": 1.0, "tileset": "bg_tilefpepperiomoutation", "autotile": 1.0 }, "128_416": { "coord": [ 2.0, 22.0 ], "autotile_index": 1.0, "tileset": "bg_tilefpepperiomoutation", "autotile": 1.0 }, "672_-128": { "coord": [ 2.0, 23.0 ], "autotile_index": 1.0, "tileset": "bg_tilefpepperiomoutation", "autotile": 1.0 }, "896_512": { "coord": [ 2.0, 22.0 ], "autotile_index": 1.0, "tileset": "bg_tilefpepperiomoutation", "autotile": 1.0 }, "384_448": { "coord": [ 2.0, 21.0 ], "autotile_index": 1.0, "tileset": "bg_tilefpepperiomoutation", "autotile": 1.0 }, "192_448": { "coord": [ 2.0, 21.0 ], "autotile_index": 1.0, "tileset": "bg_tilefpepperiomoutation", "autotile": 1.0 }, "896_0": { "coord": [ 0.0, 21.0 ], "autotile_index": 1.0, "tileset": "bg_tilefpepperiomoutation", "autotile": 1.0 }, "928_-128": { "autotile": 0.0, "autotile_index": 0.0, "tileset": "bg_tilefpepperiomoutation", "coord": [ 2.0, 28.0 ] }, "64_-128": { "coord": [ 2.0, 23.0 ], "autotile_index": 1.0, "tileset": "bg_tilefpepperiomoutation", "autotile": 1.0 }, "32_416": { "coord": [ 2.0, 22.0 ], "autotile_index": 1.0, "tileset": "bg_tilefpepperiomoutation", "autotile": 1.0 }, "-288_0": { "coord": [ 4.0, 23.0 ], "autotile_index": 1.0, "tileset": "bg_tilefpepperiomoutation", "autotile": 1.0 }, "800_448": { "autotile": 0.0, "autotile_index": 0.0, "tileset": "bg_tilefpepperiomoutation", "coord": [ 4.0, 25.0 ] }, "128_224": { "coord": [ 3.0, 20.0 ], "autotile_index": 1.0, "tileset": "bg_tilefpepperiomoutation", "autotile": 1.0 }, "0_384": { "coord": [ 2.0, 22.0 ], "autotile_index": 1.0, "tileset": "bg_tilefpepperiomoutation", "autotile": 1.0 }, "864_320": { "coord": [ 2.0, 20.0 ], "autotile_index": 1.0, "tileset": "bg_tilefpepperiomoutation", "autotile": 1.0 }, "832_480": { "autotile": 0.0, "autotile_index": 0.0, "tileset": "bg_tilefpepperiomoutation", "coord": [ 5.0, 26.0 ] }, "-128_-128": { "coord": [ 2.0, 23.0 ], "autotile_index": 1.0, "tileset": "bg_tilefpepperiomoutation", "autotile": 1.0 }, "256_-128": { "coord": [ 2.0, 23.0 ], "autotile_index": 1.0, "tileset": "bg_tilefpepperiomoutation", "autotile": 1.0 }, "160_352": { "coord": [ 3.0, 22.0 ], "autotile_index": 1.0, "tileset": "bg_tilefpepperiomoutation", "autotile": 1.0 }, "736_320": { "coord": [ 2.0, 20.0 ], "autotile_index": 1.0, "tileset": "bg_tilefpepperiomoutation", "autotile": 1.0 }, "-64_256": { "autotile": 0.0, "autotile_index": 0.0, "tileset": "bg_tilefpepperiomoutation", "coord": [ 2.0, 28.0 ] }, "256_512": { "coord": [ 2.0, 22.0 ], "autotile_index": 1.0, "tileset": "bg_tilefpepperiomoutation", "autotile": 1.0 }, "96_544": { "coord": [ 0.0, 0.0 ], "autotile_index": 1.0, "tileset": "bg_tilefpepperiomoutation", "autotile": 1.0 }, "-256_384": { "coord": [ 2.0, 22.0 ], "autotile_index": 1.0, "tileset": "bg_tilefpepperiomoutation", "autotile": 1.0 }, "224_-96": { "coord": [ 2.0, 24.0 ], "autotile_index": 1.0, "tileset": "bg_tilefpepperiomoutation", "autotile": 1.0 }, "544_512": { "coord": [ 2.0, 22.0 ], "autotile_index": 1.0, "tileset": "bg_tilefpepperiomoutation", "autotile": 1.0 }, "416_320": { "coord": [ 0.0, 20.0 ], "autotile_index": 1.0, "tileset": "bg_tilefpepperiomoutation", "autotile": 1.0 }, "64_384": { "coord": [ 2.0, 22.0 ], "autotile_index": 1.0, "tileset": "bg_tilefpepperiomoutation", "autotile": 1.0 }, "128_384": { "coord": [ 2.0, 22.0 ], "autotile_index": 1.0, "tileset": "bg_tilefpepperiomoutation", "autotile": 1.0 }, "0_544": { "coord": [ 0.0, 0.0 ], "autotile_index": 1.0, "tileset": "bg_tilefpepperiomoutation", "autotile": 1.0 }, "-224_384": { "coord": [ 2.0, 22.0 ], "autotile_index": 1.0, "tileset": "bg_tilefpepperiomoutation", "autotile": 1.0 }, "-128_416": { "autotile": 0.0, "autotile_index": 0.0, "tileset": "bg_tilefpepperiomoutation", "coord": [ 2.0, 27.0 ] }, "-320_288": { "coord": [ 2.0, 22.0 ], "autotile_index": 1.0, "tileset": "bg_tilefpepperiomoutation", "autotile": 1.0 }, "736_416": { "autotile": 0.0, "autotile_index": 0.0, "tileset": "bg_tilefpepperiomoutation", "coord": [ 3.0, 27.0 ] }, "32_480": { "coord": [ 2.0, 22.0 ], "autotile_index": 1.0, "tileset": "bg_tilefpepperiomoutation", "autotile": 1.0 }, "-288_-128": { "coord": [ 2.0, 23.0 ], "autotile_index": 1.0, "tileset": "bg_tilefpepperiomoutation", "autotile": 1.0 }, "800_-96": { "coord": [ 1.0, 24.0 ], "autotile_index": 1.0, "tileset": "bg_tilefpepperiomoutation", "autotile": 1.0 }, "768_448": { "coord": [ 2.0, 22.0 ], "autotile_index": 1.0, "tileset": "bg_tilefpepperiomoutation", "autotile": 1.0 }, "-224_352": { "coord": [ 2.0, 22.0 ], "autotile_index": 1.0, "tileset": "bg_tilefpepperiomoutation", "autotile": 1.0 }, "128_352": { "coord": [ 2.0, 22.0 ], "autotile_index": 1.0, "tileset": "bg_tilefpepperiomoutation", "autotile": 1.0 }, "832_320": { "coord": [ 1.0, 20.0 ], "autotile_index": 1.0, "tileset": "bg_tilefpepperiomoutation", "autotile": 1.0 }, "224_480": { "coord": [ 2.0, 22.0 ], "autotile_index": 1.0, "tileset": "bg_tilefpepperiomoutation", "autotile": 1.0 }, "-192_352": { "autotile": 0.0, "autotile_index": 0.0, "tileset": "bg_tilefpepperiomoutation", "coord": [ 0.0, 25.0 ] }, "992_-128": { "autotile": 1.0, "autotile_index": 0.0, "tileset": "tile_freezer2", "coord": [ 0.0, 0.0 ] }, "160_512": { "coord": [ 2.0, 22.0 ], "autotile_index": 1.0, "tileset": "bg_tilefpepperiomoutation", "autotile": 1.0 }, "192_320": { "coord": [ 4.0, 22.0 ], "autotile_index": 1.0, "tileset": "bg_tilefpepperiomoutation", "autotile": 1.0 }, "-320_448": { "coord": [ 2.0, 22.0 ], "autotile_index": 1.0, "tileset": "bg_tilefpepperiomoutation", "autotile": 1.0 }, "-288_288": { "coord": [ 2.0, 22.0 ], "autotile_index": 1.0, "tileset": "bg_tilefpepperiomoutation", "autotile": 1.0 }, "-96_-96": { "coord": [ 3.0, 24.0 ], "autotile_index": 1.0, "tileset": "bg_tilefpepperiomoutation", "autotile": 1.0 }, "320_512": { "coord": [ 2.0, 22.0 ], "autotile_index": 1.0, "tileset": "bg_tilefpepperiomoutation", "autotile": 1.0 }, "-288_-96": { "coord": [ 5.0, 20.0 ], "autotile_index": 1.0, "tileset": "bg_tilefpepperiomoutation", "autotile": 1.0 }, "416_384": { "coord": [ 0.0, 21.0 ], "autotile_index": 1.0, "tileset": "bg_tilefpepperiomoutation", "autotile": 1.0 }, "896_64": { "autotile": 1.0, "autotile_index": 1.0, "tileset": "bg_tilefpepperiomoutation", "coord": [ 0.0, 23.0 ] }, "736_384": { "autotile": 0.0, "autotile_index": 0.0, "tileset": "bg_tilefpepperiomoutation", "coord": [ 3.0, 26.0 ] }, "576_480": { "coord": [ 2.0, 22.0 ], "autotile_index": 1.0, "tileset": "bg_tilefpepperiomoutation", "autotile": 1.0 }, "608_384": { "coord": [ 2.0, 22.0 ], "autotile_index": 1.0, "tileset": "bg_tilefpepperiomoutation", "autotile": 1.0 }, "832_448": { "autotile": 0.0, "autotile_index": 0.0, "tileset": "bg_tilefpepperiomoutation", "coord": [ 5.0, 25.0 ] }, "96_256": { "coord": [ 2.0, 21.0 ], "autotile_index": 1.0, "tileset": "bg_tilefpepperiomoutation", "autotile": 1.0 }, "512_320": { "coord": [ 2.0, 20.0 ], "autotile_index": 1.0, "tileset": "bg_tilefpepperiomoutation", "autotile": 1.0 }, "-320_384": { "coord": [ 2.0, 22.0 ], "autotile_index": 1.0, "tileset": "bg_tilefpepperiomoutation", "autotile": 1.0 }, "96_288": { "autotile": 0.0, "autotile_index": 0.0, "tileset": "bg_tilefpepperiomoutation", "coord": [ 3.0, 28.0 ] }, "704_512": { "coord": [ 2.0, 22.0 ], "autotile_index": 1.0, "tileset": "bg_tilefpepperiomoutation", "autotile": 1.0 }, "544_-96": { "coord": [ 2.0, 24.0 ], "autotile_index": 1.0, "tileset": "bg_tilefpepperiomoutation", "autotile": 1.0 }, "672_-96": { "coord": [ 2.0, 24.0 ], "autotile_index": 1.0, "tileset": "bg_tilefpepperiomoutation", "autotile": 1.0 }, "-352_480": { "coord": [ 0.0, 0.0 ], "autotile_index": 1.0, "tileset": "bg_tilefpepperiomoutation", "autotile": 1.0 }, "160_480": { "coord": [ 2.0, 22.0 ], "autotile_index": 1.0, "tileset": "bg_tilefpepperiomoutation", "autotile": 1.0 }, "-64_224": { "coord": [ 2.0, 20.0 ], "autotile_index": 1.0, "tileset": "bg_tilefpepperiomoutation", "autotile": 1.0 }, "576_384": { "coord": [ 2.0, 22.0 ], "autotile_index": 1.0, "tileset": "bg_tilefpepperiomoutation", "autotile": 1.0 }, "864_416": { "coord": [ 2.0, 22.0 ], "autotile_index": 1.0, "tileset": "bg_tilefpepperiomoutation", "autotile": 1.0 }, "512_416": { "autotile": 0.0, "autotile_index": 0.0, "tileset": "bg_tilefpepperiomoutation", "coord": [ 0.0, 29.0 ] }, "32_544": { "coord": [ 0.0, 0.0 ], "autotile_index": 1.0, "tileset": "bg_tilefpepperiomoutation", "autotile": 1.0 }, "224_448": { "coord": [ 2.0, 21.0 ], "autotile_index": 1.0, "tileset": "bg_tilefpepperiomoutation", "autotile": 1.0 }, "864_512": { "coord": [ 2.0, 22.0 ], "autotile_index": 1.0, "tileset": "bg_tilefpepperiomoutation", "autotile": 1.0 }, "160_320": { "coord": [ 3.0, 22.0 ], "autotile_index": 1.0, "tileset": "bg_tilefpepperiomoutation", "autotile": 1.0 }, "32_384": { "coord": [ 2.0, 22.0 ], "autotile_index": 1.0, "tileset": "bg_tilefpepperiomoutation", "autotile": 1.0 }, "512_448": { "autotile": 0.0, "autotile_index": 0.0, "tileset": "bg_tilefpepperiomoutation", "coord": [ 0.0, 30.0 ] }, "-288_-64": { "coord": [ 4.0, 22.0 ], "autotile_index": 1.0, "tileset": "bg_tilefpepperiomoutation", "autotile": 1.0 }, "480_416": { "coord": [ 2.0, 22.0 ], "autotile_index": 1.0, "tileset": "bg_tilefpepperiomoutation", "autotile": 1.0 }, "96_352": { "coord": [ 2.0, 22.0 ], "autotile_index": 1.0, "tileset": "bg_tilefpepperiomoutation", "autotile": 1.0 }, "928_96": { "autotile": 1.0, "autotile_index": 1.0, "tileset": "bg_tilefpepperiomoutation", "coord": [ 1.0, 22.0 ] }, "-64_288": { "coord": [ 2.0, 22.0 ], "autotile_index": 1.0, "tileset": "bg_tilefpepperiomoutation", "autotile": 1.0 }, "672_352": { "coord": [ 2.0, 21.0 ], "autotile_index": 1.0, "tileset": "bg_tilefpepperiomoutation", "autotile": 1.0 }, "736_-96": { "coord": [ 2.0, 24.0 ], "autotile_index": 1.0, "tileset": "bg_tilefpepperiomoutation", "autotile": 1.0 }, "864_-96": { "coord": [ 1.0, 24.0 ], "autotile_index": 1.0, "tileset": "bg_tilefpepperiomoutation", "autotile": 1.0 }, "-32_-128": { "coord": [ 2.0, 23.0 ], "autotile_index": 1.0, "tileset": "bg_tilefpepperiomoutation", "autotile": 1.0 }, "896_448": { "coord": [ 2.0, 22.0 ], "autotile_index": 1.0, "tileset": "bg_tilefpepperiomoutation", "autotile": 1.0 }, "-288_384": { "coord": [ 2.0, 22.0 ], "autotile_index": 1.0, "tileset": "bg_tilefpepperiomoutation", "autotile": 1.0 }, "-256_512": { "coord": [ 2.0, 22.0 ], "autotile_index": 1.0, "tileset": "bg_tilefpepperiomoutation", "autotile": 1.0 }, "736_480": { "coord": [ 2.0, 22.0 ], "autotile_index": 1.0, "tileset": "bg_tilefpepperiomoutation", "autotile": 1.0 }, "256_-96": { "coord": [ 3.0, 24.0 ], "autotile_index": 1.0, "tileset": "bg_tilefpepperiomoutation", "autotile": 1.0 }, "928_-64": { "coord": [ 1.0, 22.0 ], "autotile_index": 1.0, "tileset": "bg_tilefpepperiomoutation", "autotile": 1.0 }, "928_160": { "autotile": 1.0, "autotile_index": 1.0, "tileset": "bg_tilefpepperiomoutation", "coord": [ 1.0, 24.0 ] }, "544_448": { "autotile": 0.0, "autotile_index": 0.0, "tileset": "bg_tilefpepperiomoutation", "coord": [ 1.0, 30.0 ] }, "832_416": { "coord": [ 2.0, 22.0 ], "autotile_index": 1.0, "tileset": "bg_tilefpepperiomoutation", "autotile": 1.0 }, "-96_416": { "autotile": 0.0, "autotile_index": 0.0, "tileset": "bg_tilefpepperiomoutation", "coord": [ 3.0, 27.0 ] }, "416_-128": { "coord": [ 2.0, 23.0 ], "autotile_index": 1.0, "tileset": "bg_tilefpepperiomoutation", "autotile": 1.0 }, "640_320": { "coord": [ 1.0, 20.0 ], "autotile_index": 1.0, "tileset": "bg_tilefpepperiomoutation", "autotile": 1.0 }, "0_480": { "coord": [ 2.0, 22.0 ], "autotile_index": 1.0, "tileset": "bg_tilefpepperiomoutation", "autotile": 1.0 }, "-32_384": { "autotile": 0.0, "autotile_index": 0.0, "tileset": "bg_tilefpepperiomoutation", "coord": [ 5.0, 26.0 ] }, "-224_224": { "coord": [ 2.0, 20.0 ], "autotile_index": 1.0, "tileset": "bg_tilefpepperiomoutation", "autotile": 1.0 }, "608_320": { "coord": [ 1.0, 20.0 ], "autotile_index": 1.0, "tileset": "bg_tilefpepperiomoutation", "autotile": 1.0 }, "448_352": { "coord": [ 1.0, 21.0 ], "autotile_index": 1.0, "tileset": "bg_tilefpepperiomoutation", "autotile": 1.0 }, "96_224": { "coord": [ 1.0, 20.0 ], "autotile_index": 1.0, "tileset": "bg_tilefpepperiomoutation", "autotile": 1.0 }, "736_512": { "coord": [ 2.0, 22.0 ], "autotile_index": 1.0, "tileset": "bg_tilefpepperiomoutation", "autotile": 1.0 }, "-288_160": { "coord": [ 4.0, 22.0 ], "autotile_index": 1.0, "tileset": "bg_tilefpepperiomoutation", "autotile": 1.0 }, "256_448": { "coord": [ 2.0, 21.0 ], "autotile_index": 1.0, "tileset": "bg_tilefpepperiomoutation", "autotile": 1.0 }, "160_-96": { "coord": [ 1.0, 24.0 ], "autotile_index": 1.0, "tileset": "bg_tilefpepperiomoutation", "autotile": 1.0 }, "384_480": { "coord": [ 2.0, 22.0 ], "autotile_index": 1.0, "tileset": "bg_tilefpepperiomoutation", "autotile": 1.0 }, "96_448": { "coord": [ 2.0, 22.0 ], "autotile_index": 1.0, "tileset": "bg_tilefpepperiomoutation", "autotile": 1.0 }, "0_448": { "coord": [ 2.0, 22.0 ], "autotile_index": 1.0, "tileset": "bg_tilefpepperiomoutation", "autotile": 1.0 }, "896_-128": { "coord": [ 2.0, 23.0 ], "autotile_index": 1.0, "tileset": "bg_tilefpepperiomoutation", "autotile": 1.0 }, "-320_-128": { "coord": [ 2.0, 22.0 ], "autotile_index": 1.0, "tileset": "bg_tilefpepperiomoutation", "autotile": 1.0 }, "544_384": { "autotile": 0.0, "autotile_index": 0.0, "tileset": "bg_tilefpepperiomoutation", "coord": [ 1.0, 28.0 ] }, "928_320": { "coord": [ 3.0, 20.0 ], "autotile_index": 1.0, "tileset": "bg_tilefpepperiomoutation", "autotile": 1.0 }, "544_352": { "coord": [ 2.0, 21.0 ], "autotile_index": 1.0, "tileset": "bg_tilefpepperiomoutation", "autotile": 1.0 }, "800_-128": { "coord": [ 2.0, 23.0 ], "autotile_index": 1.0, "tileset": "bg_tilefpepperiomoutation", "autotile": 1.0 }, "64_512": { "coord": [ 2.0, 22.0 ], "autotile_index": 1.0, "tileset": "bg_tilefpepperiomoutation", "autotile": 1.0 }, "192_416": { "coord": [ 5.0, 22.0 ], "autotile_index": 1.0, "tileset": "bg_tilefpepperiomoutation", "autotile": 1.0 }, "-224_448": { "coord": [ 2.0, 22.0 ], "autotile_index": 1.0, "tileset": "bg_tilefpepperiomoutation", "autotile": 1.0 }, "512_480": { "coord": [ 2.0, 22.0 ], "autotile_index": 1.0, "tileset": "bg_tilefpepperiomoutation", "autotile": 1.0 }, "832_-128": { "coord": [ 2.0, 23.0 ], "autotile_index": 1.0, "tileset": "bg_tilefpepperiomoutation", "autotile": 1.0 }, "288_-96": { "coord": [ 1.0, 24.0 ], "autotile_index": 1.0, "tileset": "bg_tilefpepperiomoutation", "autotile": 1.0 }, "0_416": { "coord": [ 2.0, 22.0 ], "autotile_index": 1.0, "tileset": "bg_tilefpepperiomoutation", "autotile": 1.0 }, "192_256": { "coord": [ 4.0, 22.0 ], "autotile_index": 1.0, "tileset": "bg_tilefpepperiomoutation", "autotile": 1.0 }, "576_320": { "coord": [ 2.0, 20.0 ], "autotile_index": 1.0, "tileset": "bg_tilefpepperiomoutation", "autotile": 1.0 }, "864_448": { "coord": [ 2.0, 22.0 ], "autotile_index": 1.0, "tileset": "bg_tilefpepperiomoutation", "autotile": 1.0 }, "64_480": { "coord": [ 2.0, 22.0 ], "autotile_index": 1.0, "tileset": "bg_tilefpepperiomoutation", "autotile": 1.0 }, "864_352": { "coord": [ 2.0, 21.0 ], "autotile_index": 1.0, "tileset": "bg_tilefpepperiomoutation", "autotile": 1.0 }, "-32_416": { "autotile": 0.0, "autotile_index": 0.0, "tileset": "bg_tilefpepperiomoutation", "coord": [ 5.0, 27.0 ] }, "896_352": { "coord": [ 2.0, 21.0 ], "autotile_index": 1.0, "tileset": "bg_tilefpepperiomoutation", "autotile": 1.0 }, "32_224": { "coord": [ 1.0, 20.0 ], "autotile_index": 1.0, "tileset": "bg_tilefpepperiomoutation", "autotile": 1.0 }, "-64_352": { "autotile": 0.0, "autotile_index": 0.0, "tileset": "bg_tilefpepperiomoutation", "coord": [ 4.0, 25.0 ] }, "0_256": { "coord": [ 2.0, 21.0 ], "autotile_index": 1.0, "tileset": "bg_tilefpepperiomoutation", "autotile": 1.0 }, "-256_480": { "coord": [ 2.0, 22.0 ], "autotile_index": 1.0, "tileset": "bg_tilefpepperiomoutation", "autotile": 1.0 }, "928_448": { "coord": [ 2.0, 22.0 ], "autotile_index": 1.0, "tileset": "bg_tilefpepperiomoutation", "autotile": 1.0 }, "-192_512": { "coord": [ 2.0, 22.0 ], "autotile_index": 1.0, "tileset": "bg_tilefpepperiomoutation", "autotile": 1.0 }, "-320_0": { "coord": [ 3.0, 22.0 ], "autotile_index": 1.0, "tileset": "bg_tilefpepperiomoutation", "autotile": 1.0 }, "-384_480": { "coord": [ 0.0, 0.0 ], "autotile_index": 1.0, "tileset": "bg_tilefpepperiomoutation", "autotile": 1.0 }, "416_480": { "coord": [ 2.0, 22.0 ], "autotile_index": 1.0, "tileset": "bg_tilefpepperiomoutation", "autotile": 1.0 }, "-128_480": { "coord": [ 2.0, 22.0 ], "autotile_index": 1.0, "tileset": "bg_tilefpepperiomoutation", "autotile": 1.0 }, "-320_32": { "autotile": 0.0, "autotile_index": 0.0, "tileset": "bg_tilefpepperiomoutation", "coord": [ 3.0, 28.0 ] }, "928_64": { "autotile": 1.0, "autotile_index": 1.0, "tileset": "bg_tilefpepperiomoutation", "coord": [ 1.0, 22.0 ] }, "-288_64": { "coord": [ 4.0, 23.0 ], "autotile_index": 1.0, "tileset": "bg_tilefpepperiomoutation", "autotile": 1.0 }, "768_320": { "coord": [ 3.0, 20.0 ], "autotile_index": 1.0, "tileset": "bg_tilefpepperiomoutation", "autotile": 1.0 }, "-128_256": { "coord": [ 2.0, 21.0 ], "autotile_index": 1.0, "tileset": "bg_tilefpepperiomoutation", "autotile": 1.0 }, "-96_448": { "coord": [ 2.0, 22.0 ], "autotile_index": 1.0, "tileset": "bg_tilefpepperiomoutation", "autotile": 1.0 }, "-32_512": { "coord": [ 2.0, 22.0 ], "autotile_index": 1.0, "tileset": "bg_tilefpepperiomoutation", "autotile": 1.0 }, "480_384": { "coord": [ 2.0, 22.0 ], "autotile_index": 1.0, "tileset": "bg_tilefpepperiomoutation", "autotile": 1.0 }, "224_-128": { "coord": [ 2.0, 23.0 ], "autotile_index": 1.0, "tileset": "bg_tilefpepperiomoutation", "autotile": 1.0 }, "672_448": { "coord": [ 2.0, 22.0 ], "autotile_index": 1.0, "tileset": "bg_tilefpepperiomoutation", "autotile": 1.0 }, "480_512": { "coord": [ 2.0, 22.0 ], "autotile_index": 1.0, "tileset": "bg_tilefpepperiomoutation", "autotile": 1.0 }, "608_-96": { "coord": [ 1.0, 24.0 ], "autotile_index": 1.0, "tileset": "bg_tilefpepperiomoutation", "autotile": 1.0 }, "448_384": { "coord": [ 1.0, 22.0 ], "autotile_index": 1.0, "tileset": "bg_tilefpepperiomoutation", "autotile": 1.0 }, "-288_128": { "coord": [ 4.0, 23.0 ], "autotile_index": 1.0, "tileset": "bg_tilefpepperiomoutation", "autotile": 1.0 }, "672_512": { "coord": [ 2.0, 22.0 ], "autotile_index": 1.0, "tileset": "bg_tilefpepperiomoutation", "autotile": 1.0 }, "32_-128": { "coord": [ 2.0, 23.0 ], "autotile_index": 1.0, "tileset": "bg_tilefpepperiomoutation", "autotile": 1.0 }, "-32_448": { "coord": [ 2.0, 22.0 ], "autotile_index": 1.0, "tileset": "bg_tilefpepperiomoutation", "autotile": 1.0 }, "384_512": { "coord": [ 2.0, 22.0 ], "autotile_index": 1.0, "tileset": "bg_tilefpepperiomoutation", "autotile": 1.0 }, "-96_-128": { "coord": [ 2.0, 23.0 ], "autotile_index": 1.0, "tileset": "bg_tilefpepperiomoutation", "autotile": 1.0 }, "704_416": { "autotile": 0.0, "autotile_index": 0.0, "tileset": "bg_tilefpepperiomoutation", "coord": [ 2.0, 27.0 ] }, "32_352": { "coord": [ 2.0, 22.0 ], "autotile_index": 1.0, "tileset": "bg_tilefpepperiomoutation", "autotile": 1.0 }, "-256_352": { "coord": [ 2.0, 22.0 ], "autotile_index": 1.0, "tileset": "bg_tilefpepperiomoutation", "autotile": 1.0 }, "448_512": { "coord": [ 2.0, 22.0 ], "autotile_index": 1.0, "tileset": "bg_tilefpepperiomoutation", "autotile": 1.0 }, "-224_-96": { "coord": [ 3.0, 24.0 ], "autotile_index": 1.0, "tileset": "bg_tilefpepperiomoutation", "autotile": 1.0 }, "-160_512": { "coord": [ 2.0, 22.0 ], "autotile_index": 1.0, "tileset": "bg_tilefpepperiomoutation", "autotile": 1.0 }, "736_-128": { "coord": [ 2.0, 23.0 ], "autotile_index": 1.0, "tileset": "bg_tilefpepperiomoutation", "autotile": 1.0 }, "448_480": { "coord": [ 2.0, 22.0 ], "autotile_index": 1.0, "tileset": "bg_tilefpepperiomoutation", "autotile": 1.0 }, "800_480": { "autotile": 0.0, "autotile_index": 0.0, "tileset": "bg_tilefpepperiomoutation", "coord": [ 4.0, 26.0 ] }, "768_352": { "coord": [ 2.0, 21.0 ], "autotile_index": 1.0, "tileset": "bg_tilefpepperiomoutation", "autotile": 1.0 }, "-32_256": { "coord": [ 2.0, 21.0 ], "autotile_index": 1.0, "tileset": "bg_tilefpepperiomoutation", "autotile": 1.0 }, "64_352": { "coord": [ 2.0, 22.0 ], "autotile_index": 1.0, "tileset": "bg_tilefpepperiomoutation", "autotile": 1.0 }, "416_352": { "coord": [ 0.0, 22.0 ], "autotile_index": 1.0, "tileset": "bg_tilefpepperiomoutation", "autotile": 1.0 }, "224_416": { "coord": [ 1.0, 20.0 ], "autotile_index": 1.0, "tileset": "bg_tilefpepperiomoutation", "autotile": 1.0 }, "32_256": { "coord": [ 2.0, 21.0 ], "autotile_index": 1.0, "tileset": "bg_tilefpepperiomoutation", "autotile": 1.0 }, "-128_448": { "coord": [ 2.0, 22.0 ], "autotile_index": 1.0, "tileset": "bg_tilefpepperiomoutation", "autotile": 1.0 }, "640_480": { "coord": [ 2.0, 22.0 ], "autotile_index": 1.0, "tileset": "bg_tilefpepperiomoutation", "autotile": 1.0 }, "-32_-96": { "coord": [ 2.0, 24.0 ], "autotile_index": 1.0, "tileset": "bg_tilefpepperiomoutation", "autotile": 1.0 }, "-288_480": { "coord": [ 2.0, 22.0 ], "autotile_index": 1.0, "tileset": "bg_tilefpepperiomoutation", "autotile": 1.0 }, "160_416": { "coord": [ 3.0, 22.0 ], "autotile_index": 1.0, "tileset": "bg_tilefpepperiomoutation", "autotile": 1.0 }, "96_480": { "coord": [ 2.0, 22.0 ], "autotile_index": 1.0, "tileset": "bg_tilefpepperiomoutation", "autotile": 1.0 }, "576_-128": { "coord": [ 2.0, 23.0 ], "autotile_index": 1.0, "tileset": "bg_tilefpepperiomoutation", "autotile": 1.0 }, "-320_-64": { "coord": [ 3.0, 22.0 ], "autotile_index": 1.0, "tileset": "bg_tilefpepperiomoutation", "autotile": 1.0 }, "-64_448": { "coord": [ 2.0, 22.0 ], "autotile_index": 1.0, "tileset": "bg_tilefpepperiomoutation", "autotile": 1.0 }, "864_384": { "coord": [ 2.0, 22.0 ], "autotile_index": 1.0, "tileset": "bg_tilefpepperiomoutation", "autotile": 1.0 }, "672_480": { "coord": [ 2.0, 22.0 ], "autotile_index": 1.0, "tileset": "bg_tilefpepperiomoutation", "autotile": 1.0 }, "480_-128": { "coord": [ 2.0, 23.0 ], "autotile_index": 1.0, "tileset": "bg_tilefpepperiomoutation", "autotile": 1.0 }, "448_320": { "coord": [ 3.0, 20.0 ], "autotile_index": 1.0, "tileset": "bg_tilefpepperiomoutation", "autotile": 1.0 }, "832_384": { "coord": [ 2.0, 22.0 ], "autotile_index": 1.0, "tileset": "bg_tilefpepperiomoutation", "autotile": 1.0 }, "448_-128": { "coord": [ 2.0, 23.0 ], "autotile_index": 1.0, "tileset": "bg_tilefpepperiomoutation", "autotile": 1.0 }, "-224_320": { "autotile": 0.0, "autotile_index": 0.0, "tileset": "bg_tilefpepperiomoutation", "coord": [ 1.0, 30.0 ] }, "-192_-128": { "coord": [ 2.0, 23.0 ], "autotile_index": 1.0, "tileset": "bg_tilefpepperiomoutation", "autotile": 1.0 }, "-288_224": { "coord": [ 5.0, 22.0 ], "autotile_index": 1.0, "tileset": "bg_tilefpepperiomoutation", "autotile": 1.0 }, "320_416": { "coord": [ 3.0, 20.0 ], "autotile_index": 1.0, "tileset": "bg_tilefpepperiomoutation", "autotile": 1.0 }, "-64_480": { "coord": [ 2.0, 22.0 ], "autotile_index": 1.0, "tileset": "bg_tilefpepperiomoutation", "autotile": 1.0 }, "-160_288": { "coord": [ 2.0, 22.0 ], "autotile_index": 1.0, "tileset": "bg_tilefpepperiomoutation", "autotile": 1.0 }, "-256_288": { "autotile": 0.0, "autotile_index": 0.0, "tileset": "bg_tilefpepperiomoutation", "coord": [ 0.0, 29.0 ] }, "736_448": { "coord": [ 2.0, 22.0 ], "autotile_index": 1.0, "tileset": "bg_tilefpepperiomoutation", "autotile": 1.0 }, "672_384": { "coord": [ 2.0, 22.0 ], "autotile_index": 1.0, "tileset": "bg_tilefpepperiomoutation", "autotile": 1.0 }, "416_512": { "coord": [ 2.0, 22.0 ], "autotile_index": 1.0, "tileset": "bg_tilefpepperiomoutation", "autotile": 1.0 }, "-160_-128": { "coord": [ 2.0, 23.0 ], "autotile_index": 1.0, "tileset": "bg_tilefpepperiomoutation", "autotile": 1.0 }, "0_288": { "coord": [ 2.0, 22.0 ], "autotile_index": 1.0, "tileset": "bg_tilefpepperiomoutation", "autotile": 1.0 }, "448_-96": { "coord": [ 2.0, 24.0 ], "autotile_index": 1.0, "tileset": "bg_tilefpepperiomoutation", "autotile": 1.0 }, "928_0": { "autotile": 0.0, "autotile_index": 0.0, "tileset": "bg_tilefpepperiomoutation", "coord": [ 3.0, 28.0 ] }, "576_416": { "coord": [ 2.0, 22.0 ], "autotile_index": 1.0, "tileset": "bg_tilefpepperiomoutation", "autotile": 1.0 }, "-160_-96": { "coord": [ 1.0, 24.0 ], "autotile_index": 1.0, "tileset": "bg_tilefpepperiomoutation", "autotile": 1.0 }, "-256_-96": { "coord": [ 1.0, 24.0 ], "autotile_index": 1.0, "tileset": "bg_tilefpepperiomoutation", "autotile": 1.0 }, "896_32": { "autotile": 1.0, "autotile_index": 1.0, "tileset": "bg_tilefpepperiomoutation", "coord": [ 0.0, 22.0 ] }, "640_-96": { "coord": [ 2.0, 24.0 ], "autotile_index": 1.0, "tileset": "bg_tilefpepperiomoutation", "autotile": 1.0 }, "192_-96": { "coord": [ 1.0, 24.0 ], "autotile_index": 1.0, "tileset": "bg_tilefpepperiomoutation", "autotile": 1.0 }, "608_480": { "coord": [ 2.0, 22.0 ], "autotile_index": 1.0, "tileset": "bg_tilefpepperiomoutation", "autotile": 1.0 }, "-32_480": { "coord": [ 2.0, 22.0 ], "autotile_index": 1.0, "tileset": "bg_tilefpepperiomoutation", "autotile": 1.0 }, "768_-128": { "coord": [ 2.0, 23.0 ], "autotile_index": 1.0, "tileset": "bg_tilefpepperiomoutation", "autotile": 1.0 }, "-192_224": { "coord": [ 2.0, 20.0 ], "autotile_index": 1.0, "tileset": "bg_tilefpepperiomoutation", "autotile": 1.0 }, "544_416": { "autotile": 0.0, "autotile_index": 0.0, "tileset": "bg_tilefpepperiomoutation", "coord": [ 1.0, 29.0 ] }, "288_512": { "coord": [ 2.0, 22.0 ], "autotile_index": 1.0, "tileset": "bg_tilefpepperiomoutation", "autotile": 1.0 }, "352_448": { "coord": [ 2.0, 21.0 ], "autotile_index": 1.0, "tileset": "bg_tilefpepperiomoutation", "autotile": 1.0 }, "-288_96": { "coord": [ 4.0, 23.0 ], "autotile_index": 1.0, "tileset": "bg_tilefpepperiomoutation", "autotile": 1.0 }, "-128_512": { "coord": [ 2.0, 22.0 ], "autotile_index": 1.0, "tileset": "bg_tilefpepperiomoutation", "autotile": 1.0 }, "608_224": { "autotile": 0.0, "autotile_index": 0.0, "tileset": "tile_freezer2", "coord": [ 0.0, 21.0 ] }, "-320_160": { "coord": [ 3.0, 22.0 ], "autotile_index": 1.0, "tileset": "bg_tilefpepperiomoutation", "autotile": 1.0 }, "96_320": { "coord": [ 2.0, 22.0 ], "autotile_index": 1.0, "tileset": "bg_tilefpepperiomoutation", "autotile": 1.0 }, "800_320": { "coord": [ 1.0, 20.0 ], "autotile_index": 1.0, "tileset": "bg_tilefpepperiomoutation", "autotile": 1.0 }, "-320_192": { "coord": [ 3.0, 22.0 ], "autotile_index": 1.0, "tileset": "bg_tilefpepperiomoutation", "autotile": 1.0 }, "640_416": { "coord": [ 2.0, 22.0 ], "autotile_index": 1.0, "tileset": "bg_tilefpepperiomoutation", "autotile": 1.0 }, "704_-96": { "coord": [ 1.0, 24.0 ], "autotile_index": 1.0, "tileset": "bg_tilefpepperiomoutation", "autotile": 1.0 }, "64_288": { "autotile": 0.0, "autotile_index": 0.0, "tileset": "bg_tilefpepperiomoutation", "coord": [ 2.0, 28.0 ] }, "-160_480": { "coord": [ 2.0, 22.0 ], "autotile_index": 1.0, "tileset": "bg_tilefpepperiomoutation", "autotile": 1.0 }, "-288_320": { "coord": [ 2.0, 22.0 ], "autotile_index": 1.0, "tileset": "bg_tilefpepperiomoutation", "autotile": 1.0 }, "-224_480": { "coord": [ 2.0, 22.0 ], "autotile_index": 1.0, "tileset": "bg_tilefpepperiomoutation", "autotile": 1.0 }, "928_352": { "coord": [ 2.0, 21.0 ], "autotile_index": 1.0, "tileset": "bg_tilefpepperiomoutation", "autotile": 1.0 }, "-320_416": { "coord": [ 2.0, 22.0 ], "autotile_index": 1.0, "tileset": "bg_tilefpepperiomoutation", "autotile": 1.0 }, "608_-128": { "coord": [ 2.0, 23.0 ], "autotile_index": 1.0, "tileset": "bg_tilefpepperiomoutation", "autotile": 1.0 }, "-64_-96": { "coord": [ 1.0, 24.0 ], "autotile_index": 1.0, "tileset": "bg_tilefpepperiomoutation", "autotile": 1.0 }, "416_416": { "coord": [ 7.0, 22.0 ], "autotile_index": 1.0, "tileset": "bg_tilefpepperiomoutation", "autotile": 1.0 }, "-160_384": { "autotile": 0.0, "autotile_index": 0.0, "tileset": "bg_tilefpepperiomoutation", "coord": [ 1.0, 26.0 ] }, "192_384": { "coord": [ 4.0, 21.0 ], "autotile_index": 1.0, "tileset": "bg_tilefpepperiomoutation", "autotile": 1.0 }, "992_-96": { "autotile": 1.0, "autotile_index": 0.0, "tileset": "tile_freezer2", "coord": [ 0.0, 0.0 ] }, "544_-128": { "coord": [ 2.0, 23.0 ], "autotile_index": 1.0, "tileset": "bg_tilefpepperiomoutation", "autotile": 1.0 }, "-288_-32": { "coord": [ 4.0, 23.0 ], "autotile_index": 1.0, "tileset": "bg_tilefpepperiomoutation", "autotile": 1.0 }, "-160_352": { "autotile": 0.0, "autotile_index": 0.0, "tileset": "bg_tilefpepperiomoutation", "coord": [ 1.0, 25.0 ] }, "640_384": { "coord": [ 2.0, 22.0 ], "autotile_index": 1.0, "tileset": "bg_tilefpepperiomoutation", "autotile": 1.0 }, "-128_352": { "autotile": 0.0, "autotile_index": 0.0, "tileset": "bg_tilefpepperiomoutation", "coord": [ 2.0, 25.0 ] }, "224_512": { "coord": [ 2.0, 22.0 ], "autotile_index": 1.0, "tileset": "bg_tilefpepperiomoutation", "autotile": 1.0 }, "320_-128": { "coord": [ 2.0, 23.0 ], "autotile_index": 1.0, "tileset": "bg_tilefpepperiomoutation", "autotile": 1.0 }, "-64_320": { "coord": [ 2.0, 22.0 ], "autotile_index": 1.0, "tileset": "bg_tilefpepperiomoutation", "autotile": 1.0 }, "832_-96": { "coord": [ 3.0, 24.0 ], "autotile_index": 1.0, "tileset": "bg_tilefpepperiomoutation", "autotile": 1.0 }, "768_-96": { "coord": [ 2.0, 24.0 ], "autotile_index": 1.0, "tileset": "bg_tilefpepperiomoutation", "autotile": 1.0 }, "-64_384": { "autotile": 0.0, "autotile_index": 0.0, "tileset": "bg_tilefpepperiomoutation", "coord": [ 4.0, 26.0 ] }, "192_512": { "coord": [ 2.0, 22.0 ], "autotile_index": 1.0, "tileset": "bg_tilefpepperiomoutation", "autotile": 1.0 }, "-192_288": { "coord": [ 2.0, 22.0 ], "autotile_index": 1.0, "tileset": "bg_tilefpepperiomoutation", "autotile": 1.0 }, "-192_256": { "coord": [ 2.0, 21.0 ], "autotile_index": 1.0, "tileset": "bg_tilefpepperiomoutation", "autotile": 1.0 }, "-224_-128": { "coord": [ 2.0, 23.0 ], "autotile_index": 1.0, "tileset": "bg_tilefpepperiomoutation", "autotile": 1.0 }, "64_224": { "coord": [ 3.0, 20.0 ], "autotile_index": 1.0, "tileset": "bg_tilefpepperiomoutation", "autotile": 1.0 }, "-192_480": { "coord": [ 2.0, 22.0 ], "autotile_index": 1.0, "tileset": "bg_tilefpepperiomoutation", "autotile": 1.0 }, "128_-128": { "coord": [ 2.0, 23.0 ], "autotile_index": 1.0, "tileset": "bg_tilefpepperiomoutation", "autotile": 1.0 }, "-320_64": { "coord": [ 3.0, 22.0 ], "autotile_index": 1.0, "tileset": "bg_tilefpepperiomoutation", "autotile": 1.0 }, "288_448": { "coord": [ 2.0, 21.0 ], "autotile_index": 1.0, "tileset": "bg_tilefpepperiomoutation", "autotile": 1.0 }, "384_416": { "coord": [ 3.0, 20.0 ], "autotile_index": 1.0, "tileset": "bg_tilefpepperiomoutation", "autotile": 1.0 }, "-64_-128": { "coord": [ 2.0, 23.0 ], "autotile_index": 1.0, "tileset": "bg_tilefpepperiomoutation", "autotile": 1.0 }, "480_-96": { "coord": [ 3.0, 24.0 ], "autotile_index": 1.0, "tileset": "bg_tilefpepperiomoutation", "autotile": 1.0 }, "-352_512": { "coord": [ 0.0, 0.0 ], "autotile_index": 1.0, "tileset": "bg_tilefpepperiomoutation", "autotile": 1.0 }, "160_288": { "coord": [ 3.0, 22.0 ], "autotile_index": 1.0, "tileset": "bg_tilefpepperiomoutation", "autotile": 1.0 }, "-96_480": { "coord": [ 2.0, 22.0 ], "autotile_index": 1.0, "tileset": "bg_tilefpepperiomoutation", "autotile": 1.0 }, "-288_352": { "coord": [ 2.0, 22.0 ], "autotile_index": 1.0, "tileset": "bg_tilefpepperiomoutation", "autotile": 1.0 }, "928_384": { "coord": [ 2.0, 22.0 ], "autotile_index": 1.0, "tileset": "bg_tilefpepperiomoutation", "autotile": 1.0 }, "-128_288": { "coord": [ 2.0, 22.0 ], "autotile_index": 1.0, "tileset": "bg_tilefpepperiomoutation", "autotile": 1.0 }, "896_-96": { "coord": [ 7.0, 20.0 ], "autotile_index": 1.0, "tileset": "bg_tilefpepperiomoutation", "autotile": 1.0 }, "192_288": { "coord": [ 4.0, 21.0 ], "autotile_index": 1.0, "tileset": "bg_tilefpepperiomoutation", "autotile": 1.0 }, "-192_448": { "coord": [ 2.0, 22.0 ], "autotile_index": 1.0, "tileset": "bg_tilefpepperiomoutation", "autotile": 1.0 }, "896_320": { "coord": [ 2.0, 20.0 ], "autotile_index": 1.0, "tileset": "bg_tilefpepperiomoutation", "autotile": 1.0 }, "608_448": { "coord": [ 2.0, 22.0 ], "autotile_index": 1.0, "tileset": "bg_tilefpepperiomoutation", "autotile": 1.0 }, "-160_256": { "coord": [ 2.0, 21.0 ], "autotile_index": 1.0, "tileset": "bg_tilefpepperiomoutation", "autotile": 1.0 }, "832_512": { "autotile": 0.0, "autotile_index": 0.0, "tileset": "bg_tilefpepperiomoutation", "coord": [ 5.0, 27.0 ] }, "-288_448": { "coord": [ 2.0, 22.0 ], "autotile_index": 1.0, "tileset": "bg_tilefpepperiomoutation", "autotile": 1.0 }, "-320_256": { "coord": [ 2.0, 22.0 ], "autotile_index": 1.0, "tileset": "bg_tilefpepperiomoutation", "autotile": 1.0 }, "-160_224": { "coord": [ 1.0, 20.0 ], "autotile_index": 1.0, "tileset": "bg_tilefpepperiomoutation", "autotile": 1.0 }, "512_512": { "coord": [ 2.0, 22.0 ], "autotile_index": 1.0, "tileset": "bg_tilefpepperiomoutation", "autotile": 1.0 }, "0_352": { "coord": [ 2.0, 22.0 ], "autotile_index": 1.0, "tileset": "bg_tilefpepperiomoutation", "autotile": 1.0 }, "96_384": { "coord": [ 2.0, 22.0 ], "autotile_index": 1.0, "tileset": "bg_tilefpepperiomoutation", "autotile": 1.0 }, "800_512": { "autotile": 0.0, "autotile_index": 0.0, "tileset": "bg_tilefpepperiomoutation", "coord": [ 4.0, 27.0 ] }, "0_224": { "coord": [ 1.0, 20.0 ], "autotile_index": 1.0, "tileset": "bg_tilefpepperiomoutation", "autotile": 1.0 }, "0_-96": { "coord": [ 1.0, 24.0 ], "autotile_index": 1.0, "tileset": "bg_tilefpepperiomoutation", "autotile": 1.0 }, "128_448": { "coord": [ 2.0, 22.0 ], "autotile_index": 1.0, "tileset": "bg_tilefpepperiomoutation", "autotile": 1.0 }, "128_512": { "coord": [ 2.0, 22.0 ], "autotile_index": 1.0, "tileset": "bg_tilefpepperiomoutation", "autotile": 1.0 }, "64_256": { "coord": [ 2.0, 21.0 ], "autotile_index": 1.0, "tileset": "bg_tilefpepperiomoutation", "autotile": 1.0 }, "352_-128": { "coord": [ 2.0, 23.0 ], "autotile_index": 1.0, "tileset": "bg_tilefpepperiomoutation", "autotile": 1.0 }, "-32_320": { "coord": [ 2.0, 22.0 ], "autotile_index": 1.0, "tileset": "bg_tilefpepperiomoutation", "autotile": 1.0 }, "704_448": { "coord": [ 2.0, 22.0 ], "autotile_index": 1.0, "tileset": "bg_tilefpepperiomoutation", "autotile": 1.0 }, "-192_320": { "coord": [ 2.0, 22.0 ], "autotile_index": 1.0, "tileset": "bg_tilefpepperiomoutation", "autotile": 1.0 }, "288_-128": { "autotile": 0.0, "autotile_index": 0.0, "tileset": "bg_tilefpepperiomoutation", "coord": [ 2.0, 28.0 ] }, "64_448": { "coord": [ 2.0, 22.0 ], "autotile_index": 1.0, "tileset": "bg_tilefpepperiomoutation", "autotile": 1.0 }, "-224_256": { "autotile": 0.0, "autotile_index": 0.0, "tileset": "bg_tilefpepperiomoutation", "coord": [ 1.0, 28.0 ] }, "-320_96": { "coord": [ 3.0, 22.0 ], "autotile_index": 1.0, "tileset": "bg_tilefpepperiomoutation", "autotile": 1.0 }, "64_416": { "coord": [ 2.0, 22.0 ], "autotile_index": 1.0, "tileset": "bg_tilefpepperiomoutation", "autotile": 1.0 }, "960_-128": { "autotile": 1.0, "autotile_index": 0.0, "tileset": "tile_freezer2", "coord": [ 0.0, 0.0 ] }, "-320_320": { "coord": [ 2.0, 22.0 ], "autotile_index": 1.0, "tileset": "bg_tilefpepperiomoutation", "autotile": 1.0 }, "-96_224": { "coord": [ 2.0, 20.0 ], "autotile_index": 1.0, "tileset": "bg_tilefpepperiomoutation", "autotile": 1.0 }, "896_160": { "autotile": 1.0, "autotile_index": 1.0, "tileset": "bg_tilefpepperiomoutation", "coord": [ 0.0, 24.0 ] }, "-320_-32": { "coord": [ 3.0, 22.0 ], "autotile_index": 1.0, "tileset": "bg_tilefpepperiomoutation", "autotile": 1.0 }, "672_416": { "coord": [ 2.0, 22.0 ], "autotile_index": 1.0, "tileset": "bg_tilefpepperiomoutation", "autotile": 1.0 }, "-96_256": { "coord": [ 2.0, 21.0 ], "autotile_index": 1.0, "tileset": "bg_tilefpepperiomoutation", "autotile": 1.0 }, "768_480": { "coord": [ 2.0, 22.0 ], "autotile_index": 1.0, "tileset": "bg_tilefpepperiomoutation", "autotile": 1.0 }, "-32_224": { "coord": [ 2.0, 20.0 ], "autotile_index": 1.0, "tileset": "bg_tilefpepperiomoutation", "autotile": 1.0 }, "512_-96": { "coord": [ 3.0, 24.0 ], "autotile_index": 1.0, "tileset": "bg_tilefpepperiomoutation", "autotile": 1.0 }, "160_384": { "coord": [ 3.0, 22.0 ], "autotile_index": 1.0, "tileset": "bg_tilefpepperiomoutation", "autotile": 1.0 }, "-64_512": { "coord": [ 2.0, 22.0 ], "autotile_index": 1.0, "tileset": "bg_tilefpepperiomoutation", "autotile": 1.0 }, "352_-96": { "coord": [ 1.0, 24.0 ], "autotile_index": 1.0, "tileset": "bg_tilefpepperiomoutation", "autotile": 1.0 }, "480_480": { "coord": [ 2.0, 22.0 ], "autotile_index": 1.0, "tileset": "bg_tilefpepperiomoutation", "autotile": 1.0 }, "-128_224": { "coord": [ 2.0, 20.0 ], "autotile_index": 1.0, "tileset": "bg_tilefpepperiomoutation", "autotile": 1.0 }, "-160_416": { "autotile": 0.0, "autotile_index": 0.0, "tileset": "bg_tilefpepperiomoutation", "coord": [ 1.0, 27.0 ] }, "512_352": { "coord": [ 2.0, 21.0 ], "autotile_index": 1.0, "tileset": "bg_tilefpepperiomoutation", "autotile": 1.0 }, "864_-128": { "coord": [ 2.0, 23.0 ], "autotile_index": 1.0, "tileset": "bg_tilefpepperiomoutation", "autotile": 1.0 }, "896_96": { "autotile": 1.0, "autotile_index": 1.0, "tileset": "bg_tilefpepperiomoutation", "coord": [ 0.0, 23.0 ] }, "320_448": { "coord": [ 2.0, 21.0 ], "autotile_index": 1.0, "tileset": "bg_tilefpepperiomoutation", "autotile": 1.0 }, "896_480": { "coord": [ 2.0, 22.0 ], "autotile_index": 1.0, "tileset": "bg_tilefpepperiomoutation", "autotile": 1.0 }, "64_-96": { "coord": [ 3.0, 24.0 ], "autotile_index": 1.0, "tileset": "bg_tilefpepperiomoutation", "autotile": 1.0 }, "-224_416": { "coord": [ 2.0, 22.0 ], "autotile_index": 1.0, "tileset": "bg_tilefpepperiomoutation", "autotile": 1.0 }, "928_416": { "coord": [ 2.0, 22.0 ], "autotile_index": 1.0, "tileset": "bg_tilefpepperiomoutation", "autotile": 1.0 }, "-256_256": { "autotile": 0.0, "autotile_index": 0.0, "tileset": "bg_tilefpepperiomoutation", "coord": [ 0.0, 28.0 ] }, "608_512": { "coord": [ 2.0, 22.0 ], "autotile_index": 1.0, "tileset": "bg_tilefpepperiomoutation", "autotile": 1.0 }, "128_288": { "coord": [ 2.0, 22.0 ], "autotile_index": 1.0, "tileset": "bg_tilefpepperiomoutation", "autotile": 1.0 }, "32_512": { "coord": [ 2.0, 22.0 ], "autotile_index": 1.0, "tileset": "bg_tilefpepperiomoutation", "autotile": 1.0 } } }, "backgrounds": { "4": { "x": 0.0, "scroll_x": 0.75, "tile_y": 0.0, "hspeed": 0.0, "scroll_y": 0.0, "panic_sprite": -1.0, "y": 0.0, "sprite": "caves_peprone", "tile_x": 1.0, "vspeed": 0.0, "image_speed": 15.0 } }, "properties": { "songTransitionTime": 100.0, "roomX": -320.0, "levelWidth": 960.0, "roomY": -128.0, "levelHeight": 540.0, "song": "frozon_pepper" } }