{ "editorVersion": 5.0, "instances": [ { "layer": 0.0, "deleted": 0.0, "variables": { "x": -288.0, "y": 416.0, "image_xscale": 45.0, "image_yscale": 4.0, "flipX": 0.0, "flipY": 0.0 }, "object": 517.0 }, { "layer": 0.0, "deleted": 0.0, "variables": { "x": 208.0, "y": 320.0 }, "object": 804.0 }, { "layer": 0.0, "deleted": 0.0, "variables": { "x": 224.0, "flipX": 0.0, "y": 224.0, "flipY": 0.0 }, "object": 770.0 }, { "layer": 0.0, "deleted": 0.0, "variables": { "x": 96.0, "y": 352.0, "image_xscale": 8.0, "image_yscale": 2.0, "flipX": 0.0, "flipY": 0.0 }, "object": 517.0 }, { "layer": 0.0, "deleted": 0.0, "variables": { "x": -288.0, "y": -128.0, "image_xscale": 5.0, "image_yscale": 13.0, "flipX": 0.0, "flipY": 0.0 }, "object": 517.0 }, { "layer": 0.0, "deleted": 0.0, "variables": { "x": 768.0, "y": 192.0, "image_xscale": 1.0, "image_yscale": 1.0, "flipX": 0.0, "flipY": 0.0 }, "object": 730.0 }, { "layer": 0.0, "deleted": 0.0, "variables": { "x": -128.0, "y": -160.0, "image_xscale": 60.0, "image_yscale": 1.0, "flipX": 0.0, "flipY": 0.0 }, "object": 517.0 }, { "layer": 0.0, "deleted": 0.0, "variables": { "x": 1792.0, "y": -128.0, "image_xscale": 5.0, "image_yscale": 9.0, "flipX": 0.0, "flipY": 0.0 }, "object": 517.0 }, { "layer": 0.0, "deleted": 0.0, "variables": { "x": 352.0, "y": 352.0, "image_xscale": 4.0, "image_yscale": 2.0, "flipX": 1.0, "flipY": 0.0 }, "object": 516.0 }, { "layer": 0.0, "deleted": 0.0, "variables": { "x": 768.0, "y": 256.0, "image_xscale": 4.0, "image_yscale": 1.0, "flipX": 0.0, "flipY": 0.0 }, "object": 722.0 }, { "layer": 0.0, "deleted": 0.0, "variables": { "x": 960.0, "flipX": 0.0, "y": 192.0, "flipY": 0.0 }, "object": 730.0 }, { "layer": 0.0, "deleted": 0.0, "variables": { "x": 1088.0, "flipX": 1.0, "y": 288.0, "flipY": 0.0 }, "object": 752.0 }, { "layer": 0.0, "deleted": 0.0, "variables": { "x": 1056.0, "flipX": 1.0, "y": 288.0, "flipY": 0.0 }, "object": 752.0 }, { "layer": 0.0, "deleted": 0.0, "variables": { "x": 1024.0, "flipX": 1.0, "y": 288.0, "flipY": 0.0 }, "object": 752.0 }, { "layer": 0.0, "deleted": 0.0, "variables": { "x": 1120.0, "flipX": 1.0, "y": 288.0, "flipY": 0.0 }, "object": 752.0 }, { "layer": 0.0, "deleted": 0.0, "variables": { "x": 896.0, "y": 256.0, "image_xscale": 4.0, "image_yscale": 2.0, "flipX": 1.0, "flipY": 0.0 }, "object": 517.0 }, { "layer": 0.0, "deleted": 0.0, "variables": { "x": 896.0, "y": 320.0, "image_xscale": 8.0, "image_yscale": 3.0, "flipX": 1.0, "flipY": 0.0 }, "object": 517.0 }, { "layer": 0.0, "deleted": 0.0, "variables": { "x": 1536.0, "y": 288.0, "image_xscale": 13.0, "image_yscale": 8.0, "flipX": 0.0, "flipY": 0.0 }, "object": 517.0 }, { "layer": 0.0, "deleted": 0.0, "variables": { "x": 1152.0, "y": 384.0, "image_xscale": 12.0, "image_yscale": 5.0, "flipX": 0.0, "flipY": 0.0 }, "object": 517.0 }, { "layer": 0.0, "deleted": 0.0, "variables": { "x": 1952.0, "y": 160.0, "targetRoom": "room1", "image_xscale": 1.0, "image_yscale": 2.0, "flipX": 1.0, "flipY": 0.0, "targetDoor": "B" }, "object": 801.0 }, { "layer": 0.0, "deleted": 0.0, "variables": { "x": 1856.0, "flipX": 0.0, "y": 256.0, "flipY": 0.0 }, "object": 805.0 }, { "layer": 0.0, "deleted": 0.0, "variables": { "x": 1408.0, "flipX": 1.0, "y": 337.5, "flipY": 0.0 }, "object": 670.0 }, { "layer": 0.0, "deleted": 0.0, "variables": { "x": 1280.0, "flipX": 0.0, "y": 337.5, "flipY": 0.0 }, "object": 646.0 }, { "layer": 0.0, "deleted": 0.0, "variables": { "x": 576.0, "flipX": 0.0, "y": 352.0, "flipY": 0.0 }, "object": 730.0 }, { "layer": 0.0, "deleted": 0.0, "variables": { "x": 768.0, "flipX": 0.0, "y": 369.5, "flipY": 0.0 }, "object": 646.0 }, { "layer": 0.0, "deleted": 0.0, "variables": { "x": 928.0, "flipX": 0.0, "y": 210.5, "flipY": 0.0 }, "object": 654.0 }, { "layer": 0.0, "deleted": 0.0, "variables": { "x": 1792.0, "flipX": 0.0, "y": 224.0, "flipY": 0.0 }, "object": 11.0 }, { "layer": 0.0, "deleted": 0.0, "variables": { "x": 1600.0, "y": 241.5, "image_xscale": 1.0, "image_yscale": 1.0, "escape": "true", "flipX": 0.0, "flipY": 0.0 }, "object": 670.0 }, { "layer": 0.0, "deleted": 0.0, "variables": { "x": 1760.0, "flipX": 0.0, "y": 224.0, "flipY": 0.0 }, "object": 11.0 }, { "layer": 0.0, "deleted": 0.0, "variables": { "x": 1728.0, "flipX": 0.0, "y": 224.0, "flipY": 0.0 }, "object": 11.0 }, { "layer": 0.0, "deleted": 0.0, "variables": { "x": 1696.0, "flipX": 0.0, "y": 224.0, "flipY": 0.0 }, "object": 11.0 }, { "layer": 0.0, "deleted": 0.0, "variables": { "x": -320.0, "y": 288.0, "targetRoom": "lap2", "image_xscale": 1.0, "image_yscale": 2.0, "flipX": 0.0, "flipY": 0.0, "targetDoor": "C" }, "object": 801.0 }, { "layer": 0.0, "deleted": 0.0, "variables": { "x": 1728.0, "flipX": 1.0, "y": 242.5, "flipY": 0.0 }, "object": 212.0 }, { "layer": 0.0, "deleted": 0.0, "variables": { "x": -224.0, "flipX": 0.0, "y": 384.0, "flipY": 0.0 }, "object": 806.0 } ], "tile_data": { "5": { "1856_288": { "autotile": 1.0, "autotile_index": 0.0, "tileset": "bg_tilefreezer", "coord": [ 4.0, 0.0 ] }, "1600_512": { "autotile": 1.0, "autotile_index": 0.0, "tileset": "bg_tilefreezer", "coord": [ 8.0, 2.0 ] }, "1856_96": { "autotile": 1.0, "autotile_index": 0.0, "tileset": "bg_tilefreezer", "coord": [ 8.0, 2.0 ] }, "1120_448": { "autotile": 1.0, "autotile_index": 0.0, "tileset": "bg_tilefreezer", "coord": [ 8.0, 2.0 ] }, "-192_32": { "coord": [ 8.0, 2.0 ], "autotile_index": 0.0, "tileset": "bg_tilefreezer", "autotile": 1.0 }, "1760_448": { "autotile": 1.0, "autotile_index": 0.0, "tileset": "bg_tilefreezer", "coord": [ 8.0, 2.0 ] }, "896_256": { "autotile": 1.0, "autotile_index": 1.0, "tileset": "bg_tilefreezer", "coord": [ 0.0, 20.0 ] }, "1664_352": { "autotile": 1.0, "autotile_index": 0.0, "tileset": "bg_tilefreezer", "coord": [ 8.0, 2.0 ] }, "1056_448": { "coord": [ 8.0, 2.0 ], "autotile_index": 0.0, "tileset": "bg_tilefreezer", "autotile": 1.0 }, "1888_-128": { "coord": [ 8.0, 2.0 ], "autotile_index": 0.0, "tileset": "bg_tilefreezer", "autotile": 1.0 }, "1792_480": { "coord": [ 8.0, 2.0 ], "autotile_index": 0.0, "tileset": "bg_tilefreezer", "autotile": 1.0 }, "1312_416": { "autotile": 1.0, "autotile_index": 0.0, "tileset": "bg_tilefreezer", "coord": [ 8.0, 2.0 ] }, "-96_416": { "autotile": 1.0, "autotile_index": 0.0, "tileset": "bg_tilefreezer", "coord": [ 2.0, 0.0 ] }, "128_352": { "coord": [ 4.0, 0.0 ], "autotile_index": 0.0, "tileset": "bg_tilefreezer", "autotile": 1.0 }, "608_384": { "autotile": 0.0, "autotile_index": 0.0, "tileset": "bg_tilefreezer", "coord": [ 7.0, 17.0 ] }, "960_480": { "coord": [ 8.0, 2.0 ], "autotile_index": 0.0, "tileset": "bg_tilefreezer", "autotile": 1.0 }, "1504_480": { "autotile": 1.0, "autotile_index": 0.0, "tileset": "bg_tilefreezer", "coord": [ 8.0, 2.0 ] }, "-160_128": { "coord": [ 5.0, 3.0 ], "autotile_index": 0.0, "tileset": "bg_tilefreezer", "autotile": 1.0 }, "1056_320": { "autotile": 1.0, "autotile_index": 1.0, "tileset": "bg_tilefreezer", "coord": [ 2.0, 20.0 ] }, "1856_512": { "coord": [ 8.0, 2.0 ], "autotile_index": 0.0, "tileset": "bg_tilefreezer", "autotile": 1.0 }, "-32_480": { "coord": [ 8.0, 2.0 ], "autotile_index": 0.0, "tileset": "bg_tilefreezer", "autotile": 1.0 }, "1152_448": { "autotile": 1.0, "autotile_index": 0.0, "tileset": "bg_tilefreezer", "coord": [ 8.0, 2.0 ] }, "1568_480": { "autotile": 1.0, "autotile_index": 0.0, "tileset": "bg_tilefreezer", "coord": [ 8.0, 2.0 ] }, "-128_480": { "coord": [ 8.0, 2.0 ], "autotile_index": 0.0, "tileset": "bg_tilefreezer", "autotile": 1.0 }, "608_512": { "autotile": 1.0, "autotile_index": 0.0, "tileset": "bg_tilefreezer", "coord": [ 8.0, 2.0 ] }, "1824_352": { "autotile": 1.0, "autotile_index": 0.0, "tileset": "bg_tilefreezer", "coord": [ 8.0, 2.0 ] }, "1856_448": { "coord": [ 8.0, 2.0 ], "autotile_index": 0.0, "tileset": "bg_tilefreezer", "autotile": 1.0 }, "320_416": { "coord": [ 2.0, 3.0 ], "autotile_index": 0.0, "tileset": "bg_tilefreezer", "autotile": 1.0 }, "-192_512": { "coord": [ 8.0, 2.0 ], "autotile_index": 0.0, "tileset": "bg_tilefreezer", "autotile": 1.0 }, "1632_288": { "autotile": 1.0, "autotile_index": 0.0, "tileset": "bg_tilefreezer", "coord": [ 2.0, 0.0 ] }, "960_416": { "coord": [ 2.0, 0.0 ], "autotile_index": 0.0, "tileset": "bg_tilefreezer", "autotile": 1.0 }, "800_512": { "autotile": 1.0, "autotile_index": 0.0, "tileset": "bg_tilefreezer", "coord": [ 8.0, 2.0 ] }, "-160_0": { "coord": [ 5.0, 1.0 ], "autotile_index": 0.0, "tileset": "bg_tilefreezer", "autotile": 1.0 }, "1600_384": { "autotile": 1.0, "autotile_index": 0.0, "tileset": "bg_tilefreezer", "coord": [ 8.0, 2.0 ] }, "1184_512": { "autotile": 1.0, "autotile_index": 0.0, "tileset": "bg_tilefreezer", "coord": [ 8.0, 2.0 ] }, "-192_-32": { "coord": [ 8.0, 2.0 ], "autotile_index": 0.0, "tileset": "bg_tilefreezer", "autotile": 1.0 }, "896_320": { "autotile": 1.0, "autotile_index": 1.0, "tileset": "bg_tilefreezer", "coord": [ 0.0, 23.0 ] }, "1504_384": { "autotile": 1.0, "autotile_index": 0.0, "tileset": "bg_tilefreezer", "coord": [ 2.0, 0.0 ] }, "-256_224": { "autotile": 1.0, "autotile_index": 0.0, "tileset": "bg_tilefreezer", "coord": [ 8.0, 2.0 ] }, "928_416": { "coord": [ 4.0, 0.0 ], "autotile_index": 0.0, "tileset": "bg_tilefreezer", "autotile": 1.0 }, "768_512": { "autotile": 1.0, "autotile_index": 0.0, "tileset": "bg_tilefreezer", "coord": [ 8.0, 2.0 ] }, "416_512": { "autotile": 1.0, "autotile_index": 0.0, "tileset": "bg_tilefreezer", "coord": [ 8.0, 2.0 ] }, "1792_-128": { "coord": [ 1.0, 2.0 ], "autotile_index": 0.0, "tileset": "bg_tilefreezer", "autotile": 1.0 }, "768_448": { "autotile": 1.0, "autotile_index": 0.0, "tileset": "bg_tilefreezer", "coord": [ 8.0, 2.0 ] }, "1472_384": { "autotile": 1.0, "autotile_index": 0.0, "tileset": "bg_tilefreezer", "coord": [ 4.0, 0.0 ] }, "768_480": { "autotile": 1.0, "autotile_index": 0.0, "tileset": "bg_tilefreezer", "coord": [ 8.0, 2.0 ] }, "1824_64": { "coord": [ 8.0, 2.0 ], "autotile_index": 0.0, "tileset": "bg_tilefreezer", "autotile": 1.0 }, "1760_416": { "autotile": 1.0, "autotile_index": 0.0, "tileset": "bg_tilefreezer", "coord": [ 8.0, 2.0 ] }, "1664_224": { "coord": [ 2.0, 3.0 ], "autotile_index": 0.0, "tileset": "cold_rock_tiles", "autotile": 0.0 }, "1568_416": { "autotile": 1.0, "autotile_index": 0.0, "tileset": "bg_tilefreezer", "coord": [ 8.0, 2.0 ] }, "288_480": { "autotile": 1.0, "autotile_index": 0.0, "tileset": "bg_tilefreezer", "coord": [ 8.0, 2.0 ] }, "1824_384": { "autotile": 1.0, "autotile_index": 0.0, "tileset": "bg_tilefreezer", "coord": [ 8.0, 2.0 ] }, "1728_416": { "autotile": 1.0, "autotile_index": 0.0, "tileset": "bg_tilefreezer", "coord": [ 8.0, 2.0 ] }, "480_416": { "autotile": 1.0, "autotile_index": 0.0, "tileset": "bg_tilefreezer", "coord": [ 2.0, 0.0 ] }, "0_416": { "coord": [ 2.0, 0.0 ], "autotile_index": 0.0, "tileset": "bg_tilefreezer", "autotile": 1.0 }, "640_480": { "autotile": 1.0, "autotile_index": 0.0, "tileset": "bg_tilefreezer", "coord": [ 8.0, 2.0 ] }, "1632_384": { "autotile": 1.0, "autotile_index": 0.0, "tileset": "bg_tilefreezer", "coord": [ 8.0, 2.0 ] }, "320_448": { "coord": [ 8.0, 2.0 ], "autotile_index": 0.0, "tileset": "bg_tilefreezer", "autotile": 1.0 }, "-256_-64": { "coord": [ 8.0, 2.0 ], "autotile_index": 0.0, "tileset": "bg_tilefreezer", "autotile": 1.0 }, "576_416": { "autotile": 1.0, "autotile_index": 0.0, "tileset": "bg_tilefreezer", "coord": [ 3.0, 0.0 ] }, "864_448": { "autotile": 1.0, "autotile_index": 0.0, "tileset": "bg_tilefreezer", "coord": [ 8.0, 2.0 ] }, "1792_-64": { "coord": [ 1.0, 2.0 ], "autotile_index": 0.0, "tileset": "bg_tilefreezer", "autotile": 1.0 }, "640_512": { "autotile": 1.0, "autotile_index": 0.0, "tileset": "bg_tilefreezer", "coord": [ 8.0, 2.0 ] }, "-128_448": { "autotile": 1.0, "autotile_index": 0.0, "tileset": "bg_tilefreezer", "coord": [ 8.0, 2.0 ] }, "832_256": { "autotile": 0.0, "autotile_index": 0.0, "tileset": "bg_tilefreezer", "coord": [ 13.0, 18.0 ] }, "1856_-32": { "coord": [ 8.0, 2.0 ], "autotile_index": 0.0, "tileset": "bg_tilefreezer", "autotile": 1.0 }, "32_448": { "coord": [ 8.0, 2.0 ], "autotile_index": 0.0, "tileset": "bg_tilefreezer", "autotile": 1.0 }, "1760_288": { "autotile": 1.0, "autotile_index": 0.0, "tileset": "bg_tilefreezer", "coord": [ 2.0, 0.0 ] }, "-256_-32": { "coord": [ 8.0, 2.0 ], "autotile_index": 0.0, "tileset": "bg_tilefreezer", "autotile": 1.0 }, "1376_384": { "autotile": 1.0, "autotile_index": 0.0, "tileset": "bg_tilefreezer", "coord": [ 4.0, 0.0 ] }, "-192_192": { "coord": [ 8.0, 2.0 ], "autotile_index": 0.0, "tileset": "bg_tilefreezer", "autotile": 1.0 }, "544_416": { "autotile": 1.0, "autotile_index": 0.0, "tileset": "bg_tilefreezer", "coord": [ 4.0, 0.0 ] }, "1184_384": { "autotile": 1.0, "autotile_index": 0.0, "tileset": "bg_tilefreezer", "coord": [ 3.0, 0.0 ] }, "96_448": { "coord": [ 8.0, 2.0 ], "autotile_index": 0.0, "tileset": "bg_tilefreezer", "autotile": 1.0 }, "608_320": { "autotile": 0.0, "autotile_index": 0.0, "tileset": "bg_tilefreezer", "coord": [ 7.0, 15.0 ] }, "1024_384": { "autotile": 1.0, "autotile_index": 1.0, "tileset": "bg_tilefreezer", "coord": [ 3.0, 24.0 ] }, "1088_512": { "autotile": 1.0, "autotile_index": 0.0, "tileset": "bg_tilefreezer", "coord": [ 8.0, 2.0 ] }, "1696_320": { "autotile": 1.0, "autotile_index": 0.0, "tileset": "bg_tilefreezer", "coord": [ 8.0, 2.0 ] }, "1888_288": { "autotile": 1.0, "autotile_index": 0.0, "tileset": "bg_tilefreezer", "coord": [ 2.0, 0.0 ] }, "1792_384": { "autotile": 1.0, "autotile_index": 0.0, "tileset": "bg_tilefreezer", "coord": [ 8.0, 2.0 ] }, "1760_512": { "coord": [ 8.0, 2.0 ], "autotile_index": 0.0, "tileset": "bg_tilefreezer", "autotile": 1.0 }, "-256_512": { "coord": [ 8.0, 2.0 ], "autotile_index": 0.0, "tileset": "bg_tilefreezer", "autotile": 1.0 }, "672_480": { "autotile": 1.0, "autotile_index": 0.0, "tileset": "bg_tilefreezer", "coord": [ 8.0, 2.0 ] }, "1888_448": { "coord": [ 8.0, 2.0 ], "autotile_index": 0.0, "tileset": "bg_tilefreezer", "autotile": 1.0 }, "-224_192": { "coord": [ 8.0, 2.0 ], "autotile_index": 0.0, "tileset": "bg_tilefreezer", "autotile": 1.0 }, "1728_352": { "autotile": 1.0, "autotile_index": 0.0, "tileset": "bg_tilefreezer", "coord": [ 8.0, 2.0 ] }, "1920_-64": { "coord": [ 0.0, 0.0 ], "autotile_index": 0.0, "tileset": "bg_tilefreezer", "autotile": 1.0 }, "512_448": { "autotile": 1.0, "autotile_index": 0.0, "tileset": "bg_tilefreezer", "coord": [ 8.0, 2.0 ] }, "1376_448": { "autotile": 1.0, "autotile_index": 0.0, "tileset": "bg_tilefreezer", "coord": [ 8.0, 2.0 ] }, "864_416": { "autotile": 1.0, "autotile_index": 0.0, "tileset": "bg_tilefreezer", "coord": [ 2.0, 0.0 ] }, "96_480": { "autotile": 1.0, "autotile_index": 0.0, "tileset": "bg_tilefreezer", "coord": [ 8.0, 2.0 ] }, "1600_320": { "autotile": 1.0, "autotile_index": 0.0, "tileset": "bg_tilefreezer", "coord": [ 8.0, 2.0 ] }, "928_384": { "autotile": 1.0, "autotile_index": 1.0, "tileset": "bg_tilefreezer", "coord": [ 1.0, 24.0 ] }, "1824_0": { "coord": [ 8.0, 2.0 ], "autotile_index": 0.0, "tileset": "bg_tilefreezer", "autotile": 1.0 }, "-192_64": { "coord": [ 8.0, 2.0 ], "autotile_index": 0.0, "tileset": "bg_tilefreezer", "autotile": 1.0 }, "608_288": { "autotile": 0.0, "autotile_index": 0.0, "tileset": "bg_tilefreezer", "coord": [ 7.0, 14.0 ] }, "-160_32": { "coord": [ 5.0, 1.0 ], "autotile_index": 0.0, "tileset": "bg_tilefreezer", "autotile": 1.0 }, "1056_480": { "coord": [ 8.0, 2.0 ], "autotile_index": 0.0, "tileset": "bg_tilefreezer", "autotile": 1.0 }, "800_480": { "autotile": 1.0, "autotile_index": 0.0, "tileset": "bg_tilefreezer", "coord": [ 8.0, 2.0 ] }, "736_480": { "autotile": 1.0, "autotile_index": 0.0, "tileset": "bg_tilefreezer", "coord": [ 8.0, 2.0 ] }, "-96_352": { "coord": [ 0.0, 3.0 ], "autotile_index": 0.0, "tileset": "cold_rock_tiles", "autotile": 0.0 }, "-192_-96": { "coord": [ 8.0, 2.0 ], "autotile_index": 0.0, "tileset": "bg_tilefreezer", "autotile": 1.0 }, "288_352": { "coord": [ 3.0, 0.0 ], "autotile_index": 0.0, "tileset": "bg_tilefreezer", "autotile": 1.0 }, "640_288": { "autotile": 0.0, "autotile_index": 0.0, "tileset": "bg_tilefreezer", "coord": [ 8.0, 14.0 ] }, "1920_0": { "coord": [ 0.0, 0.0 ], "autotile_index": 0.0, "tileset": "bg_tilefreezer", "autotile": 1.0 }, "160_352": { "coord": [ 2.0, 0.0 ], "autotile_index": 0.0, "tileset": "bg_tilefreezer", "autotile": 1.0 }, "1280_480": { "autotile": 1.0, "autotile_index": 0.0, "tileset": "bg_tilefreezer", "coord": [ 8.0, 2.0 ] }, "992_480": { "coord": [ 8.0, 2.0 ], "autotile_index": 0.0, "tileset": "bg_tilefreezer", "autotile": 1.0 }, "1088_384": { "autotile": 1.0, "autotile_index": 1.0, "tileset": "bg_tilefreezer", "coord": [ 3.0, 24.0 ] }, "32_480": { "coord": [ 8.0, 2.0 ], "autotile_index": 0.0, "tileset": "bg_tilefreezer", "autotile": 1.0 }, "1024_448": { "coord": [ 8.0, 2.0 ], "autotile_index": 0.0, "tileset": "bg_tilefreezer", "autotile": 1.0 }, "-32_512": { "coord": [ 8.0, 2.0 ], "autotile_index": 0.0, "tileset": "bg_tilefreezer", "autotile": 1.0 }, "800_416": { "autotile": 1.0, "autotile_index": 0.0, "tileset": "bg_tilefreezer", "coord": [ 3.0, 0.0 ] }, "-224_-64": { "coord": [ 8.0, 2.0 ], "autotile_index": 0.0, "tileset": "bg_tilefreezer", "autotile": 1.0 }, "1888_32": { "coord": [ 8.0, 2.0 ], "autotile_index": 0.0, "tileset": "bg_tilefreezer", "autotile": 1.0 }, "-256_448": { "autotile": 1.0, "autotile_index": 0.0, "tileset": "bg_tilefreezer", "coord": [ 8.0, 2.0 ] }, "1888_384": { "coord": [ 8.0, 2.0 ], "autotile_index": 0.0, "tileset": "bg_tilefreezer", "autotile": 1.0 }, "960_320": { "autotile": 1.0, "autotile_index": 1.0, "tileset": "bg_tilefreezer", "coord": [ 3.0, 22.0 ] }, "1792_288": { "autotile": 1.0, "autotile_index": 0.0, "tileset": "bg_tilefreezer", "coord": [ 3.0, 0.0 ] }, "480_512": { "autotile": 1.0, "autotile_index": 0.0, "tileset": "bg_tilefreezer", "coord": [ 8.0, 2.0 ] }, "1344_416": { "autotile": 1.0, "autotile_index": 0.0, "tileset": "bg_tilefreezer", "coord": [ 8.0, 2.0 ] }, "1472_448": { "autotile": 1.0, "autotile_index": 0.0, "tileset": "bg_tilefreezer", "coord": [ 8.0, 2.0 ] }, "224_352": { "coord": [ 2.0, 0.0 ], "autotile_index": 0.0, "tileset": "bg_tilefreezer", "autotile": 1.0 }, "1920_-32": { "coord": [ 0.0, 0.0 ], "autotile_index": 0.0, "tileset": "bg_tilefreezer", "autotile": 1.0 }, "1280_416": { "autotile": 1.0, "autotile_index": 0.0, "tileset": "bg_tilefreezer", "coord": [ 8.0, 2.0 ] }, "1888_512": { "coord": [ 8.0, 2.0 ], "autotile_index": 0.0, "tileset": "bg_tilefreezer", "autotile": 1.0 }, "416_384": { "coord": [ 14.0, 26.0 ], "autotile_index": 0.0, "tileset": "bg_tilefreezer", "autotile": 0.0 }, "1728_320": { "autotile": 1.0, "autotile_index": 0.0, "tileset": "bg_tilefreezer", "coord": [ 8.0, 2.0 ] }, "608_256": { "autotile": 0.0, "autotile_index": 0.0, "tileset": "bg_tilefreezer", "coord": [ 7.0, 13.0 ] }, "-192_160": { "coord": [ 8.0, 2.0 ], "autotile_index": 0.0, "tileset": "bg_tilefreezer", "autotile": 1.0 }, "1856_128": { "autotile": 1.0, "autotile_index": 0.0, "tileset": "bg_tilefreezer", "coord": [ 3.0, 4.0 ] }, "1632_256": { "coord": [ 1.0, 4.0 ], "autotile_index": 0.0, "tileset": "cold_rock_tiles", "autotile": 0.0 }, "1248_480": { "autotile": 1.0, "autotile_index": 0.0, "tileset": "bg_tilefreezer", "coord": [ 8.0, 2.0 ] }, "640_416": { "autotile": 1.0, "autotile_index": 0.0, "tileset": "bg_tilefreezer", "coord": [ 4.0, 0.0 ] }, "224_480": { "autotile": 1.0, "autotile_index": 0.0, "tileset": "bg_tilefreezer", "coord": [ 8.0, 2.0 ] }, "1376_416": { "autotile": 1.0, "autotile_index": 0.0, "tileset": "bg_tilefreezer", "coord": [ 8.0, 2.0 ] }, "928_256": { "autotile": 1.0, "autotile_index": 1.0, "tileset": "bg_tilefreezer", "coord": [ 1.0, 20.0 ] }, "1216_416": { "autotile": 1.0, "autotile_index": 0.0, "tileset": "bg_tilefreezer", "coord": [ 8.0, 2.0 ] }, "-128_512": { "coord": [ 8.0, 2.0 ], "autotile_index": 0.0, "tileset": "bg_tilefreezer", "autotile": 1.0 }, "864_480": { "autotile": 1.0, "autotile_index": 0.0, "tileset": "bg_tilefreezer", "coord": [ 8.0, 2.0 ] }, "-256_-96": { "coord": [ 8.0, 2.0 ], "autotile_index": 0.0, "tileset": "bg_tilefreezer", "autotile": 1.0 }, "-160_256": { "autotile": 1.0, "autotile_index": 0.0, "tileset": "bg_tilefreezer", "coord": [ 5.0, 4.0 ] }, "384_480": { "autotile": 1.0, "autotile_index": 0.0, "tileset": "bg_tilefreezer", "coord": [ 8.0, 2.0 ] }, "384_448": { "coord": [ 8.0, 2.0 ], "autotile_index": 0.0, "tileset": "bg_tilefreezer", "autotile": 1.0 }, "1664_512": { "autotile": 1.0, "autotile_index": 0.0, "tileset": "bg_tilefreezer", "coord": [ 8.0, 2.0 ] }, "-160_-128": { "coord": [ 5.0, 3.0 ], "autotile_index": 0.0, "tileset": "bg_tilefreezer", "autotile": 1.0 }, "736_448": { "autotile": 1.0, "autotile_index": 0.0, "tileset": "bg_tilefreezer", "coord": [ 8.0, 2.0 ] }, "-224_448": { "autotile": 1.0, "autotile_index": 0.0, "tileset": "bg_tilefreezer", "coord": [ 8.0, 2.0 ] }, "1408_448": { "autotile": 1.0, "autotile_index": 0.0, "tileset": "bg_tilefreezer", "coord": [ 8.0, 2.0 ] }, "448_480": { "autotile": 1.0, "autotile_index": 0.0, "tileset": "bg_tilefreezer", "coord": [ 8.0, 2.0 ] }, "192_480": { "autotile": 1.0, "autotile_index": 0.0, "tileset": "bg_tilefreezer", "coord": [ 8.0, 2.0 ] }, "1760_384": { "autotile": 1.0, "autotile_index": 0.0, "tileset": "bg_tilefreezer", "coord": [ 8.0, 2.0 ] }, "-64_416": { "coord": [ 4.0, 0.0 ], "autotile_index": 0.0, "tileset": "bg_tilefreezer", "autotile": 1.0 }, "416_352": { "coord": [ 14.0, 25.0 ], "autotile_index": 0.0, "tileset": "bg_tilefreezer", "autotile": 0.0 }, "192_384": { "coord": [ 8.0, 2.0 ], "autotile_index": 0.0, "tileset": "bg_tilefreezer", "autotile": 1.0 }, "832_512": { "autotile": 1.0, "autotile_index": 0.0, "tileset": "bg_tilefreezer", "coord": [ 8.0, 2.0 ] }, "-160_416": { "autotile": 1.0, "autotile_index": 0.0, "tileset": "bg_tilefreezer", "coord": [ 4.0, 0.0 ] }, "640_384": { "autotile": 0.0, "autotile_index": 0.0, "tileset": "bg_tilefreezer", "coord": [ 8.0, 17.0 ] }, "1152_512": { "autotile": 1.0, "autotile_index": 0.0, "tileset": "bg_tilefreezer", "coord": [ 8.0, 2.0 ] }, "864_256": { "autotile": 0.0, "autotile_index": 0.0, "tileset": "bg_tilefreezer", "coord": [ 14.0, 18.0 ] }, "480_448": { "autotile": 1.0, "autotile_index": 0.0, "tileset": "bg_tilefreezer", "coord": [ 8.0, 2.0 ] }, "1536_512": { "autotile": 1.0, "autotile_index": 0.0, "tileset": "bg_tilefreezer", "coord": [ 8.0, 2.0 ] }, "672_448": { "autotile": 1.0, "autotile_index": 0.0, "tileset": "bg_tilefreezer", "coord": [ 8.0, 2.0 ] }, "1824_416": { "autotile": 1.0, "autotile_index": 0.0, "tileset": "bg_tilefreezer", "coord": [ 8.0, 2.0 ] }, "1120_416": { "autotile": 1.0, "autotile_index": 0.0, "tileset": "bg_tilefreezer", "coord": [ 4.0, 0.0 ] }, "1696_416": { "autotile": 1.0, "autotile_index": 0.0, "tileset": "bg_tilefreezer", "coord": [ 8.0, 2.0 ] }, "1888_-96": { "coord": [ 8.0, 2.0 ], "autotile_index": 0.0, "tileset": "bg_tilefreezer", "autotile": 1.0 }, "1376_544": { "autotile": 1.0, "autotile_index": 0.0, "tileset": "bg_tilefreezer", "coord": [ 0.0, 0.0 ] }, "1728_384": { "autotile": 1.0, "autotile_index": 0.0, "tileset": "bg_tilefreezer", "coord": [ 8.0, 2.0 ] }, "992_448": { "coord": [ 8.0, 2.0 ], "autotile_index": 0.0, "tileset": "bg_tilefreezer", "autotile": 1.0 }, "1632_416": { "autotile": 1.0, "autotile_index": 0.0, "tileset": "bg_tilefreezer", "coord": [ 8.0, 2.0 ] }, "256_480": { "autotile": 1.0, "autotile_index": 0.0, "tileset": "bg_tilefreezer", "coord": [ 8.0, 2.0 ] }, "1280_448": { "autotile": 1.0, "autotile_index": 0.0, "tileset": "bg_tilefreezer", "coord": [ 8.0, 2.0 ] }, "544_288": { "autotile": 0.0, "autotile_index": 0.0, "tileset": "bg_tilefreezer", "coord": [ 5.0, 14.0 ] }, "1568_448": { "autotile": 1.0, "autotile_index": 0.0, "tileset": "bg_tilefreezer", "coord": [ 8.0, 2.0 ] }, "1536_448": { "autotile": 1.0, "autotile_index": 0.0, "tileset": "bg_tilefreezer", "coord": [ 8.0, 2.0 ] }, "992_320": { "autotile": 1.0, "autotile_index": 1.0, "tileset": "bg_tilefreezer", "coord": [ 5.0, 22.0 ] }, "1824_-32": { "coord": [ 8.0, 2.0 ], "autotile_index": 0.0, "tileset": "bg_tilefreezer", "autotile": 1.0 }, "1120_480": { "autotile": 1.0, "autotile_index": 0.0, "tileset": "bg_tilefreezer", "coord": [ 8.0, 2.0 ] }, "960_352": { "autotile": 1.0, "autotile_index": 1.0, "tileset": "bg_tilefreezer", "coord": [ 3.0, 23.0 ] }, "704_320": { "autotile": 0.0, "autotile_index": 0.0, "tileset": "bg_tilefreezer", "coord": [ 10.0, 15.0 ] }, "1792_128": { "autotile": 1.0, "autotile_index": 0.0, "tileset": "bg_tilefreezer", "coord": [ 1.0, 4.0 ] }, "-256_128": { "coord": [ 8.0, 2.0 ], "autotile_index": 0.0, "tileset": "bg_tilefreezer", "autotile": 1.0 }, "1632_480": { "autotile": 1.0, "autotile_index": 0.0, "tileset": "bg_tilefreezer", "coord": [ 8.0, 2.0 ] }, "-192_256": { "autotile": 1.0, "autotile_index": 0.0, "tileset": "bg_tilefreezer", "coord": [ 4.0, 4.0 ] }, "0_512": { "coord": [ 8.0, 2.0 ], "autotile_index": 0.0, "tileset": "bg_tilefreezer", "autotile": 1.0 }, "64_512": { "autotile": 1.0, "autotile_index": 0.0, "tileset": "bg_tilefreezer", "coord": [ 8.0, 2.0 ] }, "448_448": { "autotile": 1.0, "autotile_index": 0.0, "tileset": "bg_tilefreezer", "coord": [ 8.0, 2.0 ] }, "1664_192": { "coord": [ 2.0, 2.0 ], "autotile_index": 0.0, "tileset": "cold_rock_tiles", "autotile": 0.0 }, "1056_384": { "autotile": 1.0, "autotile_index": 1.0, "tileset": "bg_tilefreezer", "coord": [ 3.0, 24.0 ] }, "1120_384": { "autotile": 1.0, "autotile_index": 1.0, "tileset": "bg_tilefreezer", "coord": [ 4.0, 24.0 ] }, "-224_32": { "coord": [ 8.0, 2.0 ], "autotile_index": 0.0, "tileset": "bg_tilefreezer", "autotile": 1.0 }, "224_512": { "autotile": 1.0, "autotile_index": 0.0, "tileset": "bg_tilefreezer", "coord": [ 8.0, 2.0 ] }, "448_352": { "coord": [ 15.0, 25.0 ], "autotile_index": 0.0, "tileset": "bg_tilefreezer", "autotile": 0.0 }, "96_352": { "coord": [ 1.0, 0.0 ], "autotile_index": 0.0, "tileset": "bg_tilefreezer", "autotile": 1.0 }, "1152_480": { "autotile": 1.0, "autotile_index": 0.0, "tileset": "bg_tilefreezer", "coord": [ 8.0, 2.0 ] }, "-256_416": { "autotile": 1.0, "autotile_index": 0.0, "tileset": "bg_tilefreezer", "coord": [ 2.0, 0.0 ] }, "-192_-64": { "coord": [ 8.0, 2.0 ], "autotile_index": 0.0, "tileset": "bg_tilefreezer", "autotile": 1.0 }, "-192_416": { "autotile": 1.0, "autotile_index": 0.0, "tileset": "bg_tilefreezer", "coord": [ 4.0, 0.0 ] }, "896_288": { "autotile": 1.0, "autotile_index": 1.0, "tileset": "bg_tilefreezer", "coord": [ 0.0, 21.0 ] }, "576_256": { "autotile": 0.0, "autotile_index": 0.0, "tileset": "bg_tilefreezer", "coord": [ 6.0, 13.0 ] }, "608_448": { "autotile": 1.0, "autotile_index": 0.0, "tileset": "bg_tilefreezer", "coord": [ 8.0, 2.0 ] }, "1568_384": { "autotile": 1.0, "autotile_index": 0.0, "tileset": "bg_tilefreezer", "coord": [ 8.0, 2.0 ] }, "1536_416": { "autotile": 1.0, "autotile_index": 0.0, "tileset": "bg_tilefreezer", "coord": [ 8.0, 2.0 ] }, "1824_480": { "coord": [ 8.0, 2.0 ], "autotile_index": 0.0, "tileset": "bg_tilefreezer", "autotile": 1.0 }, "1600_288": { "autotile": 1.0, "autotile_index": 0.0, "tileset": "bg_tilefreezer", "coord": [ 3.0, 0.0 ] }, "1664_480": { "autotile": 1.0, "autotile_index": 0.0, "tileset": "bg_tilefreezer", "coord": [ 8.0, 2.0 ] }, "1888_-32": { "coord": [ 8.0, 2.0 ], "autotile_index": 0.0, "tileset": "bg_tilefreezer", "autotile": 1.0 }, "-64_352": { "coord": [ 1.0, 3.0 ], "autotile_index": 0.0, "tileset": "cold_rock_tiles", "autotile": 0.0 }, "-224_-32": { "coord": [ 8.0, 2.0 ], "autotile_index": 0.0, "tileset": "bg_tilefreezer", "autotile": 1.0 }, "1344_512": { "autotile": 1.0, "autotile_index": 0.0, "tileset": "bg_tilefreezer", "coord": [ 8.0, 2.0 ] }, "1792_512": { "coord": [ 8.0, 2.0 ], "autotile_index": 0.0, "tileset": "bg_tilefreezer", "autotile": 1.0 }, "1600_192": { "coord": [ 0.0, 2.0 ], "autotile_index": 0.0, "tileset": "cold_rock_tiles", "autotile": 0.0 }, "1920_-96": { "coord": [ 0.0, 0.0 ], "autotile_index": 0.0, "tileset": "bg_tilefreezer", "autotile": 1.0 }, "1440_416": { "autotile": 1.0, "autotile_index": 0.0, "tileset": "bg_tilefreezer", "coord": [ 8.0, 2.0 ] }, "640_352": { "autotile": 0.0, "autotile_index": 0.0, "tileset": "bg_tilefreezer", "coord": [ 8.0, 16.0 ] }, "672_256": { "autotile": 0.0, "autotile_index": 0.0, "tileset": "bg_tilefreezer", "coord": [ 9.0, 13.0 ] }, "800_256": { "autotile": 0.0, "autotile_index": 0.0, "tileset": "bg_tilefreezer", "coord": [ 12.0, 18.0 ] }, "64_416": { "coord": [ 3.0, 0.0 ], "autotile_index": 0.0, "tileset": "bg_tilefreezer", "autotile": 1.0 }, "1920_32": { "coord": [ 0.0, 0.0 ], "autotile_index": 0.0, "tileset": "bg_tilefreezer", "autotile": 1.0 }, "1248_448": { "autotile": 1.0, "autotile_index": 0.0, "tileset": "bg_tilefreezer", "coord": [ 8.0, 2.0 ] }, "1440_480": { "autotile": 1.0, "autotile_index": 0.0, "tileset": "bg_tilefreezer", "coord": [ 8.0, 2.0 ] }, "128_512": { "autotile": 1.0, "autotile_index": 0.0, "tileset": "bg_tilefreezer", "coord": [ 8.0, 2.0 ] }, "128_384": { "coord": [ 8.0, 2.0 ], "autotile_index": 0.0, "tileset": "bg_tilefreezer", "autotile": 1.0 }, "128_448": { "coord": [ 8.0, 2.0 ], "autotile_index": 0.0, "tileset": "bg_tilefreezer", "autotile": 1.0 }, "-96_512": { "coord": [ 8.0, 2.0 ], "autotile_index": 0.0, "tileset": "bg_tilefreezer", "autotile": 1.0 }, "256_384": { "coord": [ 8.0, 2.0 ], "autotile_index": 0.0, "tileset": "bg_tilefreezer", "autotile": 1.0 }, "-96_448": { "autotile": 1.0, "autotile_index": 0.0, "tileset": "bg_tilefreezer", "coord": [ 8.0, 2.0 ] }, "576_448": { "autotile": 1.0, "autotile_index": 0.0, "tileset": "bg_tilefreezer", "coord": [ 8.0, 2.0 ] }, "928_288": { "autotile": 1.0, "autotile_index": 1.0, "tileset": "bg_tilefreezer", "coord": [ 1.0, 21.0 ] }, "960_256": { "autotile": 1.0, "autotile_index": 1.0, "tileset": "bg_tilefreezer", "coord": [ 2.0, 20.0 ] }, "608_416": { "autotile": 1.0, "autotile_index": 0.0, "tileset": "bg_tilefreezer", "coord": [ 3.0, 0.0 ] }, "1376_480": { "autotile": 1.0, "autotile_index": 0.0, "tileset": "bg_tilefreezer", "coord": [ 8.0, 2.0 ] }, "864_512": { "autotile": 1.0, "autotile_index": 0.0, "tileset": "bg_tilefreezer", "coord": [ 8.0, 2.0 ] }, "-160_-64": { "coord": [ 5.0, 3.0 ], "autotile_index": 0.0, "tileset": "bg_tilefreezer", "autotile": 1.0 }, "1216_384": { "autotile": 1.0, "autotile_index": 0.0, "tileset": "bg_tilefreezer", "coord": [ 2.0, 0.0 ] }, "640_256": { "autotile": 0.0, "autotile_index": 0.0, "tileset": "bg_tilefreezer", "coord": [ 8.0, 13.0 ] }, "608_352": { "autotile": 0.0, "autotile_index": 0.0, "tileset": "bg_tilefreezer", "coord": [ 7.0, 16.0 ] }, "-224_128": { "coord": [ 8.0, 2.0 ], "autotile_index": 0.0, "tileset": "bg_tilefreezer", "autotile": 1.0 }, "384_384": { "coord": [ 13.0, 26.0 ], "autotile_index": 0.0, "tileset": "bg_tilefreezer", "autotile": 0.0 }, "928_512": { "coord": [ 8.0, 2.0 ], "autotile_index": 0.0, "tileset": "bg_tilefreezer", "autotile": 1.0 }, "1536_480": { "autotile": 1.0, "autotile_index": 0.0, "tileset": "bg_tilefreezer", "coord": [ 8.0, 2.0 ] }, "224_416": { "coord": [ 8.0, 2.0 ], "autotile_index": 0.0, "tileset": "bg_tilefreezer", "autotile": 1.0 }, "1728_448": { "autotile": 1.0, "autotile_index": 0.0, "tileset": "bg_tilefreezer", "coord": [ 8.0, 2.0 ] }, "928_480": { "coord": [ 8.0, 2.0 ], "autotile_index": 0.0, "tileset": "bg_tilefreezer", "autotile": 1.0 }, "1792_64": { "coord": [ 1.0, 1.0 ], "autotile_index": 0.0, "tileset": "bg_tilefreezer", "autotile": 1.0 }, "320_352": { "coord": [ 5.0, 0.0 ], "autotile_index": 0.0, "tileset": "bg_tilefreezer", "autotile": 1.0 }, "1408_416": { "autotile": 1.0, "autotile_index": 0.0, "tileset": "bg_tilefreezer", "coord": [ 8.0, 2.0 ] }, "608_480": { "autotile": 1.0, "autotile_index": 0.0, "tileset": "bg_tilefreezer", "coord": [ 8.0, 2.0 ] }, "1632_512": { "autotile": 1.0, "autotile_index": 0.0, "tileset": "bg_tilefreezer", "coord": [ 8.0, 2.0 ] }, "896_384": { "autotile": 1.0, "autotile_index": 1.0, "tileset": "bg_tilefreezer", "coord": [ 0.0, 24.0 ] }, "1888_64": { "coord": [ 8.0, 2.0 ], "autotile_index": 0.0, "tileset": "bg_tilefreezer", "autotile": 1.0 }, "256_448": { "coord": [ 8.0, 2.0 ], "autotile_index": 0.0, "tileset": "bg_tilefreezer", "autotile": 1.0 }, "-128_416": { "autotile": 1.0, "autotile_index": 0.0, "tileset": "bg_tilefreezer", "coord": [ 2.0, 0.0 ] }, "-192_0": { "coord": [ 8.0, 2.0 ], "autotile_index": 0.0, "tileset": "bg_tilefreezer", "autotile": 1.0 }, "480_480": { "autotile": 1.0, "autotile_index": 0.0, "tileset": "bg_tilefreezer", "coord": [ 8.0, 2.0 ] }, "832_480": { "autotile": 1.0, "autotile_index": 0.0, "tileset": "bg_tilefreezer", "coord": [ 8.0, 2.0 ] }, "544_480": { "autotile": 1.0, "autotile_index": 0.0, "tileset": "bg_tilefreezer", "coord": [ 8.0, 2.0 ] }, "192_448": { "coord": [ 8.0, 2.0 ], "autotile_index": 0.0, "tileset": "bg_tilefreezer", "autotile": 1.0 }, "-160_-32": { "coord": [ 5.0, 1.0 ], "autotile_index": 0.0, "tileset": "bg_tilefreezer", "autotile": 1.0 }, "-224_64": { "coord": [ 8.0, 2.0 ], "autotile_index": 0.0, "tileset": "bg_tilefreezer", "autotile": 1.0 }, "1792_416": { "autotile": 1.0, "autotile_index": 0.0, "tileset": "bg_tilefreezer", "coord": [ 8.0, 2.0 ] }, "1088_352": { "autotile": 1.0, "autotile_index": 1.0, "tileset": "bg_tilefreezer", "coord": [ 2.0, 22.0 ] }, "1728_480": { "coord": [ 8.0, 2.0 ], "autotile_index": 0.0, "tileset": "bg_tilefreezer", "autotile": 1.0 }, "1344_384": { "autotile": 1.0, "autotile_index": 0.0, "tileset": "bg_tilefreezer", "coord": [ 3.0, 0.0 ] }, "352_416": { "coord": [ 4.0, 0.0 ], "autotile_index": 0.0, "tileset": "bg_tilefreezer", "autotile": 1.0 }, "1312_480": { "autotile": 1.0, "autotile_index": 0.0, "tileset": "bg_tilefreezer", "coord": [ 8.0, 2.0 ] }, "1568_320": { "autotile": 1.0, "autotile_index": 0.0, "tileset": "bg_tilefreezer", "coord": [ 8.0, 2.0 ] }, "1504_416": { "autotile": 1.0, "autotile_index": 0.0, "tileset": "bg_tilefreezer", "coord": [ 8.0, 2.0 ] }, "1856_384": { "coord": [ 8.0, 2.0 ], "autotile_index": 0.0, "tileset": "bg_tilefreezer", "autotile": 1.0 }, "-64_384": { "coord": [ 1.0, 4.0 ], "autotile_index": 0.0, "tileset": "cold_rock_tiles", "autotile": 0.0 }, "-192_128": { "coord": [ 8.0, 2.0 ], "autotile_index": 0.0, "tileset": "bg_tilefreezer", "autotile": 1.0 }, "1760_320": { "autotile": 1.0, "autotile_index": 0.0, "tileset": "bg_tilefreezer", "coord": [ 8.0, 2.0 ] }, "1056_416": { "coord": [ 3.0, 0.0 ], "autotile_index": 0.0, "tileset": "bg_tilefreezer", "autotile": 1.0 }, "1664_256": { "coord": [ 2.0, 4.0 ], "autotile_index": 0.0, "tileset": "cold_rock_tiles", "autotile": 0.0 }, "1376_512": { "autotile": 1.0, "autotile_index": 0.0, "tileset": "bg_tilefreezer", "coord": [ 8.0, 2.0 ] }, "1792_0": { "coord": [ 1.0, 1.0 ], "autotile_index": 0.0, "tileset": "bg_tilefreezer", "autotile": 1.0 }, "832_416": { "autotile": 1.0, "autotile_index": 0.0, "tileset": "bg_tilefreezer", "coord": [ 2.0, 0.0 ] }, "544_512": { "autotile": 1.0, "autotile_index": 0.0, "tileset": "bg_tilefreezer", "coord": [ 8.0, 2.0 ] }, "1024_512": { "coord": [ 8.0, 2.0 ], "autotile_index": 0.0, "tileset": "bg_tilefreezer", "autotile": 1.0 }, "1824_320": { "autotile": 1.0, "autotile_index": 0.0, "tileset": "bg_tilefreezer", "coord": [ 8.0, 2.0 ] }, "448_384": { "coord": [ 15.0, 26.0 ], "autotile_index": 0.0, "tileset": "bg_tilefreezer", "autotile": 0.0 }, "896_448": { "coord": [ 8.0, 2.0 ], "autotile_index": 0.0, "tileset": "bg_tilefreezer", "autotile": 1.0 }, "1024_320": { "autotile": 1.0, "autotile_index": 1.0, "tileset": "bg_tilefreezer", "coord": [ 2.0, 20.0 ] }, "288_384": { "coord": [ 8.0, 2.0 ], "autotile_index": 0.0, "tileset": "bg_tilefreezer", "autotile": 1.0 }, "1824_-128": { "coord": [ 8.0, 2.0 ], "autotile_index": 0.0, "tileset": "bg_tilefreezer", "autotile": 1.0 }, "-96_384": { "coord": [ 0.0, 4.0 ], "autotile_index": 0.0, "tileset": "cold_rock_tiles", "autotile": 0.0 }, "1344_448": { "autotile": 1.0, "autotile_index": 0.0, "tileset": "bg_tilefreezer", "coord": [ 8.0, 2.0 ] }, "-192_224": { "autotile": 1.0, "autotile_index": 0.0, "tileset": "bg_tilefreezer", "coord": [ 8.0, 2.0 ] }, "1792_-96": { "coord": [ 1.0, 2.0 ], "autotile_index": 0.0, "tileset": "bg_tilefreezer", "autotile": 1.0 }, "384_352": { "coord": [ 13.0, 25.0 ], "autotile_index": 0.0, "tileset": "bg_tilefreezer", "autotile": 0.0 }, "1184_416": { "autotile": 1.0, "autotile_index": 0.0, "tileset": "bg_tilefreezer", "coord": [ 8.0, 2.0 ] }, "-224_160": { "coord": [ 8.0, 2.0 ], "autotile_index": 0.0, "tileset": "bg_tilefreezer", "autotile": 1.0 }, "1088_320": { "autotile": 1.0, "autotile_index": 1.0, "tileset": "bg_tilefreezer", "coord": [ 3.0, 20.0 ] }, "-32_416": { "coord": [ 2.0, 0.0 ], "autotile_index": 0.0, "tileset": "bg_tilefreezer", "autotile": 1.0 }, "576_320": { "autotile": 0.0, "autotile_index": 0.0, "tileset": "bg_tilefreezer", "coord": [ 6.0, 15.0 ] }, "736_512": { "autotile": 1.0, "autotile_index": 0.0, "tileset": "bg_tilefreezer", "coord": [ 8.0, 2.0 ] }, "160_448": { "coord": [ 8.0, 2.0 ], "autotile_index": 0.0, "tileset": "bg_tilefreezer", "autotile": 1.0 }, "960_288": { "autotile": 1.0, "autotile_index": 1.0, "tileset": "bg_tilefreezer", "coord": [ 3.0, 21.0 ] }, "1696_384": { "autotile": 1.0, "autotile_index": 0.0, "tileset": "bg_tilefreezer", "coord": [ 8.0, 2.0 ] }, "1792_32": { "coord": [ 1.0, 2.0 ], "autotile_index": 0.0, "tileset": "bg_tilefreezer", "autotile": 1.0 }, "-64_512": { "coord": [ 8.0, 2.0 ], "autotile_index": 0.0, "tileset": "bg_tilefreezer", "autotile": 1.0 }, "544_384": { "autotile": 0.0, "autotile_index": 0.0, "tileset": "bg_tilefreezer", "coord": [ 5.0, 17.0 ] }, "160_480": { "autotile": 1.0, "autotile_index": 0.0, "tileset": "bg_tilefreezer", "coord": [ 8.0, 2.0 ] }, "928_448": { "coord": [ 8.0, 2.0 ], "autotile_index": 0.0, "tileset": "bg_tilefreezer", "autotile": 1.0 }, "-64_320": { "coord": [ 1.0, 2.0 ], "autotile_index": 0.0, "tileset": "cold_rock_tiles", "autotile": 0.0 }, "-32_448": { "coord": [ 8.0, 2.0 ], "autotile_index": 0.0, "tileset": "bg_tilefreezer", "autotile": 1.0 }, "1856_480": { "coord": [ 8.0, 2.0 ], "autotile_index": 0.0, "tileset": "bg_tilefreezer", "autotile": 1.0 }, "736_416": { "autotile": 1.0, "autotile_index": 0.0, "tileset": "bg_tilefreezer", "coord": [ 3.0, 0.0 ] }, "-32_320": { "coord": [ 2.0, 2.0 ], "autotile_index": 0.0, "tileset": "cold_rock_tiles", "autotile": 0.0 }, "96_512": { "autotile": 1.0, "autotile_index": 0.0, "tileset": "bg_tilefreezer", "coord": [ 8.0, 2.0 ] }, "544_448": { "autotile": 1.0, "autotile_index": 0.0, "tileset": "bg_tilefreezer", "coord": [ 8.0, 2.0 ] }, "-256_0": { "coord": [ 8.0, 2.0 ], "autotile_index": 0.0, "tileset": "bg_tilefreezer", "autotile": 1.0 }, "1248_416": { "autotile": 1.0, "autotile_index": 0.0, "tileset": "bg_tilefreezer", "coord": [ 8.0, 2.0 ] }, "1312_384": { "autotile": 1.0, "autotile_index": 0.0, "tileset": "bg_tilefreezer", "coord": [ 4.0, 0.0 ] }, "1824_32": { "coord": [ 8.0, 2.0 ], "autotile_index": 0.0, "tileset": "bg_tilefreezer", "autotile": 1.0 }, "1888_352": { "coord": [ 8.0, 2.0 ], "autotile_index": 0.0, "tileset": "bg_tilefreezer", "autotile": 1.0 }, "224_384": { "coord": [ 8.0, 2.0 ], "autotile_index": 0.0, "tileset": "bg_tilefreezer", "autotile": 1.0 }, "704_480": { "autotile": 1.0, "autotile_index": 0.0, "tileset": "bg_tilefreezer", "coord": [ 8.0, 2.0 ] }, "896_416": { "coord": [ 2.0, 0.0 ], "autotile_index": 0.0, "tileset": "bg_tilefreezer", "autotile": 1.0 }, "1120_352": { "autotile": 1.0, "autotile_index": 1.0, "tileset": "bg_tilefreezer", "coord": [ 4.0, 23.0 ] }, "1664_416": { "autotile": 1.0, "autotile_index": 0.0, "tileset": "bg_tilefreezer", "coord": [ 8.0, 2.0 ] }, "992_416": { "coord": [ 3.0, 0.0 ], "autotile_index": 0.0, "tileset": "bg_tilefreezer", "autotile": 1.0 }, "-256_-128": { "coord": [ 8.0, 2.0 ], "autotile_index": 0.0, "tileset": "bg_tilefreezer", "autotile": 1.0 }, "384_416": { "coord": [ 4.0, 0.0 ], "autotile_index": 0.0, "tileset": "bg_tilefreezer", "autotile": 1.0 }, "1920_64": { "coord": [ 0.0, 0.0 ], "autotile_index": 0.0, "tileset": "bg_tilefreezer", "autotile": 1.0 }, "704_384": { "autotile": 0.0, "autotile_index": 0.0, "tileset": "bg_tilefreezer", "coord": [ 10.0, 17.0 ] }, "1664_288": { "autotile": 1.0, "autotile_index": 0.0, "tileset": "bg_tilefreezer", "coord": [ 2.0, 0.0 ] }, "1120_512": { "autotile": 1.0, "autotile_index": 0.0, "tileset": "bg_tilefreezer", "coord": [ 8.0, 2.0 ] }, "1536_352": { "autotile": 1.0, "autotile_index": 0.0, "tileset": "bg_tilefreezer", "coord": [ 1.0, 3.0 ] }, "1664_448": { "autotile": 1.0, "autotile_index": 0.0, "tileset": "bg_tilefreezer", "coord": [ 8.0, 2.0 ] }, "1024_480": { "coord": [ 8.0, 2.0 ], "autotile_index": 0.0, "tileset": "bg_tilefreezer", "autotile": 1.0 }, "1408_512": { "autotile": 1.0, "autotile_index": 0.0, "tileset": "bg_tilefreezer", "coord": [ 8.0, 2.0 ] }, "768_416": { "autotile": 1.0, "autotile_index": 0.0, "tileset": "bg_tilefreezer", "coord": [ 4.0, 0.0 ] }, "1888_128": { "autotile": 1.0, "autotile_index": 0.0, "tileset": "bg_tilefreezer", "coord": [ 4.0, 4.0 ] }, "1344_480": { "autotile": 1.0, "autotile_index": 0.0, "tileset": "bg_tilefreezer", "coord": [ 8.0, 2.0 ] }, "1856_320": { "autotile": 1.0, "autotile_index": 0.0, "tileset": "bg_tilefreezer", "coord": [ 8.0, 2.0 ] }, "1792_96": { "autotile": 1.0, "autotile_index": 0.0, "tileset": "bg_tilefreezer", "coord": [ 1.0, 3.0 ] }, "1184_448": { "autotile": 1.0, "autotile_index": 0.0, "tileset": "bg_tilefreezer", "coord": [ 8.0, 2.0 ] }, "0_448": { "coord": [ 8.0, 2.0 ], "autotile_index": 0.0, "tileset": "bg_tilefreezer", "autotile": 1.0 }, "1152_384": { "autotile": 1.0, "autotile_index": 0.0, "tileset": "bg_tilefreezer", "coord": [ 1.0, 0.0 ] }, "896_480": { "coord": [ 8.0, 2.0 ], "autotile_index": 0.0, "tileset": "bg_tilefreezer", "autotile": 1.0 }, "1056_512": { "coord": [ 8.0, 2.0 ], "autotile_index": 0.0, "tileset": "bg_tilefreezer", "autotile": 1.0 }, "-64_480": { "coord": [ 8.0, 2.0 ], "autotile_index": 0.0, "tileset": "bg_tilefreezer", "autotile": 1.0 }, "-192_96": { "coord": [ 8.0, 2.0 ], "autotile_index": 0.0, "tileset": "bg_tilefreezer", "autotile": 1.0 }, "1280_384": { "autotile": 1.0, "autotile_index": 0.0, "tileset": "bg_tilefreezer", "coord": [ 4.0, 0.0 ] }, "1664_320": { "autotile": 1.0, "autotile_index": 0.0, "tileset": "bg_tilefreezer", "coord": [ 8.0, 2.0 ] }, "672_352": { "autotile": 0.0, "autotile_index": 0.0, "tileset": "bg_tilefreezer", "coord": [ 9.0, 16.0 ] }, "128_416": { "coord": [ 8.0, 2.0 ], "autotile_index": 0.0, "tileset": "bg_tilefreezer", "autotile": 1.0 }, "-160_-96": { "coord": [ 5.0, 2.0 ], "autotile_index": 0.0, "tileset": "bg_tilefreezer", "autotile": 1.0 }, "448_416": { "autotile": 1.0, "autotile_index": 0.0, "tileset": "bg_tilefreezer", "coord": [ 2.0, 0.0 ] }, "320_384": { "coord": [ 5.0, 3.0 ], "autotile_index": 0.0, "tileset": "bg_tilefreezer", "autotile": 1.0 }, "1248_512": { "autotile": 1.0, "autotile_index": 0.0, "tileset": "bg_tilefreezer", "coord": [ 8.0, 2.0 ] }, "1504_512": { "autotile": 1.0, "autotile_index": 0.0, "tileset": "bg_tilefreezer", "coord": [ 8.0, 2.0 ] }, "1600_224": { "coord": [ 0.0, 3.0 ], "autotile_index": 0.0, "tileset": "cold_rock_tiles", "autotile": 0.0 }, "544_256": { "autotile": 0.0, "autotile_index": 0.0, "tileset": "bg_tilefreezer", "coord": [ 5.0, 13.0 ] }, "512_480": { "autotile": 1.0, "autotile_index": 0.0, "tileset": "bg_tilefreezer", "coord": [ 8.0, 2.0 ] }, "512_416": { "autotile": 1.0, "autotile_index": 0.0, "tileset": "bg_tilefreezer", "coord": [ 3.0, 0.0 ] }, "-160_192": { "coord": [ 5.0, 3.0 ], "autotile_index": 0.0, "tileset": "bg_tilefreezer", "autotile": 1.0 }, "1696_512": { "autotile": 1.0, "autotile_index": 0.0, "tileset": "bg_tilefreezer", "coord": [ 8.0, 2.0 ] }, "-160_96": { "coord": [ 5.0, 1.0 ], "autotile_index": 0.0, "tileset": "bg_tilefreezer", "autotile": 1.0 }, "-256_192": { "coord": [ 8.0, 2.0 ], "autotile_index": 0.0, "tileset": "bg_tilefreezer", "autotile": 1.0 }, "1024_352": { "autotile": 1.0, "autotile_index": 1.0, "tileset": "bg_tilefreezer", "coord": [ 2.0, 22.0 ] }, "1696_448": { "autotile": 1.0, "autotile_index": 0.0, "tileset": "bg_tilefreezer", "coord": [ 8.0, 2.0 ] }, "192_416": { "coord": [ 8.0, 2.0 ], "autotile_index": 0.0, "tileset": "bg_tilefreezer", "autotile": 1.0 }, "704_256": { "autotile": 0.0, "autotile_index": 0.0, "tileset": "bg_tilefreezer", "coord": [ 10.0, 13.0 ] }, "1216_512": { "autotile": 1.0, "autotile_index": 0.0, "tileset": "bg_tilefreezer", "coord": [ 8.0, 2.0 ] }, "-224_480": { "coord": [ 8.0, 2.0 ], "autotile_index": 0.0, "tileset": "bg_tilefreezer", "autotile": 1.0 }, "32_416": { "coord": [ 3.0, 0.0 ], "autotile_index": 0.0, "tileset": "bg_tilefreezer", "autotile": 1.0 }, "1216_480": { "autotile": 1.0, "autotile_index": 0.0, "tileset": "bg_tilefreezer", "coord": [ 8.0, 2.0 ] }, "1632_352": { "autotile": 1.0, "autotile_index": 0.0, "tileset": "bg_tilefreezer", "coord": [ 8.0, 2.0 ] }, "1664_384": { "autotile": 1.0, "autotile_index": 0.0, "tileset": "bg_tilefreezer", "coord": [ 8.0, 2.0 ] }, "160_512": { "autotile": 1.0, "autotile_index": 0.0, "tileset": "bg_tilefreezer", "coord": [ 8.0, 2.0 ] }, "352_448": { "coord": [ 8.0, 2.0 ], "autotile_index": 0.0, "tileset": "bg_tilefreezer", "autotile": 1.0 }, "1088_480": { "autotile": 1.0, "autotile_index": 0.0, "tileset": "bg_tilefreezer", "coord": [ 8.0, 2.0 ] }, "1536_384": { "autotile": 1.0, "autotile_index": 0.0, "tileset": "bg_tilefreezer", "coord": [ 4.0, 3.0 ] }, "1824_448": { "autotile": 1.0, "autotile_index": 0.0, "tileset": "bg_tilefreezer", "coord": [ 8.0, 2.0 ] }, "1440_448": { "autotile": 1.0, "autotile_index": 0.0, "tileset": "bg_tilefreezer", "coord": [ 8.0, 2.0 ] }, "1408_384": { "autotile": 1.0, "autotile_index": 0.0, "tileset": "bg_tilefreezer", "coord": [ 3.0, 0.0 ] }, "768_256": { "autotile": 0.0, "autotile_index": 0.0, "tileset": "bg_tilefreezer", "coord": [ 11.0, 18.0 ] }, "-192_448": { "autotile": 1.0, "autotile_index": 0.0, "tileset": "bg_tilefreezer", "coord": [ 8.0, 2.0 ] }, "1696_480": { "autotile": 1.0, "autotile_index": 0.0, "tileset": "bg_tilefreezer", "coord": [ 8.0, 2.0 ] }, "0_480": { "coord": [ 8.0, 2.0 ], "autotile_index": 0.0, "tileset": "bg_tilefreezer", "autotile": 1.0 }, "-32_352": { "coord": [ 2.0, 3.0 ], "autotile_index": 0.0, "tileset": "cold_rock_tiles", "autotile": 0.0 }, "-224_416": { "autotile": 1.0, "autotile_index": 0.0, "tileset": "bg_tilefreezer", "coord": [ 2.0, 0.0 ] }, "-192_-128": { "coord": [ 8.0, 2.0 ], "autotile_index": 0.0, "tileset": "bg_tilefreezer", "autotile": 1.0 }, "1792_352": { "autotile": 1.0, "autotile_index": 0.0, "tileset": "bg_tilefreezer", "coord": [ 8.0, 2.0 ] }, "320_480": { "autotile": 1.0, "autotile_index": 0.0, "tileset": "bg_tilefreezer", "coord": [ 8.0, 2.0 ] }, "1728_512": { "coord": [ 8.0, 2.0 ], "autotile_index": 0.0, "tileset": "bg_tilefreezer", "autotile": 1.0 }, "704_512": { "autotile": 1.0, "autotile_index": 0.0, "tileset": "bg_tilefreezer", "coord": [ 8.0, 2.0 ] }, "352_480": { "autotile": 1.0, "autotile_index": 0.0, "tileset": "bg_tilefreezer", "coord": [ 8.0, 2.0 ] }, "1728_288": { "autotile": 1.0, "autotile_index": 0.0, "tileset": "bg_tilefreezer", "coord": [ 4.0, 0.0 ] }, "1888_320": { "autotile": 1.0, "autotile_index": 0.0, "tileset": "bg_tilefreezer", "coord": [ 8.0, 2.0 ] }, "1760_480": { "coord": [ 8.0, 2.0 ], "autotile_index": 0.0, "tileset": "bg_tilefreezer", "autotile": 1.0 }, "672_320": { "autotile": 0.0, "autotile_index": 0.0, "tileset": "bg_tilefreezer", "coord": [ 9.0, 15.0 ] }, "-256_160": { "coord": [ 8.0, 2.0 ], "autotile_index": 0.0, "tileset": "bg_tilefreezer", "autotile": 1.0 }, "1856_352": { "coord": [ 8.0, 2.0 ], "autotile_index": 0.0, "tileset": "bg_tilefreezer", "autotile": 1.0 }, "1600_448": { "autotile": 1.0, "autotile_index": 0.0, "tileset": "bg_tilefreezer", "coord": [ 8.0, 2.0 ] }, "704_448": { "autotile": 1.0, "autotile_index": 0.0, "tileset": "bg_tilefreezer", "coord": [ 8.0, 2.0 ] }, "-32_384": { "coord": [ 2.0, 4.0 ], "autotile_index": 0.0, "tileset": "cold_rock_tiles", "autotile": 0.0 }, "-256_480": { "coord": [ 8.0, 2.0 ], "autotile_index": 0.0, "tileset": "bg_tilefreezer", "autotile": 1.0 }, "1696_352": { "autotile": 1.0, "autotile_index": 0.0, "tileset": "bg_tilefreezer", "coord": [ 8.0, 2.0 ] }, "576_352": { "autotile": 0.0, "autotile_index": 0.0, "tileset": "bg_tilefreezer", "coord": [ 6.0, 16.0 ] }, "416_480": { "autotile": 1.0, "autotile_index": 0.0, "tileset": "bg_tilefreezer", "coord": [ 8.0, 2.0 ] }, "1792_448": { "autotile": 1.0, "autotile_index": 0.0, "tileset": "bg_tilefreezer", "coord": [ 8.0, 2.0 ] }, "1152_416": { "autotile": 1.0, "autotile_index": 0.0, "tileset": "bg_tilefreezer", "coord": [ 4.0, 3.0 ] }, "-224_96": { "coord": [ 8.0, 2.0 ], "autotile_index": 0.0, "tileset": "bg_tilefreezer", "autotile": 1.0 }, "1312_448": { "autotile": 1.0, "autotile_index": 0.0, "tileset": "bg_tilefreezer", "coord": [ 8.0, 2.0 ] }, "512_512": { "autotile": 1.0, "autotile_index": 0.0, "tileset": "bg_tilefreezer", "coord": [ 8.0, 2.0 ] }, "320_512": { "autotile": 1.0, "autotile_index": 0.0, "tileset": "bg_tilefreezer", "coord": [ 8.0, 2.0 ] }, "672_384": { "autotile": 0.0, "autotile_index": 0.0, "tileset": "bg_tilefreezer", "coord": [ 9.0, 17.0 ] }, "896_352": { "autotile": 1.0, "autotile_index": 1.0, "tileset": "bg_tilefreezer", "coord": [ 0.0, 21.0 ] }, "160_416": { "coord": [ 8.0, 2.0 ], "autotile_index": 0.0, "tileset": "bg_tilefreezer", "autotile": 1.0 }, "1536_288": { "autotile": 1.0, "autotile_index": 0.0, "tileset": "bg_tilefreezer", "coord": [ 1.0, 0.0 ] }, "896_512": { "coord": [ 8.0, 2.0 ], "autotile_index": 0.0, "tileset": "bg_tilefreezer", "autotile": 1.0 }, "1824_288": { "autotile": 1.0, "autotile_index": 0.0, "tileset": "bg_tilefreezer", "coord": [ 3.0, 0.0 ] }, "1856_64": { "coord": [ 8.0, 2.0 ], "autotile_index": 0.0, "tileset": "bg_tilefreezer", "autotile": 1.0 }, "1888_96": { "autotile": 1.0, "autotile_index": 0.0, "tileset": "bg_tilefreezer", "coord": [ 8.0, 2.0 ] }, "256_512": { "autotile": 1.0, "autotile_index": 0.0, "tileset": "bg_tilefreezer", "coord": [ 8.0, 2.0 ] }, "1824_512": { "coord": [ 8.0, 2.0 ], "autotile_index": 0.0, "tileset": "bg_tilefreezer", "autotile": 1.0 }, "384_512": { "autotile": 1.0, "autotile_index": 0.0, "tileset": "bg_tilefreezer", "coord": [ 8.0, 2.0 ] }, "-160_160": { "coord": [ 5.0, 3.0 ], "autotile_index": 0.0, "tileset": "bg_tilefreezer", "autotile": 1.0 }, "1184_480": { "autotile": 1.0, "autotile_index": 0.0, "tileset": "bg_tilefreezer", "coord": [ 8.0, 2.0 ] }, "544_320": { "autotile": 0.0, "autotile_index": 0.0, "tileset": "bg_tilefreezer", "coord": [ 5.0, 15.0 ] }, "1280_512": { "autotile": 1.0, "autotile_index": 0.0, "tileset": "bg_tilefreezer", "coord": [ 8.0, 2.0 ] }, "992_352": { "autotile": 1.0, "autotile_index": 1.0, "tileset": "bg_tilefreezer", "coord": [ 2.0, 22.0 ] }, "1856_32": { "coord": [ 8.0, 2.0 ], "autotile_index": 0.0, "tileset": "bg_tilefreezer", "autotile": 1.0 }, "256_416": { "coord": [ 8.0, 2.0 ], "autotile_index": 0.0, "tileset": "bg_tilefreezer", "autotile": 1.0 }, "64_448": { "coord": [ 8.0, 2.0 ], "autotile_index": 0.0, "tileset": "bg_tilefreezer", "autotile": 1.0 }, "1824_-96": { "coord": [ 8.0, 2.0 ], "autotile_index": 0.0, "tileset": "bg_tilefreezer", "autotile": 1.0 }, "992_384": { "autotile": 1.0, "autotile_index": 1.0, "tileset": "bg_tilefreezer", "coord": [ 2.0, 24.0 ] }, "-224_512": { "coord": [ 8.0, 2.0 ], "autotile_index": 0.0, "tileset": "bg_tilefreezer", "autotile": 1.0 }, "32_512": { "coord": [ 8.0, 2.0 ], "autotile_index": 0.0, "tileset": "bg_tilefreezer", "autotile": 1.0 }, "1568_512": { "autotile": 1.0, "autotile_index": 0.0, "tileset": "bg_tilefreezer", "coord": [ 8.0, 2.0 ] }, "1600_416": { "autotile": 1.0, "autotile_index": 0.0, "tileset": "bg_tilefreezer", "coord": [ 8.0, 2.0 ] }, "1536_320": { "autotile": 1.0, "autotile_index": 0.0, "tileset": "bg_tilefreezer", "coord": [ 1.0, 3.0 ] }, "1856_416": { "coord": [ 8.0, 2.0 ], "autotile_index": 0.0, "tileset": "bg_tilefreezer", "autotile": 1.0 }, "1856_-64": { "coord": [ 8.0, 2.0 ], "autotile_index": 0.0, "tileset": "bg_tilefreezer", "autotile": 1.0 }, "1760_352": { "autotile": 1.0, "autotile_index": 0.0, "tileset": "bg_tilefreezer", "coord": [ 8.0, 2.0 ] }, "1632_224": { "coord": [ 1.0, 3.0 ], "autotile_index": 0.0, "tileset": "cold_rock_tiles", "autotile": 0.0 }, "928_320": { "autotile": 1.0, "autotile_index": 1.0, "tileset": "bg_tilefreezer", "coord": [ 1.0, 22.0 ] }, "1856_-96": { "coord": [ 8.0, 2.0 ], "autotile_index": 0.0, "tileset": "bg_tilefreezer", "autotile": 1.0 }, "224_448": { "coord": [ 8.0, 2.0 ], "autotile_index": 0.0, "tileset": "bg_tilefreezer", "autotile": 1.0 }, "-256_256": { "autotile": 1.0, "autotile_index": 0.0, "tileset": "bg_tilefreezer", "coord": [ 3.0, 4.0 ] }, "576_512": { "autotile": 1.0, "autotile_index": 0.0, "tileset": "bg_tilefreezer", "coord": [ 8.0, 2.0 ] }, "832_448": { "autotile": 1.0, "autotile_index": 0.0, "tileset": "bg_tilefreezer", "coord": [ 8.0, 2.0 ] }, "192_352": { "coord": [ 4.0, 0.0 ], "autotile_index": 0.0, "tileset": "bg_tilefreezer", "autotile": 1.0 }, "1248_384": { "autotile": 1.0, "autotile_index": 0.0, "tileset": "bg_tilefreezer", "coord": [ 2.0, 0.0 ] }, "1856_-128": { "coord": [ 8.0, 2.0 ], "autotile_index": 0.0, "tileset": "bg_tilefreezer", "autotile": 1.0 }, "1888_-64": { "coord": [ 8.0, 2.0 ], "autotile_index": 0.0, "tileset": "bg_tilefreezer", "autotile": 1.0 }, "576_480": { "autotile": 1.0, "autotile_index": 0.0, "tileset": "bg_tilefreezer", "coord": [ 8.0, 2.0 ] }, "1888_416": { "coord": [ 8.0, 2.0 ], "autotile_index": 0.0, "tileset": "bg_tilefreezer", "autotile": 1.0 }, "-160_448": { "autotile": 1.0, "autotile_index": 0.0, "tileset": "bg_tilefreezer", "coord": [ 8.0, 2.0 ] }, "1824_128": { "autotile": 1.0, "autotile_index": 0.0, "tileset": "bg_tilefreezer", "coord": [ 4.0, 4.0 ] }, "-224_-96": { "coord": [ 8.0, 2.0 ], "autotile_index": 0.0, "tileset": "bg_tilefreezer", "autotile": 1.0 }, "640_320": { "autotile": 0.0, "autotile_index": 0.0, "tileset": "bg_tilefreezer", "coord": [ 8.0, 15.0 ] }, "1472_480": { "autotile": 1.0, "autotile_index": 0.0, "tileset": "bg_tilefreezer", "coord": [ 8.0, 2.0 ] }, "96_416": { "coord": [ 4.0, 3.0 ], "autotile_index": 0.0, "tileset": "bg_tilefreezer", "autotile": 1.0 }, "1120_320": { "autotile": 1.0, "autotile_index": 1.0, "tileset": "bg_tilefreezer", "coord": [ 4.0, 20.0 ] }, "1312_512": { "autotile": 1.0, "autotile_index": 0.0, "tileset": "bg_tilefreezer", "coord": [ 8.0, 2.0 ] }, "1408_480": { "autotile": 1.0, "autotile_index": 0.0, "tileset": "bg_tilefreezer", "coord": [ 8.0, 2.0 ] }, "-160_480": { "coord": [ 8.0, 2.0 ], "autotile_index": 0.0, "tileset": "bg_tilefreezer", "autotile": 1.0 }, "1600_352": { "autotile": 1.0, "autotile_index": 0.0, "tileset": "bg_tilefreezer", "coord": [ 8.0, 2.0 ] }, "352_512": { "autotile": 1.0, "autotile_index": 0.0, "tileset": "bg_tilefreezer", "coord": [ 8.0, 2.0 ] }, "288_416": { "coord": [ 8.0, 2.0 ], "autotile_index": 0.0, "tileset": "bg_tilefreezer", "autotile": 1.0 }, "800_448": { "autotile": 1.0, "autotile_index": 0.0, "tileset": "bg_tilefreezer", "coord": [ 8.0, 2.0 ] }, "-192_480": { "coord": [ 8.0, 2.0 ], "autotile_index": 0.0, "tileset": "bg_tilefreezer", "autotile": 1.0 }, "-224_0": { "coord": [ 8.0, 2.0 ], "autotile_index": 0.0, "tileset": "bg_tilefreezer", "autotile": 1.0 }, "960_512": { "coord": [ 8.0, 2.0 ], "autotile_index": 0.0, "tileset": "bg_tilefreezer", "autotile": 1.0 }, "1856_0": { "coord": [ 8.0, 2.0 ], "autotile_index": 0.0, "tileset": "bg_tilefreezer", "autotile": 1.0 }, "1888_480": { "coord": [ 8.0, 2.0 ], "autotile_index": 0.0, "tileset": "bg_tilefreezer", "autotile": 1.0 }, "448_512": { "autotile": 1.0, "autotile_index": 0.0, "tileset": "bg_tilefreezer", "coord": [ 8.0, 2.0 ] }, "-160_64": { "coord": [ 5.0, 2.0 ], "autotile_index": 0.0, "tileset": "bg_tilefreezer", "autotile": 1.0 }, "1696_288": { "autotile": 1.0, "autotile_index": 0.0, "tileset": "bg_tilefreezer", "coord": [ 3.0, 0.0 ] }, "288_512": { "autotile": 1.0, "autotile_index": 0.0, "tileset": "bg_tilefreezer", "coord": [ 8.0, 2.0 ] }, "1088_448": { "autotile": 1.0, "autotile_index": 0.0, "tileset": "bg_tilefreezer", "coord": [ 8.0, 2.0 ] }, "544_352": { "autotile": 0.0, "autotile_index": 0.0, "tileset": "bg_tilefreezer", "coord": [ 5.0, 16.0 ] }, "1792_320": { "autotile": 1.0, "autotile_index": 0.0, "tileset": "bg_tilefreezer", "coord": [ 8.0, 2.0 ] }, "1440_384": { "autotile": 1.0, "autotile_index": 0.0, "tileset": "bg_tilefreezer", "coord": [ 4.0, 0.0 ] }, "1472_416": { "autotile": 1.0, "autotile_index": 0.0, "tileset": "bg_tilefreezer", "coord": [ 8.0, 2.0 ] }, "1504_448": { "autotile": 1.0, "autotile_index": 0.0, "tileset": "bg_tilefreezer", "coord": [ 8.0, 2.0 ] }, "1440_512": { "autotile": 1.0, "autotile_index": 0.0, "tileset": "bg_tilefreezer", "coord": [ 8.0, 2.0 ] }, "1344_544": { "autotile": 1.0, "autotile_index": 0.0, "tileset": "bg_tilefreezer", "coord": [ 0.0, 0.0 ] }, "-224_256": { "autotile": 1.0, "autotile_index": 0.0, "tileset": "bg_tilefreezer", "coord": [ 4.0, 4.0 ] }, "-224_224": { "autotile": 1.0, "autotile_index": 0.0, "tileset": "bg_tilefreezer", "coord": [ 8.0, 2.0 ] }, "1888_0": { "coord": [ 8.0, 2.0 ], "autotile_index": 0.0, "tileset": "bg_tilefreezer", "autotile": 1.0 }, "-256_32": { "coord": [ 8.0, 2.0 ], "autotile_index": 0.0, "tileset": "bg_tilefreezer", "autotile": 1.0 }, "960_384": { "autotile": 1.0, "autotile_index": 1.0, "tileset": "bg_tilefreezer", "coord": [ 1.0, 24.0 ] }, "352_384": { "coord": [ 12.0, 26.0 ], "autotile_index": 0.0, "tileset": "bg_tilefreezer", "autotile": 0.0 }, "672_512": { "autotile": 1.0, "autotile_index": 0.0, "tileset": "bg_tilefreezer", "coord": [ 8.0, 2.0 ] }, "-160_224": { "autotile": 1.0, "autotile_index": 0.0, "tileset": "bg_tilefreezer", "coord": [ 5.0, 3.0 ] }, "-96_320": { "coord": [ 0.0, 2.0 ], "autotile_index": 0.0, "tileset": "cold_rock_tiles", "autotile": 0.0 }, "1088_416": { "autotile": 1.0, "autotile_index": 0.0, "tileset": "bg_tilefreezer", "coord": [ 3.0, 0.0 ] }, "-96_480": { "coord": [ 8.0, 2.0 ], "autotile_index": 0.0, "tileset": "bg_tilefreezer", "autotile": 1.0 }, "1792_-32": { "coord": [ 1.0, 1.0 ], "autotile_index": 0.0, "tileset": "bg_tilefreezer", "autotile": 1.0 }, "1920_-128": { "coord": [ 0.0, 0.0 ], "autotile_index": 0.0, "tileset": "bg_tilefreezer", "autotile": 1.0 }, "192_512": { "autotile": 1.0, "autotile_index": 0.0, "tileset": "bg_tilefreezer", "coord": [ 8.0, 2.0 ] }, "128_480": { "autotile": 1.0, "autotile_index": 0.0, "tileset": "bg_tilefreezer", "coord": [ 8.0, 2.0 ] }, "704_288": { "autotile": 0.0, "autotile_index": 0.0, "tileset": "bg_tilefreezer", "coord": [ 10.0, 14.0 ] }, "576_384": { "autotile": 0.0, "autotile_index": 0.0, "tileset": "bg_tilefreezer", "coord": [ 6.0, 17.0 ] }, "-224_-128": { "coord": [ 8.0, 2.0 ], "autotile_index": 0.0, "tileset": "bg_tilefreezer", "autotile": 1.0 }, "1600_256": { "coord": [ 0.0, 4.0 ], "autotile_index": 0.0, "tileset": "cold_rock_tiles", "autotile": 0.0 }, "928_352": { "autotile": 1.0, "autotile_index": 1.0, "tileset": "bg_tilefreezer", "coord": [ 1.0, 23.0 ] }, "288_448": { "coord": [ 8.0, 2.0 ], "autotile_index": 0.0, "tileset": "bg_tilefreezer", "autotile": 1.0 }, "-256_96": { "coord": [ 8.0, 2.0 ], "autotile_index": 0.0, "tileset": "bg_tilefreezer", "autotile": 1.0 }, "992_512": { "coord": [ 8.0, 2.0 ], "autotile_index": 0.0, "tileset": "bg_tilefreezer", "autotile": 1.0 }, "1216_448": { "autotile": 1.0, "autotile_index": 0.0, "tileset": "bg_tilefreezer", "coord": [ 8.0, 2.0 ] }, "672_416": { "autotile": 1.0, "autotile_index": 0.0, "tileset": "bg_tilefreezer", "coord": [ 4.0, 0.0 ] }, "1056_352": { "autotile": 1.0, "autotile_index": 1.0, "tileset": "bg_tilefreezer", "coord": [ 2.0, 22.0 ] }, "-160_512": { "coord": [ 8.0, 2.0 ], "autotile_index": 0.0, "tileset": "bg_tilefreezer", "autotile": 1.0 }, "416_448": { "autotile": 1.0, "autotile_index": 0.0, "tileset": "bg_tilefreezer", "coord": [ 8.0, 2.0 ] }, "96_384": { "coord": [ 1.0, 3.0 ], "autotile_index": 0.0, "tileset": "bg_tilefreezer", "autotile": 1.0 }, "416_416": { "autotile": 1.0, "autotile_index": 0.0, "tileset": "bg_tilefreezer", "coord": [ 4.0, 0.0 ] }, "1824_-64": { "coord": [ 8.0, 2.0 ], "autotile_index": 0.0, "tileset": "bg_tilefreezer", "autotile": 1.0 }, "704_416": { "autotile": 1.0, "autotile_index": 0.0, "tileset": "bg_tilefreezer", "coord": [ 4.0, 0.0 ] }, "1600_480": { "autotile": 1.0, "autotile_index": 0.0, "tileset": "bg_tilefreezer", "coord": [ 8.0, 2.0 ] }, "256_352": { "coord": [ 3.0, 0.0 ], "autotile_index": 0.0, "tileset": "bg_tilefreezer", "autotile": 1.0 }, "1632_320": { "autotile": 1.0, "autotile_index": 0.0, "tileset": "bg_tilefreezer", "coord": [ 8.0, 2.0 ] }, "992_288": { "autotile": 1.0, "autotile_index": 1.0, "tileset": "bg_tilefreezer", "coord": [ 4.0, 21.0 ] }, "1632_448": { "autotile": 1.0, "autotile_index": 0.0, "tileset": "bg_tilefreezer", "coord": [ 8.0, 2.0 ] }, "992_256": { "autotile": 1.0, "autotile_index": 1.0, "tileset": "bg_tilefreezer", "coord": [ 4.0, 20.0 ] }, "640_448": { "autotile": 1.0, "autotile_index": 0.0, "tileset": "bg_tilefreezer", "coord": [ 8.0, 2.0 ] }, "1568_288": { "autotile": 1.0, "autotile_index": 0.0, "tileset": "bg_tilefreezer", "coord": [ 4.0, 0.0 ] }, "1632_192": { "coord": [ 1.0, 2.0 ], "autotile_index": 0.0, "tileset": "cold_rock_tiles", "autotile": 0.0 }, "352_352": { "coord": [ 12.0, 25.0 ], "autotile_index": 0.0, "tileset": "bg_tilefreezer", "autotile": 0.0 }, "1024_416": { "coord": [ 2.0, 0.0 ], "autotile_index": 0.0, "tileset": "bg_tilefreezer", "autotile": 1.0 }, "704_352": { "autotile": 0.0, "autotile_index": 0.0, "tileset": "bg_tilefreezer", "coord": [ 10.0, 16.0 ] }, "-256_64": { "coord": [ 8.0, 2.0 ], "autotile_index": 0.0, "tileset": "bg_tilefreezer", "autotile": 1.0 }, "672_288": { "autotile": 0.0, "autotile_index": 0.0, "tileset": "bg_tilefreezer", "coord": [ 9.0, 14.0 ] }, "576_288": { "autotile": 0.0, "autotile_index": 0.0, "tileset": "bg_tilefreezer", "coord": [ 6.0, 14.0 ] }, "1568_352": { "autotile": 1.0, "autotile_index": 0.0, "tileset": "bg_tilefreezer", "coord": [ 8.0, 2.0 ] }, "-64_448": { "coord": [ 8.0, 2.0 ], "autotile_index": 0.0, "tileset": "bg_tilefreezer", "autotile": 1.0 }, "64_480": { "autotile": 1.0, "autotile_index": 0.0, "tileset": "bg_tilefreezer", "coord": [ 8.0, 2.0 ] }, "1472_512": { "autotile": 1.0, "autotile_index": 0.0, "tileset": "bg_tilefreezer", "coord": [ 8.0, 2.0 ] }, "1824_96": { "autotile": 1.0, "autotile_index": 0.0, "tileset": "bg_tilefreezer", "coord": [ 8.0, 2.0 ] }, "960_448": { "coord": [ 8.0, 2.0 ], "autotile_index": 0.0, "tileset": "bg_tilefreezer", "autotile": 1.0 }, "160_384": { "coord": [ 8.0, 2.0 ], "autotile_index": 0.0, "tileset": "bg_tilefreezer", "autotile": 1.0 } } }, "backgrounds": { "5": { "x": 0.0, "scroll_x": 0.80000000000000004440892098500626, "tile_y": 1.0, "hspeed": 0.0, "scroll_y": 0.80000000000000004440892098500626, "panic_sprite": -1.0, "y": 0.0, "sprite": "bg_freezer2", "tile_x": 1.0, "vspeed": 0.5, "image_speed": 15.0 }, "6": { "x": 0.0, "scroll_x": 0.75, "tile_y": 0.0, "hspeed": 0.0, "scroll_y": 0.75, "panic_sprite": -1.0, "y": 0.0, "sprite": "cold_bg1", "tile_x": 1.0, "vspeed": 0.0, "image_speed": 15.0 }, "-1": { "x": 466.0, "scroll_x": 1.3999999999999999111821580299875, "tile_y": 0.0, "hspeed": 0.0, "scroll_y": 1.1999999999999999555910790149937, "panic_sprite": -1.0, "y": 1212.0, "sprite": "bg_freezerfront1", "tile_x": 1.0, "vspeed": 0.0, "image_speed": 15.0 }, "7": { "x": 0.0, "scroll_x": 1.0, "tile_y": 1.0, "hspeed": 0.0, "scroll_y": 1.0, "panic_sprite": -1.0, "y": 0.0, "sprite": "cold_bg2", "tile_x": 1.0, "vspeed": 0.0, "image_speed": 15.0 } }, "properties": { "songTransitionTime": "100", "roomX": -256.0, "levelWidth": 1920.0, "roomY": -128.0, "levelHeight": 540.0, "song": "frozon_pepper" } }