{ "editorVersion": 5.0, "instances": [ { "layer": 0.0, "deleted": 0.0, "variables": { "x": 736.0, "flipX": 0.0, "y": -320.0, "flipY": 0.0 }, "object": 617.0 }, { "layer": 0.0, "deleted": 0.0, "variables": { "x": 704.0, "flipX": 0.0, "y": -320.0, "flipY": 0.0 }, "object": 617.0 }, { "layer": 0.0, "deleted": 0.0, "variables": { "x": 672.0, "flipX": 0.0, "y": -320.0, "flipY": 0.0 }, "object": 617.0 }, { "layer": 0.0, "deleted": 0.0, "variables": { "x": 640.0, "flipX": 0.0, "y": -320.0, "flipY": 0.0 }, "object": 617.0 }, { "layer": 0.0, "deleted": 0.0, "variables": { "x": 608.0, "flipX": 0.0, "y": -320.0, "flipY": 0.0 }, "object": 617.0 }, { "layer": 0.0, "deleted": 0.0, "variables": { "x": 576.0, "flipX": 0.0, "y": -320.0, "flipY": 0.0 }, "object": 617.0 }, { "layer": 0.0, "deleted": 0.0, "variables": { "x": 544.0, "flipX": 0.0, "y": -320.0, "flipY": 0.0 }, "object": 617.0 }, { "layer": 0.0, "deleted": 0.0, "variables": { "x": 512.0, "flipX": 0.0, "y": -320.0, "flipY": 0.0 }, "object": 617.0 }, { "layer": 0.0, "deleted": 0.0, "variables": { "x": 480.0, "flipX": 0.0, "y": -320.0, "flipY": 0.0 }, "object": 617.0 }, { "layer": 0.0, "deleted": 0.0, "variables": { "x": 448.0, "flipX": 0.0, "y": -320.0, "flipY": 0.0 }, "object": 617.0 }, { "layer": 0.0, "deleted": 0.0, "variables": { "x": 1184.0, "y": -448.0, "targetRoom": "room10", "image_xscale": 1.0, "image_yscale": 2.0, "flipX": 1.0, "flipY": 0.0, "targetDoor": "A" }, "object": 801.0 }, { "layer": 0.0, "deleted": 0.0, "variables": { "x": 1088.0, "y": -512.0, "image_xscale": 3.0, "image_yscale": 2.0, "flipX": 1.0, "flipY": 0.0 }, "object": 517.0 }, { "layer": 0.0, "deleted": 0.0, "variables": { "x": 0.0, "y": -576.0, "image_xscale": 36.0, "image_yscale": 2.0, "flipX": 1.0, "flipY": 0.0 }, "object": 517.0 }, { "layer": 0.0, "deleted": 0.0, "variables": { "x": -192.0, "y": -576.0, "image_xscale": 6.0, "image_yscale": 12.0, "flipX": 1.0, "flipY": 0.0 }, "object": 517.0 }, { "layer": 0.0, "deleted": 0.0, "variables": { "x": -192.0, "y": -192.0, "image_xscale": 2.0, "image_yscale": 23.0, "flipX": 1.0, "flipY": 0.0 }, "object": 517.0 }, { "layer": 0.0, "deleted": 0.0, "variables": { "x": -128.0, "y": 480.0, "image_xscale": 38.0, "image_yscale": 2.0, "flipX": 1.0, "flipY": 0.0 }, "object": 517.0 }, { "layer": 0.0, "deleted": 0.0, "variables": { "x": 1088.0, "y": -320.0, "image_xscale": 3.0, "image_yscale": 27.0, "flipX": 1.0, "flipY": 0.0 }, "object": 517.0 }, { "layer": 0.0, "deleted": 0.0, "variables": { "x": 768.0, "y": -320.0, "image_xscale": 10.0, "image_yscale": 3.0, "flipX": 1.0, "flipY": 0.0 }, "object": 517.0 }, { "layer": 0.0, "deleted": 0.0, "variables": { "x": 448.0, "y": -288.0, "image_xscale": 10.0, "image_yscale": 2.0, "flipX": 1.0, "flipY": 0.0 }, "object": 517.0 }, { "layer": 0.0, "deleted": 0.0, "variables": { "x": 256.0, "y": -320.0, "image_xscale": 6.0, "image_yscale": 3.0, "flipX": 1.0, "flipY": 0.0 }, "object": 517.0 }, { "layer": 0.0, "deleted": 0.0, "variables": { "x": 352.0, "y": -365.5, "image_xscale": 1.0, "image_yscale": 1.0, "escape": "true", "flipX": 1.0, "flipY": 0.0 }, "object": 376.0 }, { "layer": 0.0, "deleted": 1.0, "variables": { "x": 384.0, "flipX": 1.0, "y": -429.0, "flipY": 0.0 }, "object": 376.0 }, { "layer": 0.0, "deleted": 0.0, "variables": { "x": 1088.0, "flipX": 0.0, "y": -352.0, "flipY": 0.0 }, "object": 804.0 } ], "tile_data": { "5": { "288_160": { "coord": [ 4.0, 4.0 ], "autotile_index": 0.0, "tileset": "tile_freezer2", "autotile": 1.0 }, "1056_-544": { "coord": [ 2.0, 4.0 ], "autotile_index": 0.0, "tileset": "tile_freezer2", "autotile": 1.0 }, "96_512": { "coord": [ 6.0, 0.0 ], "autotile_index": 0.0, "tileset": "tile_freezer2", "autotile": 1.0 }, "320_64": { "coord": [ 2.0, 0.0 ], "autotile_index": 0.0, "tileset": "tile_freezer2", "autotile": 1.0 }, "1120_-224": { "coord": [ 6.0, 0.0 ], "autotile_index": 0.0, "tileset": "tile_freezer2", "autotile": 1.0 }, "1120_96": { "coord": [ 6.0, 0.0 ], "autotile_index": 0.0, "tileset": "tile_freezer2", "autotile": 1.0 }, "1088_64": { "coord": [ 1.0, 3.0 ], "autotile_index": 0.0, "tileset": "tile_freezer2", "autotile": 1.0 }, "-192_640": { "coord": [ 0.0, 0.0 ], "autotile_index": 0.0, "tileset": "tile_freezer2", "autotile": 1.0 }, "-192_-352": { "coord": [ 6.0, 0.0 ], "autotile_index": 0.0, "tileset": "tile_freezer2", "autotile": 1.0 }, "704_480": { "coord": [ 4.0, 0.0 ], "autotile_index": 0.0, "tileset": "tile_freezer2", "autotile": 1.0 }, "1120_352": { "coord": [ 6.0, 0.0 ], "autotile_index": 0.0, "tileset": "tile_freezer2", "autotile": 1.0 }, "-96_-576": { "coord": [ 6.0, 0.0 ], "autotile_index": 0.0, "tileset": "tile_freezer2", "autotile": 1.0 }, "-32_160": { "coord": [ 2.0, 4.0 ], "autotile_index": 0.0, "tileset": "tile_freezer2", "autotile": 1.0 }, "320_-576": { "coord": [ 6.0, 0.0 ], "autotile_index": 0.0, "tileset": "tile_freezer2", "autotile": 1.0 }, "832_-288": { "coord": [ 6.0, 0.0 ], "autotile_index": 0.0, "tileset": "tile_freezer2", "autotile": 1.0 }, "256_64": { "coord": [ 2.0, 0.0 ], "autotile_index": 0.0, "tileset": "tile_freezer2", "autotile": 1.0 }, "736_-576": { "coord": [ 6.0, 0.0 ], "autotile_index": 0.0, "tileset": "tile_freezer2", "autotile": 1.0 }, "1120_512": { "coord": [ 6.0, 0.0 ], "autotile_index": 0.0, "tileset": "tile_freezer2", "autotile": 1.0 }, "416_-288": { "coord": [ 2.0, 3.0 ], "autotile_index": 0.0, "tileset": "tile_freezer2", "autotile": 1.0 }, "-192_384": { "coord": [ 6.0, 0.0 ], "autotile_index": 0.0, "tileset": "tile_freezer2", "autotile": 1.0 }, "1024_480": { "coord": [ 4.0, 0.0 ], "autotile_index": 0.0, "tileset": "tile_freezer2", "autotile": 1.0 }, "-160_320": { "coord": [ 5.0, 2.0 ], "autotile_index": 0.0, "tileset": "tile_freezer2", "autotile": 1.0 }, "-128_-480": { "coord": [ 6.0, 0.0 ], "autotile_index": 0.0, "tileset": "tile_freezer2", "autotile": 1.0 }, "576_-256": { "coord": [ 2.0, 4.0 ], "autotile_index": 0.0, "tileset": "tile_freezer2", "autotile": 1.0 }, "-96_-384": { "coord": [ 6.0, 0.0 ], "autotile_index": 0.0, "tileset": "tile_freezer2", "autotile": 1.0 }, "32_-544": { "coord": [ 4.0, 4.0 ], "autotile_index": 0.0, "tileset": "tile_freezer2", "autotile": 1.0 }, "896_480": { "coord": [ 4.0, 0.0 ], "autotile_index": 0.0, "tileset": "tile_freezer2", "autotile": 1.0 }, "352_160": { "coord": [ 2.0, 4.0 ], "autotile_index": 0.0, "tileset": "tile_freezer2", "autotile": 1.0 }, "448_-544": { "coord": [ 4.0, 4.0 ], "autotile_index": 0.0, "tileset": "tile_freezer2", "autotile": 1.0 }, "1056_512": { "coord": [ 6.0, 0.0 ], "autotile_index": 0.0, "tileset": "tile_freezer2", "autotile": 1.0 }, "-64_480": { "coord": [ 2.0, 0.0 ], "autotile_index": 0.0, "tileset": "tile_freezer2", "autotile": 1.0 }, "-192_96": { "coord": [ 6.0, 0.0 ], "autotile_index": 0.0, "tileset": "tile_freezer2", "autotile": 1.0 }, "864_-544": { "coord": [ 3.0, 4.0 ], "autotile_index": 0.0, "tileset": "tile_freezer2", "autotile": 1.0 }, "32_64": { "coord": [ 4.0, 0.0 ], "autotile_index": 0.0, "tileset": "tile_freezer2", "autotile": 1.0 }, "288_-256": { "coord": [ 3.0, 4.0 ], "autotile_index": 0.0, "tileset": "tile_freezer2", "autotile": 1.0 }, "320_-320": { "coord": [ 3.0, 0.0 ], "autotile_index": 0.0, "tileset": "tile_freezer2", "autotile": 1.0 }, "-128_608": { "coord": [ 0.0, 0.0 ], "autotile_index": 0.0, "tileset": "tile_freezer2", "autotile": 1.0 }, "-160_-224": { "coord": [ 2.0, 1.0 ], "autotile_index": 0.0, "tileset": "tile_freezer2", "autotile": 1.0 }, "-160_-96": { "coord": [ 5.0, 1.0 ], "autotile_index": 0.0, "tileset": "tile_freezer2", "autotile": 1.0 }, "736_-256": { "coord": [ 2.0, 4.0 ], "autotile_index": 0.0, "tileset": "tile_freezer2", "autotile": 1.0 }, "-96_160": { "coord": [ 3.0, 4.0 ], "autotile_index": 0.0, "tileset": "tile_freezer2", "autotile": 1.0 }, "-64_-416": { "coord": [ 6.0, 0.0 ], "autotile_index": 0.0, "tileset": "tile_freezer2", "autotile": 1.0 }, "512_480": { "coord": [ 4.0, 0.0 ], "autotile_index": 0.0, "tileset": "tile_freezer2", "autotile": 1.0 }, "1024_-288": { "coord": [ 6.0, 0.0 ], "autotile_index": 0.0, "tileset": "tile_freezer2", "autotile": 1.0 }, "512_-256": { "coord": [ 4.0, 4.0 ], "autotile_index": 0.0, "tileset": "tile_freezer2", "autotile": 1.0 }, "-192_576": { "coord": [ 0.0, 0.0 ], "autotile_index": 0.0, "tileset": "tile_freezer2", "autotile": 1.0 }, "-160_192": { "coord": [ 5.0, 3.0 ], "autotile_index": 0.0, "tileset": "tile_freezer2", "autotile": 1.0 }, "-160_96": { "coord": [ 6.0, 0.0 ], "autotile_index": 0.0, "tileset": "tile_freezer2", "autotile": 1.0 }, "128_-576": { "coord": [ 6.0, 0.0 ], "autotile_index": 0.0, "tileset": "tile_freezer2", "autotile": 1.0 }, "-96_-288": { "coord": [ 6.0, 0.0 ], "autotile_index": 0.0, "tileset": "tile_freezer2", "autotile": 1.0 }, "544_-576": { "coord": [ 6.0, 0.0 ], "autotile_index": 0.0, "tileset": "tile_freezer2", "autotile": 1.0 }, "608_-288": { "coord": [ 4.0, 0.0 ], "autotile_index": 0.0, "tileset": "tile_freezer2", "autotile": 1.0 }, "960_-576": { "coord": [ 6.0, 0.0 ], "autotile_index": 0.0, "tileset": "tile_freezer2", "autotile": 1.0 }, "-192_-320": { "coord": [ 6.0, 0.0 ], "autotile_index": 0.0, "tileset": "tile_freezer2", "autotile": 1.0 }, "160_512": { "coord": [ 6.0, 0.0 ], "autotile_index": 0.0, "tileset": "tile_freezer2", "autotile": 1.0 }, "960_-256": { "coord": [ 2.0, 4.0 ], "autotile_index": 0.0, "tileset": "tile_freezer2", "autotile": 1.0 }, "384_64": { "coord": [ 4.0, 0.0 ], "autotile_index": 0.0, "tileset": "tile_freezer2", "autotile": 1.0 }, "1088_480": { "coord": [ 4.0, 3.0 ], "autotile_index": 0.0, "tileset": "tile_freezer2", "autotile": 1.0 }, "160_128": { "coord": [ 6.0, 0.0 ], "autotile_index": 0.0, "tileset": "tile_freezer2", "autotile": 1.0 }, "-192_-480": { "coord": [ 6.0, 0.0 ], "autotile_index": 0.0, "tileset": "tile_freezer2", "autotile": 1.0 }, "-64_-256": { "coord": [ 6.0, 0.0 ], "autotile_index": 0.0, "tileset": "tile_freezer2", "autotile": 1.0 }, "-160_-544": { "coord": [ 6.0, 0.0 ], "autotile_index": 0.0, "tileset": "tile_freezer2", "autotile": 1.0 }, "-192_448": { "coord": [ 6.0, 0.0 ], "autotile_index": 0.0, "tileset": "tile_freezer2", "autotile": 1.0 }, "416_64": { "coord": [ 5.0, 0.0 ], "autotile_index": 0.0, "tileset": "tile_freezer2", "autotile": 1.0 }, "0_480": { "coord": [ 3.0, 0.0 ], "autotile_index": 0.0, "tileset": "tile_freezer2", "autotile": 1.0 }, "-128_96": { "coord": [ 6.0, 0.0 ], "autotile_index": 0.0, "tileset": "tile_freezer2", "autotile": 1.0 }, "256_-544": { "coord": [ 3.0, 4.0 ], "autotile_index": 0.0, "tileset": "tile_freezer2", "autotile": 1.0 }, "-192_-128": { "coord": [ 6.0, 0.0 ], "autotile_index": 0.0, "tileset": "tile_freezer2", "autotile": 1.0 }, "928_-320": { "coord": [ 2.0, 0.0 ], "autotile_index": 0.0, "tileset": "tile_freezer2", "autotile": 1.0 }, "672_-544": { "coord": [ 2.0, 4.0 ], "autotile_index": 0.0, "tileset": "tile_freezer2", "autotile": 1.0 }, "320_480": { "coord": [ 2.0, 0.0 ], "autotile_index": 0.0, "tileset": "tile_freezer2", "autotile": 1.0 }, "704_512": { "coord": [ 6.0, 0.0 ], "autotile_index": 0.0, "tileset": "tile_freezer2", "autotile": 1.0 }, "1088_-64": { "coord": [ 1.0, 3.0 ], "autotile_index": 0.0, "tileset": "tile_freezer2", "autotile": 1.0 }, "1120_-544": { "coord": [ 6.0, 0.0 ], "autotile_index": 0.0, "tileset": "tile_freezer2", "autotile": 1.0 }, "352_480": { "coord": [ 3.0, 0.0 ], "autotile_index": 0.0, "tileset": "tile_freezer2", "autotile": 1.0 }, "320_96": { "coord": [ 6.0, 0.0 ], "autotile_index": 0.0, "tileset": "tile_freezer2", "autotile": 1.0 }, "1088_192": { "coord": [ 1.0, 3.0 ], "autotile_index": 0.0, "tileset": "tile_freezer2", "autotile": 1.0 }, "1088_-224": { "coord": [ 1.0, 3.0 ], "autotile_index": 0.0, "tileset": "tile_freezer2", "autotile": 1.0 }, "-32_-480": { "coord": [ 5.0, 3.0 ], "autotile_index": 0.0, "tileset": "tile_freezer2", "autotile": 1.0 }, "-160_-352": { "coord": [ 6.0, 0.0 ], "autotile_index": 0.0, "tileset": "tile_freezer2", "autotile": 1.0 }, "192_160": { "coord": [ 2.0, 4.0 ], "autotile_index": 0.0, "tileset": "tile_freezer2", "autotile": 1.0 }, "-64_-576": { "coord": [ 6.0, 0.0 ], "autotile_index": 0.0, "tileset": "tile_freezer2", "autotile": 1.0 }, "416_480": { "coord": [ 3.0, 0.0 ], "autotile_index": 0.0, "tileset": "tile_freezer2", "autotile": 1.0 }, "224_64": { "coord": [ 2.0, 0.0 ], "autotile_index": 0.0, "tileset": "tile_freezer2", "autotile": 1.0 }, "352_-576": { "coord": [ 6.0, 0.0 ], "autotile_index": 0.0, "tileset": "tile_freezer2", "autotile": 1.0 }, "512_512": { "coord": [ 6.0, 0.0 ], "autotile_index": 0.0, "tileset": "tile_freezer2", "autotile": 1.0 }, "800_-288": { "coord": [ 6.0, 0.0 ], "autotile_index": 0.0, "tileset": "tile_freezer2", "autotile": 1.0 }, "768_-576": { "coord": [ 6.0, 0.0 ], "autotile_index": 0.0, "tileset": "tile_freezer2", "autotile": 1.0 }, "320_512": { "coord": [ 6.0, 0.0 ], "autotile_index": 0.0, "tileset": "tile_freezer2", "autotile": 1.0 }, "384_-288": { "coord": [ 6.0, 0.0 ], "autotile_index": 0.0, "tileset": "tile_freezer2", "autotile": 1.0 }, "896_512": { "coord": [ 6.0, 0.0 ], "autotile_index": 0.0, "tileset": "tile_freezer2", "autotile": 1.0 }, "-128_-512": { "coord": [ 6.0, 0.0 ], "autotile_index": 0.0, "tileset": "tile_freezer2", "autotile": 1.0 }, "320_160": { "coord": [ 3.0, 4.0 ], "autotile_index": 0.0, "tileset": "tile_freezer2", "autotile": 1.0 }, "256_512": { "coord": [ 6.0, 0.0 ], "autotile_index": 0.0, "tileset": "tile_freezer2", "autotile": 1.0 }, "1120_-320": { "coord": [ 2.0, 0.0 ], "autotile_index": 0.0, "tileset": "tile_freezer2", "autotile": 1.0 }, "384_512": { "coord": [ 6.0, 0.0 ], "autotile_index": 0.0, "tileset": "tile_freezer2", "autotile": 1.0 }, "64_96": { "coord": [ 6.0, 0.0 ], "autotile_index": 0.0, "tileset": "tile_freezer2", "autotile": 1.0 }, "1088_-192": { "coord": [ 1.0, 1.0 ], "autotile_index": 0.0, "tileset": "tile_freezer2", "autotile": 1.0 }, "1088_-96": { "coord": [ 1.0, 2.0 ], "autotile_index": 0.0, "tileset": "tile_freezer2", "autotile": 1.0 }, "-160_160": { "coord": [ 2.0, 1.0 ], "autotile_index": 0.0, "tileset": "tile_freezer2", "autotile": 1.0 }, "-64_-384": { "coord": [ 6.0, 0.0 ], "autotile_index": 0.0, "tileset": "tile_freezer2", "autotile": 1.0 }, "-64_64": { "coord": [ 2.0, 0.0 ], "autotile_index": 0.0, "tileset": "tile_freezer2", "autotile": 1.0 }, "64_-544": { "coord": [ 3.0, 4.0 ], "autotile_index": 0.0, "tileset": "tile_freezer2", "autotile": 1.0 }, "-128_-224": { "coord": [ 2.0, 4.0 ], "autotile_index": 0.0, "tileset": "tile_freezer2", "autotile": 1.0 }, "480_-544": { "coord": [ 4.0, 4.0 ], "autotile_index": 0.0, "tileset": "tile_freezer2", "autotile": 1.0 }, "256_128": { "coord": [ 6.0, 0.0 ], "autotile_index": 0.0, "tileset": "tile_freezer2", "autotile": 1.0 }, "896_-544": { "coord": [ 4.0, 4.0 ], "autotile_index": 0.0, "tileset": "tile_freezer2", "autotile": 1.0 }, "320_-256": { "coord": [ 2.0, 4.0 ], "autotile_index": 0.0, "tileset": "tile_freezer2", "autotile": 1.0 }, "32_512": { "coord": [ 6.0, 0.0 ], "autotile_index": 0.0, "tileset": "tile_freezer2", "autotile": 1.0 }, "288_-320": { "coord": [ 4.0, 0.0 ], "autotile_index": 0.0, "tileset": "tile_freezer2", "autotile": 1.0 }, "256_160": { "coord": [ 4.0, 4.0 ], "autotile_index": 0.0, "tileset": "tile_freezer2", "autotile": 1.0 }, "-160_-256": { "coord": [ 6.0, 0.0 ], "autotile_index": 0.0, "tileset": "tile_freezer2", "autotile": 1.0 }, "800_-256": { "coord": [ 3.0, 4.0 ], "autotile_index": 0.0, "tileset": "tile_freezer2", "autotile": 1.0 }, "416_160": { "coord": [ 5.0, 4.0 ], "autotile_index": 0.0, "tileset": "tile_freezer2", "autotile": 1.0 }, "-96_-416": { "coord": [ 6.0, 0.0 ], "autotile_index": 0.0, "tileset": "tile_freezer2", "autotile": 1.0 }, "992_-288": { "coord": [ 6.0, 0.0 ], "autotile_index": 0.0, "tileset": "tile_freezer2", "autotile": 1.0 }, "352_128": { "coord": [ 6.0, 0.0 ], "autotile_index": 0.0, "tileset": "tile_freezer2", "autotile": 1.0 }, "-192_544": { "coord": [ 0.0, 0.0 ], "autotile_index": 0.0, "tileset": "tile_freezer2", "autotile": 1.0 }, "576_512": { "coord": [ 6.0, 0.0 ], "autotile_index": 0.0, "tileset": "tile_freezer2", "autotile": 1.0 }, "160_-576": { "coord": [ 6.0, 0.0 ], "autotile_index": 0.0, "tileset": "tile_freezer2", "autotile": 1.0 }, "-32_-288": { "coord": [ 5.0, 2.0 ], "autotile_index": 0.0, "tileset": "tile_freezer2", "autotile": 1.0 }, "576_-576": { "coord": [ 6.0, 0.0 ], "autotile_index": 0.0, "tileset": "tile_freezer2", "autotile": 1.0 }, "576_480": { "coord": [ 2.0, 0.0 ], "autotile_index": 0.0, "tileset": "tile_freezer2", "autotile": 1.0 }, "-160_448": { "coord": [ 5.0, 1.0 ], "autotile_index": 0.0, "tileset": "tile_freezer2", "autotile": 1.0 }, "576_-288": { "coord": [ 4.0, 0.0 ], "autotile_index": 0.0, "tileset": "tile_freezer2", "autotile": 1.0 }, "992_-576": { "coord": [ 6.0, 0.0 ], "autotile_index": 0.0, "tileset": "tile_freezer2", "autotile": 1.0 }, "992_-256": { "coord": [ 4.0, 4.0 ], "autotile_index": 0.0, "tileset": "tile_freezer2", "autotile": 1.0 }, "1120_320": { "coord": [ 6.0, 0.0 ], "autotile_index": 0.0, "tileset": "tile_freezer2", "autotile": 1.0 }, "352_64": { "coord": [ 2.0, 0.0 ], "autotile_index": 0.0, "tileset": "tile_freezer2", "autotile": 1.0 }, "-160_480": { "coord": [ 2.0, 3.0 ], "autotile_index": 0.0, "tileset": "tile_freezer2", "autotile": 1.0 }, "1120_192": { "coord": [ 6.0, 0.0 ], "autotile_index": 0.0, "tileset": "tile_freezer2", "autotile": 1.0 }, "1088_-512": { "coord": [ 1.0, 1.0 ], "autotile_index": 0.0, "tileset": "tile_freezer2", "autotile": 1.0 }, "-192_-448": { "coord": [ 6.0, 0.0 ], "autotile_index": 0.0, "tileset": "tile_freezer2", "autotile": 1.0 }, "128_96": { "coord": [ 6.0, 0.0 ], "autotile_index": 0.0, "tileset": "tile_freezer2", "autotile": 1.0 }, "-64_-224": { "coord": [ 2.0, 4.0 ], "autotile_index": 0.0, "tileset": "tile_freezer2", "autotile": 1.0 }, "352_512": { "coord": [ 6.0, 0.0 ], "autotile_index": 0.0, "tileset": "tile_freezer2", "autotile": 1.0 }, "64_64": { "coord": [ 3.0, 0.0 ], "autotile_index": 0.0, "tileset": "tile_freezer2", "autotile": 1.0 }, "1088_256": { "coord": [ 1.0, 2.0 ], "autotile_index": 0.0, "tileset": "tile_freezer2", "autotile": 1.0 }, "320_128": { "coord": [ 6.0, 0.0 ], "autotile_index": 0.0, "tileset": "tile_freezer2", "autotile": 1.0 }, "-128_-544": { "coord": [ 6.0, 0.0 ], "autotile_index": 0.0, "tileset": "tile_freezer2", "autotile": 1.0 }, "-192_480": { "coord": [ 6.0, 0.0 ], "autotile_index": 0.0, "tileset": "tile_freezer2", "autotile": 1.0 }, "-128_64": { "coord": [ 4.0, 0.0 ], "autotile_index": 0.0, "tileset": "tile_freezer2", "autotile": 1.0 }, "288_-544": { "coord": [ 2.0, 4.0 ], "autotile_index": 0.0, "tileset": "tile_freezer2", "autotile": 1.0 }, "960_512": { "coord": [ 6.0, 0.0 ], "autotile_index": 0.0, "tileset": "tile_freezer2", "autotile": 1.0 }, "-160_288": { "coord": [ 5.0, 1.0 ], "autotile_index": 0.0, "tileset": "tile_freezer2", "autotile": 1.0 }, "1120_0": { "coord": [ 6.0, 0.0 ], "autotile_index": 0.0, "tileset": "tile_freezer2", "autotile": 1.0 }, "896_-320": { "coord": [ 3.0, 0.0 ], "autotile_index": 0.0, "tileset": "tile_freezer2", "autotile": 1.0 }, "704_-544": { "coord": [ 3.0, 4.0 ], "autotile_index": 0.0, "tileset": "tile_freezer2", "autotile": 1.0 }, "448_512": { "coord": [ 6.0, 0.0 ], "autotile_index": 0.0, "tileset": "tile_freezer2", "autotile": 1.0 }, "-160_64": { "coord": [ 2.0, 3.0 ], "autotile_index": 0.0, "tileset": "tile_freezer2", "autotile": 1.0 }, "1088_-544": { "coord": [ 4.0, 1.0 ], "autotile_index": 0.0, "tileset": "tile_freezer2", "autotile": 1.0 }, "288_512": { "coord": [ 6.0, 0.0 ], "autotile_index": 0.0, "tileset": "tile_freezer2", "autotile": 1.0 }, "1088_448": { "coord": [ 1.0, 3.0 ], "autotile_index": 0.0, "tileset": "tile_freezer2", "autotile": 1.0 }, "1088_160": { "coord": [ 1.0, 2.0 ], "autotile_index": 0.0, "tileset": "tile_freezer2", "autotile": 1.0 }, "-32_-512": { "coord": [ 5.0, 1.0 ], "autotile_index": 0.0, "tileset": "tile_freezer2", "autotile": 1.0 }, "-128_-352": { "coord": [ 6.0, 0.0 ], "autotile_index": 0.0, "tileset": "tile_freezer2", "autotile": 1.0 }, "0_96": { "coord": [ 6.0, 0.0 ], "autotile_index": 0.0, "tileset": "tile_freezer2", "autotile": 1.0 }, "-32_-576": { "coord": [ 6.0, 0.0 ], "autotile_index": 0.0, "tileset": "tile_freezer2", "autotile": 1.0 }, "224_96": { "coord": [ 6.0, 0.0 ], "autotile_index": 0.0, "tileset": "tile_freezer2", "autotile": 1.0 }, "384_-576": { "coord": [ 6.0, 0.0 ], "autotile_index": 0.0, "tileset": "tile_freezer2", "autotile": 1.0 }, "672_512": { "coord": [ 6.0, 0.0 ], "autotile_index": 0.0, "tileset": "tile_freezer2", "autotile": 1.0 }, "-160_224": { "coord": [ 5.0, 1.0 ], "autotile_index": 0.0, "tileset": "tile_freezer2", "autotile": 1.0 }, "768_-288": { "coord": [ 4.0, 3.0 ], "autotile_index": 0.0, "tileset": "tile_freezer2", "autotile": 1.0 }, "800_-576": { "coord": [ 6.0, 0.0 ], "autotile_index": 0.0, "tileset": "tile_freezer2", "autotile": 1.0 }, "96_160": { "coord": [ 3.0, 4.0 ], "autotile_index": 0.0, "tileset": "tile_freezer2", "autotile": 1.0 }, "1088_416": { "coord": [ 1.0, 1.0 ], "autotile_index": 0.0, "tileset": "tile_freezer2", "autotile": 1.0 }, "-96_480": { "coord": [ 2.0, 0.0 ], "autotile_index": 0.0, "tileset": "tile_freezer2", "autotile": 1.0 }, "352_-288": { "coord": [ 6.0, 0.0 ], "autotile_index": 0.0, "tileset": "tile_freezer2", "autotile": 1.0 }, "-192_-160": { "coord": [ 6.0, 0.0 ], "autotile_index": 0.0, "tileset": "tile_freezer2", "autotile": 1.0 }, "192_512": { "coord": [ 6.0, 0.0 ], "autotile_index": 0.0, "tileset": "tile_freezer2", "autotile": 1.0 }, "640_-256": { "coord": [ 3.0, 4.0 ], "autotile_index": 0.0, "tileset": "tile_freezer2", "autotile": 1.0 }, "128_480": { "coord": [ 2.0, 0.0 ], "autotile_index": 0.0, "tileset": "tile_freezer2", "autotile": 1.0 }, "-64_160": { "coord": [ 4.0, 4.0 ], "autotile_index": 0.0, "tileset": "tile_freezer2", "autotile": 1.0 }, "1088_-320": { "coord": [ 2.0, 0.0 ], "autotile_index": 0.0, "tileset": "tile_freezer2", "autotile": 1.0 }, "1088_-160": { "coord": [ 1.0, 2.0 ], "autotile_index": 0.0, "tileset": "tile_freezer2", "autotile": 1.0 }, "992_512": { "coord": [ 6.0, 0.0 ], "autotile_index": 0.0, "tileset": "tile_freezer2", "autotile": 1.0 }, "-32_-384": { "coord": [ 5.0, 3.0 ], "autotile_index": 0.0, "tileset": "tile_freezer2", "autotile": 1.0 }, "-64_96": { "coord": [ 6.0, 0.0 ], "autotile_index": 0.0, "tileset": "tile_freezer2", "autotile": 1.0 }, "96_-544": { "coord": [ 2.0, 4.0 ], "autotile_index": 0.0, "tileset": "tile_freezer2", "autotile": 1.0 }, "-160_512": { "coord": [ 6.0, 0.0 ], "autotile_index": 0.0, "tileset": "tile_freezer2", "autotile": 1.0 }, "-128_-256": { "coord": [ 6.0, 0.0 ], "autotile_index": 0.0, "tileset": "tile_freezer2", "autotile": 1.0 }, "512_-544": { "coord": [ 4.0, 4.0 ], "autotile_index": 0.0, "tileset": "tile_freezer2", "autotile": 1.0 }, "-192_288": { "coord": [ 6.0, 0.0 ], "autotile_index": 0.0, "tileset": "tile_freezer2", "autotile": 1.0 }, "928_-544": { "coord": [ 4.0, 4.0 ], "autotile_index": 0.0, "tileset": "tile_freezer2", "autotile": 1.0 }, "352_-256": { "coord": [ 3.0, 4.0 ], "autotile_index": 0.0, "tileset": "tile_freezer2", "autotile": 1.0 }, "256_-320": { "coord": [ 1.0, 0.0 ], "autotile_index": 0.0, "tileset": "tile_freezer2", "autotile": 1.0 }, "-160_-288": { "coord": [ 6.0, 0.0 ], "autotile_index": 0.0, "tileset": "tile_freezer2", "autotile": 1.0 }, "864_-256": { "coord": [ 4.0, 4.0 ], "autotile_index": 0.0, "tileset": "tile_freezer2", "autotile": 1.0 }, "1120_-32": { "coord": [ 6.0, 0.0 ], "autotile_index": 0.0, "tileset": "tile_freezer2", "autotile": 1.0 }, "288_128": { "coord": [ 6.0, 0.0 ], "autotile_index": 0.0, "tileset": "tile_freezer2", "autotile": 1.0 }, "-128_-416": { "coord": [ 6.0, 0.0 ], "autotile_index": 0.0, "tileset": "tile_freezer2", "autotile": 1.0 }, "128_128": { "coord": [ 6.0, 0.0 ], "autotile_index": 0.0, "tileset": "tile_freezer2", "autotile": 1.0 }, "960_-288": { "coord": [ 6.0, 0.0 ], "autotile_index": 0.0, "tileset": "tile_freezer2", "autotile": 1.0 }, "-192_-512": { "coord": [ 6.0, 0.0 ], "autotile_index": 0.0, "tileset": "tile_freezer2", "autotile": 1.0 }, "32_128": { "coord": [ 6.0, 0.0 ], "autotile_index": 0.0, "tileset": "tile_freezer2", "autotile": 1.0 }, "1088_96": { "coord": [ 1.0, 3.0 ], "autotile_index": 0.0, "tileset": "tile_freezer2", "autotile": 1.0 }, "-96_128": { "coord": [ 6.0, 0.0 ], "autotile_index": 0.0, "tileset": "tile_freezer2", "autotile": 1.0 }, "192_-576": { "coord": [ 6.0, 0.0 ], "autotile_index": 0.0, "tileset": "tile_freezer2", "autotile": 1.0 }, "64_480": { "coord": [ 3.0, 0.0 ], "autotile_index": 0.0, "tileset": "tile_freezer2", "autotile": 1.0 }, "-64_-288": { "coord": [ 6.0, 0.0 ], "autotile_index": 0.0, "tileset": "tile_freezer2", "autotile": 1.0 }, "608_-576": { "coord": [ 6.0, 0.0 ], "autotile_index": 0.0, "tileset": "tile_freezer2", "autotile": 1.0 }, "544_-288": { "coord": [ 3.0, 0.0 ], "autotile_index": 0.0, "tileset": "tile_freezer2", "autotile": 1.0 }, "96_96": { "coord": [ 6.0, 0.0 ], "autotile_index": 0.0, "tileset": "tile_freezer2", "autotile": 1.0 }, "1024_-576": { "coord": [ 6.0, 0.0 ], "autotile_index": 0.0, "tileset": "tile_freezer2", "autotile": 1.0 }, "1120_448": { "coord": [ 6.0, 0.0 ], "autotile_index": 0.0, "tileset": "tile_freezer2", "autotile": 1.0 }, "-192_32": { "coord": [ 6.0, 0.0 ], "autotile_index": 0.0, "tileset": "tile_freezer2", "autotile": 1.0 }, "1024_-256": { "coord": [ 3.0, 4.0 ], "autotile_index": 0.0, "tileset": "tile_freezer2", "autotile": 1.0 }, "-160_608": { "coord": [ 0.0, 0.0 ], "autotile_index": 0.0, "tileset": "tile_freezer2", "autotile": 1.0 }, "64_128": { "coord": [ 6.0, 0.0 ], "autotile_index": 0.0, "tileset": "tile_freezer2", "autotile": 1.0 }, "1088_-480": { "coord": [ 1.0, 4.0 ], "autotile_index": 0.0, "tileset": "tile_freezer2", "autotile": 1.0 }, "-192_-416": { "coord": [ 6.0, 0.0 ], "autotile_index": 0.0, "tileset": "tile_freezer2", "autotile": 1.0 }, "128_64": { "coord": [ 4.0, 0.0 ], "autotile_index": 0.0, "tileset": "tile_freezer2", "autotile": 1.0 }, "-96_-544": { "coord": [ 6.0, 0.0 ], "autotile_index": 0.0, "tileset": "tile_freezer2", "autotile": 1.0 }, "320_-544": { "coord": [ 2.0, 4.0 ], "autotile_index": 0.0, "tileset": "tile_freezer2", "autotile": 1.0 }, "960_480": { "coord": [ 3.0, 0.0 ], "autotile_index": 0.0, "tileset": "tile_freezer2", "autotile": 1.0 }, "-160_128": { "coord": [ 6.0, 0.0 ], "autotile_index": 0.0, "tileset": "tile_freezer2", "autotile": 1.0 }, "1088_224": { "coord": [ 1.0, 2.0 ], "autotile_index": 0.0, "tileset": "tile_freezer2", "autotile": 1.0 }, "864_-320": { "coord": [ 2.0, 0.0 ], "autotile_index": 0.0, "tileset": "tile_freezer2", "autotile": 1.0 }, "736_-544": { "coord": [ 2.0, 4.0 ], "autotile_index": 0.0, "tileset": "tile_freezer2", "autotile": 1.0 }, "32_160": { "coord": [ 2.0, 4.0 ], "autotile_index": 0.0, "tileset": "tile_freezer2", "autotile": 1.0 }, "-32_480": { "coord": [ 4.0, 0.0 ], "autotile_index": 0.0, "tileset": "tile_freezer2", "autotile": 1.0 }, "-128_480": { "coord": [ 2.0, 0.0 ], "autotile_index": 0.0, "tileset": "tile_freezer2", "autotile": 1.0 }, "608_512": { "coord": [ 6.0, 0.0 ], "autotile_index": 0.0, "tileset": "tile_freezer2", "autotile": 1.0 }, "-96_-480": { "coord": [ 6.0, 0.0 ], "autotile_index": 0.0, "tileset": "tile_freezer2", "autotile": 1.0 }, "-192_512": { "coord": [ 6.0, 0.0 ], "autotile_index": 0.0, "tileset": "tile_freezer2", "autotile": 1.0 }, "-96_-352": { "coord": [ 6.0, 0.0 ], "autotile_index": 0.0, "tileset": "tile_freezer2", "autotile": 1.0 }, "800_512": { "coord": [ 6.0, 0.0 ], "autotile_index": 0.0, "tileset": "tile_freezer2", "autotile": 1.0 }, "-160_0": { "coord": [ 5.0, 1.0 ], "autotile_index": 0.0, "tileset": "tile_freezer2", "autotile": 1.0 }, "0_-576": { "coord": [ 6.0, 0.0 ], "autotile_index": 0.0, "tileset": "tile_freezer2", "autotile": 1.0 }, "192_96": { "coord": [ 6.0, 0.0 ], "autotile_index": 0.0, "tileset": "tile_freezer2", "autotile": 1.0 }, "-192_-32": { "coord": [ 6.0, 0.0 ], "autotile_index": 0.0, "tileset": "tile_freezer2", "autotile": 1.0 }, "416_-576": { "coord": [ 6.0, 0.0 ], "autotile_index": 0.0, "tileset": "tile_freezer2", "autotile": 1.0 }, "736_-288": { "coord": [ 3.0, 0.0 ], "autotile_index": 0.0, "tileset": "tile_freezer2", "autotile": 1.0 }, "832_-576": { "coord": [ 6.0, 0.0 ], "autotile_index": 0.0, "tileset": "tile_freezer2", "autotile": 1.0 }, "768_512": { "coord": [ 6.0, 0.0 ], "autotile_index": 0.0, "tileset": "tile_freezer2", "autotile": 1.0 }, "416_512": { "coord": [ 6.0, 0.0 ], "autotile_index": 0.0, "tileset": "tile_freezer2", "autotile": 1.0 }, "320_-288": { "coord": [ 6.0, 0.0 ], "autotile_index": 0.0, "tileset": "tile_freezer2", "autotile": 1.0 }, "-128_640": { "coord": [ 0.0, 0.0 ], "autotile_index": 0.0, "tileset": "tile_freezer2", "autotile": 1.0 }, "-192_-192": { "coord": [ 6.0, 0.0 ], "autotile_index": 0.0, "tileset": "tile_freezer2", "autotile": 1.0 }, "672_-256": { "coord": [ 4.0, 4.0 ], "autotile_index": 0.0, "tileset": "tile_freezer2", "autotile": 1.0 }, "768_480": { "coord": [ 4.0, 0.0 ], "autotile_index": 0.0, "tileset": "tile_freezer2", "autotile": 1.0 }, "-32_-448": { "coord": [ 5.0, 1.0 ], "autotile_index": 0.0, "tileset": "tile_freezer2", "autotile": 1.0 }, "288_480": { "coord": [ 3.0, 0.0 ], "autotile_index": 0.0, "tileset": "tile_freezer2", "autotile": 1.0 }, "1056_-320": { "coord": [ 4.0, 0.0 ], "autotile_index": 0.0, "tileset": "tile_freezer2", "autotile": 1.0 }, "544_-256": { "coord": [ 3.0, 4.0 ], "autotile_index": 0.0, "tileset": "tile_freezer2", "autotile": 1.0 }, "-160_576": { "coord": [ 0.0, 0.0 ], "autotile_index": 0.0, "tileset": "tile_freezer2", "autotile": 1.0 }, "-64_128": { "coord": [ 6.0, 0.0 ], "autotile_index": 0.0, "tileset": "tile_freezer2", "autotile": 1.0 }, "640_480": { "coord": [ 4.0, 0.0 ], "autotile_index": 0.0, "tileset": "tile_freezer2", "autotile": 1.0 }, "128_-544": { "coord": [ 2.0, 4.0 ], "autotile_index": 0.0, "tileset": "tile_freezer2", "autotile": 1.0 }, "-128_-320": { "coord": [ 6.0, 0.0 ], "autotile_index": 0.0, "tileset": "tile_freezer2", "autotile": 1.0 }, "544_-544": { "coord": [ 4.0, 4.0 ], "autotile_index": 0.0, "tileset": "tile_freezer2", "autotile": 1.0 }, "960_-544": { "coord": [ 4.0, 4.0 ], "autotile_index": 0.0, "tileset": "tile_freezer2", "autotile": 1.0 }, "640_512": { "coord": [ 6.0, 0.0 ], "autotile_index": 0.0, "tileset": "tile_freezer2", "autotile": 1.0 }, "-192_-288": { "coord": [ 6.0, 0.0 ], "autotile_index": 0.0, "tileset": "tile_freezer2", "autotile": 1.0 }, "928_-256": { "coord": [ 2.0, 4.0 ], "autotile_index": 0.0, "tileset": "tile_freezer2", "autotile": 1.0 }, "-192_192": { "coord": [ 6.0, 0.0 ], "autotile_index": 0.0, "tileset": "tile_freezer2", "autotile": 1.0 }, "288_96": { "coord": [ 6.0, 0.0 ], "autotile_index": 0.0, "tileset": "tile_freezer2", "autotile": 1.0 }, "-160_-480": { "coord": [ 6.0, 0.0 ], "autotile_index": 0.0, "tileset": "tile_freezer2", "autotile": 1.0 }, "160_160": { "coord": [ 2.0, 4.0 ], "autotile_index": 0.0, "tileset": "tile_freezer2", "autotile": 1.0 }, "-32_-256": { "coord": [ 5.0, 2.0 ], "autotile_index": 0.0, "tileset": "tile_freezer2", "autotile": 1.0 }, "-192_-576": { "coord": [ 6.0, 0.0 ], "autotile_index": 0.0, "tileset": "tile_freezer2", "autotile": 1.0 }, "-128_160": { "coord": [ 4.0, 4.0 ], "autotile_index": 0.0, "tileset": "tile_freezer2", "autotile": 1.0 }, "416_96": { "coord": [ 5.0, 1.0 ], "autotile_index": 0.0, "tileset": "tile_freezer2", "autotile": 1.0 }, "-96_96": { "coord": [ 6.0, 0.0 ], "autotile_index": 0.0, "tileset": "tile_freezer2", "autotile": 1.0 }, "224_160": { "coord": [ 2.0, 4.0 ], "autotile_index": 0.0, "tileset": "tile_freezer2", "autotile": 1.0 }, "224_-576": { "coord": [ 6.0, 0.0 ], "autotile_index": 0.0, "tileset": "tile_freezer2", "autotile": 1.0 }, "1088_512": { "coord": [ 6.0, 0.0 ], "autotile_index": 0.0, "tileset": "tile_freezer2", "autotile": 1.0 }, "928_-288": { "coord": [ 6.0, 0.0 ], "autotile_index": 0.0, "tileset": "tile_freezer2", "autotile": 1.0 }, "0_160": { "coord": [ 2.0, 4.0 ], "autotile_index": 0.0, "tileset": "tile_freezer2", "autotile": 1.0 }, "640_-576": { "coord": [ 6.0, 0.0 ], "autotile_index": 0.0, "tileset": "tile_freezer2", "autotile": 1.0 }, "512_-288": { "coord": [ 3.0, 0.0 ], "autotile_index": 0.0, "tileset": "tile_freezer2", "autotile": 1.0 }, "1056_-576": { "coord": [ 6.0, 0.0 ], "autotile_index": 0.0, "tileset": "tile_freezer2", "autotile": 1.0 }, "672_480": { "coord": [ 4.0, 0.0 ], "autotile_index": 0.0, "tileset": "tile_freezer2", "autotile": 1.0 }, "352_96": { "coord": [ 6.0, 0.0 ], "autotile_index": 0.0, "tileset": "tile_freezer2", "autotile": 1.0 }, "1120_-256": { "coord": [ 6.0, 0.0 ], "autotile_index": 0.0, "tileset": "tile_freezer2", "autotile": 1.0 }, "1088_32": { "coord": [ 1.0, 2.0 ], "autotile_index": 0.0, "tileset": "tile_freezer2", "autotile": 1.0 }, "1088_0": { "coord": [ 1.0, 3.0 ], "autotile_index": 0.0, "tileset": "tile_freezer2", "autotile": 1.0 }, "-192_608": { "coord": [ 0.0, 0.0 ], "autotile_index": 0.0, "tileset": "tile_freezer2", "autotile": 1.0 }, "96_480": { "coord": [ 4.0, 0.0 ], "autotile_index": 0.0, "tileset": "tile_freezer2", "autotile": 1.0 }, "-192_-384": { "coord": [ 6.0, 0.0 ], "autotile_index": 0.0, "tileset": "tile_freezer2", "autotile": 1.0 }, "-64_-544": { "coord": [ 6.0, 0.0 ], "autotile_index": 0.0, "tileset": "tile_freezer2", "autotile": 1.0 }, "-192_64": { "coord": [ 6.0, 0.0 ], "autotile_index": 0.0, "tileset": "tile_freezer2", "autotile": 1.0 }, "-160_32": { "coord": [ 5.0, 1.0 ], "autotile_index": 0.0, "tileset": "tile_freezer2", "autotile": 1.0 }, "352_-544": { "coord": [ 2.0, 4.0 ], "autotile_index": 0.0, "tileset": "tile_freezer2", "autotile": 1.0 }, "1056_480": { "coord": [ 4.0, 0.0 ], "autotile_index": 0.0, "tileset": "tile_freezer2", "autotile": 1.0 }, "224_128": { "coord": [ 6.0, 0.0 ], "autotile_index": 0.0, "tileset": "tile_freezer2", "autotile": 1.0 }, "800_480": { "coord": [ 4.0, 0.0 ], "autotile_index": 0.0, "tileset": "tile_freezer2", "autotile": 1.0 }, "832_-320": { "coord": [ 4.0, 0.0 ], "autotile_index": 0.0, "tileset": "tile_freezer2", "autotile": 1.0 }, "736_480": { "coord": [ 4.0, 0.0 ], "autotile_index": 0.0, "tileset": "tile_freezer2", "autotile": 1.0 }, "256_96": { "coord": [ 6.0, 0.0 ], "autotile_index": 0.0, "tileset": "tile_freezer2", "autotile": 1.0 }, "96_128": { "coord": [ 6.0, 0.0 ], "autotile_index": 0.0, "tileset": "tile_freezer2", "autotile": 1.0 }, "768_-544": { "coord": [ 4.0, 4.0 ], "autotile_index": 0.0, "tileset": "tile_freezer2", "autotile": 1.0 }, "-192_-96": { "coord": [ 6.0, 0.0 ], "autotile_index": 0.0, "tileset": "tile_freezer2", "autotile": 1.0 }, "416_-320": { "coord": [ 5.0, 0.0 ], "autotile_index": 0.0, "tileset": "tile_freezer2", "autotile": 1.0 }, "32_96": { "coord": [ 6.0, 0.0 ], "autotile_index": 0.0, "tileset": "tile_freezer2", "autotile": 1.0 }, "1120_-64": { "coord": [ 6.0, 0.0 ], "autotile_index": 0.0, "tileset": "tile_freezer2", "autotile": 1.0 }, "992_480": { "coord": [ 3.0, 0.0 ], "autotile_index": 0.0, "tileset": "tile_freezer2", "autotile": 1.0 }, "1088_384": { "coord": [ 1.0, 1.0 ], "autotile_index": 0.0, "tileset": "tile_freezer2", "autotile": 1.0 }, "32_480": { "coord": [ 3.0, 0.0 ], "autotile_index": 0.0, "tileset": "tile_freezer2", "autotile": 1.0 }, "-96_-512": { "coord": [ 6.0, 0.0 ], "autotile_index": 0.0, "tileset": "tile_freezer2", "autotile": 1.0 }, "-32_512": { "coord": [ 6.0, 0.0 ], "autotile_index": 0.0, "tileset": "tile_freezer2", "autotile": 1.0 }, "1120_-288": { "coord": [ 6.0, 0.0 ], "autotile_index": 0.0, "tileset": "tile_freezer2", "autotile": 1.0 }, "1120_-192": { "coord": [ 6.0, 0.0 ], "autotile_index": 0.0, "tileset": "tile_freezer2", "autotile": 1.0 }, "-64_-352": { "coord": [ 6.0, 0.0 ], "autotile_index": 0.0, "tileset": "tile_freezer2", "autotile": 1.0 }, "-32_64": { "coord": [ 3.0, 0.0 ], "autotile_index": 0.0, "tileset": "tile_freezer2", "autotile": 1.0 }, "32_-576": { "coord": [ 6.0, 0.0 ], "autotile_index": 0.0, "tileset": "tile_freezer2", "autotile": 1.0 }, "1120_-128": { "coord": [ 6.0, 0.0 ], "autotile_index": 0.0, "tileset": "tile_freezer2", "autotile": 1.0 }, "-96_-224": { "coord": [ 2.0, 4.0 ], "autotile_index": 0.0, "tileset": "tile_freezer2", "autotile": 1.0 }, "1088_288": { "coord": [ 1.0, 2.0 ], "autotile_index": 0.0, "tileset": "tile_freezer2", "autotile": 1.0 }, "448_-576": { "coord": [ 6.0, 0.0 ], "autotile_index": 0.0, "tileset": "tile_freezer2", "autotile": 1.0 }, "480_512": { "coord": [ 6.0, 0.0 ], "autotile_index": 0.0, "tileset": "tile_freezer2", "autotile": 1.0 }, "704_-288": { "coord": [ 4.0, 0.0 ], "autotile_index": 0.0, "tileset": "tile_freezer2", "autotile": 1.0 }, "384_-256": { "coord": [ 4.0, 4.0 ], "autotile_index": 0.0, "tileset": "tile_freezer2", "autotile": 1.0 }, "864_-576": { "coord": [ 6.0, 0.0 ], "autotile_index": 0.0, "tileset": "tile_freezer2", "autotile": 1.0 }, "288_-288": { "coord": [ 6.0, 0.0 ], "autotile_index": 0.0, "tileset": "tile_freezer2", "autotile": 1.0 }, "-192_-224": { "coord": [ 6.0, 0.0 ], "autotile_index": 0.0, "tileset": "tile_freezer2", "autotile": 1.0 }, "768_-256": { "coord": [ 4.0, 4.0 ], "autotile_index": 0.0, "tileset": "tile_freezer2", "autotile": 1.0 }, "384_128": { "coord": [ 6.0, 0.0 ], "autotile_index": 0.0, "tileset": "tile_freezer2", "autotile": 1.0 }, "-192_160": { "coord": [ 6.0, 0.0 ], "autotile_index": 0.0, "tileset": "tile_freezer2", "autotile": 1.0 }, "416_128": { "coord": [ 5.0, 3.0 ], "autotile_index": 0.0, "tileset": "tile_freezer2", "autotile": 1.0 }, "-64_-448": { "coord": [ 6.0, 0.0 ], "autotile_index": 0.0, "tileset": "tile_freezer2", "autotile": 1.0 }, "1024_-320": { "coord": [ 3.0, 0.0 ], "autotile_index": 0.0, "tileset": "tile_freezer2", "autotile": 1.0 }, "224_480": { "coord": [ 2.0, 0.0 ], "autotile_index": 0.0, "tileset": "tile_freezer2", "autotile": 1.0 }, "-160_544": { "coord": [ 0.0, 0.0 ], "autotile_index": 0.0, "tileset": "tile_freezer2", "autotile": 1.0 }, "-128_544": { "coord": [ 0.0, 0.0 ], "autotile_index": 0.0, "tileset": "tile_freezer2", "autotile": 1.0 }, "64_160": { "coord": [ 4.0, 4.0 ], "autotile_index": 0.0, "tileset": "tile_freezer2", "autotile": 1.0 }, "160_-544": { "coord": [ 3.0, 4.0 ], "autotile_index": 0.0, "tileset": "tile_freezer2", "autotile": 1.0 }, "-128_512": { "coord": [ 6.0, 0.0 ], "autotile_index": 0.0, "tileset": "tile_freezer2", "autotile": 1.0 }, "864_480": { "coord": [ 3.0, 0.0 ], "autotile_index": 0.0, "tileset": "tile_freezer2", "autotile": 1.0 }, "-96_-320": { "coord": [ 6.0, 0.0 ], "autotile_index": 0.0, "tileset": "tile_freezer2", "autotile": 1.0 }, "576_-544": { "coord": [ 3.0, 4.0 ], "autotile_index": 0.0, "tileset": "tile_freezer2", "autotile": 1.0 }, "-160_256": { "coord": [ 5.0, 3.0 ], "autotile_index": 0.0, "tileset": "tile_freezer2", "autotile": 1.0 }, "384_480": { "coord": [ 4.0, 0.0 ], "autotile_index": 0.0, "tileset": "tile_freezer2", "autotile": 1.0 }, "992_-544": { "coord": [ 3.0, 4.0 ], "autotile_index": 0.0, "tileset": "tile_freezer2", "autotile": 1.0 }, "-160_-128": { "coord": [ 5.0, 1.0 ], "autotile_index": 0.0, "tileset": "tile_freezer2", "autotile": 1.0 }, "448_480": { "coord": [ 4.0, 0.0 ], "autotile_index": 0.0, "tileset": "tile_freezer2", "autotile": 1.0 }, "1088_-32": { "coord": [ 1.0, 1.0 ], "autotile_index": 0.0, "tileset": "tile_freezer2", "autotile": 1.0 }, "192_480": { "coord": [ 2.0, 0.0 ], "autotile_index": 0.0, "tileset": "tile_freezer2", "autotile": 1.0 }, "1120_-512": { "coord": [ 6.0, 0.0 ], "autotile_index": 0.0, "tileset": "tile_freezer2", "autotile": 1.0 }, "-160_-448": { "coord": [ 6.0, 0.0 ], "autotile_index": 0.0, "tileset": "tile_freezer2", "autotile": 1.0 }, "160_96": { "coord": [ 6.0, 0.0 ], "autotile_index": 0.0, "tileset": "tile_freezer2", "autotile": 1.0 }, "-32_-224": { "coord": [ 5.0, 4.0 ], "autotile_index": 0.0, "tileset": "tile_freezer2", "autotile": 1.0 }, "832_512": { "coord": [ 6.0, 0.0 ], "autotile_index": 0.0, "tileset": "tile_freezer2", "autotile": 1.0 }, "-160_-576": { "coord": [ 6.0, 0.0 ], "autotile_index": 0.0, "tileset": "tile_freezer2", "autotile": 1.0 }, "-160_416": { "coord": [ 5.0, 3.0 ], "autotile_index": 0.0, "tileset": "tile_freezer2", "autotile": 1.0 }, "384_96": { "coord": [ 6.0, 0.0 ], "autotile_index": 0.0, "tileset": "tile_freezer2", "autotile": 1.0 }, "1120_160": { "coord": [ 6.0, 0.0 ], "autotile_index": 0.0, "tileset": "tile_freezer2", "autotile": 1.0 }, "-96_64": { "coord": [ 4.0, 0.0 ], "autotile_index": 0.0, "tileset": "tile_freezer2", "autotile": 1.0 }, "256_-576": { "coord": [ 6.0, 0.0 ], "autotile_index": 0.0, "tileset": "tile_freezer2", "autotile": 1.0 }, "896_-288": { "coord": [ 6.0, 0.0 ], "autotile_index": 0.0, "tileset": "tile_freezer2", "autotile": 1.0 }, "672_-576": { "coord": [ 6.0, 0.0 ], "autotile_index": 0.0, "tileset": "tile_freezer2", "autotile": 1.0 }, "1120_416": { "coord": [ 6.0, 0.0 ], "autotile_index": 0.0, "tileset": "tile_freezer2", "autotile": 1.0 }, "480_-288": { "coord": [ 3.0, 0.0 ], "autotile_index": 0.0, "tileset": "tile_freezer2", "autotile": 1.0 }, "1120_256": { "coord": [ 6.0, 0.0 ], "autotile_index": 0.0, "tileset": "tile_freezer2", "autotile": 1.0 }, "1120_-576": { "coord": [ 6.0, 0.0 ], "autotile_index": 0.0, "tileset": "tile_freezer2", "autotile": 1.0 }, "1088_-256": { "coord": [ 4.0, 1.0 ], "autotile_index": 0.0, "tileset": "tile_freezer2", "autotile": 1.0 }, "1120_32": { "coord": [ 6.0, 0.0 ], "autotile_index": 0.0, "tileset": "tile_freezer2", "autotile": 1.0 }, "-64_-480": { "coord": [ 6.0, 0.0 ], "autotile_index": 0.0, "tileset": "tile_freezer2", "autotile": 1.0 }, "-192_320": { "coord": [ 6.0, 0.0 ], "autotile_index": 0.0, "tileset": "tile_freezer2", "autotile": 1.0 }, "256_480": { "coord": [ 3.0, 0.0 ], "autotile_index": 0.0, "tileset": "tile_freezer2", "autotile": 1.0 }, "-160_352": { "coord": [ 5.0, 1.0 ], "autotile_index": 0.0, "tileset": "tile_freezer2", "autotile": 1.0 }, "-160_-384": { "coord": [ 6.0, 0.0 ], "autotile_index": 0.0, "tileset": "tile_freezer2", "autotile": 1.0 }, "96_64": { "coord": [ 3.0, 0.0 ], "autotile_index": 0.0, "tileset": "tile_freezer2", "autotile": 1.0 }, "-32_-544": { "coord": [ 2.0, 1.0 ], "autotile_index": 0.0, "tileset": "tile_freezer2", "autotile": 1.0 }, "192_64": { "coord": [ 2.0, 0.0 ], "autotile_index": 0.0, "tileset": "tile_freezer2", "autotile": 1.0 }, "384_-544": { "coord": [ 2.0, 4.0 ], "autotile_index": 0.0, "tileset": "tile_freezer2", "autotile": 1.0 }, "1120_480": { "coord": [ 6.0, 0.0 ], "autotile_index": 0.0, "tileset": "tile_freezer2", "autotile": 1.0 }, "800_-320": { "coord": [ 4.0, 0.0 ], "autotile_index": 0.0, "tileset": "tile_freezer2", "autotile": 1.0 }, "800_-544": { "coord": [ 3.0, 4.0 ], "autotile_index": 0.0, "tileset": "tile_freezer2", "autotile": 1.0 }, "384_-320": { "coord": [ 4.0, 0.0 ], "autotile_index": 0.0, "tileset": "tile_freezer2", "autotile": 1.0 }, "-160_-160": { "coord": [ 5.0, 1.0 ], "autotile_index": 0.0, "tileset": "tile_freezer2", "autotile": 1.0 }, "-192_256": { "coord": [ 6.0, 0.0 ], "autotile_index": 0.0, "tileset": "tile_freezer2", "autotile": 1.0 }, "0_512": { "coord": [ 6.0, 0.0 ], "autotile_index": 0.0, "tileset": "tile_freezer2", "autotile": 1.0 }, "64_512": { "coord": [ 6.0, 0.0 ], "autotile_index": 0.0, "tileset": "tile_freezer2", "autotile": 1.0 }, "1120_384": { "coord": [ 6.0, 0.0 ], "autotile_index": 0.0, "tileset": "tile_freezer2", "autotile": 1.0 }, "1088_-288": { "coord": [ 6.0, 0.0 ], "autotile_index": 0.0, "tileset": "tile_freezer2", "autotile": 1.0 }, "1120_-160": { "coord": [ 6.0, 0.0 ], "autotile_index": 0.0, "tileset": "tile_freezer2", "autotile": 1.0 }, "224_512": { "coord": [ 6.0, 0.0 ], "autotile_index": 0.0, "tileset": "tile_freezer2", "autotile": 1.0 }, "-32_-352": { "coord": [ 5.0, 3.0 ], "autotile_index": 0.0, "tileset": "tile_freezer2", "autotile": 1.0 }, "-32_96": { "coord": [ 6.0, 0.0 ], "autotile_index": 0.0, "tileset": "tile_freezer2", "autotile": 1.0 }, "64_-576": { "coord": [ 6.0, 0.0 ], "autotile_index": 0.0, "tileset": "tile_freezer2", "autotile": 1.0 }, "-192_-64": { "coord": [ 6.0, 0.0 ], "autotile_index": 0.0, "tileset": "tile_freezer2", "autotile": 1.0 }, "-192_416": { "coord": [ 6.0, 0.0 ], "autotile_index": 0.0, "tileset": "tile_freezer2", "autotile": 1.0 }, "1120_64": { "coord": [ 6.0, 0.0 ], "autotile_index": 0.0, "tileset": "tile_freezer2", "autotile": 1.0 }, "-96_-256": { "coord": [ 6.0, 0.0 ], "autotile_index": 0.0, "tileset": "tile_freezer2", "autotile": 1.0 }, "480_-576": { "coord": [ 6.0, 0.0 ], "autotile_index": 0.0, "tileset": "tile_freezer2", "autotile": 1.0 }, "672_-288": { "coord": [ 2.0, 0.0 ], "autotile_index": 0.0, "tileset": "tile_freezer2", "autotile": 1.0 }, "448_-256": { "coord": [ 4.0, 4.0 ], "autotile_index": 0.0, "tileset": "tile_freezer2", "autotile": 1.0 }, "896_-576": { "coord": [ 6.0, 0.0 ], "autotile_index": 0.0, "tileset": "tile_freezer2", "autotile": 1.0 }, "256_-288": { "coord": [ 1.0, 1.0 ], "autotile_index": 0.0, "tileset": "tile_freezer2", "autotile": 1.0 }, "-192_-256": { "coord": [ 6.0, 0.0 ], "autotile_index": 0.0, "tileset": "tile_freezer2", "autotile": 1.0 }, "832_-256": { "coord": [ 4.0, 4.0 ], "autotile_index": 0.0, "tileset": "tile_freezer2", "autotile": 1.0 }, "-96_-448": { "coord": [ 6.0, 0.0 ], "autotile_index": 0.0, "tileset": "tile_freezer2", "autotile": 1.0 }, "992_-320": { "coord": [ 3.0, 0.0 ], "autotile_index": 0.0, "tileset": "tile_freezer2", "autotile": 1.0 }, "-160_-512": { "coord": [ 6.0, 0.0 ], "autotile_index": 0.0, "tileset": "tile_freezer2", "autotile": 1.0 }, "192_-544": { "coord": [ 3.0, 4.0 ], "autotile_index": 0.0, "tileset": "tile_freezer2", "autotile": 1.0 }, "128_512": { "coord": [ 6.0, 0.0 ], "autotile_index": 0.0, "tileset": "tile_freezer2", "autotile": 1.0 }, "-32_-320": { "coord": [ 5.0, 1.0 ], "autotile_index": 0.0, "tileset": "tile_freezer2", "autotile": 1.0 }, "1120_224": { "coord": [ 6.0, 0.0 ], "autotile_index": 0.0, "tileset": "tile_freezer2", "autotile": 1.0 }, "608_-544": { "coord": [ 2.0, 4.0 ], "autotile_index": 0.0, "tileset": "tile_freezer2", "autotile": 1.0 }, "-96_512": { "coord": [ 6.0, 0.0 ], "autotile_index": 0.0, "tileset": "tile_freezer2", "autotile": 1.0 }, "1024_-544": { "coord": [ 2.0, 4.0 ], "autotile_index": 0.0, "tileset": "tile_freezer2", "autotile": 1.0 }, "384_160": { "coord": [ 2.0, 4.0 ], "autotile_index": 0.0, "tileset": "tile_freezer2", "autotile": 1.0 }, "-160_640": { "coord": [ 0.0, 0.0 ], "autotile_index": 0.0, "tileset": "tile_freezer2", "autotile": 1.0 }, "864_512": { "coord": [ 6.0, 0.0 ], "autotile_index": 0.0, "tileset": "tile_freezer2", "autotile": 1.0 }, "-160_-64": { "coord": [ 5.0, 2.0 ], "autotile_index": 0.0, "tileset": "tile_freezer2", "autotile": 1.0 }, "1120_-480": { "coord": [ 2.0, 4.0 ], "autotile_index": 0.0, "tileset": "tile_freezer2", "autotile": 1.0 }, "0_64": { "coord": [ 2.0, 0.0 ], "autotile_index": 0.0, "tileset": "tile_freezer2", "autotile": 1.0 }, "-160_-416": { "coord": [ 6.0, 0.0 ], "autotile_index": 0.0, "tileset": "tile_freezer2", "autotile": 1.0 }, "160_64": { "coord": [ 4.0, 0.0 ], "autotile_index": 0.0, "tileset": "tile_freezer2", "autotile": 1.0 }, "-128_-576": { "coord": [ 6.0, 0.0 ], "autotile_index": 0.0, "tileset": "tile_freezer2", "autotile": 1.0 }, "928_512": { "coord": [ 6.0, 0.0 ], "autotile_index": 0.0, "tileset": "tile_freezer2", "autotile": 1.0 }, "288_-576": { "coord": [ 6.0, 0.0 ], "autotile_index": 0.0, "tileset": "tile_freezer2", "autotile": 1.0 }, "864_-288": { "coord": [ 6.0, 0.0 ], "autotile_index": 0.0, "tileset": "tile_freezer2", "autotile": 1.0 }, "704_-576": { "coord": [ 6.0, 0.0 ], "autotile_index": 0.0, "tileset": "tile_freezer2", "autotile": 1.0 }, "928_480": { "coord": [ 2.0, 0.0 ], "autotile_index": 0.0, "tileset": "tile_freezer2", "autotile": 1.0 }, "448_-288": { "coord": [ 3.0, 0.0 ], "autotile_index": 0.0, "tileset": "tile_freezer2", "autotile": 1.0 }, "1088_-576": { "coord": [ 6.0, 0.0 ], "autotile_index": 0.0, "tileset": "tile_freezer2", "autotile": 1.0 }, "608_480": { "coord": [ 3.0, 0.0 ], "autotile_index": 0.0, "tileset": "tile_freezer2", "autotile": 1.0 }, "1120_128": { "coord": [ 6.0, 0.0 ], "autotile_index": 0.0, "tileset": "tile_freezer2", "autotile": 1.0 }, "1088_128": { "coord": [ 1.0, 1.0 ], "autotile_index": 0.0, "tileset": "tile_freezer2", "autotile": 1.0 }, "1056_-256": { "coord": [ 3.0, 4.0 ], "autotile_index": 0.0, "tileset": "tile_freezer2", "autotile": 1.0 }, "-64_-512": { "coord": [ 6.0, 0.0 ], "autotile_index": 0.0, "tileset": "tile_freezer2", "autotile": 1.0 }, "608_-256": { "coord": [ 4.0, 4.0 ], "autotile_index": 0.0, "tileset": "tile_freezer2", "autotile": 1.0 }, "-192_0": { "coord": [ 6.0, 0.0 ], "autotile_index": 0.0, "tileset": "tile_freezer2", "autotile": 1.0 }, "480_480": { "coord": [ 2.0, 0.0 ], "autotile_index": 0.0, "tileset": "tile_freezer2", "autotile": 1.0 }, "-128_-384": { "coord": [ 6.0, 0.0 ], "autotile_index": 0.0, "tileset": "tile_freezer2", "autotile": 1.0 }, "832_480": { "coord": [ 4.0, 0.0 ], "autotile_index": 0.0, "tileset": "tile_freezer2", "autotile": 1.0 }, "544_480": { "coord": [ 2.0, 0.0 ], "autotile_index": 0.0, "tileset": "tile_freezer2", "autotile": 1.0 }, "0_-544": { "coord": [ 2.0, 4.0 ], "autotile_index": 0.0, "tileset": "tile_freezer2", "autotile": 1.0 }, "-160_-32": { "coord": [ 5.0, 3.0 ], "autotile_index": 0.0, "tileset": "tile_freezer2", "autotile": 1.0 }, "192_128": { "coord": [ 6.0, 0.0 ], "autotile_index": 0.0, "tileset": "tile_freezer2", "autotile": 1.0 }, "416_-544": { "coord": [ 3.0, 4.0 ], "autotile_index": 0.0, "tileset": "tile_freezer2", "autotile": 1.0 }, "1088_352": { "coord": [ 1.0, 2.0 ], "autotile_index": 0.0, "tileset": "tile_freezer2", "autotile": 1.0 }, "768_-320": { "coord": [ 1.0, 0.0 ], "autotile_index": 0.0, "tileset": "tile_freezer2", "autotile": 1.0 }, "832_-544": { "coord": [ 3.0, 4.0 ], "autotile_index": 0.0, "tileset": "tile_freezer2", "autotile": 1.0 }, "256_-256": { "coord": [ 1.0, 4.0 ], "autotile_index": 0.0, "tileset": "tile_freezer2", "autotile": 1.0 }, "1120_-96": { "coord": [ 6.0, 0.0 ], "autotile_index": 0.0, "tileset": "tile_freezer2", "autotile": 1.0 }, "352_-320": { "coord": [ 3.0, 0.0 ], "autotile_index": 0.0, "tileset": "tile_freezer2", "autotile": 1.0 }, "-160_-192": { "coord": [ 5.0, 2.0 ], "autotile_index": 0.0, "tileset": "tile_freezer2", "autotile": 1.0 }, "704_-256": { "coord": [ 4.0, 4.0 ], "autotile_index": 0.0, "tileset": "tile_freezer2", "autotile": 1.0 }, "1088_-128": { "coord": [ 1.0, 2.0 ], "autotile_index": 0.0, "tileset": "tile_freezer2", "autotile": 1.0 }, "-192_128": { "coord": [ 6.0, 0.0 ], "autotile_index": 0.0, "tileset": "tile_freezer2", "autotile": 1.0 }, "-32_-416": { "coord": [ 5.0, 3.0 ], "autotile_index": 0.0, "tileset": "tile_freezer2", "autotile": 1.0 }, "1056_-288": { "coord": [ 6.0, 0.0 ], "autotile_index": 0.0, "tileset": "tile_freezer2", "autotile": 1.0 }, "480_-256": { "coord": [ 3.0, 4.0 ], "autotile_index": 0.0, "tileset": "tile_freezer2", "autotile": 1.0 }, "-128_576": { "coord": [ 0.0, 0.0 ], "autotile_index": 0.0, "tileset": "tile_freezer2", "autotile": 1.0 }, "544_512": { "coord": [ 6.0, 0.0 ], "autotile_index": 0.0, "tileset": "tile_freezer2", "autotile": 1.0 }, "1024_512": { "coord": [ 6.0, 0.0 ], "autotile_index": 0.0, "tileset": "tile_freezer2", "autotile": 1.0 }, "-32_128": { "coord": [ 6.0, 0.0 ], "autotile_index": 0.0, "tileset": "tile_freezer2", "autotile": 1.0 }, "96_-576": { "coord": [ 6.0, 0.0 ], "autotile_index": 0.0, "tileset": "tile_freezer2", "autotile": 1.0 }, "1120_288": { "coord": [ 6.0, 0.0 ], "autotile_index": 0.0, "tileset": "tile_freezer2", "autotile": 1.0 }, "-128_-288": { "coord": [ 6.0, 0.0 ], "autotile_index": 0.0, "tileset": "tile_freezer2", "autotile": 1.0 }, "512_-576": { "coord": [ 6.0, 0.0 ], "autotile_index": 0.0, "tileset": "tile_freezer2", "autotile": 1.0 }, "-192_352": { "coord": [ 6.0, 0.0 ], "autotile_index": 0.0, "tileset": "tile_freezer2", "autotile": 1.0 }, "-160_384": { "coord": [ 5.0, 3.0 ], "autotile_index": 0.0, "tileset": "tile_freezer2", "autotile": 1.0 }, "640_-288": { "coord": [ 3.0, 0.0 ], "autotile_index": 0.0, "tileset": "tile_freezer2", "autotile": 1.0 }, "416_-256": { "coord": [ 4.0, 4.0 ], "autotile_index": 0.0, "tileset": "tile_freezer2", "autotile": 1.0 }, "928_-576": { "coord": [ 6.0, 0.0 ], "autotile_index": 0.0, "tileset": "tile_freezer2", "autotile": 1.0 }, "-192_224": { "coord": [ 6.0, 0.0 ], "autotile_index": 0.0, "tileset": "tile_freezer2", "autotile": 1.0 }, "-160_-320": { "coord": [ 6.0, 0.0 ], "autotile_index": 0.0, "tileset": "tile_freezer2", "autotile": 1.0 }, "896_-256": { "coord": [ 3.0, 4.0 ], "autotile_index": 0.0, "tileset": "tile_freezer2", "autotile": 1.0 }, "1088_320": { "coord": [ 1.0, 3.0 ], "autotile_index": 0.0, "tileset": "tile_freezer2", "autotile": 1.0 }, "288_64": { "coord": [ 4.0, 0.0 ], "autotile_index": 0.0, "tileset": "tile_freezer2", "autotile": 1.0 }, "736_512": { "coord": [ 6.0, 0.0 ], "autotile_index": 0.0, "tileset": "tile_freezer2", "autotile": 1.0 }, "-128_-448": { "coord": [ 6.0, 0.0 ], "autotile_index": 0.0, "tileset": "tile_freezer2", "autotile": 1.0 }, "128_160": { "coord": [ 4.0, 4.0 ], "autotile_index": 0.0, "tileset": "tile_freezer2", "autotile": 1.0 }, "960_-320": { "coord": [ 2.0, 0.0 ], "autotile_index": 0.0, "tileset": "tile_freezer2", "autotile": 1.0 }, "-192_-544": { "coord": [ 6.0, 0.0 ], "autotile_index": 0.0, "tileset": "tile_freezer2", "autotile": 1.0 }, "-64_512": { "coord": [ 6.0, 0.0 ], "autotile_index": 0.0, "tileset": "tile_freezer2", "autotile": 1.0 }, "-128_128": { "coord": [ 6.0, 0.0 ], "autotile_index": 0.0, "tileset": "tile_freezer2", "autotile": 1.0 }, "0_128": { "coord": [ 6.0, 0.0 ], "autotile_index": 0.0, "tileset": "tile_freezer2", "autotile": 1.0 }, "224_-544": { "coord": [ 4.0, 4.0 ], "autotile_index": 0.0, "tileset": "tile_freezer2", "autotile": 1.0 }, "160_480": { "coord": [ 3.0, 0.0 ], "autotile_index": 0.0, "tileset": "tile_freezer2", "autotile": 1.0 }, "-64_-320": { "coord": [ 6.0, 0.0 ], "autotile_index": 0.0, "tileset": "tile_freezer2", "autotile": 1.0 }, "640_-544": { "coord": [ 3.0, 4.0 ], "autotile_index": 0.0, "tileset": "tile_freezer2", "autotile": 1.0 } } }, "backgrounds": { "4": { "x": 0.0, "scroll_x": 0.75, "tile_y": 0.0, "hspeed": 0.0, "scroll_y": 0.0, "panic_sprite": -1.0, "y": 0.0, "sprite": "caves_peprone", "tile_x": 1.0, "vspeed": 0.0, "image_speed": 15.0 } }, "properties": { "songTransitionTime": 100.0, "roomX": -192.0, "levelWidth": 1152.0, "roomY": -576.0, "levelHeight": 540.0, "song": "frozon_pepper" } }