{ "editorVersion": 5.0, "instances": [ { "layer": 0.0, "deleted": 0.0, "variables": { "x": 1024.0, "flipX": 0.0, "y": 320.0, "flipY": 0.0 }, "object": 239.0 }, { "layer": 0.0, "deleted": 0.0, "variables": { "x": 512.0, "y": 352.0, "image_xscale": 19.0, "image_yscale": 12.0, "flipX": 0.0, "flipY": 0.0 }, "object": 517.0 }, { "layer": 0.0, "deleted": 0.0, "variables": { "x": 896.0, "y": -256.0, "image_xscale": 7.0, "image_yscale": 15.0, "flipX": 0.0, "flipY": 0.0 }, "object": 517.0 }, { "layer": 0.0, "deleted": 0.0, "variables": { "x": -832.0, "y": -320.0, "image_xscale": 56.0, "image_yscale": 2.0, "flipX": 0.0, "flipY": 0.0 }, "object": 517.0 }, { "layer": 0.0, "deleted": 0.0, "variables": { "x": -1056.0, "y": -320.0, "image_xscale": 7.0, "image_yscale": 6.0, "flipX": 0.0, "flipY": 0.0 }, "object": 517.0 }, { "layer": 0.0, "deleted": 0.0, "variables": { "x": 640.0, "flipX": 0.0, "content": "obj_kentukykenny", "flipY": 0.0, "y": 320.0 }, "object": 694.0 }, { "layer": 0.0, "deleted": 0.0, "variables": { "x": -256.0, "y": 160.0, "image_xscale": 4.0, "image_yscale": 1.0, "flipX": 0.0, "flipY": 0.0 }, "object": 722.0 }, { "layer": 0.0, "deleted": 0.0, "variables": { "x": -1056.0, "y": 0.0, "image_xscale": 13.0, "image_yscale": 23.0, "flipX": 0.0, "flipY": 0.0 }, "object": 517.0 }, { "layer": 0.0, "deleted": 0.0, "variables": { "x": 192.0, "y": 288.0, "image_xscale": 4.0, "image_yscale": 1.0, "flipX": 0.0, "flipY": 0.0 }, "object": 722.0 }, { "layer": 0.0, "deleted": 0.0, "variables": { "x": -832.0, "flipX": 0.0, "y": -64.0, "flipY": 0.0 }, "object": 250.0 }, { "layer": 0.0, "deleted": 0.0, "variables": { "x": -416.0, "y": 288.0, "image_xscale": 4.0, "image_yscale": 1.0, "flipX": 0.0, "flipY": 0.0 }, "object": 722.0 }, { "layer": 0.0, "deleted": 0.0, "variables": { "x": -96.0, "y": 305.5, "image_xscale": 1.0, "image_yscale": 1.0, "escape": "true", "flipX": 0.0, "flipY": 0.0 }, "object": 670.0 }, { "layer": 0.0, "deleted": 0.0, "variables": { "x": -160.0, "y": 352.0, "image_xscale": 6.0, "image_yscale": 1.0, "flipX": 0.0, "flipY": 0.0 }, "object": 722.0 }, { "layer": 0.0, "deleted": 0.0, "variables": { "x": -896.0, "flipX": 1.0, "y": -45.5, "flipY": 0.0 }, "object": 494.0 }, { "layer": 0.0, "deleted": 0.0, "variables": { "x": -192.0, "y": 113.5, "image_xscale": 1.0, "image_yscale": 1.0, "escape": "true", "flipX": 1.0, "flipY": 0.0 }, "object": 646.0 }, { "layer": 0.0, "deleted": 0.0, "variables": { "x": -832.0, "y": -256.0, "image_xscale": 2.0, "image_yscale": 5.0, "flipX": 0.0, "flipY": 0.0 }, "object": 517.0 }, { "layer": 0.0, "deleted": 0.0, "variables": { "x": -480.0, "y": 32.0, "image_xscale": 4.0, "image_yscale": 1.0, "flipX": 0.0, "flipY": 0.0 }, "object": 722.0 }, { "layer": 0.0, "deleted": 0.0, "variables": { "x": -416.0, "y": -13.5, "image_xscale": 1.0, "image_yscale": 1.0, "escape": "true", "flipX": 1.0, "flipY": 0.0 }, "object": 376.0 }, { "layer": 0.0, "deleted": 0.0, "variables": { "x": 1120.0, "y": 224.0, "targetRoom": "room11", "image_xscale": 1.0, "image_yscale": 2.0, "flipX": 1.0, "flipY": 0.0, "targetDoor": "G" }, "object": 801.0 }, { "layer": 0.0, "deleted": 0.0, "variables": { "x": 192.0, "flipX": 0.0, "y": 256.0, "flipY": 0.0 }, "object": 11.0 }, { "layer": 0.0, "deleted": 0.0, "variables": { "x": 224.0, "flipX": 0.0, "y": 256.0, "flipY": 0.0 }, "object": 11.0 }, { "layer": 0.0, "deleted": 0.0, "variables": { "x": 256.0, "flipX": 0.0, "y": 256.0, "flipY": 0.0 }, "object": 11.0 }, { "layer": 0.0, "deleted": 0.0, "variables": { "x": 288.0, "flipX": 0.0, "y": 256.0, "flipY": 0.0 }, "object": 11.0 }, { "layer": 0.0, "deleted": 0.0, "variables": { "x": -384.0, "flipX": 0.0, "y": 256.0, "flipY": 0.0 }, "object": 11.0 }, { "layer": 0.0, "deleted": 0.0, "variables": { "x": -384.0, "flipX": 0.0, "y": 224.0, "flipY": 0.0 }, "object": 11.0 }, { "layer": 0.0, "deleted": 0.0, "variables": { "x": -352.0, "flipX": 0.0, "y": 224.0, "flipY": 0.0 }, "object": 11.0 }, { "layer": 0.0, "deleted": 0.0, "variables": { "x": -352.0, "flipX": 0.0, "y": 256.0, "flipY": 0.0 }, "object": 11.0 }, { "layer": 0.0, "deleted": 0.0, "variables": { "x": -736.0, "flipX": 0.0, "y": -32.0, "flipY": 0.0 }, "object": 11.0 }, { "layer": 0.0, "deleted": 0.0, "variables": { "x": -704.0, "flipX": 0.0, "y": -32.0, "flipY": 0.0 }, "object": 11.0 }, { "layer": 0.0, "deleted": 0.0, "variables": { "x": -704.0, "flipX": 0.0, "y": -64.0, "flipY": 0.0 }, "object": 11.0 }, { "layer": 0.0, "deleted": 0.0, "variables": { "x": -736.0, "flipX": 0.0, "y": -64.0, "flipY": 0.0 }, "object": 11.0 }, { "layer": 0.0, "deleted": 0.0, "variables": { "x": -1088.0, "y": -128.0, "targetRoom": "room1", "image_xscale": 1.0, "image_yscale": 2.0, "flipX": 0.0, "flipY": 0.0, "targetDoor": "D" }, "object": 801.0 }, { "layer": 0.0, "deleted": 0.0, "variables": { "x": -992.0, "y": -32.0, "image_xscale": 1.0, "image_yscale": 1.0, "flipX": 0.0, "flipY": 0.0 }, "object": 807.0 }, { "layer": 0.0, "deleted": 0.0, "variables": { "x": 928.0, "flipX": 1.0, "y": 306.5, "flipY": 0.0 }, "object": 212.0 } ], "tile_data": { "5": { "896_-160": { "coord": [ 1.0, 1.0 ], "autotile_index": 0.0, "tileset": "tile_freezer2", "autotile": 1.0 }, "1024_-96": { "coord": [ 6.0, 0.0 ], "autotile_index": 0.0, "tileset": "tile_freezer2", "autotile": 1.0 }, "992_96": { "coord": [ 6.0, 0.0 ], "autotile_index": 0.0, "tileset": "tile_freezer2", "autotile": 1.0 }, "-1024_256": { "autotile": 1.0, "autotile_index": 0.0, "tileset": "tile_freezer2", "coord": [ 6.0, 0.0 ] }, "-832_416": { "coord": [ 6.0, 0.0 ], "autotile_index": 0.0, "tileset": "tile_freezer2", "autotile": 1.0 }, "-736_512": { "coord": [ 6.0, 0.0 ], "autotile_index": 0.0, "tileset": "tile_freezer2", "autotile": 1.0 }, "-928_480": { "coord": [ 6.0, 0.0 ], "autotile_index": 0.0, "tileset": "tile_freezer2", "autotile": 1.0 }, "224_-320": { "autotile": 1.0, "autotile_index": 0.0, "tileset": "tile_freezer2", "coord": [ 6.0, 0.0 ] }, "-896_192": { "autotile": 1.0, "autotile_index": 0.0, "tileset": "tile_freezer2", "coord": [ 6.0, 0.0 ] }, "960_480": { "coord": [ 6.0, 0.0 ], "autotile_index": 0.0, "tileset": "tile_freezer2", "autotile": 1.0 }, "-800_-256": { "coord": [ 5.0, 2.0 ], "autotile_index": 0.0, "tileset": "tile_freezer2", "autotile": 1.0 }, "-672_512": { "autotile": 1.0, "autotile_index": 0.0, "tileset": "tile_freezer2", "coord": [ 5.0, 2.0 ] }, "-736_384": { "autotile": 1.0, "autotile_index": 0.0, "tileset": "tile_freezer2", "coord": [ 6.0, 0.0 ] }, "-768_96": { "autotile": 1.0, "autotile_index": 0.0, "tileset": "tile_freezer2", "coord": [ 6.0, 0.0 ] }, "64_-288": { "autotile": 1.0, "autotile_index": 0.0, "tileset": "tile_freezer2", "coord": [ 3.0, 4.0 ] }, "-704_224": { "autotile": 1.0, "autotile_index": 0.0, "tileset": "tile_freezer2", "coord": [ 6.0, 0.0 ] }, "-480_32": { "autotile": 0.0, "autotile_index": 0.0, "tileset": "bg_tilefreezer", "coord": [ 11.0, 18.0 ] }, "576_-288": { "autotile": 1.0, "autotile_index": 0.0, "tileset": "tile_freezer2", "coord": [ 3.0, 4.0 ] }, "-1024_384": { "autotile": 1.0, "autotile_index": 0.0, "tileset": "tile_freezer2", "coord": [ 6.0, 0.0 ] }, "-672_352": { "autotile": 1.0, "autotile_index": 0.0, "tileset": "tile_freezer2", "coord": [ 5.0, 2.0 ] }, "-992_128": { "coord": [ 6.0, 0.0 ], "autotile_index": 0.0, "tileset": "tile_freezer2", "autotile": 1.0 }, "-960_160": { "autotile": 1.0, "autotile_index": 0.0, "tileset": "tile_freezer2", "coord": [ 6.0, 0.0 ] }, "-992_-192": { "autotile": 1.0, "autotile_index": 0.0, "tileset": "tile_freezer2", "coord": [ 6.0, 0.0 ] }, "800_-320": { "autotile": 1.0, "autotile_index": 0.0, "tileset": "tile_freezer2", "coord": [ 6.0, 0.0 ] }, "-960_384": { "autotile": 1.0, "autotile_index": 0.0, "tileset": "tile_freezer2", "coord": [ 6.0, 0.0 ] }, "-768_32": { "autotile": 1.0, "autotile_index": 0.0, "tileset": "tile_freezer2", "coord": [ 6.0, 0.0 ] }, "-480_-320": { "autotile": 1.0, "autotile_index": 0.0, "tileset": "tile_freezer2", "coord": [ 6.0, 0.0 ] }, "992_544": { "coord": [ 0.0, 0.0 ], "autotile_index": 0.0, "tileset": "tile_freezer2", "autotile": 1.0 }, "928_416": { "coord": [ 6.0, 0.0 ], "autotile_index": 0.0, "tileset": "tile_freezer2", "autotile": 1.0 }, "768_512": { "autotile": 1.0, "autotile_index": 0.0, "tileset": "tile_freezer2", "coord": [ 6.0, 0.0 ] }, "832_288": { "coord": [ 1.0, 3.0 ], "autotile_index": 0.0, "tileset": "cold_rock_tiles", "autotile": 0.0 }, "-896_0": { "autotile": 1.0, "autotile_index": 0.0, "tileset": "tile_freezer2", "coord": [ 4.0, 0.0 ] }, "736_384": { "autotile": 1.0, "autotile_index": 0.0, "tileset": "tile_freezer2", "coord": [ 6.0, 0.0 ] }, "768_480": { "autotile": 1.0, "autotile_index": 0.0, "tileset": "tile_freezer2", "coord": [ 6.0, 0.0 ] }, "736_-288": { "autotile": 1.0, "autotile_index": 0.0, "tileset": "tile_freezer2", "coord": [ 3.0, 4.0 ] }, "-832_64": { "autotile": 1.0, "autotile_index": 0.0, "tileset": "tile_freezer2", "coord": [ 6.0, 0.0 ] }, "864_-288": { "autotile": 1.0, "autotile_index": 0.0, "tileset": "tile_freezer2", "coord": [ 2.0, 4.0 ] }, "640_480": { "autotile": 1.0, "autotile_index": 0.0, "tileset": "tile_freezer2", "coord": [ 6.0, 0.0 ] }, "-960_480": { "coord": [ 6.0, 0.0 ], "autotile_index": 0.0, "tileset": "tile_freezer2", "autotile": 1.0 }, "-1024_352": { "autotile": 1.0, "autotile_index": 0.0, "tileset": "tile_freezer2", "coord": [ 6.0, 0.0 ] }, "-768_-288": { "coord": [ 3.0, 4.0 ], "autotile_index": 0.0, "tileset": "tile_freezer2", "autotile": 1.0 }, "576_416": { "autotile": 1.0, "autotile_index": 0.0, "tileset": "tile_freezer2", "coord": [ 6.0, 0.0 ] }, "-800_32": { "autotile": 1.0, "autotile_index": 0.0, "tileset": "tile_freezer2", "coord": [ 6.0, 0.0 ] }, "864_448": { "autotile": 1.0, "autotile_index": 0.0, "tileset": "tile_freezer2", "coord": [ 6.0, 0.0 ] }, "992_-256": { "coord": [ 6.0, 0.0 ], "autotile_index": 0.0, "tileset": "tile_freezer2", "autotile": 1.0 }, "-896_160": { "autotile": 1.0, "autotile_index": 0.0, "tileset": "tile_freezer2", "coord": [ 6.0, 0.0 ] }, "928_-352": { "autotile": 1.0, "autotile_index": 0.0, "tileset": "tile_freezer2", "coord": [ 0.0, 0.0 ] }, "160_-288": { "autotile": 1.0, "autotile_index": 0.0, "tileset": "tile_freezer2", "coord": [ 2.0, 4.0 ] }, "-448_32": { "autotile": 0.0, "autotile_index": 0.0, "tileset": "bg_tilefreezer", "coord": [ 12.0, 18.0 ] }, "224_-288": { "autotile": 1.0, "autotile_index": 0.0, "tileset": "tile_freezer2", "coord": [ 4.0, 4.0 ] }, "-992_224": { "autotile": 1.0, "autotile_index": 0.0, "tileset": "tile_freezer2", "coord": [ 6.0, 0.0 ] }, "1024_32": { "coord": [ 6.0, 0.0 ], "autotile_index": 0.0, "tileset": "tile_freezer2", "autotile": 1.0 }, "544_416": { "autotile": 1.0, "autotile_index": 0.0, "tileset": "tile_freezer2", "coord": [ 6.0, 0.0 ] }, "-832_480": { "coord": [ 6.0, 0.0 ], "autotile_index": 0.0, "tileset": "tile_freezer2", "autotile": 1.0 }, "992_-160": { "coord": [ 6.0, 0.0 ], "autotile_index": 0.0, "tileset": "tile_freezer2", "autotile": 1.0 }, "992_-64": { "coord": [ 6.0, 0.0 ], "autotile_index": 0.0, "tileset": "tile_freezer2", "autotile": 1.0 }, "1024_-320": { "coord": [ 6.0, 0.0 ], "autotile_index": 0.0, "tileset": "tile_freezer2", "autotile": 1.0 }, "-928_320": { "autotile": 1.0, "autotile_index": 0.0, "tileset": "tile_freezer2", "coord": [ 6.0, 0.0 ] }, "-256_-320": { "autotile": 1.0, "autotile_index": 0.0, "tileset": "tile_freezer2", "coord": [ 6.0, 0.0 ] }, "896_-320": { "coord": [ 6.0, 0.0 ], "autotile_index": 0.0, "tileset": "tile_freezer2", "autotile": 1.0 }, "672_480": { "autotile": 1.0, "autotile_index": 0.0, "tileset": "tile_freezer2", "coord": [ 6.0, 0.0 ] }, "-832_384": { "autotile": 1.0, "autotile_index": 0.0, "tileset": "tile_freezer2", "coord": [ 6.0, 0.0 ] }, "-960_32": { "autotile": 1.0, "autotile_index": 0.0, "tileset": "tile_freezer2", "coord": [ 6.0, 0.0 ] }, "960_-96": { "coord": [ 6.0, 0.0 ], "autotile_index": 0.0, "tileset": "tile_freezer2", "autotile": 1.0 }, "-832_-160": { "coord": [ 4.0, 1.0 ], "autotile_index": 0.0, "tileset": "tile_freezer2", "autotile": 1.0 }, "864_416": { "autotile": 1.0, "autotile_index": 0.0, "tileset": "tile_freezer2", "coord": [ 6.0, 0.0 ] }, "800_352": { "autotile": 1.0, "autotile_index": 0.0, "tileset": "tile_freezer2", "coord": [ 3.0, 0.0 ] }, "-1024_-288": { "coord": [ 6.0, 0.0 ], "autotile_index": 0.0, "tileset": "tile_freezer2", "autotile": 1.0 }, "928_-96": { "coord": [ 6.0, 0.0 ], "autotile_index": 0.0, "tileset": "tile_freezer2", "autotile": 1.0 }, "992_-224": { "coord": [ 6.0, 0.0 ], "autotile_index": 0.0, "tileset": "tile_freezer2", "autotile": 1.0 }, "-736_96": { "autotile": 1.0, "autotile_index": 0.0, "tileset": "tile_freezer2", "coord": [ 6.0, 0.0 ] }, "1056_32": { "coord": [ 6.0, 0.0 ], "autotile_index": 0.0, "tileset": "tile_freezer2", "autotile": 1.0 }, "-544_-288": { "autotile": 1.0, "autotile_index": 0.0, "tileset": "tile_freezer2", "coord": [ 3.0, 4.0 ] }, "-96_352": { "coord": [ 13.0, 18.0 ], "autotile_index": 0.0, "tileset": "bg_tilefreezer", "autotile": 0.0 }, "-864_-256": { "coord": [ 6.0, 0.0 ], "autotile_index": 0.0, "tileset": "tile_freezer2", "autotile": 1.0 }, "-736_0": { "autotile": 1.0, "autotile_index": 0.0, "tileset": "tile_freezer2", "coord": [ 4.0, 0.0 ] }, "992_480": { "coord": [ 6.0, 0.0 ], "autotile_index": 0.0, "tileset": "tile_freezer2", "autotile": 1.0 }, "-864_0": { "autotile": 1.0, "autotile_index": 0.0, "tileset": "tile_freezer2", "coord": [ 4.0, 0.0 ] }, "352_-320": { "autotile": 1.0, "autotile_index": 0.0, "tileset": "tile_freezer2", "coord": [ 6.0, 0.0 ] }, "-896_416": { "coord": [ 6.0, 0.0 ], "autotile_index": 0.0, "tileset": "tile_freezer2", "autotile": 1.0 }, "-864_-320": { "coord": [ 6.0, 0.0 ], "autotile_index": 0.0, "tileset": "tile_freezer2", "autotile": 1.0 }, "512_-288": { "autotile": 1.0, "autotile_index": 0.0, "tileset": "tile_freezer2", "coord": [ 3.0, 4.0 ] }, "768_-288": { "autotile": 1.0, "autotile_index": 0.0, "tileset": "tile_freezer2", "coord": [ 4.0, 4.0 ] }, "-736_288": { "autotile": 1.0, "autotile_index": 0.0, "tileset": "tile_freezer2", "coord": [ 6.0, 0.0 ] }, "192_-320": { "autotile": 1.0, "autotile_index": 0.0, "tileset": "tile_freezer2", "coord": [ 6.0, 0.0 ] }, "608_-320": { "autotile": 1.0, "autotile_index": 0.0, "tileset": "tile_freezer2", "coord": [ 6.0, 0.0 ] }, "896_0": { "coord": [ 1.0, 3.0 ], "autotile_index": 0.0, "tileset": "tile_freezer2", "autotile": 1.0 }, "-704_160": { "autotile": 1.0, "autotile_index": 0.0, "tileset": "tile_freezer2", "coord": [ 6.0, 0.0 ] }, "640_416": { "autotile": 1.0, "autotile_index": 0.0, "tileset": "tile_freezer2", "coord": [ 6.0, 0.0 ] }, "-928_128": { "coord": [ 6.0, 0.0 ], "autotile_index": 0.0, "tileset": "tile_freezer2", "autotile": 1.0 }, "-160_-288": { "coord": [ 4.0, 4.0 ], "autotile_index": 0.0, "tileset": "tile_freezer2", "autotile": 1.0 }, "1024_-160": { "coord": [ 6.0, 0.0 ], "autotile_index": 0.0, "tileset": "tile_freezer2", "autotile": 1.0 }, "1024_64": { "coord": [ 6.0, 0.0 ], "autotile_index": 0.0, "tileset": "tile_freezer2", "autotile": 1.0 }, "864_480": { "autotile": 1.0, "autotile_index": 0.0, "tileset": "tile_freezer2", "coord": [ 6.0, 0.0 ] }, "-1024_320": { "autotile": 1.0, "autotile_index": 0.0, "tileset": "tile_freezer2", "coord": [ 6.0, 0.0 ] }, "-320_-288": { "autotile": 1.0, "autotile_index": 0.0, "tileset": "tile_freezer2", "coord": [ 2.0, 4.0 ] }, "736_448": { "autotile": 1.0, "autotile_index": 0.0, "tileset": "tile_freezer2", "coord": [ 6.0, 0.0 ] }, "-704_448": { "autotile": 1.0, "autotile_index": 0.0, "tileset": "tile_freezer2", "coord": [ 6.0, 0.0 ] }, "-96_-320": { "coord": [ 6.0, 0.0 ], "autotile_index": 0.0, "tileset": "tile_freezer2", "autotile": 1.0 }, "0_-288": { "autotile": 1.0, "autotile_index": 0.0, "tileset": "tile_freezer2", "coord": [ 2.0, 4.0 ] }, "-992_-352": { "coord": [ 0.0, 0.0 ], "autotile_index": 0.0, "tileset": "tile_freezer2", "autotile": 1.0 }, "640_384": { "autotile": 1.0, "autotile_index": 0.0, "tileset": "tile_freezer2", "coord": [ 6.0, 0.0 ] }, "-640_-320": { "coord": [ 6.0, 0.0 ], "autotile_index": 0.0, "tileset": "tile_freezer2", "autotile": 1.0 }, "-832_192": { "autotile": 1.0, "autotile_index": 0.0, "tileset": "tile_freezer2", "coord": [ 6.0, 0.0 ] }, "672_448": { "autotile": 1.0, "autotile_index": 0.0, "tileset": "tile_freezer2", "coord": [ 6.0, 0.0 ] }, "992_448": { "coord": [ 6.0, 0.0 ], "autotile_index": 0.0, "tileset": "tile_freezer2", "autotile": 1.0 }, "-864_-192": { "coord": [ 6.0, 0.0 ], "autotile_index": 0.0, "tileset": "tile_freezer2", "autotile": 1.0 }, "-928_192": { "autotile": 1.0, "autotile_index": 0.0, "tileset": "tile_freezer2", "coord": [ 6.0, 0.0 ] }, "832_-320": { "autotile": 1.0, "autotile_index": 0.0, "tileset": "tile_freezer2", "coord": [ 6.0, 0.0 ] }, "448_-320": { "autotile": 1.0, "autotile_index": 0.0, "tileset": "tile_freezer2", "coord": [ 6.0, 0.0 ] }, "992_-288": { "coord": [ 6.0, 0.0 ], "autotile_index": 0.0, "tileset": "tile_freezer2", "autotile": 1.0 }, "-1024_288": { "autotile": 1.0, "autotile_index": 0.0, "tileset": "tile_freezer2", "coord": [ 6.0, 0.0 ] }, "-704_320": { "autotile": 1.0, "autotile_index": 0.0, "tileset": "tile_freezer2", "coord": [ 6.0, 0.0 ] }, "-768_352": { "autotile": 1.0, "autotile_index": 0.0, "tileset": "tile_freezer2", "coord": [ 6.0, 0.0 ] }, "-192_-320": { "coord": [ 6.0, 0.0 ], "autotile_index": 0.0, "tileset": "tile_freezer2", "autotile": 1.0 }, "1024_192": { "coord": [ 4.0, 4.0 ], "autotile_index": 0.0, "tileset": "tile_freezer2", "autotile": 1.0 }, "-704_64": { "autotile": 1.0, "autotile_index": 0.0, "tileset": "tile_freezer2", "coord": [ 6.0, 0.0 ] }, "1056_384": { "coord": [ 6.0, 0.0 ], "autotile_index": 0.0, "tileset": "tile_freezer2", "autotile": 1.0 }, "-736_128": { "autotile": 1.0, "autotile_index": 0.0, "tileset": "tile_freezer2", "coord": [ 6.0, 0.0 ] }, "-1024_192": { "autotile": 1.0, "autotile_index": 0.0, "tileset": "tile_freezer2", "coord": [ 6.0, 0.0 ] }, "-992_352": { "autotile": 1.0, "autotile_index": 0.0, "tileset": "tile_freezer2", "coord": [ 6.0, 0.0 ] }, "-768_256": { "autotile": 1.0, "autotile_index": 0.0, "tileset": "tile_freezer2", "coord": [ 6.0, 0.0 ] }, "-416_-320": { "autotile": 1.0, "autotile_index": 0.0, "tileset": "tile_freezer2", "coord": [ 6.0, 0.0 ] }, "832_-288": { "autotile": 1.0, "autotile_index": 0.0, "tileset": "tile_freezer2", "coord": [ 2.0, 4.0 ] }, "-1024_64": { "coord": [ 6.0, 0.0 ], "autotile_index": 0.0, "tileset": "tile_freezer2", "autotile": 1.0 }, "-960_320": { "autotile": 1.0, "autotile_index": 0.0, "tileset": "tile_freezer2", "coord": [ 6.0, 0.0 ] }, "-960_-288": { "coord": [ 6.0, 0.0 ], "autotile_index": 0.0, "tileset": "tile_freezer2", "autotile": 1.0 }, "800_256": { "coord": [ 0.0, 2.0 ], "autotile_index": 0.0, "tileset": "cold_rock_tiles", "autotile": 0.0 }, "896_128": { "coord": [ 1.0, 2.0 ], "autotile_index": 0.0, "tileset": "tile_freezer2", "autotile": 1.0 }, "928_-128": { "coord": [ 6.0, 0.0 ], "autotile_index": 0.0, "tileset": "tile_freezer2", "autotile": 1.0 }, "-704_-288": { "coord": [ 4.0, 4.0 ], "autotile_index": 0.0, "tileset": "tile_freezer2", "autotile": 1.0 }, "1024_160": { "coord": [ 6.0, 0.0 ], "autotile_index": 0.0, "tileset": "tile_freezer2", "autotile": 1.0 }, "960_160": { "coord": [ 6.0, 0.0 ], "autotile_index": 0.0, "tileset": "tile_freezer2", "autotile": 1.0 }, "1056_-320": { "coord": [ 6.0, 0.0 ], "autotile_index": 0.0, "tileset": "tile_freezer2", "autotile": 1.0 }, "928_-160": { "coord": [ 6.0, 0.0 ], "autotile_index": 0.0, "tileset": "tile_freezer2", "autotile": 1.0 }, "928_-320": { "coord": [ 6.0, 0.0 ], "autotile_index": 0.0, "tileset": "tile_freezer2", "autotile": 1.0 }, "608_416": { "autotile": 1.0, "autotile_index": 0.0, "tileset": "tile_freezer2", "coord": [ 6.0, 0.0 ] }, "-864_512": { "coord": [ 6.0, 0.0 ], "autotile_index": 0.0, "tileset": "tile_freezer2", "autotile": 1.0 }, "-1088_224": { "autotile": 1.0, "autotile_index": 0.0, "tileset": "tile_freezer2", "coord": [ 0.0, 0.0 ] }, "-960_-160": { "autotile": 1.0, "autotile_index": 0.0, "tileset": "tile_freezer2", "coord": [ 4.0, 4.0 ] }, "608_352": { "autotile": 1.0, "autotile_index": 0.0, "tileset": "tile_freezer2", "coord": [ 3.0, 0.0 ] }, "-864_352": { "autotile": 1.0, "autotile_index": 0.0, "tileset": "tile_freezer2", "coord": [ 6.0, 0.0 ] }, "288_-320": { "autotile": 1.0, "autotile_index": 0.0, "tileset": "tile_freezer2", "coord": [ 6.0, 0.0 ] }, "768_352": { "autotile": 1.0, "autotile_index": 0.0, "tileset": "tile_freezer2", "coord": [ 3.0, 0.0 ] }, "-736_192": { "autotile": 1.0, "autotile_index": 0.0, "tileset": "tile_freezer2", "coord": [ 6.0, 0.0 ] }, "-864_384": { "autotile": 1.0, "autotile_index": 0.0, "tileset": "tile_freezer2", "coord": [ 6.0, 0.0 ] }, "896_-96": { "coord": [ 1.0, 3.0 ], "autotile_index": 0.0, "tileset": "tile_freezer2", "autotile": 1.0 }, "32_-320": { "autotile": 1.0, "autotile_index": 0.0, "tileset": "tile_freezer2", "coord": [ 6.0, 0.0 ] }, "800_320": { "coord": [ 0.0, 4.0 ], "autotile_index": 0.0, "tileset": "cold_rock_tiles", "autotile": 0.0 }, "608_480": { "autotile": 1.0, "autotile_index": 0.0, "tileset": "tile_freezer2", "coord": [ 6.0, 0.0 ] }, "-832_512": { "coord": [ 6.0, 0.0 ], "autotile_index": 0.0, "tileset": "tile_freezer2", "autotile": 1.0 }, "-768_480": { "coord": [ 6.0, 0.0 ], "autotile_index": 0.0, "tileset": "tile_freezer2", "autotile": 1.0 }, "-1024_-224": { "autotile": 1.0, "autotile_index": 0.0, "tileset": "tile_freezer2", "coord": [ 6.0, 0.0 ] }, "-960_-192": { "autotile": 1.0, "autotile_index": 0.0, "tileset": "tile_freezer2", "coord": [ 6.0, 0.0 ] }, "-704_288": { "autotile": 1.0, "autotile_index": 0.0, "tileset": "tile_freezer2", "coord": [ 6.0, 0.0 ] }, "-96_-288": { "coord": [ 3.0, 4.0 ], "autotile_index": 0.0, "tileset": "tile_freezer2", "autotile": 1.0 }, "-480_-288": { "autotile": 1.0, "autotile_index": 0.0, "tileset": "tile_freezer2", "coord": [ 2.0, 4.0 ] }, "1056_416": { "coord": [ 6.0, 0.0 ], "autotile_index": 0.0, "tileset": "tile_freezer2", "autotile": 1.0 }, "544_512": { "autotile": 1.0, "autotile_index": 0.0, "tileset": "tile_freezer2", "coord": [ 6.0, 0.0 ] }, "1024_512": { "coord": [ 6.0, 0.0 ], "autotile_index": 0.0, "tileset": "tile_freezer2", "autotile": 1.0 }, "-736_480": { "coord": [ 6.0, 0.0 ], "autotile_index": 0.0, "tileset": "tile_freezer2", "autotile": 1.0 }, "-800_-320": { "coord": [ 6.0, 0.0 ], "autotile_index": 0.0, "tileset": "tile_freezer2", "autotile": 1.0 }, "-160_384": { "coord": [ 11.0, 19.0 ], "autotile_index": 0.0, "tileset": "bg_tilefreezer", "autotile": 0.0 }, "-96_384": { "coord": [ 13.0, 19.0 ], "autotile_index": 0.0, "tileset": "bg_tilefreezer", "autotile": 0.0 }, "-896_128": { "autotile": 1.0, "autotile_index": 0.0, "tileset": "tile_freezer2", "coord": [ 6.0, 0.0 ] }, "736_-320": { "autotile": 1.0, "autotile_index": 0.0, "tileset": "tile_freezer2", "coord": [ 6.0, 0.0 ] }, "896_-288": { "coord": [ 4.0, 1.0 ], "autotile_index": 0.0, "tileset": "tile_freezer2", "autotile": 1.0 }, "-224_160": { "autotile": 0.0, "autotile_index": 0.0, "tileset": "bg_tilefreezer", "coord": [ 12.0, 18.0 ] }, "-704_256": { "autotile": 1.0, "autotile_index": 0.0, "tileset": "tile_freezer2", "coord": [ 6.0, 0.0 ] }, "960_192": { "coord": [ 2.0, 4.0 ], "autotile_index": 0.0, "tileset": "tile_freezer2", "autotile": 1.0 }, "736_512": { "autotile": 1.0, "autotile_index": 0.0, "tileset": "tile_freezer2", "coord": [ 6.0, 0.0 ] }, "864_384": { "autotile": 1.0, "autotile_index": 0.0, "tileset": "tile_freezer2", "coord": [ 6.0, 0.0 ] }, "960_-192": { "coord": [ 6.0, 0.0 ], "autotile_index": 0.0, "tileset": "tile_freezer2", "autotile": 1.0 }, "544_384": { "autotile": 1.0, "autotile_index": 0.0, "tileset": "tile_freezer2", "coord": [ 6.0, 0.0 ] }, "928_448": { "coord": [ 6.0, 0.0 ], "autotile_index": 0.0, "tileset": "tile_freezer2", "autotile": 1.0 }, "-256_-288": { "autotile": 1.0, "autotile_index": 0.0, "tileset": "tile_freezer2", "coord": [ 2.0, 4.0 ] }, "-32_320": { "coord": [ 15.0, 17.0 ], "autotile_index": 0.0, "tileset": "bg_tilefreezer", "autotile": 0.0 }, "544_448": { "autotile": 1.0, "autotile_index": 0.0, "tileset": "tile_freezer2", "coord": [ 6.0, 0.0 ] }, "-800_-160": { "coord": [ 5.0, 1.0 ], "autotile_index": 0.0, "tileset": "tile_freezer2", "autotile": 1.0 }, "-800_512": { "coord": [ 6.0, 0.0 ], "autotile_index": 0.0, "tileset": "tile_freezer2", "autotile": 1.0 }, "1024_-128": { "coord": [ 6.0, 0.0 ], "autotile_index": 0.0, "tileset": "tile_freezer2", "autotile": 1.0 }, "-992_-288": { "coord": [ 6.0, 0.0 ], "autotile_index": 0.0, "tileset": "tile_freezer2", "autotile": 1.0 }, "992_416": { "coord": [ 6.0, 0.0 ], "autotile_index": 0.0, "tileset": "tile_freezer2", "autotile": 1.0 }, "-672_416": { "autotile": 1.0, "autotile_index": 0.0, "tileset": "tile_freezer2", "coord": [ 5.0, 3.0 ] }, "-576_-320": { "autotile": 1.0, "autotile_index": 0.0, "tileset": "tile_freezer2", "coord": [ 6.0, 0.0 ] }, "-800_256": { "autotile": 1.0, "autotile_index": 0.0, "tileset": "tile_freezer2", "coord": [ 6.0, 0.0 ] }, "704_384": { "autotile": 1.0, "autotile_index": 0.0, "tileset": "tile_freezer2", "coord": [ 6.0, 0.0 ] }, "608_-288": { "autotile": 1.0, "autotile_index": 0.0, "tileset": "tile_freezer2", "coord": [ 4.0, 4.0 ] }, "-800_416": { "coord": [ 6.0, 0.0 ], "autotile_index": 0.0, "tileset": "tile_freezer2", "autotile": 1.0 }, "1024_480": { "coord": [ 6.0, 0.0 ], "autotile_index": 0.0, "tileset": "tile_freezer2", "autotile": 1.0 }, "928_-256": { "coord": [ 6.0, 0.0 ], "autotile_index": 0.0, "tileset": "tile_freezer2", "autotile": 1.0 }, "-992_512": { "coord": [ 6.0, 0.0 ], "autotile_index": 0.0, "tileset": "tile_freezer2", "autotile": 1.0 }, "736_352": { "autotile": 1.0, "autotile_index": 0.0, "tileset": "tile_freezer2", "coord": [ 2.0, 0.0 ] }, "1056_-288": { "coord": [ 6.0, 0.0 ], "autotile_index": 0.0, "tileset": "tile_freezer2", "autotile": 1.0 }, "128_-288": { "autotile": 1.0, "autotile_index": 0.0, "tileset": "tile_freezer2", "coord": [ 3.0, 4.0 ] }, "192_-288": { "autotile": 1.0, "autotile_index": 0.0, "tileset": "tile_freezer2", "coord": [ 4.0, 4.0 ] }, "-864_-288": { "coord": [ 6.0, 0.0 ], "autotile_index": 0.0, "tileset": "tile_freezer2", "autotile": 1.0 }, "1056_512": { "coord": [ 6.0, 0.0 ], "autotile_index": 0.0, "tileset": "tile_freezer2", "autotile": 1.0 }, "-416_32": { "autotile": 0.0, "autotile_index": 0.0, "tileset": "bg_tilefreezer", "coord": [ 15.0, 18.0 ] }, "-960_-224": { "autotile": 1.0, "autotile_index": 0.0, "tileset": "tile_freezer2", "coord": [ 6.0, 0.0 ] }, "576_-320": { "autotile": 1.0, "autotile_index": 0.0, "tileset": "tile_freezer2", "coord": [ 6.0, 0.0 ] }, "960_-128": { "coord": [ 6.0, 0.0 ], "autotile_index": 0.0, "tileset": "tile_freezer2", "autotile": 1.0 }, "-960_128": { "coord": [ 6.0, 0.0 ], "autotile_index": 0.0, "tileset": "tile_freezer2", "autotile": 1.0 }, "672_-288": { "autotile": 1.0, "autotile_index": 0.0, "tileset": "tile_freezer2", "coord": [ 2.0, 4.0 ] }, "-832_32": { "autotile": 1.0, "autotile_index": 0.0, "tileset": "tile_freezer2", "coord": [ 6.0, 0.0 ] }, "-960_64": { "coord": [ 6.0, 0.0 ], "autotile_index": 0.0, "tileset": "tile_freezer2", "autotile": 1.0 }, "256_-320": { "autotile": 1.0, "autotile_index": 0.0, "tileset": "tile_freezer2", "coord": [ 6.0, 0.0 ] }, "-704_352": { "autotile": 1.0, "autotile_index": 0.0, "tileset": "tile_freezer2", "coord": [ 6.0, 0.0 ] }, "-864_128": { "autotile": 1.0, "autotile_index": 0.0, "tileset": "tile_freezer2", "coord": [ 6.0, 0.0 ] }, "-672_160": { "autotile": 1.0, "autotile_index": 0.0, "tileset": "tile_freezer2", "coord": [ 5.0, 3.0 ] }, "512_480": { "autotile": 1.0, "autotile_index": 0.0, "tileset": "tile_freezer2", "coord": [ 1.0, 1.0 ] }, "928_-224": { "coord": [ 6.0, 0.0 ], "autotile_index": 0.0, "tileset": "tile_freezer2", "autotile": 1.0 }, "512_416": { "autotile": 1.0, "autotile_index": 0.0, "tileset": "tile_freezer2", "coord": [ 1.0, 3.0 ] }, "896_64": { "coord": [ 1.0, 3.0 ], "autotile_index": 0.0, "tileset": "tile_freezer2", "autotile": 1.0 }, "1056_-160": { "coord": [ 6.0, 0.0 ], "autotile_index": 0.0, "tileset": "tile_freezer2", "autotile": 1.0 }, "1024_352": { "coord": [ 3.0, 0.0 ], "autotile_index": 0.0, "tileset": "tile_freezer2", "autotile": 1.0 }, "-864_-224": { "coord": [ 6.0, 0.0 ], "autotile_index": 0.0, "tileset": "tile_freezer2", "autotile": 1.0 }, "896_-64": { "coord": [ 1.0, 3.0 ], "autotile_index": 0.0, "tileset": "tile_freezer2", "autotile": 1.0 }, "-992_32": { "autotile": 1.0, "autotile_index": 0.0, "tileset": "tile_freezer2", "coord": [ 6.0, 0.0 ] }, "-352_-320": { "autotile": 1.0, "autotile_index": 0.0, "tileset": "tile_freezer2", "coord": [ 6.0, 0.0 ] }, "960_-64": { "coord": [ 6.0, 0.0 ], "autotile_index": 0.0, "tileset": "tile_freezer2", "autotile": 1.0 }, "-896_352": { "autotile": 1.0, "autotile_index": 0.0, "tileset": "tile_freezer2", "coord": [ 6.0, 0.0 ] }, "-736_64": { "autotile": 1.0, "autotile_index": 0.0, "tileset": "tile_freezer2", "coord": [ 6.0, 0.0 ] }, "-960_-352": { "coord": [ 0.0, 0.0 ], "autotile_index": 0.0, "tileset": "tile_freezer2", "autotile": 1.0 }, "-992_320": { "autotile": 1.0, "autotile_index": 0.0, "tileset": "tile_freezer2", "coord": [ 6.0, 0.0 ] }, "928_64": { "coord": [ 6.0, 0.0 ], "autotile_index": 0.0, "tileset": "tile_freezer2", "autotile": 1.0 }, "-32_352": { "coord": [ 15.0, 18.0 ], "autotile_index": 0.0, "tileset": "bg_tilefreezer", "autotile": 0.0 }, "896_32": { "coord": [ 1.0, 3.0 ], "autotile_index": 0.0, "tileset": "tile_freezer2", "autotile": 1.0 }, "-768_192": { "autotile": 1.0, "autotile_index": 0.0, "tileset": "tile_freezer2", "coord": [ 6.0, 0.0 ] }, "-640_-288": { "coord": [ 4.0, 4.0 ], "autotile_index": 0.0, "tileset": "tile_freezer2", "autotile": 1.0 }, "-864_160": { "autotile": 1.0, "autotile_index": 0.0, "tileset": "tile_freezer2", "coord": [ 6.0, 0.0 ] }, "704_512": { "autotile": 1.0, "autotile_index": 0.0, "tileset": "tile_freezer2", "coord": [ 6.0, 0.0 ] }, "-256_160": { "autotile": 0.0, "autotile_index": 0.0, "tileset": "bg_tilefreezer", "coord": [ 11.0, 18.0 ] }, "-1024_448": { "coord": [ 6.0, 0.0 ], "autotile_index": 0.0, "tileset": "tile_freezer2", "autotile": 1.0 }, "-992_416": { "coord": [ 6.0, 0.0 ], "autotile_index": 0.0, "tileset": "tile_freezer2", "autotile": 1.0 }, "960_-320": { "coord": [ 6.0, 0.0 ], "autotile_index": 0.0, "tileset": "tile_freezer2", "autotile": 1.0 }, "0_320": { "coord": [ 16.0, 17.0 ], "autotile_index": 0.0, "tileset": "bg_tilefreezer", "autotile": 0.0 }, "576_352": { "autotile": 1.0, "autotile_index": 0.0, "tileset": "tile_freezer2", "coord": [ 3.0, 0.0 ] }, "-896_448": { "coord": [ 6.0, 0.0 ], "autotile_index": 0.0, "tileset": "tile_freezer2", "autotile": 1.0 }, "1056_-128": { "coord": [ 6.0, 0.0 ], "autotile_index": 0.0, "tileset": "tile_freezer2", "autotile": 1.0 }, "512_512": { "autotile": 1.0, "autotile_index": 0.0, "tileset": "tile_freezer2", "coord": [ 1.0, 2.0 ] }, "896_96": { "coord": [ 1.0, 3.0 ], "autotile_index": 0.0, "tileset": "tile_freezer2", "autotile": 1.0 }, "1056_-96": { "coord": [ 6.0, 0.0 ], "autotile_index": 0.0, "tileset": "tile_freezer2", "autotile": 1.0 }, "96_-320": { "autotile": 1.0, "autotile_index": 0.0, "tileset": "tile_freezer2", "coord": [ 6.0, 0.0 ] }, "896_512": { "coord": [ 6.0, 0.0 ], "autotile_index": 0.0, "tileset": "tile_freezer2", "autotile": 1.0 }, "-672_64": { "autotile": 1.0, "autotile_index": 0.0, "tileset": "tile_freezer2", "coord": [ 5.0, 1.0 ] }, "-960_256": { "autotile": 1.0, "autotile_index": 0.0, "tileset": "tile_freezer2", "coord": [ 6.0, 0.0 ] }, "-768_0": { "autotile": 1.0, "autotile_index": 0.0, "tileset": "tile_freezer2", "coord": [ 4.0, 0.0 ] }, "800_288": { "coord": [ 0.0, 3.0 ], "autotile_index": 0.0, "tileset": "cold_rock_tiles", "autotile": 0.0 }, "-864_96": { "autotile": 1.0, "autotile_index": 0.0, "tileset": "tile_freezer2", "coord": [ 6.0, 0.0 ] }, "-1024_-160": { "autotile": 1.0, "autotile_index": 0.0, "tileset": "tile_freezer2", "coord": [ 4.0, 4.0 ] }, "192_288": { "coord": [ 11.0, 18.0 ], "autotile_index": 0.0, "tileset": "bg_tilefreezer", "autotile": 0.0 }, "992_352": { "coord": [ 2.0, 0.0 ], "autotile_index": 0.0, "tileset": "tile_freezer2", "autotile": 1.0 }, "-992_64": { "coord": [ 6.0, 0.0 ], "autotile_index": 0.0, "tileset": "tile_freezer2", "autotile": 1.0 }, "-416_-288": { "autotile": 1.0, "autotile_index": 0.0, "tileset": "tile_freezer2", "coord": [ 3.0, 4.0 ] }, "992_384": { "coord": [ 6.0, 0.0 ], "autotile_index": 0.0, "tileset": "tile_freezer2", "autotile": 1.0 }, "896_160": { "coord": [ 1.0, 3.0 ], "autotile_index": 0.0, "tileset": "tile_freezer2", "autotile": 1.0 }, "-928_384": { "autotile": 1.0, "autotile_index": 0.0, "tileset": "tile_freezer2", "coord": [ 6.0, 0.0 ] }, "-864_-160": { "coord": [ 3.0, 4.0 ], "autotile_index": 0.0, "tileset": "tile_freezer2", "autotile": 1.0 }, "-768_320": { "autotile": 1.0, "autotile_index": 0.0, "tileset": "tile_freezer2", "coord": [ 6.0, 0.0 ] }, "-768_160": { "autotile": 1.0, "autotile_index": 0.0, "tileset": "tile_freezer2", "coord": [ 6.0, 0.0 ] }, "-960_224": { "autotile": 1.0, "autotile_index": 0.0, "tileset": "tile_freezer2", "coord": [ 6.0, 0.0 ] }, "-928_-288": { "coord": [ 6.0, 0.0 ], "autotile_index": 0.0, "tileset": "tile_freezer2", "autotile": 1.0 }, "576_512": { "autotile": 1.0, "autotile_index": 0.0, "tileset": "tile_freezer2", "coord": [ 6.0, 0.0 ] }, "-800_-224": { "coord": [ 5.0, 2.0 ], "autotile_index": 0.0, "tileset": "tile_freezer2", "autotile": 1.0 }, "832_448": { "autotile": 1.0, "autotile_index": 0.0, "tileset": "tile_freezer2", "coord": [ 6.0, 0.0 ] }, "-672_448": { "autotile": 1.0, "autotile_index": 0.0, "tileset": "tile_freezer2", "coord": [ 5.0, 1.0 ] }, "-736_-320": { "coord": [ 6.0, 0.0 ], "autotile_index": 0.0, "tileset": "tile_freezer2", "autotile": 1.0 }, "-992_256": { "autotile": 1.0, "autotile_index": 0.0, "tileset": "tile_freezer2", "coord": [ 6.0, 0.0 ] }, "576_480": { "autotile": 1.0, "autotile_index": 0.0, "tileset": "tile_freezer2", "coord": [ 6.0, 0.0 ] }, "-928_-256": { "autotile": 1.0, "autotile_index": 0.0, "tileset": "tile_freezer2", "coord": [ 6.0, 0.0 ] }, "-928_32": { "autotile": 1.0, "autotile_index": 0.0, "tileset": "tile_freezer2", "coord": [ 6.0, 0.0 ] }, "896_-192": { "coord": [ 1.0, 2.0 ], "autotile_index": 0.0, "tileset": "tile_freezer2", "autotile": 1.0 }, "-1056_224": { "autotile": 1.0, "autotile_index": 0.0, "tileset": "tile_freezer2", "coord": [ 0.0, 0.0 ] }, "-800_128": { "autotile": 1.0, "autotile_index": 0.0, "tileset": "tile_freezer2", "coord": [ 6.0, 0.0 ] }, "-320_288": { "coord": [ 16.0, 18.0 ], "autotile_index": 0.0, "tileset": "bg_tilefreezer", "autotile": 0.0 }, "960_-256": { "coord": [ 6.0, 0.0 ], "autotile_index": 0.0, "tileset": "tile_freezer2", "autotile": 1.0 }, "960_-32": { "coord": [ 6.0, 0.0 ], "autotile_index": 0.0, "tileset": "tile_freezer2", "autotile": 1.0 }, "960_512": { "coord": [ 6.0, 0.0 ], "autotile_index": 0.0, "tileset": "tile_freezer2", "autotile": 1.0 }, "-1024_0": { "autotile": 1.0, "autotile_index": 0.0, "tileset": "tile_freezer2", "coord": [ 2.0, 0.0 ] }, "32_-288": { "autotile": 1.0, "autotile_index": 0.0, "tileset": "tile_freezer2", "coord": [ 4.0, 4.0 ] }, "-1024_416": { "coord": [ 6.0, 0.0 ], "autotile_index": 0.0, "tileset": "tile_freezer2", "autotile": 1.0 }, "0_-320": { "autotile": 1.0, "autotile_index": 0.0, "tileset": "tile_freezer2", "coord": [ 6.0, 0.0 ] }, "-768_224": { "autotile": 1.0, "autotile_index": 0.0, "tileset": "tile_freezer2", "coord": [ 6.0, 0.0 ] }, "-992_-224": { "autotile": 1.0, "autotile_index": 0.0, "tileset": "tile_freezer2", "coord": [ 6.0, 0.0 ] }, "384_-320": { "autotile": 1.0, "autotile_index": 0.0, "tileset": "tile_freezer2", "coord": [ 6.0, 0.0 ] }, "960_384": { "coord": [ 6.0, 0.0 ], "autotile_index": 0.0, "tileset": "tile_freezer2", "autotile": 1.0 }, "-960_96": { "coord": [ 6.0, 0.0 ], "autotile_index": 0.0, "tileset": "tile_freezer2", "autotile": 1.0 }, "-512_-320": { "autotile": 1.0, "autotile_index": 0.0, "tileset": "tile_freezer2", "coord": [ 6.0, 0.0 ] }, "1056_0": { "coord": [ 6.0, 0.0 ], "autotile_index": 0.0, "tileset": "tile_freezer2", "autotile": 1.0 }, "416_-288": { "autotile": 1.0, "autotile_index": 0.0, "tileset": "tile_freezer2", "coord": [ 2.0, 4.0 ] }, "576_384": { "autotile": 1.0, "autotile_index": 0.0, "tileset": "tile_freezer2", "coord": [ 6.0, 0.0 ] }, "-1024_128": { "coord": [ 6.0, 0.0 ], "autotile_index": 0.0, "tileset": "tile_freezer2", "autotile": 1.0 }, "-800_224": { "autotile": 1.0, "autotile_index": 0.0, "tileset": "tile_freezer2", "coord": [ 6.0, 0.0 ] }, "992_512": { "coord": [ 6.0, 0.0 ], "autotile_index": 0.0, "tileset": "tile_freezer2", "autotile": 1.0 }, "1056_-256": { "coord": [ 6.0, 0.0 ], "autotile_index": 0.0, "tileset": "tile_freezer2", "autotile": 1.0 }, "672_416": { "autotile": 1.0, "autotile_index": 0.0, "tileset": "tile_freezer2", "coord": [ 6.0, 0.0 ] }, "1056_352": { "coord": [ 3.0, 0.0 ], "autotile_index": 0.0, "tileset": "tile_freezer2", "autotile": 1.0 }, "-736_32": { "autotile": 1.0, "autotile_index": 0.0, "tileset": "tile_freezer2", "coord": [ 6.0, 0.0 ] }, "-800_-288": { "coord": [ 2.0, 1.0 ], "autotile_index": 0.0, "tileset": "tile_freezer2", "autotile": 1.0 }, "1056_96": { "coord": [ 6.0, 0.0 ], "autotile_index": 0.0, "tileset": "tile_freezer2", "autotile": 1.0 }, "704_-320": { "autotile": 1.0, "autotile_index": 0.0, "tileset": "tile_freezer2", "coord": [ 6.0, 0.0 ] }, "992_192": { "coord": [ 3.0, 4.0 ], "autotile_index": 0.0, "tileset": "tile_freezer2", "autotile": 1.0 }, "-768_416": { "coord": [ 6.0, 0.0 ], "autotile_index": 0.0, "tileset": "tile_freezer2", "autotile": 1.0 }, "-928_224": { "autotile": 1.0, "autotile_index": 0.0, "tileset": "tile_freezer2", "coord": [ 6.0, 0.0 ] }, "-672_256": { "autotile": 1.0, "autotile_index": 0.0, "tileset": "tile_freezer2", "coord": [ 5.0, 1.0 ] }, "1024_416": { "coord": [ 6.0, 0.0 ], "autotile_index": 0.0, "tileset": "tile_freezer2", "autotile": 1.0 }, "704_352": { "autotile": 1.0, "autotile_index": 0.0, "tileset": "tile_freezer2", "coord": [ 4.0, 0.0 ] }, "-800_480": { "coord": [ 6.0, 0.0 ], "autotile_index": 0.0, "tileset": "tile_freezer2", "autotile": 1.0 }, "-992_480": { "coord": [ 6.0, 0.0 ], "autotile_index": 0.0, "tileset": "tile_freezer2", "autotile": 1.0 }, "928_128": { "coord": [ 6.0, 0.0 ], "autotile_index": 0.0, "tileset": "tile_freezer2", "autotile": 1.0 }, "992_-128": { "coord": [ 6.0, 0.0 ], "autotile_index": 0.0, "tileset": "tile_freezer2", "autotile": 1.0 }, "992_-192": { "coord": [ 6.0, 0.0 ], "autotile_index": 0.0, "tileset": "tile_freezer2", "autotile": 1.0 }, "-896_64": { "autotile": 1.0, "autotile_index": 0.0, "tileset": "tile_freezer2", "coord": [ 6.0, 0.0 ] }, "-160_-320": { "coord": [ 6.0, 0.0 ], "autotile_index": 0.0, "tileset": "tile_freezer2", "autotile": 1.0 }, "864_320": { "coord": [ 2.0, 4.0 ], "autotile_index": 0.0, "tileset": "cold_rock_tiles", "autotile": 0.0 }, "-288_-320": { "autotile": 1.0, "autotile_index": 0.0, "tileset": "tile_freezer2", "coord": [ 6.0, 0.0 ] }, "896_-256": { "coord": [ 1.0, 2.0 ], "autotile_index": 0.0, "tileset": "tile_freezer2", "autotile": 1.0 }, "-960_288": { "autotile": 1.0, "autotile_index": 0.0, "tileset": "tile_freezer2", "coord": [ 6.0, 0.0 ] }, "-32_-288": { "autotile": 1.0, "autotile_index": 0.0, "tileset": "tile_freezer2", "coord": [ 3.0, 4.0 ] }, "-736_-352": { "coord": [ 0.0, 0.0 ], "autotile_index": 0.0, "tileset": "tile_freezer2", "autotile": 1.0 }, "1056_448": { "coord": [ 6.0, 0.0 ], "autotile_index": 0.0, "tileset": "tile_freezer2", "autotile": 1.0 }, "-736_448": { "coord": [ 6.0, 0.0 ], "autotile_index": 0.0, "tileset": "tile_freezer2", "autotile": 1.0 }, "-1024_-320": { "coord": [ 6.0, 0.0 ], "autotile_index": 0.0, "tileset": "tile_freezer2", "autotile": 1.0 }, "608_384": { "autotile": 1.0, "autotile_index": 0.0, "tileset": "tile_freezer2", "coord": [ 6.0, 0.0 ] }, "-576_-288": { "autotile": 1.0, "autotile_index": 0.0, "tileset": "tile_freezer2", "coord": [ 4.0, 4.0 ] }, "-960_192": { "autotile": 1.0, "autotile_index": 0.0, "tileset": "tile_freezer2", "coord": [ 6.0, 0.0 ] }, "-896_320": { "autotile": 1.0, "autotile_index": 0.0, "tileset": "tile_freezer2", "coord": [ 6.0, 0.0 ] }, "-928_288": { "autotile": 1.0, "autotile_index": 0.0, "tileset": "tile_freezer2", "coord": [ 6.0, 0.0 ] }, "608_512": { "autotile": 1.0, "autotile_index": 0.0, "tileset": "tile_freezer2", "coord": [ 6.0, 0.0 ] }, "320_-320": { "autotile": 1.0, "autotile_index": 0.0, "tileset": "tile_freezer2", "coord": [ 6.0, 0.0 ] }, "-928_-224": { "autotile": 1.0, "autotile_index": 0.0, "tileset": "tile_freezer2", "coord": [ 6.0, 0.0 ] }, "-928_448": { "coord": [ 6.0, 0.0 ], "autotile_index": 0.0, "tileset": "tile_freezer2", "autotile": 1.0 }, "960_416": { "coord": [ 6.0, 0.0 ], "autotile_index": 0.0, "tileset": "tile_freezer2", "autotile": 1.0 }, "800_512": { "autotile": 1.0, "autotile_index": 0.0, "tileset": "tile_freezer2", "coord": [ 6.0, 0.0 ] }, "-864_480": { "coord": [ 6.0, 0.0 ], "autotile_index": 0.0, "tileset": "tile_freezer2", "autotile": 1.0 }, "-928_512": { "coord": [ 6.0, 0.0 ], "autotile_index": 0.0, "tileset": "tile_freezer2", "autotile": 1.0 }, "-768_512": { "coord": [ 6.0, 0.0 ], "autotile_index": 0.0, "tileset": "tile_freezer2", "autotile": 1.0 }, "-768_128": { "autotile": 1.0, "autotile_index": 0.0, "tileset": "tile_freezer2", "coord": [ 6.0, 0.0 ] }, "-896_-320": { "coord": [ 6.0, 0.0 ], "autotile_index": 0.0, "tileset": "tile_freezer2", "autotile": 1.0 }, "960_128": { "coord": [ 6.0, 0.0 ], "autotile_index": 0.0, "tileset": "tile_freezer2", "autotile": 1.0 }, "896_-224": { "coord": [ 1.0, 1.0 ], "autotile_index": 0.0, "tileset": "tile_freezer2", "autotile": 1.0 }, "544_-320": { "autotile": 1.0, "autotile_index": 0.0, "tileset": "tile_freezer2", "coord": [ 6.0, 0.0 ] }, "768_448": { "autotile": 1.0, "autotile_index": 0.0, "tileset": "tile_freezer2", "coord": [ 6.0, 0.0 ] }, "-864_416": { "coord": [ 6.0, 0.0 ], "autotile_index": 0.0, "tileset": "tile_freezer2", "autotile": 1.0 }, "-704_128": { "autotile": 1.0, "autotile_index": 0.0, "tileset": "tile_freezer2", "coord": [ 6.0, 0.0 ] }, "-800_192": { "autotile": 1.0, "autotile_index": 0.0, "tileset": "tile_freezer2", "coord": [ 6.0, 0.0 ] }, "992_160": { "coord": [ 6.0, 0.0 ], "autotile_index": 0.0, "tileset": "tile_freezer2", "autotile": 1.0 }, "-992_160": { "autotile": 1.0, "autotile_index": 0.0, "tileset": "tile_freezer2", "coord": [ 6.0, 0.0 ] }, "-896_96": { "autotile": 1.0, "autotile_index": 0.0, "tileset": "tile_freezer2", "coord": [ 6.0, 0.0 ] }, "-352_-288": { "autotile": 1.0, "autotile_index": 0.0, "tileset": "tile_freezer2", "coord": [ 4.0, 4.0 ] }, "-864_256": { "autotile": 1.0, "autotile_index": 0.0, "tileset": "tile_freezer2", "coord": [ 6.0, 0.0 ] }, "352_-288": { "autotile": 1.0, "autotile_index": 0.0, "tileset": "tile_freezer2", "coord": [ 4.0, 4.0 ] }, "640_512": { "autotile": 1.0, "autotile_index": 0.0, "tileset": "tile_freezer2", "coord": [ 6.0, 0.0 ] }, "832_256": { "coord": [ 1.0, 2.0 ], "autotile_index": 0.0, "tileset": "cold_rock_tiles", "autotile": 0.0 }, "-928_160": { "autotile": 1.0, "autotile_index": 0.0, "tileset": "tile_freezer2", "coord": [ 6.0, 0.0 ] }, "1024_-256": { "coord": [ 6.0, 0.0 ], "autotile_index": 0.0, "tileset": "tile_freezer2", "autotile": 1.0 }, "-704_384": { "autotile": 1.0, "autotile_index": 0.0, "tileset": "tile_freezer2", "coord": [ 6.0, 0.0 ] }, "-128_-288": { "coord": [ 2.0, 4.0 ], "autotile_index": 0.0, "tileset": "tile_freezer2", "autotile": 1.0 }, "-960_-320": { "coord": [ 6.0, 0.0 ], "autotile_index": 0.0, "tileset": "tile_freezer2", "autotile": 1.0 }, "1024_384": { "coord": [ 6.0, 0.0 ], "autotile_index": 0.0, "tileset": "tile_freezer2", "autotile": 1.0 }, "-768_448": { "coord": [ 6.0, 0.0 ], "autotile_index": 0.0, "tileset": "tile_freezer2", "autotile": 1.0 }, "-672_-320": { "coord": [ 6.0, 0.0 ], "autotile_index": 0.0, "tileset": "tile_freezer2", "autotile": 1.0 }, "-672_224": { "autotile": 1.0, "autotile_index": 0.0, "tileset": "tile_freezer2", "coord": [ 5.0, 2.0 ] }, "864_288": { "coord": [ 2.0, 3.0 ], "autotile_index": 0.0, "tileset": "cold_rock_tiles", "autotile": 0.0 }, "512_448": { "autotile": 1.0, "autotile_index": 0.0, "tileset": "tile_freezer2", "coord": [ 1.0, 1.0 ] }, "896_-128": { "coord": [ 1.0, 1.0 ], "autotile_index": 0.0, "tileset": "tile_freezer2", "autotile": 1.0 }, "160_-320": { "autotile": 1.0, "autotile_index": 0.0, "tileset": "tile_freezer2", "coord": [ 6.0, 0.0 ] }, "1056_192": { "coord": [ 4.0, 4.0 ], "autotile_index": 0.0, "tileset": "tile_freezer2", "autotile": 1.0 }, "0_352": { "coord": [ 16.0, 18.0 ], "autotile_index": 0.0, "tileset": "bg_tilefreezer", "autotile": 0.0 }, "928_384": { "coord": [ 6.0, 0.0 ], "autotile_index": 0.0, "tileset": "tile_freezer2", "autotile": 1.0 }, "-896_480": { "coord": [ 6.0, 0.0 ], "autotile_index": 0.0, "tileset": "tile_freezer2", "autotile": 1.0 }, "1056_480": { "coord": [ 6.0, 0.0 ], "autotile_index": 0.0, "tileset": "tile_freezer2", "autotile": 1.0 }, "416_-320": { "autotile": 1.0, "autotile_index": 0.0, "tileset": "tile_freezer2", "coord": [ 6.0, 0.0 ] }, "800_480": { "autotile": 1.0, "autotile_index": 0.0, "tileset": "tile_freezer2", "coord": [ 6.0, 0.0 ] }, "736_480": { "autotile": 1.0, "autotile_index": 0.0, "tileset": "tile_freezer2", "coord": [ 6.0, 0.0 ] }, "-736_320": { "autotile": 1.0, "autotile_index": 0.0, "tileset": "tile_freezer2", "coord": [ 6.0, 0.0 ] }, "-928_352": { "autotile": 1.0, "autotile_index": 0.0, "tileset": "tile_freezer2", "coord": [ 6.0, 0.0 ] }, "256_-288": { "autotile": 1.0, "autotile_index": 0.0, "tileset": "tile_freezer2", "coord": [ 2.0, 4.0 ] }, "96_-288": { "autotile": 1.0, "autotile_index": 0.0, "tileset": "tile_freezer2", "coord": [ 2.0, 4.0 ] }, "1024_-224": { "coord": [ 6.0, 0.0 ], "autotile_index": 0.0, "tileset": "tile_freezer2", "autotile": 1.0 }, "-736_352": { "autotile": 1.0, "autotile_index": 0.0, "tileset": "tile_freezer2", "coord": [ 6.0, 0.0 ] }, "-864_224": { "autotile": 1.0, "autotile_index": 0.0, "tileset": "tile_freezer2", "coord": [ 6.0, 0.0 ] }, "-704_32": { "autotile": 1.0, "autotile_index": 0.0, "tileset": "tile_freezer2", "coord": [ 6.0, 0.0 ] }, "992_32": { "coord": [ 6.0, 0.0 ], "autotile_index": 0.0, "tileset": "tile_freezer2", "autotile": 1.0 }, "1024_448": { "coord": [ 6.0, 0.0 ], "autotile_index": 0.0, "tileset": "tile_freezer2", "autotile": 1.0 }, "-832_-256": { "coord": [ 6.0, 0.0 ], "autotile_index": 0.0, "tileset": "tile_freezer2", "autotile": 1.0 }, "800_416": { "autotile": 1.0, "autotile_index": 0.0, "tileset": "tile_freezer2", "coord": [ 6.0, 0.0 ] }, "1024_-32": { "coord": [ 6.0, 0.0 ], "autotile_index": 0.0, "tileset": "tile_freezer2", "autotile": 1.0 }, "-992_-160": { "autotile": 1.0, "autotile_index": 0.0, "tileset": "tile_freezer2", "coord": [ 2.0, 4.0 ] }, "-896_-160": { "coord": [ 4.0, 4.0 ], "autotile_index": 0.0, "tileset": "tile_freezer2", "autotile": 1.0 }, "-448_-320": { "autotile": 1.0, "autotile_index": 0.0, "tileset": "tile_freezer2", "coord": [ 6.0, 0.0 ] }, "896_192": { "coord": [ 1.0, 4.0 ], "autotile_index": 0.0, "tileset": "tile_freezer2", "autotile": 1.0 }, "-192_160": { "autotile": 0.0, "autotile_index": 0.0, "tileset": "bg_tilefreezer", "coord": [ 15.0, 18.0 ] }, "928_-32": { "coord": [ 6.0, 0.0 ], "autotile_index": 0.0, "tileset": "tile_freezer2", "autotile": 1.0 }, "-896_256": { "autotile": 1.0, "autotile_index": 0.0, "tileset": "tile_freezer2", "coord": [ 6.0, 0.0 ] }, "448_-288": { "autotile": 1.0, "autotile_index": 0.0, "tileset": "tile_freezer2", "coord": [ 2.0, 4.0 ] }, "-800_320": { "autotile": 1.0, "autotile_index": 0.0, "tileset": "tile_freezer2", "coord": [ 6.0, 0.0 ] }, "128_-320": { "autotile": 1.0, "autotile_index": 0.0, "tileset": "tile_freezer2", "coord": [ 6.0, 0.0 ] }, "-736_256": { "autotile": 1.0, "autotile_index": 0.0, "tileset": "tile_freezer2", "coord": [ 6.0, 0.0 ] }, "-736_-288": { "coord": [ 4.0, 4.0 ], "autotile_index": 0.0, "tileset": "tile_freezer2", "autotile": 1.0 }, "-800_-128": { "coord": [ 5.0, 4.0 ], "autotile_index": 0.0, "tileset": "tile_freezer2", "autotile": 1.0 }, "928_-192": { "coord": [ 6.0, 0.0 ], "autotile_index": 0.0, "tileset": "tile_freezer2", "autotile": 1.0 }, "-704_416": { "autotile": 1.0, "autotile_index": 0.0, "tileset": "tile_freezer2", "coord": [ 6.0, 0.0 ] }, "-1056_256": { "autotile": 1.0, "autotile_index": 0.0, "tileset": "tile_freezer2", "coord": [ 0.0, 0.0 ] }, "-800_96": { "autotile": 1.0, "autotile_index": 0.0, "tileset": "tile_freezer2", "coord": [ 6.0, 0.0 ] }, "832_512": { "autotile": 1.0, "autotile_index": 0.0, "tileset": "tile_freezer2", "coord": [ 6.0, 0.0 ] }, "-928_64": { "coord": [ 6.0, 0.0 ], "autotile_index": 0.0, "tileset": "tile_freezer2", "autotile": 1.0 }, "864_256": { "coord": [ 2.0, 2.0 ], "autotile_index": 0.0, "tileset": "cold_rock_tiles", "autotile": 0.0 }, "-864_448": { "coord": [ 6.0, 0.0 ], "autotile_index": 0.0, "tileset": "tile_freezer2", "autotile": 1.0 }, "224_288": { "coord": [ 12.0, 18.0 ], "autotile_index": 0.0, "tileset": "bg_tilefreezer", "autotile": 0.0 }, "-224_-320": { "coord": [ 6.0, 0.0 ], "autotile_index": 0.0, "tileset": "tile_freezer2", "autotile": 1.0 }, "-1024_512": { "coord": [ 6.0, 0.0 ], "autotile_index": 0.0, "tileset": "tile_freezer2", "autotile": 1.0 }, "-896_288": { "autotile": 1.0, "autotile_index": 0.0, "tileset": "tile_freezer2", "coord": [ 6.0, 0.0 ] }, "-832_-192": { "coord": [ 6.0, 0.0 ], "autotile_index": 0.0, "tileset": "tile_freezer2", "autotile": 1.0 }, "1056_-224": { "coord": [ 6.0, 0.0 ], "autotile_index": 0.0, "tileset": "tile_freezer2", "autotile": 1.0 }, "-160_352": { "coord": [ 11.0, 18.0 ], "autotile_index": 0.0, "tileset": "bg_tilefreezer", "autotile": 0.0 }, "-672_480": { "autotile": 1.0, "autotile_index": 0.0, "tileset": "tile_freezer2", "coord": [ 5.0, 3.0 ] }, "-32_-320": { "autotile": 1.0, "autotile_index": 0.0, "tileset": "tile_freezer2", "coord": [ 6.0, 0.0 ] }, "-992_384": { "autotile": 1.0, "autotile_index": 0.0, "tileset": "tile_freezer2", "coord": [ 6.0, 0.0 ] }, "-1024_-256": { "autotile": 1.0, "autotile_index": 0.0, "tileset": "tile_freezer2", "coord": [ 6.0, 0.0 ] }, "-800_160": { "autotile": 1.0, "autotile_index": 0.0, "tileset": "tile_freezer2", "coord": [ 6.0, 0.0 ] }, "-128_384": { "coord": [ 12.0, 19.0 ], "autotile_index": 0.0, "tileset": "bg_tilefreezer", "autotile": 0.0 }, "-832_0": { "autotile": 1.0, "autotile_index": 0.0, "tileset": "tile_freezer2", "coord": [ 4.0, 0.0 ] }, "-512_-288": { "autotile": 1.0, "autotile_index": 0.0, "tileset": "tile_freezer2", "coord": [ 2.0, 4.0 ] }, "960_352": { "coord": [ 4.0, 0.0 ], "autotile_index": 0.0, "tileset": "tile_freezer2", "autotile": 1.0 }, "544_-288": { "autotile": 1.0, "autotile_index": 0.0, "tileset": "tile_freezer2", "coord": [ 4.0, 4.0 ] }, "-768_384": { "autotile": 1.0, "autotile_index": 0.0, "tileset": "tile_freezer2", "coord": [ 6.0, 0.0 ] }, "1056_-32": { "coord": [ 6.0, 0.0 ], "autotile_index": 0.0, "tileset": "tile_freezer2", "autotile": 1.0 }, "-832_96": { "autotile": 1.0, "autotile_index": 0.0, "tileset": "tile_freezer2", "coord": [ 6.0, 0.0 ] }, "1024_-64": { "coord": [ 6.0, 0.0 ], "autotile_index": 0.0, "tileset": "tile_freezer2", "autotile": 1.0 }, "768_-320": { "autotile": 1.0, "autotile_index": 0.0, "tileset": "tile_freezer2", "coord": [ 6.0, 0.0 ] }, "960_544": { "coord": [ 0.0, 0.0 ], "autotile_index": 0.0, "tileset": "tile_freezer2", "autotile": 1.0 }, "-992_96": { "coord": [ 6.0, 0.0 ], "autotile_index": 0.0, "tileset": "tile_freezer2", "autotile": 1.0 }, "-960_416": { "coord": [ 6.0, 0.0 ], "autotile_index": 0.0, "tileset": "tile_freezer2", "autotile": 1.0 }, "-832_-320": { "coord": [ 6.0, 0.0 ], "autotile_index": 0.0, "tileset": "tile_freezer2", "autotile": 1.0 }, "992_128": { "coord": [ 6.0, 0.0 ], "autotile_index": 0.0, "tileset": "tile_freezer2", "autotile": 1.0 }, "928_-288": { "coord": [ 6.0, 0.0 ], "autotile_index": 0.0, "tileset": "tile_freezer2", "autotile": 1.0 }, "608_448": { "autotile": 1.0, "autotile_index": 0.0, "tileset": "tile_freezer2", "coord": [ 6.0, 0.0 ] }, "-864_320": { "autotile": 1.0, "autotile_index": 0.0, "tileset": "tile_freezer2", "coord": [ 6.0, 0.0 ] }, "928_192": { "coord": [ 3.0, 4.0 ], "autotile_index": 0.0, "tileset": "tile_freezer2", "autotile": 1.0 }, "672_-320": { "autotile": 1.0, "autotile_index": 0.0, "tileset": "tile_freezer2", "coord": [ 6.0, 0.0 ] }, "992_64": { "coord": [ 6.0, 0.0 ], "autotile_index": 0.0, "tileset": "tile_freezer2", "autotile": 1.0 }, "384_-288": { "autotile": 1.0, "autotile_index": 0.0, "tileset": "tile_freezer2", "coord": [ 4.0, 4.0 ] }, "-64_352": { "coord": [ 14.0, 18.0 ], "autotile_index": 0.0, "tileset": "bg_tilefreezer", "autotile": 0.0 }, "-704_192": { "autotile": 1.0, "autotile_index": 0.0, "tileset": "tile_freezer2", "coord": [ 6.0, 0.0 ] }, "-832_256": { "autotile": 1.0, "autotile_index": 0.0, "tileset": "tile_freezer2", "coord": [ 6.0, 0.0 ] }, "800_-288": { "autotile": 1.0, "autotile_index": 0.0, "tileset": "tile_freezer2", "coord": [ 3.0, 4.0 ] }, "640_352": { "autotile": 1.0, "autotile_index": 0.0, "tileset": "tile_freezer2", "coord": [ 2.0, 0.0 ] }, "-672_384": { "autotile": 1.0, "autotile_index": 0.0, "tileset": "tile_freezer2", "coord": [ 5.0, 2.0 ] }, "-768_64": { "autotile": 1.0, "autotile_index": 0.0, "tileset": "tile_freezer2", "coord": [ 6.0, 0.0 ] }, "1024_-192": { "coord": [ 6.0, 0.0 ], "autotile_index": 0.0, "tileset": "tile_freezer2", "autotile": 1.0 }, "-832_-128": { "coord": [ 1.0, 4.0 ], "autotile_index": 0.0, "tileset": "tile_freezer2", "autotile": 1.0 }, "-288_-288": { "autotile": 1.0, "autotile_index": 0.0, "tileset": "tile_freezer2", "coord": [ 4.0, 4.0 ] }, "960_64": { "coord": [ 6.0, 0.0 ], "autotile_index": 0.0, "tileset": "tile_freezer2", "autotile": 1.0 }, "576_448": { "autotile": 1.0, "autotile_index": 0.0, "tileset": "tile_freezer2", "coord": [ 6.0, 0.0 ] }, "-416_288": { "coord": [ 11.0, 18.0 ], "autotile_index": 0.0, "tileset": "bg_tilefreezer", "autotile": 0.0 }, "-704_-352": { "coord": [ 0.0, 0.0 ], "autotile_index": 0.0, "tileset": "tile_freezer2", "autotile": 1.0 }, "864_512": { "autotile": 1.0, "autotile_index": 0.0, "tileset": "tile_freezer2", "coord": [ 6.0, 0.0 ] }, "-896_-224": { "coord": [ 6.0, 0.0 ], "autotile_index": 0.0, "tileset": "tile_freezer2", "autotile": 1.0 }, "-960_0": { "autotile": 1.0, "autotile_index": 0.0, "tileset": "tile_freezer2", "coord": [ 4.0, 0.0 ] }, "1024_128": { "coord": [ 6.0, 0.0 ], "autotile_index": 0.0, "tileset": "tile_freezer2", "autotile": 1.0 }, "-992_-320": { "coord": [ 6.0, 0.0 ], "autotile_index": 0.0, "tileset": "tile_freezer2", "autotile": 1.0 }, "992_-320": { "coord": [ 6.0, 0.0 ], "autotile_index": 0.0, "tileset": "tile_freezer2", "autotile": 1.0 }, "928_512": { "coord": [ 6.0, 0.0 ], "autotile_index": 0.0, "tileset": "tile_freezer2", "autotile": 1.0 }, "-672_0": { "autotile": 1.0, "autotile_index": 0.0, "tileset": "tile_freezer2", "coord": [ 5.0, 0.0 ] }, "-608_-320": { "autotile": 1.0, "autotile_index": 0.0, "tileset": "tile_freezer2", "coord": [ 6.0, 0.0 ] }, "864_-320": { "autotile": 1.0, "autotile_index": 0.0, "tileset": "tile_freezer2", "coord": [ 6.0, 0.0 ] }, "928_480": { "coord": [ 6.0, 0.0 ], "autotile_index": 0.0, "tileset": "tile_freezer2", "autotile": 1.0 }, "-960_352": { "autotile": 1.0, "autotile_index": 0.0, "tileset": "tile_freezer2", "coord": [ 6.0, 0.0 ] }, "800_384": { "autotile": 1.0, "autotile_index": 0.0, "tileset": "tile_freezer2", "coord": [ 6.0, 0.0 ] }, "1024_-288": { "coord": [ 6.0, 0.0 ], "autotile_index": 0.0, "tileset": "tile_freezer2", "autotile": 1.0 }, "896_384": { "coord": [ 6.0, 0.0 ], "autotile_index": 0.0, "tileset": "tile_freezer2", "autotile": 1.0 }, "-672_128": { "autotile": 1.0, "autotile_index": 0.0, "tileset": "tile_freezer2", "coord": [ 5.0, 3.0 ] }, "-896_-256": { "coord": [ 6.0, 0.0 ], "autotile_index": 0.0, "tileset": "tile_freezer2", "autotile": 1.0 }, "832_480": { "autotile": 1.0, "autotile_index": 0.0, "tileset": "tile_freezer2", "coord": [ 6.0, 0.0 ] }, "544_480": { "autotile": 1.0, "autotile_index": 0.0, "tileset": "tile_freezer2", "coord": [ 6.0, 0.0 ] }, "-832_320": { "autotile": 1.0, "autotile_index": 0.0, "tileset": "tile_freezer2", "coord": [ 6.0, 0.0 ] }, "-960_448": { "coord": [ 6.0, 0.0 ], "autotile_index": 0.0, "tileset": "tile_freezer2", "autotile": 1.0 }, "-896_-288": { "coord": [ 6.0, 0.0 ], "autotile_index": 0.0, "tileset": "tile_freezer2", "autotile": 1.0 }, "1024_0": { "coord": [ 6.0, 0.0 ], "autotile_index": 0.0, "tileset": "tile_freezer2", "autotile": 1.0 }, "-704_512": { "autotile": 1.0, "autotile_index": 0.0, "tileset": "tile_freezer2", "coord": [ 6.0, 0.0 ] }, "288_288": { "coord": [ 16.0, 18.0 ], "autotile_index": 0.0, "tileset": "bg_tilefreezer", "autotile": 0.0 }, "512_-320": { "autotile": 1.0, "autotile_index": 0.0, "tileset": "tile_freezer2", "coord": [ 6.0, 0.0 ] }, "-960_-256": { "autotile": 1.0, "autotile_index": 0.0, "tileset": "tile_freezer2", "coord": [ 6.0, 0.0 ] }, "928_96": { "coord": [ 6.0, 0.0 ], "autotile_index": 0.0, "tileset": "tile_freezer2", "autotile": 1.0 }, "-992_0": { "autotile": 1.0, "autotile_index": 0.0, "tileset": "tile_freezer2", "coord": [ 3.0, 0.0 ] }, "-704_96": { "autotile": 1.0, "autotile_index": 0.0, "tileset": "tile_freezer2", "coord": [ 6.0, 0.0 ] }, "-704_0": { "autotile": 1.0, "autotile_index": 0.0, "tileset": "tile_freezer2", "coord": [ 4.0, 0.0 ] }, "832_416": { "autotile": 1.0, "autotile_index": 0.0, "tileset": "tile_freezer2", "coord": [ 6.0, 0.0 ] }, "-64_-288": { "coord": [ 2.0, 4.0 ], "autotile_index": 0.0, "tileset": "tile_freezer2", "autotile": 1.0 }, "-992_192": { "autotile": 1.0, "autotile_index": 0.0, "tileset": "tile_freezer2", "coord": [ 6.0, 0.0 ] }, "-992_288": { "autotile": 1.0, "autotile_index": 0.0, "tileset": "tile_freezer2", "coord": [ 6.0, 0.0 ] }, "896_448": { "coord": [ 6.0, 0.0 ], "autotile_index": 0.0, "tileset": "tile_freezer2", "autotile": 1.0 }, "-384_-320": { "autotile": 1.0, "autotile_index": 0.0, "tileset": "tile_freezer2", "coord": [ 6.0, 0.0 ] }, "864_352": { "autotile": 1.0, "autotile_index": 0.0, "tileset": "tile_freezer2", "coord": [ 2.0, 0.0 ] }, "-928_-352": { "coord": [ 0.0, 0.0 ], "autotile_index": 0.0, "tileset": "tile_freezer2", "autotile": 1.0 }, "928_160": { "coord": [ 6.0, 0.0 ], "autotile_index": 0.0, "tileset": "tile_freezer2", "autotile": 1.0 }, "-832_352": { "autotile": 1.0, "autotile_index": 0.0, "tileset": "tile_freezer2", "coord": [ 6.0, 0.0 ] }, "-672_-288": { "coord": [ 4.0, 4.0 ], "autotile_index": 0.0, "tileset": "tile_freezer2", "autotile": 1.0 }, "-64_320": { "coord": [ 14.0, 17.0 ], "autotile_index": 0.0, "tileset": "bg_tilefreezer", "autotile": 0.0 }, "736_416": { "autotile": 1.0, "autotile_index": 0.0, "tileset": "tile_freezer2", "coord": [ 6.0, 0.0 ] }, "-800_352": { "autotile": 1.0, "autotile_index": 0.0, "tileset": "tile_freezer2", "coord": [ 6.0, 0.0 ] }, "-640_-160": { "autotile": 0.0, "autotile_index": 0.0, "tileset": "tile_entrance1", "coord": [ 0.0, 0.0 ] }, "-864_32": { "autotile": 1.0, "autotile_index": 0.0, "tileset": "tile_freezer2", "coord": [ 6.0, 0.0 ] }, "1056_128": { "coord": [ 6.0, 0.0 ], "autotile_index": 0.0, "tileset": "tile_freezer2", "autotile": 1.0 }, "704_480": { "autotile": 1.0, "autotile_index": 0.0, "tileset": "tile_freezer2", "coord": [ 6.0, 0.0 ] }, "896_416": { "coord": [ 6.0, 0.0 ], "autotile_index": 0.0, "tileset": "tile_freezer2", "autotile": 1.0 }, "-928_-192": { "autotile": 1.0, "autotile_index": 0.0, "tileset": "tile_freezer2", "coord": [ 6.0, 0.0 ] }, "-384_288": { "coord": [ 12.0, 18.0 ], "autotile_index": 0.0, "tileset": "bg_tilefreezer", "autotile": 0.0 }, "64_-320": { "autotile": 1.0, "autotile_index": 0.0, "tileset": "tile_freezer2", "coord": [ 6.0, 0.0 ] }, "-192_-288": { "coord": [ 3.0, 4.0 ], "autotile_index": 0.0, "tileset": "tile_freezer2", "autotile": 1.0 }, "-896_384": { "autotile": 1.0, "autotile_index": 0.0, "tileset": "tile_freezer2", "coord": [ 6.0, 0.0 ] }, "-672_32": { "autotile": 1.0, "autotile_index": 0.0, "tileset": "tile_freezer2", "coord": [ 5.0, 2.0 ] }, "768_416": { "autotile": 1.0, "autotile_index": 0.0, "tileset": "tile_freezer2", "coord": [ 6.0, 0.0 ] }, "-1024_-192": { "autotile": 1.0, "autotile_index": 0.0, "tileset": "tile_freezer2", "coord": [ 6.0, 0.0 ] }, "704_-288": { "autotile": 1.0, "autotile_index": 0.0, "tileset": "tile_freezer2", "coord": [ 4.0, 4.0 ] }, "896_480": { "coord": [ 6.0, 0.0 ], "autotile_index": 0.0, "tileset": "tile_freezer2", "autotile": 1.0 }, "-800_288": { "autotile": 1.0, "autotile_index": 0.0, "tileset": "tile_freezer2", "coord": [ 6.0, 0.0 ] }, "-448_-288": { "autotile": 1.0, "autotile_index": 0.0, "tileset": "tile_freezer2", "coord": [ 3.0, 4.0 ] }, "1024_96": { "coord": [ 6.0, 0.0 ], "autotile_index": 0.0, "tileset": "tile_freezer2", "autotile": 1.0 }, "960_-288": { "coord": [ 6.0, 0.0 ], "autotile_index": 0.0, "tileset": "tile_freezer2", "autotile": 1.0 }, "960_-224": { "coord": [ 6.0, 0.0 ], "autotile_index": 0.0, "tileset": "tile_freezer2", "autotile": 1.0 }, "672_352": { "autotile": 1.0, "autotile_index": 0.0, "tileset": "tile_freezer2", "coord": [ 3.0, 0.0 ] }, "-1088_256": { "autotile": 1.0, "autotile_index": 0.0, "tileset": "tile_freezer2", "coord": [ 0.0, 0.0 ] }, "-1024_96": { "coord": [ 6.0, 0.0 ], "autotile_index": 0.0, "tileset": "tile_freezer2", "autotile": 1.0 }, "992_0": { "coord": [ 6.0, 0.0 ], "autotile_index": 0.0, "tileset": "tile_freezer2", "autotile": 1.0 }, "512_384": { "autotile": 1.0, "autotile_index": 0.0, "tileset": "tile_freezer2", "coord": [ 1.0, 1.0 ] }, "-768_-320": { "coord": [ 6.0, 0.0 ], "autotile_index": 0.0, "tileset": "tile_freezer2", "autotile": 1.0 }, "-960_512": { "coord": [ 6.0, 0.0 ], "autotile_index": 0.0, "tileset": "tile_freezer2", "autotile": 1.0 }, "896_-352": { "autotile": 1.0, "autotile_index": 0.0, "tileset": "tile_freezer2", "coord": [ 0.0, 0.0 ] }, "-928_256": { "autotile": 1.0, "autotile_index": 0.0, "tileset": "tile_freezer2", "coord": [ 6.0, 0.0 ] }, "-832_-224": { "coord": [ 6.0, 0.0 ], "autotile_index": 0.0, "tileset": "tile_freezer2", "autotile": 1.0 }, "-1024_224": { "autotile": 1.0, "autotile_index": 0.0, "tileset": "tile_freezer2", "coord": [ 6.0, 0.0 ] }, "-832_160": { "autotile": 1.0, "autotile_index": 0.0, "tileset": "tile_freezer2", "coord": [ 6.0, 0.0 ] }, "992_-32": { "coord": [ 6.0, 0.0 ], "autotile_index": 0.0, "tileset": "tile_freezer2", "autotile": 1.0 }, "832_384": { "autotile": 1.0, "autotile_index": 0.0, "tileset": "tile_freezer2", "coord": [ 6.0, 0.0 ] }, "-800_384": { "autotile": 1.0, "autotile_index": 0.0, "tileset": "tile_freezer2", "coord": [ 6.0, 0.0 ] }, "-800_448": { "coord": [ 6.0, 0.0 ], "autotile_index": 0.0, "tileset": "tile_freezer2", "autotile": 1.0 }, "960_-160": { "coord": [ 6.0, 0.0 ], "autotile_index": 0.0, "tileset": "tile_freezer2", "autotile": 1.0 }, "1056_160": { "coord": [ 6.0, 0.0 ], "autotile_index": 0.0, "tileset": "tile_freezer2", "autotile": 1.0 }, "-832_448": { "coord": [ 6.0, 0.0 ], "autotile_index": 0.0, "tileset": "tile_freezer2", "autotile": 1.0 }, "-224_-288": { "coord": [ 3.0, 4.0 ], "autotile_index": 0.0, "tileset": "tile_freezer2", "autotile": 1.0 }, "-928_-160": { "autotile": 1.0, "autotile_index": 0.0, "tileset": "tile_freezer2", "coord": [ 4.0, 4.0 ] }, "-800_-192": { "coord": [ 5.0, 3.0 ], "autotile_index": 0.0, "tileset": "tile_freezer2", "autotile": 1.0 }, "704_448": { "autotile": 1.0, "autotile_index": 0.0, "tileset": "tile_freezer2", "coord": [ 6.0, 0.0 ] }, "-864_64": { "autotile": 1.0, "autotile_index": 0.0, "tileset": "tile_freezer2", "coord": [ 6.0, 0.0 ] }, "-128_-320": { "coord": [ 6.0, 0.0 ], "autotile_index": 0.0, "tileset": "tile_freezer2", "autotile": 1.0 }, "-992_-256": { "autotile": 1.0, "autotile_index": 0.0, "tileset": "tile_freezer2", "coord": [ 6.0, 0.0 ] }, "-864_192": { "autotile": 1.0, "autotile_index": 0.0, "tileset": "tile_freezer2", "coord": [ 6.0, 0.0 ] }, "928_32": { "coord": [ 6.0, 0.0 ], "autotile_index": 0.0, "tileset": "tile_freezer2", "autotile": 1.0 }, "-992_448": { "coord": [ 6.0, 0.0 ], "autotile_index": 0.0, "tileset": "tile_freezer2", "autotile": 1.0 }, "-544_-320": { "autotile": 1.0, "autotile_index": 0.0, "tileset": "tile_freezer2", "coord": [ 6.0, 0.0 ] }, "672_384": { "autotile": 1.0, "autotile_index": 0.0, "tileset": "tile_freezer2", "coord": [ 6.0, 0.0 ] }, "896_352": { "coord": [ 2.0, 0.0 ], "autotile_index": 0.0, "tileset": "tile_freezer2", "autotile": 1.0 }, "-928_416": { "coord": [ 6.0, 0.0 ], "autotile_index": 0.0, "tileset": "tile_freezer2", "autotile": 1.0 }, "-736_224": { "autotile": 1.0, "autotile_index": 0.0, "tileset": "tile_freezer2", "coord": [ 6.0, 0.0 ] }, "960_96": { "coord": [ 6.0, 0.0 ], "autotile_index": 0.0, "tileset": "tile_freezer2", "autotile": 1.0 }, "-160_160": { "autotile": 0.0, "autotile_index": 0.0, "tileset": "bg_tilefreezer", "coord": [ 16.0, 18.0 ] }, "928_-64": { "coord": [ 6.0, 0.0 ], "autotile_index": 0.0, "tileset": "tile_freezer2", "autotile": 1.0 }, "256_288": { "coord": [ 15.0, 18.0 ], "autotile_index": 0.0, "tileset": "bg_tilefreezer", "autotile": 0.0 }, "-832_-288": { "coord": [ 6.0, 0.0 ], "autotile_index": 0.0, "tileset": "tile_freezer2", "autotile": 1.0 }, "-672_288": { "autotile": 1.0, "autotile_index": 0.0, "tileset": "tile_freezer2", "coord": [ 5.0, 2.0 ] }, "640_-320": { "autotile": 1.0, "autotile_index": 0.0, "tileset": "tile_freezer2", "coord": [ 6.0, 0.0 ] }, "-1024_32": { "autotile": 1.0, "autotile_index": 0.0, "tileset": "tile_freezer2", "coord": [ 6.0, 0.0 ] }, "-384_32": { "autotile": 0.0, "autotile_index": 0.0, "tileset": "bg_tilefreezer", "coord": [ 16.0, 18.0 ] }, "832_320": { "coord": [ 1.0, 4.0 ], "autotile_index": 0.0, "tileset": "cold_rock_tiles", "autotile": 0.0 }, "-672_192": { "autotile": 1.0, "autotile_index": 0.0, "tileset": "tile_freezer2", "coord": [ 5.0, 2.0 ] }, "-800_64": { "autotile": 1.0, "autotile_index": 0.0, "tileset": "tile_freezer2", "coord": [ 6.0, 0.0 ] }, "-832_288": { "autotile": 1.0, "autotile_index": 0.0, "tileset": "tile_freezer2", "coord": [ 6.0, 0.0 ] }, "288_-288": { "autotile": 1.0, "autotile_index": 0.0, "tileset": "tile_freezer2", "coord": [ 2.0, 4.0 ] }, "-832_224": { "autotile": 1.0, "autotile_index": 0.0, "tileset": "tile_freezer2", "coord": [ 6.0, 0.0 ] }, "1056_-192": { "coord": [ 6.0, 0.0 ], "autotile_index": 0.0, "tileset": "tile_freezer2", "autotile": 1.0 }, "-672_320": { "autotile": 1.0, "autotile_index": 0.0, "tileset": "tile_freezer2", "coord": [ 5.0, 2.0 ] }, "-64_-320": { "coord": [ 6.0, 0.0 ], "autotile_index": 0.0, "tileset": "tile_freezer2", "autotile": 1.0 }, "-736_160": { "autotile": 1.0, "autotile_index": 0.0, "tileset": "tile_freezer2", "coord": [ 6.0, 0.0 ] }, "-320_-320": { "autotile": 1.0, "autotile_index": 0.0, "tileset": "tile_freezer2", "coord": [ 6.0, 0.0 ] }, "960_32": { "coord": [ 6.0, 0.0 ], "autotile_index": 0.0, "tileset": "tile_freezer2", "autotile": 1.0 }, "768_384": { "autotile": 1.0, "autotile_index": 0.0, "tileset": "tile_freezer2", "coord": [ 6.0, 0.0 ] }, "-1024_-352": { "coord": [ 0.0, 0.0 ], "autotile_index": 0.0, "tileset": "tile_freezer2", "autotile": 1.0 }, "800_448": { "autotile": 1.0, "autotile_index": 0.0, "tileset": "tile_freezer2", "coord": [ 6.0, 0.0 ] }, "832_352": { "autotile": 1.0, "autotile_index": 0.0, "tileset": "tile_freezer2", "coord": [ 3.0, 0.0 ] }, "-608_-288": { "autotile": 1.0, "autotile_index": 0.0, "tileset": "tile_freezer2", "coord": [ 2.0, 4.0 ] }, "-800_0": { "autotile": 1.0, "autotile_index": 0.0, "tileset": "tile_freezer2", "coord": [ 4.0, 0.0 ] }, "544_352": { "autotile": 1.0, "autotile_index": 0.0, "tileset": "tile_freezer2", "coord": [ 4.0, 0.0 ] }, "-896_512": { "coord": [ 6.0, 0.0 ], "autotile_index": 0.0, "tileset": "tile_freezer2", "autotile": 1.0 }, "-864_288": { "autotile": 1.0, "autotile_index": 0.0, "tileset": "tile_freezer2", "coord": [ 6.0, 0.0 ] }, "-896_224": { "autotile": 1.0, "autotile_index": 0.0, "tileset": "tile_freezer2", "coord": [ 6.0, 0.0 ] }, "640_-288": { "autotile": 1.0, "autotile_index": 0.0, "tileset": "tile_freezer2", "coord": [ 2.0, 4.0 ] }, "-1024_480": { "coord": [ 6.0, 0.0 ], "autotile_index": 0.0, "tileset": "tile_freezer2", "autotile": 1.0 }, "672_512": { "autotile": 1.0, "autotile_index": 0.0, "tileset": "tile_freezer2", "coord": [ 6.0, 0.0 ] }, "512_352": { "autotile": 1.0, "autotile_index": 0.0, "tileset": "tile_freezer2", "coord": [ 1.0, 0.0 ] }, "480_-320": { "autotile": 1.0, "autotile_index": 0.0, "tileset": "tile_freezer2", "coord": [ 6.0, 0.0 ] }, "-672_96": { "autotile": 1.0, "autotile_index": 0.0, "tileset": "tile_freezer2", "coord": [ 5.0, 1.0 ] }, "928_352": { "coord": [ 4.0, 0.0 ], "autotile_index": 0.0, "tileset": "tile_freezer2", "autotile": 1.0 }, "928_0": { "coord": [ 6.0, 0.0 ], "autotile_index": 0.0, "tileset": "tile_freezer2", "autotile": 1.0 }, "896_-32": { "coord": [ 1.0, 2.0 ], "autotile_index": 0.0, "tileset": "tile_freezer2", "autotile": 1.0 }, "-1024_160": { "autotile": 1.0, "autotile_index": 0.0, "tileset": "tile_freezer2", "coord": [ 6.0, 0.0 ] }, "-832_128": { "autotile": 1.0, "autotile_index": 0.0, "tileset": "tile_freezer2", "coord": [ 6.0, 0.0 ] }, "960_0": { "coord": [ 6.0, 0.0 ], "autotile_index": 0.0, "tileset": "tile_freezer2", "autotile": 1.0 }, "480_-288": { "autotile": 1.0, "autotile_index": 0.0, "tileset": "tile_freezer2", "coord": [ 3.0, 4.0 ] }, "1056_-64": { "coord": [ 6.0, 0.0 ], "autotile_index": 0.0, "tileset": "tile_freezer2", "autotile": 1.0 }, "-384_-288": { "autotile": 1.0, "autotile_index": 0.0, "tileset": "tile_freezer2", "coord": [ 3.0, 4.0 ] }, "-128_352": { "coord": [ 12.0, 18.0 ], "autotile_index": 0.0, "tileset": "bg_tilefreezer", "autotile": 0.0 }, "704_416": { "autotile": 1.0, "autotile_index": 0.0, "tileset": "tile_freezer2", "coord": [ 6.0, 0.0 ] }, "-768_288": { "autotile": 1.0, "autotile_index": 0.0, "tileset": "tile_freezer2", "coord": [ 6.0, 0.0 ] }, "640_448": { "autotile": 1.0, "autotile_index": 0.0, "tileset": "tile_freezer2", "coord": [ 6.0, 0.0 ] }, "-704_480": { "autotile": 1.0, "autotile_index": 0.0, "tileset": "tile_freezer2", "coord": [ 6.0, 0.0 ] }, "-896_32": { "autotile": 1.0, "autotile_index": 0.0, "tileset": "tile_freezer2", "coord": [ 6.0, 0.0 ] }, "-928_0": { "autotile": 1.0, "autotile_index": 0.0, "tileset": "tile_freezer2", "coord": [ 4.0, 0.0 ] }, "-736_416": { "coord": [ 6.0, 0.0 ], "autotile_index": 0.0, "tileset": "tile_freezer2", "autotile": 1.0 }, "1056_64": { "coord": [ 6.0, 0.0 ], "autotile_index": 0.0, "tileset": "tile_freezer2", "autotile": 1.0 }, "-928_-320": { "coord": [ 6.0, 0.0 ], "autotile_index": 0.0, "tileset": "tile_freezer2", "autotile": 1.0 }, "992_-96": { "coord": [ 6.0, 0.0 ], "autotile_index": 0.0, "tileset": "tile_freezer2", "autotile": 1.0 }, "-928_96": { "coord": [ 6.0, 0.0 ], "autotile_index": 0.0, "tileset": "tile_freezer2", "autotile": 1.0 }, "-352_288": { "coord": [ 15.0, 18.0 ], "autotile_index": 0.0, "tileset": "bg_tilefreezer", "autotile": 0.0 }, "-704_-320": { "coord": [ 6.0, 0.0 ], "autotile_index": 0.0, "tileset": "tile_freezer2", "autotile": 1.0 }, "320_-288": { "autotile": 1.0, "autotile_index": 0.0, "tileset": "tile_freezer2", "coord": [ 4.0, 4.0 ] }, "960_448": { "coord": [ 6.0, 0.0 ], "autotile_index": 0.0, "tileset": "tile_freezer2", "autotile": 1.0 }, "-896_-192": { "coord": [ 6.0, 0.0 ], "autotile_index": 0.0, "tileset": "tile_freezer2", "autotile": 1.0 } } }, "backgrounds": { "4": { "x": 0.0, "scroll_x": 0.75, "tile_y": 0.0, "hspeed": 0.0, "scroll_y": 0.0, "panic_sprite": -1.0, "y": 0.0, "sprite": "caves_peprone", "tile_x": 1.0, "vspeed": 0.0, "image_speed": 15.0 } }, "properties": { "songTransitionTime": 100.0, "roomX": -1024.0, "levelWidth": 1088.0, "roomY": -320.0, "levelHeight": 540.0, "song": "frozon_pepper" } }