{ "editorVersion": 5.0, "instances": [ { "layer": 0.0, "deleted": 0.0, "variables": { "x": -1664.0, "y": 416.0, "image_xscale": 84.0, "image_yscale": 4.0, "flipX": 0.0, "flipY": 0.0 }, "object": 517.0 }, { "layer": 0.0, "deleted": 0.0, "variables": { "x": -1664.0, "y": -128.0, "image_xscale": 4.0, "image_yscale": 17.0, "flipX": 0.0, "flipY": 0.0 }, "object": 517.0 }, { "layer": 0.0, "deleted": 0.0, "variables": { "x": -896.0, "y": -160.0, "image_xscale": 48.0, "image_yscale": 1.0, "flipX": 0.0, "flipY": 0.0 }, "object": 517.0 }, { "layer": 0.0, "deleted": 0.0, "variables": { "x": 896.0, "y": -128.0, "image_xscale": 4.0, "image_yscale": 17.0, "flipX": 0.0, "flipY": 0.0 }, "object": 517.0 }, { "layer": 0.0, "deleted": 0.0, "variables": { "x": -1184.0, "y": 352.0, "image_xscale": 12.0, "image_yscale": 2.0, "flipX": 0.0, "flipY": 0.0 }, "object": 517.0 }, { "layer": 0.0, "deleted": 0.0, "variables": { "x": -992.0, "y": 256.0, "image_xscale": 6.0, "image_yscale": 3.0, "flipX": 0.0, "flipY": 0.0 }, "object": 517.0 }, { "layer": 0.0, "deleted": 0.0, "variables": { "x": -1024.0, "flipX": 1.0, "content": "obj_kentukykenny", "flipY": 0.0, "y": 320.0 }, "object": 694.0 }, { "layer": 0.0, "deleted": 0.0, "variables": { "x": -704.0, "y": 224.0, "image_xscale": 4.0, "image_yscale": 1.0, "flipX": 0.0, "flipY": 0.0 }, "object": 722.0 }, { "layer": 0.0, "deleted": 0.0, "variables": { "x": 576.0, "y": 160.0, "image_xscale": 10.0, "image_yscale": 8.0, "flipX": 0.0, "flipY": 0.0 }, "object": 517.0 }, { "layer": 0.0, "deleted": 0.0, "variables": { "x": -128.0, "y": 352.0, "image_xscale": 8.0, "image_yscale": 2.0, "flipX": 0.0, "flipY": 0.0 }, "object": 517.0 }, { "layer": 0.0, "deleted": 0.0, "variables": { "x": -320.0, "y": 192.0, "image_xscale": 4.0, "image_yscale": 1.0, "flipX": 0.0, "flipY": 0.0 }, "object": 722.0 }, { "layer": 0.0, "deleted": 0.0, "variables": { "x": 256.0, "y": 192.0, "image_xscale": 6.0, "image_yscale": 1.0, "flipX": 0.0, "flipY": 0.0 }, "object": 722.0 }, { "layer": 0.0, "deleted": 0.0, "variables": { "x": 128.0, "flipX": 0.0, "y": 384.0, "flipY": 0.0 }, "object": 617.0 }, { "layer": 0.0, "deleted": 0.0, "variables": { "x": 160.0, "flipX": 0.0, "y": 384.0, "flipY": 0.0 }, "object": 617.0 }, { "layer": 0.0, "deleted": 0.0, "variables": { "x": 192.0, "flipX": 0.0, "y": 384.0, "flipY": 0.0 }, "object": 617.0 }, { "layer": 0.0, "deleted": 0.0, "variables": { "x": 224.0, "flipX": 0.0, "y": 384.0, "flipY": 0.0 }, "object": 617.0 }, { "layer": 0.0, "deleted": 0.0, "variables": { "x": 256.0, "flipX": 0.0, "y": 384.0, "flipY": 0.0 }, "object": 617.0 }, { "layer": 0.0, "deleted": 0.0, "variables": { "x": 288.0, "flipX": 0.0, "y": 384.0, "flipY": 0.0 }, "object": 617.0 }, { "layer": 0.0, "deleted": 0.0, "variables": { "x": 320.0, "flipX": 0.0, "y": 384.0, "flipY": 0.0 }, "object": 617.0 }, { "layer": 0.0, "deleted": 0.0, "variables": { "x": 352.0, "flipX": 0.0, "y": 384.0, "flipY": 0.0 }, "object": 617.0 }, { "layer": 0.0, "deleted": 0.0, "variables": { "x": 384.0, "flipX": 0.0, "y": 384.0, "flipY": 0.0 }, "object": 617.0 }, { "layer": 0.0, "deleted": 0.0, "variables": { "x": 416.0, "flipX": 0.0, "y": 384.0, "flipY": 0.0 }, "object": 617.0 }, { "layer": 0.0, "deleted": 0.0, "variables": { "x": 448.0, "flipX": 0.0, "y": 384.0, "flipY": 0.0 }, "object": 617.0 }, { "layer": 0.0, "deleted": 0.0, "variables": { "x": 480.0, "flipX": 0.0, "y": 384.0, "flipY": 0.0 }, "object": 617.0 }, { "layer": 0.0, "deleted": 0.0, "variables": { "x": 512.0, "flipX": 0.0, "y": 384.0, "flipY": 0.0 }, "object": 617.0 }, { "layer": 0.0, "deleted": 0.0, "variables": { "x": 544.0, "flipX": 0.0, "y": 384.0, "flipY": 0.0 }, "object": 617.0 }, { "layer": 0.0, "deleted": 0.0, "variables": { "x": 352.0, "flipX": 0.0, "y": 146.5, "flipY": 0.0 }, "object": 376.0 }, { "layer": 0.0, "deleted": 0.0, "variables": { "x": -160.0, "flipX": 0.0, "y": 384.0, "flipY": 0.0 }, "object": 617.0 }, { "layer": 0.0, "deleted": 0.0, "variables": { "x": -192.0, "flipX": 0.0, "y": 384.0, "flipY": 0.0 }, "object": 617.0 }, { "layer": 0.0, "deleted": 0.0, "variables": { "x": -224.0, "flipX": 0.0, "y": 384.0, "flipY": 0.0 }, "object": 617.0 }, { "layer": 0.0, "deleted": 0.0, "variables": { "x": -256.0, "flipX": 0.0, "y": 384.0, "flipY": 0.0 }, "object": 617.0 }, { "layer": 0.0, "deleted": 0.0, "variables": { "x": -288.0, "flipX": 0.0, "y": 384.0, "flipY": 0.0 }, "object": 617.0 }, { "layer": 0.0, "deleted": 0.0, "variables": { "x": -320.0, "flipX": 0.0, "y": 384.0, "flipY": 0.0 }, "object": 617.0 }, { "layer": 0.0, "deleted": 0.0, "variables": { "x": -352.0, "flipX": 0.0, "y": 384.0, "flipY": 0.0 }, "object": 617.0 }, { "layer": 0.0, "deleted": 0.0, "variables": { "x": -384.0, "flipX": 0.0, "y": 384.0, "flipY": 0.0 }, "object": 617.0 }, { "layer": 0.0, "deleted": 0.0, "variables": { "x": -416.0, "flipX": 0.0, "y": 384.0, "flipY": 0.0 }, "object": 617.0 }, { "layer": 0.0, "deleted": 0.0, "variables": { "x": -448.0, "flipX": 0.0, "y": 384.0, "flipY": 0.0 }, "object": 617.0 }, { "layer": 0.0, "deleted": 0.0, "variables": { "x": -480.0, "flipX": 0.0, "y": 384.0, "flipY": 0.0 }, "object": 617.0 }, { "layer": 0.0, "deleted": 0.0, "variables": { "x": -512.0, "flipX": 0.0, "y": 384.0, "flipY": 0.0 }, "object": 617.0 }, { "layer": 0.0, "deleted": 0.0, "variables": { "x": -544.0, "flipX": 0.0, "y": 384.0, "flipY": 0.0 }, "object": 617.0 }, { "layer": 0.0, "deleted": 0.0, "variables": { "x": -576.0, "flipX": 0.0, "y": 384.0, "flipY": 0.0 }, "object": 617.0 }, { "layer": 0.0, "deleted": 0.0, "variables": { "x": -608.0, "flipX": 0.0, "y": 384.0, "flipY": 0.0 }, "object": 617.0 }, { "layer": 0.0, "deleted": 0.0, "variables": { "x": -640.0, "flipX": 0.0, "y": 384.0, "flipY": 0.0 }, "object": 617.0 }, { "layer": 0.0, "deleted": 0.0, "variables": { "x": -672.0, "flipX": 0.0, "y": 384.0, "flipY": 0.0 }, "object": 617.0 }, { "layer": 0.0, "deleted": 0.0, "variables": { "x": -704.0, "flipX": 0.0, "y": 384.0, "flipY": 0.0 }, "object": 617.0 }, { "layer": 0.0, "deleted": 0.0, "variables": { "x": -736.0, "flipX": 0.0, "y": 384.0, "flipY": 0.0 }, "object": 617.0 }, { "layer": 0.0, "deleted": 0.0, "variables": { "x": -768.0, "flipX": 0.0, "y": 384.0, "flipY": 0.0 }, "object": 617.0 }, { "layer": 0.0, "deleted": 0.0, "variables": { "x": -800.0, "flipX": 0.0, "y": 384.0, "flipY": 0.0 }, "object": 617.0 }, { "layer": 0.0, "deleted": 0.0, "variables": { "x": -1440.0, "y": 320.0, "targetRoom": "room4", "image_xscale": 1.0, "image_yscale": 1.0, "flipX": 0.0, "flipY": 0.0 }, "object": 795.0 }, { "layer": 0.0, "deleted": 0.0, "variables": { "x": -1408.0, "flipX": 0.0, "y": 384.0, "flipY": 0.0 }, "object": 239.0 }, { "layer": 0.0, "deleted": 0.0, "variables": { "x": -96.0, "y": 224.0, "image_xscale": 2.0, "image_yscale": 2.0, "flipX": 0.0, "flipY": 0.0 }, "object": 733.0 }, { "layer": 0.0, "deleted": 0.0, "variables": { "x": -128.0, "y": 160.0, "image_xscale": 8.0, "image_yscale": 2.0, "flipX": 0.0, "flipY": 0.0 }, "object": 517.0 }, { "layer": 0.0, "deleted": 0.0, "variables": { "x": 32.0, "y": 224.0, "image_xscale": 3.0, "image_yscale": 4.0, "flipX": 0.0, "flipY": 0.0 }, "object": 517.0 }, { "layer": 0.0, "deleted": 0.0, "variables": { "x": -1536.0, "y": -128.0, "image_xscale": 18.0, "image_yscale": 3.0, "flipX": 0.0, "flipY": 0.0 }, "object": 517.0 }, { "layer": 0.0, "deleted": 0.0, "variables": { "x": -960.0, "y": -128.0, "image_xscale": 2.0, "image_yscale": 9.0, "flipX": 0.0, "flipY": 0.0 }, "object": 517.0 }, { "layer": 0.0, "deleted": 0.0, "variables": { "x": -960.0, "flipX": 0.0, "y": 192.0, "flipY": 0.0 }, "object": 250.0 }, { "layer": 0.0, "deleted": 0.0, "variables": { "x": -608.0, "flipX": 1.0, "y": 177.5, "flipY": 0.0 }, "object": 681.0 }, { "layer": 0.0, "deleted": 0.0, "variables": { "x": -320.0, "flipX": 0.0, "y": 160.0, "flipY": 0.0 }, "object": 752.0 }, { "layer": 0.0, "deleted": 0.0, "variables": { "x": -288.0, "flipX": 0.0, "y": 160.0, "flipY": 0.0 }, "object": 752.0 }, { "layer": 0.0, "deleted": 0.0, "variables": { "x": -256.0, "flipX": 0.0, "y": 160.0, "flipY": 0.0 }, "object": 752.0 }, { "layer": 0.0, "deleted": 0.0, "variables": { "x": -224.0, "flipX": 0.0, "y": 160.0, "flipY": 0.0 }, "object": 752.0 }, { "layer": 0.0, "deleted": 0.0, "variables": { "x": 0.0, "flipX": 0.0, "y": 128.0, "flipY": 0.0 }, "object": 763.0 }, { "layer": 0.0, "deleted": 0.0, "variables": { "x": 640.0, "y": -128.0, "image_xscale": 2.0, "image_yscale": 6.0, "flipX": 0.0, "flipY": 0.0 }, "object": 517.0 }, { "layer": 0.0, "deleted": 0.0, "variables": { "x": 704.0, "y": -128.0, "image_xscale": 6.0, "image_yscale": 5.0, "flipX": 0.0, "flipY": 0.0 }, "object": 517.0 }, { "layer": 0.0, "deleted": 0.0, "variables": { "x": 640.0, "flipX": 0.0, "y": 96.0, "flipY": 0.0 }, "object": 250.0 }, { "layer": 0.0, "deleted": 0.0, "variables": { "x": 768.0, "flipX": 0.0, "y": 114.5, "flipY": 0.0 }, "object": 494.0 }, { "layer": 0.0, "deleted": 0.0, "variables": { "x": 800.0, "y": 64.0, "targetRoom": "room6", "image_xscale": 1.0, "image_yscale": 1.0, "flipX": 0.0, "flipY": 0.0 }, "object": 795.0 }, { "layer": 0.0, "deleted": 0.0, "variables": { "x": 832.0, "flipX": 0.0, "y": 128.0, "flipY": 0.0 }, "object": 804.0 } ], "tile_data": { "5": { "-1120_448": { "autotile": 1.0, "autotile_index": 0.0, "tileset": "bg_tilefreezer", "coord": [ 8.0, 2.0 ] }, "800_384": { "autotile": 1.0, "autotile_index": 0.0, "tileset": "bg_tilefreezer", "coord": [ 8.0, 2.0 ] }, "-1472_416": { "autotile": 1.0, "autotile_index": 0.0, "tileset": "bg_tilefreezer", "coord": [ 3.0, 0.0 ] }, "-1664_352": { "autotile": 1.0, "autotile_index": 0.0, "tileset": "bg_tilefreezer", "coord": [ 8.0, 2.0 ] }, "640_224": { "autotile": 1.0, "autotile_index": 0.0, "tileset": "bg_tilefreezer", "coord": [ 8.0, 2.0 ] }, "864_-64": { "autotile": 1.0, "autotile_index": 0.0, "tileset": "bg_tilefreezer", "coord": [ 8.0, 2.0 ] }, "704_480": { "autotile": 1.0, "autotile_index": 0.0, "tileset": "bg_tilefreezer", "coord": [ 8.0, 2.0 ] }, "896_416": { "autotile": 1.0, "autotile_index": 0.0, "tileset": "bg_tilefreezer", "coord": [ 8.0, 2.0 ] }, "896_96": { "autotile": 1.0, "autotile_index": 0.0, "tileset": "bg_tilefreezer", "coord": [ 1.0, 2.0 ] }, "-1632_224": { "autotile": 1.0, "autotile_index": 0.0, "tileset": "bg_tilefreezer", "coord": [ 8.0, 2.0 ] }, "384_416": { "autotile": 1.0, "autotile_index": 0.0, "tileset": "bg_tilefreezer", "coord": [ 2.0, 0.0 ] }, "-928_352": { "autotile": 1.0, "autotile_index": 0.0, "tileset": "bg_tilefreezer", "coord": [ 8.0, 2.0 ] }, "-1600_384": { "autotile": 1.0, "autotile_index": 0.0, "tileset": "bg_tilefreezer", "coord": [ 8.0, 2.0 ] }, "-96_224": { "autotile": 1.0, "autotile_index": 0.0, "tileset": "bg_tilefreezer", "coord": [ 1.0, 1.0 ] }, "-128_384": { "autotile": 1.0, "autotile_index": 0.0, "tileset": "bg_tilefreezer", "coord": [ 1.0, 3.0 ] }, "-448_416": { "autotile": 1.0, "autotile_index": 0.0, "tileset": "bg_tilefreezer", "coord": [ 2.0, 0.0 ] }, "-832_448": { "autotile": 1.0, "autotile_index": 0.0, "tileset": "bg_tilefreezer", "coord": [ 8.0, 2.0 ] }, "-96_288": { "autotile": 1.0, "autotile_index": 0.0, "tileset": "bg_tilefreezer", "coord": [ 1.0, 3.0 ] }, "768_416": { "autotile": 1.0, "autotile_index": 0.0, "tileset": "bg_tilefreezer", "coord": [ 8.0, 2.0 ] }, "-384_512": { "autotile": 1.0, "autotile_index": 0.0, "tileset": "bg_tilefreezer", "coord": [ 8.0, 2.0 ] }, "960_-128": { "autotile": 1.0, "autotile_index": 0.0, "tileset": "bg_tilefreezer", "coord": [ 8.0, 2.0 ] }, "0_448": { "autotile": 1.0, "autotile_index": 0.0, "tileset": "bg_tilefreezer", "coord": [ 8.0, 2.0 ] }, "672_-32": { "autotile": 1.0, "autotile_index": 0.0, "tileset": "bg_tilefreezer", "coord": [ 8.0, 2.0 ] }, "96_320": { "autotile": 1.0, "autotile_index": 0.0, "tileset": "bg_tilefreezer", "coord": [ 5.0, 2.0 ] }, "896_480": { "autotile": 1.0, "autotile_index": 0.0, "tileset": "bg_tilefreezer", "coord": [ 8.0, 2.0 ] }, "992_96": { "autotile": 1.0, "autotile_index": 0.0, "tileset": "bg_tilefreezer", "coord": [ 8.0, 2.0 ] }, "672_352": { "autotile": 1.0, "autotile_index": 0.0, "tileset": "bg_tilefreezer", "coord": [ 8.0, 2.0 ] }, "800_320": { "autotile": 1.0, "autotile_index": 0.0, "tileset": "bg_tilefreezer", "coord": [ 8.0, 2.0 ] }, "-64_192": { "autotile": 1.0, "autotile_index": 0.0, "tileset": "bg_tilefreezer", "coord": [ 8.0, 2.0 ] }, "-1088_-96": { "autotile": 1.0, "autotile_index": 0.0, "tileset": "bg_tilefreezer", "coord": [ 8.0, 2.0 ] }, "-1056_-64": { "autotile": 1.0, "autotile_index": 0.0, "tileset": "bg_tilefreezer", "coord": [ 4.0, 4.0 ] }, "864_160": { "autotile": 1.0, "autotile_index": 0.0, "tileset": "bg_tilefreezer", "coord": [ 4.0, 0.0 ] }, "-256_192": { "autotile": 0.0, "autotile_index": 0.0, "tileset": "bg_tilefreezer", "coord": [ 15.0, 18.0 ] }, "-1408_-64": { "autotile": 1.0, "autotile_index": 0.0, "tileset": "bg_tilefreezer", "coord": [ 2.0, 4.0 ] }, "-1088_480": { "autotile": 1.0, "autotile_index": 0.0, "tileset": "bg_tilefreezer", "coord": [ 8.0, 2.0 ] }, "-1440_-128": { "autotile": 1.0, "autotile_index": 0.0, "tileset": "bg_tilefreezer", "coord": [ 8.0, 2.0 ] }, "64_384": { "autotile": 1.0, "autotile_index": 0.0, "tileset": "bg_tilefreezer", "coord": [ 8.0, 2.0 ] }, "768_-64": { "autotile": 1.0, "autotile_index": 0.0, "tileset": "bg_tilefreezer", "coord": [ 8.0, 2.0 ] }, "704_256": { "autotile": 1.0, "autotile_index": 0.0, "tileset": "bg_tilefreezer", "coord": [ 8.0, 2.0 ] }, "64_288": { "autotile": 1.0, "autotile_index": 0.0, "tileset": "bg_tilefreezer", "coord": [ 8.0, 2.0 ] }, "-224_480": { "autotile": 1.0, "autotile_index": 0.0, "tileset": "bg_tilefreezer", "coord": [ 8.0, 2.0 ] }, "-1248_-64": { "autotile": 1.0, "autotile_index": 0.0, "tileset": "bg_tilefreezer", "coord": [ 2.0, 4.0 ] }, "-352_416": { "autotile": 1.0, "autotile_index": 0.0, "tileset": "bg_tilefreezer", "coord": [ 2.0, 0.0 ] }, "672_-96": { "autotile": 1.0, "autotile_index": 0.0, "tileset": "bg_tilefreezer", "coord": [ 8.0, 2.0 ] }, "160_512": { "autotile": 1.0, "autotile_index": 0.0, "tileset": "bg_tilefreezer", "coord": [ 8.0, 2.0 ] }, "352_448": { "autotile": 1.0, "autotile_index": 0.0, "tileset": "bg_tilefreezer", "coord": [ 8.0, 2.0 ] }, "-448_512": { "autotile": 1.0, "autotile_index": 0.0, "tileset": "bg_tilefreezer", "coord": [ 8.0, 2.0 ] }, "-768_448": { "autotile": 1.0, "autotile_index": 0.0, "tileset": "bg_tilefreezer", "coord": [ 8.0, 2.0 ] }, "-928_256": { "autotile": 1.0, "autotile_index": 0.0, "tileset": "bg_tilefreezer", "coord": [ 2.0, 0.0 ] }, "768_256": { "autotile": 1.0, "autotile_index": 0.0, "tileset": "bg_tilefreezer", "coord": [ 8.0, 2.0 ] }, "-512_448": { "autotile": 1.0, "autotile_index": 0.0, "tileset": "bg_tilefreezer", "coord": [ 8.0, 2.0 ] }, "-352_448": { "autotile": 1.0, "autotile_index": 0.0, "tileset": "bg_tilefreezer", "coord": [ 8.0, 2.0 ] }, "-1056_-128": { "autotile": 1.0, "autotile_index": 0.0, "tileset": "bg_tilefreezer", "coord": [ 8.0, 2.0 ] }, "-1664_256": { "autotile": 1.0, "autotile_index": 0.0, "tileset": "bg_tilefreezer", "coord": [ 8.0, 2.0 ] }, "-224_416": { "autotile": 1.0, "autotile_index": 0.0, "tileset": "bg_tilefreezer", "coord": [ 2.0, 0.0 ] }, "-1600_160": { "autotile": 1.0, "autotile_index": 0.0, "tileset": "bg_tilefreezer", "coord": [ 8.0, 2.0 ] }, "-1024_352": { "autotile": 1.0, "autotile_index": 0.0, "tileset": "bg_tilefreezer", "coord": [ 4.0, 0.0 ] }, "-736_480": { "autotile": 1.0, "autotile_index": 0.0, "tileset": "bg_tilefreezer", "coord": [ 8.0, 2.0 ] }, "-96_256": { "autotile": 1.0, "autotile_index": 0.0, "tileset": "bg_tilefreezer", "coord": [ 1.0, 3.0 ] }, "352_480": { "autotile": 1.0, "autotile_index": 0.0, "tileset": "bg_tilefreezer", "coord": [ 8.0, 2.0 ] }, "-1632_416": { "autotile": 1.0, "autotile_index": 0.0, "tileset": "bg_tilefreezer", "coord": [ 8.0, 2.0 ] }, "-960_416": { "autotile": 1.0, "autotile_index": 0.0, "tileset": "bg_tilefreezer", "coord": [ 8.0, 2.0 ] }, "992_192": { "autotile": 1.0, "autotile_index": 0.0, "tileset": "bg_tilefreezer", "coord": [ 8.0, 2.0 ] }, "704_448": { "autotile": 1.0, "autotile_index": 0.0, "tileset": "bg_tilefreezer", "coord": [ 8.0, 2.0 ] }, "-1216_-128": { "autotile": 1.0, "autotile_index": 0.0, "tileset": "bg_tilefreezer", "coord": [ 8.0, 2.0 ] }, "-768_512": { "autotile": 1.0, "autotile_index": 0.0, "tileset": "bg_tilefreezer", "coord": [ 8.0, 2.0 ] }, "-960_448": { "autotile": 1.0, "autotile_index": 0.0, "tileset": "bg_tilefreezer", "coord": [ 8.0, 2.0 ] }, "416_480": { "autotile": 1.0, "autotile_index": 0.0, "tileset": "bg_tilefreezer", "coord": [ 8.0, 2.0 ] }, "992_64": { "autotile": 1.0, "autotile_index": 0.0, "tileset": "bg_tilefreezer", "coord": [ 8.0, 2.0 ] }, "-1568_128": { "autotile": 1.0, "autotile_index": 0.0, "tileset": "bg_tilefreezer", "coord": [ 5.0, 3.0 ] }, "-1472_-128": { "autotile": 1.0, "autotile_index": 0.0, "tileset": "bg_tilefreezer", "coord": [ 8.0, 2.0 ] }, "320_512": { "autotile": 1.0, "autotile_index": 0.0, "tileset": "bg_tilefreezer", "coord": [ 8.0, 2.0 ] }, "-1664_128": { "autotile": 1.0, "autotile_index": 0.0, "tileset": "bg_tilefreezer", "coord": [ 8.0, 2.0 ] }, "672_384": { "autotile": 1.0, "autotile_index": 0.0, "tileset": "bg_tilefreezer", "coord": [ 8.0, 2.0 ] }, "896_352": { "autotile": 1.0, "autotile_index": 0.0, "tileset": "bg_tilefreezer", "coord": [ 8.0, 2.0 ] }, "-864_352": { "autotile": 1.0, "autotile_index": 0.0, "tileset": "bg_tilefreezer", "coord": [ 8.0, 2.0 ] }, "960_544": { "autotile": 1.0, "autotile_index": 0.0, "tileset": "bg_tilefreezer", "coord": [ 0.0, 0.0 ] }, "-544_480": { "autotile": 1.0, "autotile_index": 0.0, "tileset": "bg_tilefreezer", "coord": [ 8.0, 2.0 ] }, "-800_448": { "autotile": 1.0, "autotile_index": 0.0, "tileset": "bg_tilefreezer", "coord": [ 8.0, 2.0 ] }, "256_192": { "autotile": 0.0, "autotile_index": 0.0, "tileset": "bg_tilefreezer", "coord": [ 11.0, 18.0 ] }, "-1632_256": { "autotile": 1.0, "autotile_index": 0.0, "tileset": "bg_tilefreezer", "coord": [ 8.0, 2.0 ] }, "64_256": { "autotile": 1.0, "autotile_index": 0.0, "tileset": "bg_tilefreezer", "coord": [ 8.0, 2.0 ] }, "928_128": { "autotile": 1.0, "autotile_index": 0.0, "tileset": "bg_tilefreezer", "coord": [ 8.0, 2.0 ] }, "-1024_-96": { "autotile": 1.0, "autotile_index": 0.0, "tileset": "bg_tilefreezer", "coord": [ 8.0, 2.0 ] }, "736_-128": { "autotile": 1.0, "autotile_index": 0.0, "tileset": "bg_tilefreezer", "coord": [ 8.0, 2.0 ] }, "832_-96": { "autotile": 1.0, "autotile_index": 0.0, "tileset": "bg_tilefreezer", "coord": [ 8.0, 2.0 ] }, "-960_128": { "autotile": 1.0, "autotile_index": 0.0, "tileset": "bg_tilefreezer", "coord": [ 1.0, 4.0 ] }, "256_416": { "autotile": 1.0, "autotile_index": 0.0, "tileset": "bg_tilefreezer", "coord": [ 3.0, 0.0 ] }, "64_448": { "autotile": 1.0, "autotile_index": 0.0, "tileset": "bg_tilefreezer", "coord": [ 8.0, 2.0 ] }, "896_64": { "autotile": 1.0, "autotile_index": 0.0, "tileset": "bg_tilefreezer", "coord": [ 1.0, 3.0 ] }, "-832_320": { "autotile": 1.0, "autotile_index": 0.0, "tileset": "bg_tilefreezer", "coord": [ 5.0, 1.0 ] }, "-1664_512": { "autotile": 1.0, "autotile_index": 0.0, "tileset": "bg_tilefreezer", "coord": [ 8.0, 2.0 ] }, "-1632_448": { "autotile": 1.0, "autotile_index": 0.0, "tileset": "bg_tilefreezer", "coord": [ 8.0, 2.0 ] }, "-992_-64": { "autotile": 1.0, "autotile_index": 0.0, "tileset": "bg_tilefreezer", "coord": [ 2.0, 4.0 ] }, "640_192": { "autotile": 1.0, "autotile_index": 0.0, "tileset": "bg_tilefreezer", "coord": [ 8.0, 2.0 ] }, "928_320": { "autotile": 1.0, "autotile_index": 0.0, "tileset": "bg_tilefreezer", "coord": [ 8.0, 2.0 ] }, "224_448": { "autotile": 1.0, "autotile_index": 0.0, "tileset": "bg_tilefreezer", "coord": [ 8.0, 2.0 ] }, "-1056_-96": { "autotile": 1.0, "autotile_index": 0.0, "tileset": "bg_tilefreezer", "coord": [ 8.0, 2.0 ] }, "-64_288": { "autotile": 1.0, "autotile_index": 0.0, "tileset": "bg_tilefreezer", "coord": [ 8.0, 2.0 ] }, "-992_384": { "autotile": 1.0, "autotile_index": 0.0, "tileset": "bg_tilefreezer", "coord": [ 8.0, 2.0 ] }, "-128_192": { "autotile": 1.0, "autotile_index": 0.0, "tileset": "bg_tilefreezer", "coord": [ 1.0, 4.0 ] }, "-1664_-64": { "autotile": 1.0, "autotile_index": 0.0, "tileset": "bg_tilefreezer", "coord": [ 8.0, 2.0 ] }, "640_320": { "autotile": 1.0, "autotile_index": 0.0, "tileset": "bg_tilefreezer", "coord": [ 8.0, 2.0 ] }, "-1600_512": { "autotile": 1.0, "autotile_index": 0.0, "tileset": "bg_tilefreezer", "coord": [ 8.0, 2.0 ] }, "608_160": { "autotile": 1.0, "autotile_index": 0.0, "tileset": "bg_tilefreezer", "coord": [ 3.0, 0.0 ] }, "-160_480": { "autotile": 1.0, "autotile_index": 0.0, "tileset": "bg_tilefreezer", "coord": [ 8.0, 2.0 ] }, "-1504_-128": { "autotile": 1.0, "autotile_index": 0.0, "tileset": "bg_tilefreezer", "coord": [ 8.0, 2.0 ] }, "-896_352": { "autotile": 1.0, "autotile_index": 0.0, "tileset": "bg_tilefreezer", "coord": [ 8.0, 2.0 ] }, "-1440_480": { "autotile": 1.0, "autotile_index": 0.0, "tileset": "bg_tilefreezer", "coord": [ 8.0, 2.0 ] }, "-1600_64": { "autotile": 1.0, "autotile_index": 0.0, "tileset": "bg_tilefreezer", "coord": [ 8.0, 2.0 ] }, "800_448": { "autotile": 1.0, "autotile_index": 0.0, "tileset": "bg_tilefreezer", "coord": [ 8.0, 2.0 ] }, "-192_480": { "autotile": 1.0, "autotile_index": 0.0, "tileset": "bg_tilefreezer", "coord": [ 8.0, 2.0 ] }, "-736_416": { "autotile": 1.0, "autotile_index": 0.0, "tileset": "bg_tilefreezer", "coord": [ 4.0, 0.0 ] }, "-1504_-96": { "autotile": 1.0, "autotile_index": 0.0, "tileset": "bg_tilefreezer", "coord": [ 8.0, 2.0 ] }, "928_-32": { "autotile": 1.0, "autotile_index": 0.0, "tileset": "bg_tilefreezer", "coord": [ 8.0, 2.0 ] }, "-1664_96": { "autotile": 1.0, "autotile_index": 0.0, "tileset": "bg_tilefreezer", "coord": [ 8.0, 2.0 ] }, "-1600_320": { "autotile": 1.0, "autotile_index": 0.0, "tileset": "bg_tilefreezer", "coord": [ 8.0, 2.0 ] }, "448_512": { "autotile": 1.0, "autotile_index": 0.0, "tileset": "bg_tilefreezer", "coord": [ 8.0, 2.0 ] }, "-1632_384": { "autotile": 1.0, "autotile_index": 0.0, "tileset": "bg_tilefreezer", "coord": [ 8.0, 2.0 ] }, "-288_448": { "autotile": 1.0, "autotile_index": 0.0, "tileset": "bg_tilefreezer", "coord": [ 8.0, 2.0 ] }, "-480_448": { "autotile": 1.0, "autotile_index": 0.0, "tileset": "bg_tilefreezer", "coord": [ 8.0, 2.0 ] }, "928_-96": { "autotile": 1.0, "autotile_index": 0.0, "tileset": "bg_tilefreezer", "coord": [ 8.0, 2.0 ] }, "0_192": { "autotile": 1.0, "autotile_index": 0.0, "tileset": "bg_tilefreezer", "coord": [ 8.0, 2.0 ] }, "832_-64": { "autotile": 1.0, "autotile_index": 0.0, "tileset": "bg_tilefreezer", "coord": [ 8.0, 2.0 ] }, "-928_448": { "autotile": 1.0, "autotile_index": 0.0, "tileset": "bg_tilefreezer", "coord": [ 8.0, 2.0 ] }, "-352_480": { "autotile": 1.0, "autotile_index": 0.0, "tileset": "bg_tilefreezer", "coord": [ 8.0, 2.0 ] }, "-704_224": { "autotile": 0.0, "autotile_index": 0.0, "tileset": "bg_tilefreezer", "coord": [ 11.0, 18.0 ] }, "672_512": { "autotile": 1.0, "autotile_index": 0.0, "tileset": "bg_tilefreezer", "coord": [ 8.0, 2.0 ] }, "864_544": { "autotile": 1.0, "autotile_index": 0.0, "tileset": "bg_tilefreezer", "coord": [ 0.0, 0.0 ] }, "-992_416": { "autotile": 1.0, "autotile_index": 0.0, "tileset": "bg_tilefreezer", "coord": [ 8.0, 2.0 ] }, "-320_416": { "autotile": 1.0, "autotile_index": 0.0, "tileset": "bg_tilefreezer", "coord": [ 4.0, 0.0 ] }, "928_224": { "autotile": 1.0, "autotile_index": 0.0, "tileset": "bg_tilefreezer", "coord": [ 8.0, 2.0 ] }, "-1408_-128": { "autotile": 1.0, "autotile_index": 0.0, "tileset": "bg_tilefreezer", "coord": [ 8.0, 2.0 ] }, "64_192": { "autotile": 1.0, "autotile_index": 0.0, "tileset": "bg_tilefreezer", "coord": [ 8.0, 2.0 ] }, "992_-96": { "autotile": 1.0, "autotile_index": 0.0, "tileset": "bg_tilefreezer", "coord": [ 8.0, 2.0 ] }, "192_512": { "autotile": 1.0, "autotile_index": 0.0, "tileset": "bg_tilefreezer", "coord": [ 8.0, 2.0 ] }, "128_480": { "autotile": 1.0, "autotile_index": 0.0, "tileset": "bg_tilefreezer", "coord": [ 8.0, 2.0 ] }, "-1376_512": { "autotile": 1.0, "autotile_index": 0.0, "tileset": "bg_tilefreezer", "coord": [ 8.0, 2.0 ] }, "-704_416": { "autotile": 1.0, "autotile_index": 0.0, "tileset": "bg_tilefreezer", "coord": [ 2.0, 0.0 ] }, "-64_160": { "autotile": 1.0, "autotile_index": 0.0, "tileset": "bg_tilefreezer", "coord": [ 4.0, 0.0 ] }, "928_352": { "autotile": 1.0, "autotile_index": 0.0, "tileset": "bg_tilefreezer", "coord": [ 8.0, 2.0 ] }, "288_448": { "autotile": 1.0, "autotile_index": 0.0, "tileset": "bg_tilefreezer", "coord": [ 8.0, 2.0 ] }, "-1120_-96": { "autotile": 1.0, "autotile_index": 0.0, "tileset": "bg_tilefreezer", "coord": [ 8.0, 2.0 ] }, "-1280_-96": { "autotile": 1.0, "autotile_index": 0.0, "tileset": "bg_tilefreezer", "coord": [ 8.0, 2.0 ] }, "736_-32": { "autotile": 1.0, "autotile_index": 0.0, "tileset": "bg_tilefreezer", "coord": [ 8.0, 2.0 ] }, "-160_512": { "autotile": 1.0, "autotile_index": 0.0, "tileset": "bg_tilefreezer", "coord": [ 8.0, 2.0 ] }, "416_448": { "autotile": 1.0, "autotile_index": 0.0, "tileset": "bg_tilefreezer", "coord": [ 8.0, 2.0 ] }, "-1440_-64": { "autotile": 1.0, "autotile_index": 0.0, "tileset": "bg_tilefreezer", "coord": [ 4.0, 4.0 ] }, "96_384": { "autotile": 1.0, "autotile_index": 0.0, "tileset": "bg_tilefreezer", "coord": [ 5.0, 3.0 ] }, "-832_288": { "autotile": 1.0, "autotile_index": 0.0, "tileset": "bg_tilefreezer", "coord": [ 5.0, 3.0 ] }, "-480_512": { "autotile": 1.0, "autotile_index": 0.0, "tileset": "bg_tilefreezer", "coord": [ 8.0, 2.0 ] }, "736_352": { "autotile": 1.0, "autotile_index": 0.0, "tileset": "bg_tilefreezer", "coord": [ 8.0, 2.0 ] }, "-1664_160": { "autotile": 1.0, "autotile_index": 0.0, "tileset": "bg_tilefreezer", "coord": [ 8.0, 2.0 ] }, "704_416": { "autotile": 1.0, "autotile_index": 0.0, "tileset": "bg_tilefreezer", "coord": [ 8.0, 2.0 ] }, "-384_480": { "autotile": 1.0, "autotile_index": 0.0, "tileset": "bg_tilefreezer", "coord": [ 8.0, 2.0 ] }, "-928_-160": { "autotile": 1.0, "autotile_index": 0.0, "tileset": "bg_tilefreezer", "coord": [ 0.0, 0.0 ] }, "992_256": { "autotile": 1.0, "autotile_index": 0.0, "tileset": "bg_tilefreezer", "coord": [ 8.0, 2.0 ] }, "640_448": { "autotile": 1.0, "autotile_index": 0.0, "tileset": "bg_tilefreezer", "coord": [ 8.0, 2.0 ] }, "-1056_480": { "autotile": 1.0, "autotile_index": 0.0, "tileset": "bg_tilefreezer", "coord": [ 8.0, 2.0 ] }, "-640_416": { "autotile": 1.0, "autotile_index": 0.0, "tileset": "bg_tilefreezer", "coord": [ 3.0, 0.0 ] }, "-896_384": { "autotile": 1.0, "autotile_index": 0.0, "tileset": "bg_tilefreezer", "coord": [ 8.0, 2.0 ] }, "736_224": { "autotile": 1.0, "autotile_index": 0.0, "tileset": "bg_tilefreezer", "coord": [ 8.0, 2.0 ] }, "672_288": { "autotile": 1.0, "autotile_index": 0.0, "tileset": "bg_tilefreezer", "coord": [ 8.0, 2.0 ] }, "32_288": { "autotile": 1.0, "autotile_index": 0.0, "tileset": "bg_tilefreezer", "coord": [ 8.0, 2.0 ] }, "576_288": { "autotile": 1.0, "autotile_index": 0.0, "tileset": "bg_tilefreezer", "coord": [ 1.0, 2.0 ] }, "-1216_512": { "autotile": 1.0, "autotile_index": 0.0, "tileset": "bg_tilefreezer", "coord": [ 8.0, 2.0 ] }, "-896_288": { "autotile": 1.0, "autotile_index": 0.0, "tileset": "bg_tilefreezer", "coord": [ 8.0, 2.0 ] }, "832_384": { "autotile": 1.0, "autotile_index": 0.0, "tileset": "bg_tilefreezer", "coord": [ 8.0, 2.0 ] }, "-32_320": { "autotile": 1.0, "autotile_index": 0.0, "tileset": "bg_tilefreezer", "coord": [ 8.0, 2.0 ] }, "-1568_-64": { "autotile": 1.0, "autotile_index": 0.0, "tileset": "bg_tilefreezer", "coord": [ 2.0, 1.0 ] }, "960_448": { "autotile": 1.0, "autotile_index": 0.0, "tileset": "bg_tilefreezer", "coord": [ 8.0, 2.0 ] }, "-960_32": { "autotile": 1.0, "autotile_index": 0.0, "tileset": "bg_tilefreezer", "coord": [ 1.0, 1.0 ] }, "-960_288": { "autotile": 1.0, "autotile_index": 0.0, "tileset": "bg_tilefreezer", "coord": [ 8.0, 2.0 ] }, "-480_480": { "autotile": 1.0, "autotile_index": 0.0, "tileset": "bg_tilefreezer", "coord": [ 8.0, 2.0 ] }, "-1248_384": { "coord": [ 2.0, 4.0 ], "autotile_index": 0.0, "tileset": "cold_rock_tiles", "autotile": 0.0 }, "-1536_448": { "autotile": 1.0, "autotile_index": 0.0, "tileset": "bg_tilefreezer", "coord": [ 8.0, 2.0 ] }, "768_160": { "autotile": 1.0, "autotile_index": 0.0, "tileset": "bg_tilefreezer", "coord": [ 3.0, 0.0 ] }, "-1568_160": { "autotile": 1.0, "autotile_index": 0.0, "tileset": "bg_tilefreezer", "coord": [ 5.0, 2.0 ] }, "-1280_480": { "autotile": 1.0, "autotile_index": 0.0, "tileset": "bg_tilefreezer", "coord": [ 8.0, 2.0 ] }, "-1568_416": { "autotile": 1.0, "autotile_index": 0.0, "tileset": "bg_tilefreezer", "coord": [ 2.0, 3.0 ] }, "-960_320": { "autotile": 1.0, "autotile_index": 0.0, "tileset": "bg_tilefreezer", "coord": [ 8.0, 2.0 ] }, "864_-128": { "autotile": 1.0, "autotile_index": 0.0, "tileset": "bg_tilefreezer", "coord": [ 8.0, 2.0 ] }, "960_480": { "autotile": 1.0, "autotile_index": 0.0, "tileset": "bg_tilefreezer", "coord": [ 8.0, 2.0 ] }, "960_64": { "autotile": 1.0, "autotile_index": 0.0, "tileset": "bg_tilefreezer", "coord": [ 8.0, 2.0 ] }, "-1568_512": { "autotile": 1.0, "autotile_index": 0.0, "tileset": "bg_tilefreezer", "coord": [ 8.0, 2.0 ] }, "-576_480": { "autotile": 1.0, "autotile_index": 0.0, "tileset": "bg_tilefreezer", "coord": [ 8.0, 2.0 ] }, "960_32": { "autotile": 1.0, "autotile_index": 0.0, "tileset": "bg_tilefreezer", "coord": [ 8.0, 2.0 ] }, "-128_480": { "autotile": 1.0, "autotile_index": 0.0, "tileset": "bg_tilefreezer", "coord": [ 8.0, 2.0 ] }, "928_544": { "autotile": 1.0, "autotile_index": 0.0, "tileset": "bg_tilefreezer", "coord": [ 0.0, 0.0 ] }, "-288_416": { "autotile": 1.0, "autotile_index": 0.0, "tileset": "bg_tilefreezer", "coord": [ 4.0, 0.0 ] }, "-1344_480": { "autotile": 1.0, "autotile_index": 0.0, "tileset": "bg_tilefreezer", "coord": [ 8.0, 2.0 ] }, "-1600_224": { "autotile": 1.0, "autotile_index": 0.0, "tileset": "bg_tilefreezer", "coord": [ 8.0, 2.0 ] }, "320_416": { "autotile": 1.0, "autotile_index": 0.0, "tileset": "bg_tilefreezer", "coord": [ 3.0, 0.0 ] }, "-192_512": { "autotile": 1.0, "autotile_index": 0.0, "tileset": "bg_tilefreezer", "coord": [ 8.0, 2.0 ] }, "896_544": { "autotile": 1.0, "autotile_index": 0.0, "tileset": "bg_tilefreezer", "coord": [ 0.0, 0.0 ] }, "-1472_448": { "autotile": 1.0, "autotile_index": 0.0, "tileset": "bg_tilefreezer", "coord": [ 8.0, 2.0 ] }, "-928_288": { "autotile": 1.0, "autotile_index": 0.0, "tileset": "bg_tilefreezer", "coord": [ 8.0, 2.0 ] }, "960_-64": { "autotile": 1.0, "autotile_index": 0.0, "tileset": "bg_tilefreezer", "coord": [ 8.0, 2.0 ] }, "-960_352": { "autotile": 1.0, "autotile_index": 0.0, "tileset": "bg_tilefreezer", "coord": [ 8.0, 2.0 ] }, "-1536_-128": { "autotile": 1.0, "autotile_index": 0.0, "tileset": "bg_tilefreezer", "coord": [ 8.0, 2.0 ] }, "768_384": { "autotile": 1.0, "autotile_index": 0.0, "tileset": "bg_tilefreezer", "coord": [ 8.0, 2.0 ] }, "-864_256": { "autotile": 1.0, "autotile_index": 0.0, "tileset": "bg_tilefreezer", "coord": [ 2.0, 0.0 ] }, "928_416": { "autotile": 1.0, "autotile_index": 0.0, "tileset": "bg_tilefreezer", "coord": [ 8.0, 2.0 ] }, "768_512": { "autotile": 1.0, "autotile_index": 0.0, "tileset": "bg_tilefreezer", "coord": [ 8.0, 2.0 ] }, "416_512": { "autotile": 1.0, "autotile_index": 0.0, "tileset": "bg_tilefreezer", "coord": [ 8.0, 2.0 ] }, "-1504_480": { "autotile": 1.0, "autotile_index": 0.0, "tileset": "bg_tilefreezer", "coord": [ 8.0, 2.0 ] }, "-1600_288": { "autotile": 1.0, "autotile_index": 0.0, "tileset": "bg_tilefreezer", "coord": [ 8.0, 2.0 ] }, "768_480": { "autotile": 1.0, "autotile_index": 0.0, "tileset": "bg_tilefreezer", "coord": [ 8.0, 2.0 ] }, "-544_512": { "autotile": 1.0, "autotile_index": 0.0, "tileset": "bg_tilefreezer", "coord": [ 8.0, 2.0 ] }, "-928_32": { "autotile": 1.0, "autotile_index": 0.0, "tileset": "bg_tilefreezer", "coord": [ 5.0, 1.0 ] }, "-960_512": { "autotile": 1.0, "autotile_index": 0.0, "tileset": "bg_tilefreezer", "coord": [ 8.0, 2.0 ] }, "768_-128": { "autotile": 1.0, "autotile_index": 0.0, "tileset": "bg_tilefreezer", "coord": [ 8.0, 2.0 ] }, "-128_352": { "autotile": 1.0, "autotile_index": 0.0, "tileset": "bg_tilefreezer", "coord": [ 1.0, 0.0 ] }, "480_416": { "autotile": 1.0, "autotile_index": 0.0, "tileset": "bg_tilefreezer", "coord": [ 4.0, 0.0 ] }, "0_416": { "autotile": 1.0, "autotile_index": 0.0, "tileset": "bg_tilefreezer", "coord": [ 8.0, 2.0 ] }, "832_544": { "autotile": 1.0, "autotile_index": 0.0, "tileset": "bg_tilefreezer", "coord": [ 0.0, 0.0 ] }, "640_480": { "autotile": 1.0, "autotile_index": 0.0, "tileset": "bg_tilefreezer", "coord": [ 8.0, 2.0 ] }, "-1664_384": { "autotile": 1.0, "autotile_index": 0.0, "tileset": "bg_tilefreezer", "coord": [ 8.0, 2.0 ] }, "928_192": { "autotile": 1.0, "autotile_index": 0.0, "tileset": "bg_tilefreezer", "coord": [ 8.0, 2.0 ] }, "704_-32": { "autotile": 1.0, "autotile_index": 0.0, "tileset": "bg_tilefreezer", "coord": [ 8.0, 2.0 ] }, "576_416": { "autotile": 1.0, "autotile_index": 0.0, "tileset": "bg_tilefreezer", "coord": [ 4.0, 3.0 ] }, "864_448": { "autotile": 1.0, "autotile_index": 0.0, "tileset": "bg_tilefreezer", "coord": [ 8.0, 2.0 ] }, "-608_448": { "autotile": 1.0, "autotile_index": 0.0, "tileset": "bg_tilefreezer", "coord": [ 8.0, 2.0 ] }, "32_448": { "autotile": 1.0, "autotile_index": 0.0, "tileset": "bg_tilefreezer", "coord": [ 8.0, 2.0 ] }, "-608_512": { "autotile": 1.0, "autotile_index": 0.0, "tileset": "bg_tilefreezer", "coord": [ 8.0, 2.0 ] }, "832_192": { "autotile": 1.0, "autotile_index": 0.0, "tileset": "bg_tilefreezer", "coord": [ 8.0, 2.0 ] }, "544_416": { "autotile": 1.0, "autotile_index": 0.0, "tileset": "bg_tilefreezer", "coord": [ 4.0, 0.0 ] }, "-1632_128": { "autotile": 1.0, "autotile_index": 0.0, "tileset": "bg_tilefreezer", "coord": [ 8.0, 2.0 ] }, "-1216_416": { "autotile": 1.0, "autotile_index": 0.0, "tileset": "bg_tilefreezer", "coord": [ 3.0, 0.0 ] }, "-1216_448": { "autotile": 1.0, "autotile_index": 0.0, "tileset": "bg_tilefreezer", "coord": [ 8.0, 2.0 ] }, "-1280_512": { "autotile": 1.0, "autotile_index": 0.0, "tileset": "bg_tilefreezer", "coord": [ 8.0, 2.0 ] }, "-1568_32": { "autotile": 1.0, "autotile_index": 0.0, "tileset": "bg_tilefreezer", "coord": [ 5.0, 2.0 ] }, "672_480": { "autotile": 1.0, "autotile_index": 0.0, "tileset": "bg_tilefreezer", "coord": [ 8.0, 2.0 ] }, "-224_192": { "autotile": 0.0, "autotile_index": 0.0, "tileset": "bg_tilefreezer", "coord": [ 16.0, 18.0 ] }, "992_544": { "autotile": 1.0, "autotile_index": 0.0, "tileset": "bg_tilefreezer", "coord": [ 0.0, 0.0 ] }, "864_416": { "autotile": 1.0, "autotile_index": 0.0, "tileset": "bg_tilefreezer", "coord": [ 8.0, 2.0 ] }, "96_480": { "autotile": 1.0, "autotile_index": 0.0, "tileset": "bg_tilefreezer", "coord": [ 8.0, 2.0 ] }, "-320_512": { "autotile": 1.0, "autotile_index": 0.0, "tileset": "bg_tilefreezer", "coord": [ 8.0, 2.0 ] }, "-1472_512": { "autotile": 1.0, "autotile_index": 0.0, "tileset": "bg_tilefreezer", "coord": [ 8.0, 2.0 ] }, "896_-64": { "autotile": 1.0, "autotile_index": 0.0, "tileset": "bg_tilefreezer", "coord": [ 8.0, 2.0 ] }, "864_224": { "autotile": 1.0, "autotile_index": 0.0, "tileset": "bg_tilefreezer", "coord": [ 8.0, 2.0 ] }, "608_288": { "autotile": 1.0, "autotile_index": 0.0, "tileset": "bg_tilefreezer", "coord": [ 8.0, 2.0 ] }, "384_192": { "autotile": 0.0, "autotile_index": 0.0, "tileset": "bg_tilefreezer", "coord": [ 12.0, 18.0 ] }, "-1440_512": { "autotile": 1.0, "autotile_index": 0.0, "tileset": "bg_tilefreezer", "coord": [ 8.0, 2.0 ] }, "-96_320": { "autotile": 1.0, "autotile_index": 0.0, "tileset": "bg_tilefreezer", "coord": [ 1.0, 2.0 ] }, "640_288": { "autotile": 1.0, "autotile_index": 0.0, "tileset": "bg_tilefreezer", "coord": [ 8.0, 2.0 ] }, "-960_-32": { "autotile": 1.0, "autotile_index": 0.0, "tileset": "bg_tilefreezer", "coord": [ 1.0, 1.0 ] }, "992_480": { "autotile": 1.0, "autotile_index": 0.0, "tileset": "bg_tilefreezer", "coord": [ 8.0, 2.0 ] }, "32_480": { "autotile": 1.0, "autotile_index": 0.0, "tileset": "bg_tilefreezer", "coord": [ 8.0, 2.0 ] }, "-1632_480": { "autotile": 1.0, "autotile_index": 0.0, "tileset": "bg_tilefreezer", "coord": [ 8.0, 2.0 ] }, "-1088_512": { "autotile": 1.0, "autotile_index": 0.0, "tileset": "bg_tilefreezer", "coord": [ 8.0, 2.0 ] }, "-992_448": { "autotile": 1.0, "autotile_index": 0.0, "tileset": "bg_tilefreezer", "coord": [ 8.0, 2.0 ] }, "704_-64": { "autotile": 1.0, "autotile_index": 0.0, "tileset": "bg_tilefreezer", "coord": [ 8.0, 2.0 ] }, "-1600_128": { "autotile": 1.0, "autotile_index": 0.0, "tileset": "bg_tilefreezer", "coord": [ 8.0, 2.0 ] }, "-256_448": { "autotile": 1.0, "autotile_index": 0.0, "tileset": "bg_tilefreezer", "coord": [ 8.0, 2.0 ] }, "-1568_352": { "autotile": 1.0, "autotile_index": 0.0, "tileset": "bg_tilefreezer", "coord": [ 5.0, 2.0 ] }, "-672_416": { "autotile": 1.0, "autotile_index": 0.0, "tileset": "bg_tilefreezer", "coord": [ 3.0, 0.0 ] }, "800_0": { "autotile": 1.0, "autotile_index": 0.0, "tileset": "bg_tilefreezer", "coord": [ 4.0, 4.0 ] }, "480_512": { "autotile": 1.0, "autotile_index": 0.0, "tileset": "bg_tilefreezer", "coord": [ 8.0, 2.0 ] }, "-1280_384": { "coord": [ 1.0, 4.0 ], "autotile_index": 0.0, "tileset": "cold_rock_tiles", "autotile": 0.0 }, "896_32": { "autotile": 1.0, "autotile_index": 0.0, "tileset": "bg_tilefreezer", "coord": [ 1.0, 2.0 ] }, "-96_352": { "autotile": 1.0, "autotile_index": 0.0, "tileset": "bg_tilefreezer", "coord": [ 4.0, 3.0 ] }, "640_416": { "autotile": 1.0, "autotile_index": 0.0, "tileset": "bg_tilefreezer", "coord": [ 8.0, 2.0 ] }, "224_480": { "autotile": 1.0, "autotile_index": 0.0, "tileset": "bg_tilefreezer", "coord": [ 8.0, 2.0 ] }, "-1312_-64": { "autotile": 1.0, "autotile_index": 0.0, "tileset": "bg_tilefreezer", "coord": [ 2.0, 4.0 ] }, "-672_448": { "autotile": 1.0, "autotile_index": 0.0, "tileset": "bg_tilefreezer", "coord": [ 8.0, 2.0 ] }, "768_288": { "autotile": 1.0, "autotile_index": 0.0, "tileset": "bg_tilefreezer", "coord": [ 8.0, 2.0 ] }, "-1312_-128": { "autotile": 1.0, "autotile_index": 0.0, "tileset": "bg_tilefreezer", "coord": [ 8.0, 2.0 ] }, "64_160": { "autotile": 1.0, "autotile_index": 0.0, "tileset": "bg_tilefreezer", "coord": [ 2.0, 0.0 ] }, "-1664_32": { "autotile": 1.0, "autotile_index": 0.0, "tileset": "bg_tilefreezer", "coord": [ 8.0, 2.0 ] }, "-128_512": { "autotile": 1.0, "autotile_index": 0.0, "tileset": "bg_tilefreezer", "coord": [ 8.0, 2.0 ] }, "864_480": { "autotile": 1.0, "autotile_index": 0.0, "tileset": "bg_tilefreezer", "coord": [ 8.0, 2.0 ] }, "-1248_320": { "coord": [ 2.0, 2.0 ], "autotile_index": 0.0, "tileset": "cold_rock_tiles", "autotile": 0.0 }, "320_192": { "autotile": 0.0, "autotile_index": 0.0, "tileset": "bg_tilefreezer", "coord": [ 13.0, 18.0 ] }, "-1568_-96": { "autotile": 1.0, "autotile_index": 0.0, "tileset": "bg_tilefreezer", "coord": [ 8.0, 2.0 ] }, "-1440_-96": { "autotile": 1.0, "autotile_index": 0.0, "tileset": "bg_tilefreezer", "coord": [ 8.0, 2.0 ] }, "704_224": { "autotile": 1.0, "autotile_index": 0.0, "tileset": "bg_tilefreezer", "coord": [ 8.0, 2.0 ] }, "736_448": { "autotile": 1.0, "autotile_index": 0.0, "tileset": "bg_tilefreezer", "coord": [ 8.0, 2.0 ] }, "-1504_416": { "autotile": 1.0, "autotile_index": 0.0, "tileset": "bg_tilefreezer", "coord": [ 4.0, 0.0 ] }, "-1536_-96": { "autotile": 1.0, "autotile_index": 0.0, "tileset": "bg_tilefreezer", "coord": [ 8.0, 2.0 ] }, "640_-32": { "autotile": 1.0, "autotile_index": 0.0, "tileset": "bg_tilefreezer", "coord": [ 1.0, 1.0 ] }, "192_480": { "autotile": 1.0, "autotile_index": 0.0, "tileset": "bg_tilefreezer", "coord": [ 8.0, 2.0 ] }, "-64_416": { "autotile": 1.0, "autotile_index": 0.0, "tileset": "bg_tilefreezer", "coord": [ 8.0, 2.0 ] }, "288_192": { "autotile": 0.0, "autotile_index": 0.0, "tileset": "bg_tilefreezer", "coord": [ 15.0, 18.0 ] }, "-1024_480": { "autotile": 1.0, "autotile_index": 0.0, "tileset": "bg_tilefreezer", "coord": [ 8.0, 2.0 ] }, "-1056_384": { "autotile": 1.0, "autotile_index": 0.0, "tileset": "bg_tilefreezer", "coord": [ 8.0, 2.0 ] }, "832_352": { "autotile": 1.0, "autotile_index": 0.0, "tileset": "bg_tilefreezer", "coord": [ 8.0, 2.0 ] }, "-160_416": { "autotile": 1.0, "autotile_index": 0.0, "tileset": "bg_tilefreezer", "coord": [ 2.0, 0.0 ] }, "832_0": { "autotile": 1.0, "autotile_index": 0.0, "tileset": "bg_tilefreezer", "coord": [ 2.0, 4.0 ] }, "640_384": { "autotile": 1.0, "autotile_index": 0.0, "tileset": "bg_tilefreezer", "coord": [ 8.0, 2.0 ] }, "-896_480": { "autotile": 1.0, "autotile_index": 0.0, "tileset": "bg_tilefreezer", "coord": [ 8.0, 2.0 ] }, "-928_480": { "autotile": 1.0, "autotile_index": 0.0, "tileset": "bg_tilefreezer", "coord": [ 8.0, 2.0 ] }, "-1568_288": { "autotile": 1.0, "autotile_index": 0.0, "tileset": "bg_tilefreezer", "coord": [ 5.0, 3.0 ] }, "672_448": { "autotile": 1.0, "autotile_index": 0.0, "tileset": "bg_tilefreezer", "coord": [ 8.0, 2.0 ] }, "-1088_416": { "autotile": 1.0, "autotile_index": 0.0, "tileset": "bg_tilefreezer", "coord": [ 8.0, 2.0 ] }, "-1664_480": { "autotile": 1.0, "autotile_index": 0.0, "tileset": "bg_tilefreezer", "coord": [ 8.0, 2.0 ] }, "928_-128": { "autotile": 1.0, "autotile_index": 0.0, "tileset": "bg_tilefreezer", "coord": [ 8.0, 2.0 ] }, "992_448": { "autotile": 1.0, "autotile_index": 0.0, "tileset": "bg_tilefreezer", "coord": [ 8.0, 2.0 ] }, "-640_512": { "autotile": 1.0, "autotile_index": 0.0, "tileset": "bg_tilefreezer", "coord": [ 8.0, 2.0 ] }, "-992_480": { "autotile": 1.0, "autotile_index": 0.0, "tileset": "bg_tilefreezer", "coord": [ 8.0, 2.0 ] }, "-672_224": { "autotile": 0.0, "autotile_index": 0.0, "tileset": "bg_tilefreezer", "coord": [ 12.0, 18.0 ] }, "-1152_480": { "autotile": 1.0, "autotile_index": 0.0, "tileset": "bg_tilefreezer", "coord": [ 8.0, 2.0 ] }, "0_224": { "autotile": 1.0, "autotile_index": 0.0, "tileset": "bg_tilefreezer", "coord": [ 8.0, 2.0 ] }, "-1248_-96": { "autotile": 1.0, "autotile_index": 0.0, "tileset": "bg_tilefreezer", "coord": [ 8.0, 2.0 ] }, "-1152_352": { "autotile": 1.0, "autotile_index": 0.0, "tileset": "bg_tilefreezer", "coord": [ 2.0, 0.0 ] }, "-1248_480": { "autotile": 1.0, "autotile_index": 0.0, "tileset": "bg_tilefreezer", "coord": [ 8.0, 2.0 ] }, "-1312_448": { "autotile": 1.0, "autotile_index": 0.0, "tileset": "bg_tilefreezer", "coord": [ 8.0, 2.0 ] }, "-64_320": { "autotile": 1.0, "autotile_index": 0.0, "tileset": "bg_tilefreezer", "coord": [ 8.0, 2.0 ] }, "-1376_-128": { "autotile": 1.0, "autotile_index": 0.0, "tileset": "bg_tilefreezer", "coord": [ 8.0, 2.0 ] }, "-32_384": { "autotile": 1.0, "autotile_index": 0.0, "tileset": "bg_tilefreezer", "coord": [ 8.0, 2.0 ] }, "-96_192": { "autotile": 1.0, "autotile_index": 0.0, "tileset": "bg_tilefreezer", "coord": [ 4.0, 1.0 ] }, "-256_416": { "autotile": 1.0, "autotile_index": 0.0, "tileset": "bg_tilefreezer", "coord": [ 3.0, 0.0 ] }, "32_256": { "autotile": 1.0, "autotile_index": 0.0, "tileset": "bg_tilefreezer", "coord": [ 8.0, 2.0 ] }, "-192_416": { "autotile": 1.0, "autotile_index": 0.0, "tileset": "bg_tilefreezer", "coord": [ 3.0, 0.0 ] }, "-960_0": { "autotile": 1.0, "autotile_index": 0.0, "tileset": "bg_tilefreezer", "coord": [ 1.0, 1.0 ] }, "864_384": { "autotile": 1.0, "autotile_index": 0.0, "tileset": "bg_tilefreezer", "coord": [ 8.0, 2.0 ] }, "960_160": { "autotile": 1.0, "autotile_index": 0.0, "tileset": "bg_tilefreezer", "coord": [ 8.0, 2.0 ] }, "64_224": { "autotile": 1.0, "autotile_index": 0.0, "tileset": "bg_tilefreezer", "coord": [ 8.0, 2.0 ] }, "-320_480": { "autotile": 1.0, "autotile_index": 0.0, "tileset": "bg_tilefreezer", "coord": [ 8.0, 2.0 ] }, "-992_256": { "autotile": 1.0, "autotile_index": 0.0, "tileset": "bg_tilefreezer", "coord": [ 1.0, 0.0 ] }, "-1600_416": { "autotile": 1.0, "autotile_index": 0.0, "tileset": "bg_tilefreezer", "coord": [ 8.0, 2.0 ] }, "-928_0": { "autotile": 1.0, "autotile_index": 0.0, "tileset": "bg_tilefreezer", "coord": [ 5.0, 3.0 ] }, "-1184_448": { "autotile": 1.0, "autotile_index": 0.0, "tileset": "bg_tilefreezer", "coord": [ 8.0, 2.0 ] }, "768_0": { "autotile": 1.0, "autotile_index": 0.0, "tileset": "bg_tilefreezer", "coord": [ 3.0, 4.0 ] }, "672_256": { "autotile": 1.0, "autotile_index": 0.0, "tileset": "bg_tilefreezer", "coord": [ 8.0, 2.0 ] }, "800_256": { "autotile": 1.0, "autotile_index": 0.0, "tileset": "bg_tilefreezer", "coord": [ 8.0, 2.0 ] }, "64_416": { "autotile": 1.0, "autotile_index": 0.0, "tileset": "bg_tilefreezer", "coord": [ 8.0, 2.0 ] }, "-928_-128": { "autotile": 1.0, "autotile_index": 0.0, "tileset": "bg_tilefreezer", "coord": [ 5.0, 2.0 ] }, "-1184_384": { "autotile": 1.0, "autotile_index": 0.0, "tileset": "bg_tilefreezer", "coord": [ 1.0, 2.0 ] }, "960_224": { "autotile": 1.0, "autotile_index": 0.0, "tileset": "bg_tilefreezer", "coord": [ 8.0, 2.0 ] }, "128_448": { "autotile": 1.0, "autotile_index": 0.0, "tileset": "bg_tilefreezer", "coord": [ 8.0, 2.0 ] }, "-96_512": { "autotile": 1.0, "autotile_index": 0.0, "tileset": "bg_tilefreezer", "coord": [ 8.0, 2.0 ] }, "-992_-96": { "autotile": 1.0, "autotile_index": 0.0, "tileset": "bg_tilefreezer", "coord": [ 8.0, 2.0 ] }, "800_-128": { "autotile": 1.0, "autotile_index": 0.0, "tileset": "bg_tilefreezer", "coord": [ 8.0, 2.0 ] }, "800_352": { "autotile": 1.0, "autotile_index": 0.0, "tileset": "bg_tilefreezer", "coord": [ 8.0, 2.0 ] }, "928_288": { "autotile": 1.0, "autotile_index": 0.0, "tileset": "bg_tilefreezer", "coord": [ 8.0, 2.0 ] }, "960_256": { "autotile": 1.0, "autotile_index": 0.0, "tileset": "bg_tilefreezer", "coord": [ 8.0, 2.0 ] }, "608_416": { "autotile": 1.0, "autotile_index": 0.0, "tileset": "bg_tilefreezer", "coord": [ 8.0, 2.0 ] }, "-1184_480": { "autotile": 1.0, "autotile_index": 0.0, "tileset": "bg_tilefreezer", "coord": [ 8.0, 2.0 ] }, "768_320": { "autotile": 1.0, "autotile_index": 0.0, "tileset": "bg_tilefreezer", "coord": [ 8.0, 2.0 ] }, "672_192": { "autotile": 1.0, "autotile_index": 0.0, "tileset": "bg_tilefreezer", "coord": [ 8.0, 2.0 ] }, "640_256": { "autotile": 1.0, "autotile_index": 0.0, "tileset": "bg_tilefreezer", "coord": [ 8.0, 2.0 ] }, "608_352": { "autotile": 1.0, "autotile_index": 0.0, "tileset": "bg_tilefreezer", "coord": [ 8.0, 2.0 ] }, "-1024_448": { "autotile": 1.0, "autotile_index": 0.0, "tileset": "bg_tilefreezer", "coord": [ 8.0, 2.0 ] }, "-1632_288": { "autotile": 1.0, "autotile_index": 0.0, "tileset": "bg_tilefreezer", "coord": [ 8.0, 2.0 ] }, "-1664_-32": { "autotile": 1.0, "autotile_index": 0.0, "tileset": "bg_tilefreezer", "coord": [ 8.0, 2.0 ] }, "224_416": { "autotile": 1.0, "autotile_index": 0.0, "tileset": "bg_tilefreezer", "coord": [ 3.0, 0.0 ] }, "-864_512": { "autotile": 1.0, "autotile_index": 0.0, "tileset": "bg_tilefreezer", "coord": [ 8.0, 2.0 ] }, "-1056_352": { "autotile": 1.0, "autotile_index": 0.0, "tileset": "bg_tilefreezer", "coord": [ 3.0, 0.0 ] }, "864_352": { "autotile": 1.0, "autotile_index": 0.0, "tileset": "bg_tilefreezer", "coord": [ 8.0, 2.0 ] }, "832_224": { "autotile": 1.0, "autotile_index": 0.0, "tileset": "bg_tilefreezer", "coord": [ 8.0, 2.0 ] }, "608_480": { "autotile": 1.0, "autotile_index": 0.0, "tileset": "bg_tilefreezer", "coord": [ 8.0, 2.0 ] }, "-1280_448": { "autotile": 1.0, "autotile_index": 0.0, "tileset": "bg_tilefreezer", "coord": [ 8.0, 2.0 ] }, "992_128": { "autotile": 1.0, "autotile_index": 0.0, "tileset": "bg_tilefreezer", "coord": [ 8.0, 2.0 ] }, "256_448": { "autotile": 1.0, "autotile_index": 0.0, "tileset": "bg_tilefreezer", "coord": [ 8.0, 2.0 ] }, "-128_416": { "autotile": 1.0, "autotile_index": 0.0, "tileset": "bg_tilefreezer", "coord": [ 4.0, 3.0 ] }, "-448_448": { "autotile": 1.0, "autotile_index": 0.0, "tileset": "bg_tilefreezer", "coord": [ 8.0, 2.0 ] }, "-608_416": { "autotile": 1.0, "autotile_index": 0.0, "tileset": "bg_tilefreezer", "coord": [ 2.0, 0.0 ] }, "-1280_416": { "autotile": 1.0, "autotile_index": 0.0, "tileset": "bg_tilefreezer", "coord": [ 2.0, 0.0 ] }, "608_192": { "autotile": 1.0, "autotile_index": 0.0, "tileset": "bg_tilefreezer", "coord": [ 8.0, 2.0 ] }, "192_448": { "autotile": 1.0, "autotile_index": 0.0, "tileset": "bg_tilefreezer", "coord": [ 8.0, 2.0 ] }, "896_0": { "autotile": 1.0, "autotile_index": 0.0, "tileset": "bg_tilefreezer", "coord": [ 4.0, 1.0 ] }, "-960_64": { "autotile": 1.0, "autotile_index": 0.0, "tileset": "bg_tilefreezer", "coord": [ 1.0, 3.0 ] }, "800_160": { "autotile": 1.0, "autotile_index": 0.0, "tileset": "bg_tilefreezer", "coord": [ 2.0, 0.0 ] }, "352_416": { "autotile": 1.0, "autotile_index": 0.0, "tileset": "bg_tilefreezer", "coord": [ 3.0, 0.0 ] }, "-1312_320": { "coord": [ 0.0, 2.0 ], "autotile_index": 0.0, "tileset": "cold_rock_tiles", "autotile": 0.0 }, "0_352": { "autotile": 1.0, "autotile_index": 0.0, "tileset": "bg_tilefreezer", "coord": [ 8.0, 2.0 ] }, "-1568_0": { "autotile": 1.0, "autotile_index": 0.0, "tileset": "bg_tilefreezer", "coord": [ 5.0, 2.0 ] }, "-1024_-64": { "autotile": 1.0, "autotile_index": 0.0, "tileset": "bg_tilefreezer", "coord": [ 4.0, 4.0 ] }, "-384_448": { "autotile": 1.0, "autotile_index": 0.0, "tileset": "bg_tilefreezer", "coord": [ 8.0, 2.0 ] }, "-1536_416": { "autotile": 1.0, "autotile_index": 0.0, "tileset": "bg_tilefreezer", "coord": [ 3.0, 0.0 ] }, "-768_480": { "autotile": 1.0, "autotile_index": 0.0, "tileset": "bg_tilefreezer", "coord": [ 8.0, 2.0 ] }, "960_128": { "autotile": 1.0, "autotile_index": 0.0, "tileset": "bg_tilefreezer", "coord": [ 8.0, 2.0 ] }, "544_512": { "autotile": 1.0, "autotile_index": 0.0, "tileset": "bg_tilefreezer", "coord": [ 8.0, 2.0 ] }, "96_224": { "autotile": 1.0, "autotile_index": 0.0, "tileset": "bg_tilefreezer", "coord": [ 5.0, 1.0 ] }, "-1504_512": { "autotile": 1.0, "autotile_index": 0.0, "tileset": "bg_tilefreezer", "coord": [ 8.0, 2.0 ] }, "-1632_64": { "autotile": 1.0, "autotile_index": 0.0, "tileset": "bg_tilefreezer", "coord": [ 8.0, 2.0 ] }, "-1120_416": { "autotile": 1.0, "autotile_index": 0.0, "tileset": "bg_tilefreezer", "coord": [ 8.0, 2.0 ] }, "-608_480": { "autotile": 1.0, "autotile_index": 0.0, "tileset": "bg_tilefreezer", "coord": [ 8.0, 2.0 ] }, "-704_448": { "autotile": 1.0, "autotile_index": 0.0, "tileset": "bg_tilefreezer", "coord": [ 8.0, 2.0 ] }, "-64_224": { "autotile": 1.0, "autotile_index": 0.0, "tileset": "bg_tilefreezer", "coord": [ 8.0, 2.0 ] }, "736_512": { "autotile": 1.0, "autotile_index": 0.0, "tileset": "bg_tilefreezer", "coord": [ 8.0, 2.0 ] }, "160_448": { "autotile": 1.0, "autotile_index": 0.0, "tileset": "bg_tilefreezer", "coord": [ 8.0, 2.0 ] }, "960_288": { "autotile": 1.0, "autotile_index": 0.0, "tileset": "bg_tilefreezer", "coord": [ 8.0, 2.0 ] }, "-1344_-128": { "autotile": 1.0, "autotile_index": 0.0, "tileset": "bg_tilefreezer", "coord": [ 8.0, 2.0 ] }, "-928_384": { "autotile": 1.0, "autotile_index": 0.0, "tileset": "bg_tilefreezer", "coord": [ 8.0, 2.0 ] }, "-1568_448": { "autotile": 1.0, "autotile_index": 0.0, "tileset": "bg_tilefreezer", "coord": [ 8.0, 2.0 ] }, "-32_256": { "autotile": 1.0, "autotile_index": 0.0, "tileset": "bg_tilefreezer", "coord": [ 8.0, 2.0 ] }, "-1632_320": { "autotile": 1.0, "autotile_index": 0.0, "tileset": "bg_tilefreezer", "coord": [ 8.0, 2.0 ] }, "160_480": { "autotile": 1.0, "autotile_index": 0.0, "tileset": "bg_tilefreezer", "coord": [ 8.0, 2.0 ] }, "928_448": { "autotile": 1.0, "autotile_index": 0.0, "tileset": "bg_tilefreezer", "coord": [ 8.0, 2.0 ] }, "-544_448": { "autotile": 1.0, "autotile_index": 0.0, "tileset": "bg_tilefreezer", "coord": [ 8.0, 2.0 ] }, "-1344_416": { "autotile": 1.0, "autotile_index": 0.0, "tileset": "bg_tilefreezer", "coord": [ 4.0, 0.0 ] }, "736_192": { "autotile": 1.0, "autotile_index": 0.0, "tileset": "bg_tilefreezer", "coord": [ 8.0, 2.0 ] }, "96_512": { "autotile": 1.0, "autotile_index": 0.0, "tileset": "bg_tilefreezer", "coord": [ 8.0, 2.0 ] }, "544_448": { "autotile": 1.0, "autotile_index": 0.0, "tileset": "bg_tilefreezer", "coord": [ 8.0, 2.0 ] }, "-320_192": { "autotile": 0.0, "autotile_index": 0.0, "tileset": "bg_tilefreezer", "coord": [ 11.0, 18.0 ] }, "-1152_512": { "autotile": 1.0, "autotile_index": 0.0, "tileset": "bg_tilefreezer", "coord": [ 8.0, 2.0 ] }, "-1632_96": { "autotile": 1.0, "autotile_index": 0.0, "tileset": "bg_tilefreezer", "coord": [ 8.0, 2.0 ] }, "-896_320": { "autotile": 1.0, "autotile_index": 0.0, "tileset": "bg_tilefreezer", "coord": [ 8.0, 2.0 ] }, "-288_480": { "autotile": 1.0, "autotile_index": 0.0, "tileset": "bg_tilefreezer", "coord": [ 8.0, 2.0 ] }, "32_192": { "autotile": 1.0, "autotile_index": 0.0, "tileset": "bg_tilefreezer", "coord": [ 8.0, 2.0 ] }, "-32_160": { "autotile": 1.0, "autotile_index": 0.0, "tileset": "bg_tilefreezer", "coord": [ 2.0, 0.0 ] }, "992_416": { "autotile": 1.0, "autotile_index": 0.0, "tileset": "bg_tilefreezer", "coord": [ 8.0, 2.0 ] }, "-1664_192": { "autotile": 1.0, "autotile_index": 0.0, "tileset": "bg_tilefreezer", "coord": [ 8.0, 2.0 ] }, "-1440_416": { "autotile": 1.0, "autotile_index": 0.0, "tileset": "bg_tilefreezer", "coord": [ 3.0, 0.0 ] }, "576_224": { "autotile": 1.0, "autotile_index": 0.0, "tileset": "bg_tilefreezer", "coord": [ 1.0, 3.0 ] }, "576_160": { "autotile": 1.0, "autotile_index": 0.0, "tileset": "bg_tilefreezer", "coord": [ 1.0, 0.0 ] }, "704_384": { "autotile": 1.0, "autotile_index": 0.0, "tileset": "bg_tilefreezer", "coord": [ 8.0, 2.0 ] }, "-1632_512": { "autotile": 1.0, "autotile_index": 0.0, "tileset": "bg_tilefreezer", "coord": [ 8.0, 2.0 ] }, "-1120_-128": { "autotile": 1.0, "autotile_index": 0.0, "tileset": "bg_tilefreezer", "coord": [ 8.0, 2.0 ] }, "-1088_384": { "autotile": 1.0, "autotile_index": 0.0, "tileset": "bg_tilefreezer", "coord": [ 8.0, 2.0 ] }, "32_352": { "autotile": 1.0, "autotile_index": 0.0, "tileset": "bg_tilefreezer", "coord": [ 8.0, 2.0 ] }, "672_-64": { "autotile": 1.0, "autotile_index": 0.0, "tileset": "bg_tilefreezer", "coord": [ 8.0, 2.0 ] }, "-1536_-64": { "autotile": 1.0, "autotile_index": 0.0, "tileset": "bg_tilefreezer", "coord": [ 4.0, 4.0 ] }, "-1536_512": { "autotile": 1.0, "autotile_index": 0.0, "tileset": "bg_tilefreezer", "coord": [ 8.0, 2.0 ] }, "736_320": { "autotile": 1.0, "autotile_index": 0.0, "tileset": "bg_tilefreezer", "coord": [ 8.0, 2.0 ] }, "960_-32": { "autotile": 1.0, "autotile_index": 0.0, "tileset": "bg_tilefreezer", "coord": [ 8.0, 2.0 ] }, "-64_480": { "autotile": 1.0, "autotile_index": 0.0, "tileset": "bg_tilefreezer", "coord": [ 8.0, 2.0 ] }, "-1632_-64": { "autotile": 1.0, "autotile_index": 0.0, "tileset": "bg_tilefreezer", "coord": [ 8.0, 2.0 ] }, "800_-96": { "autotile": 1.0, "autotile_index": 0.0, "tileset": "bg_tilefreezer", "coord": [ 8.0, 2.0 ] }, "128_416": { "autotile": 1.0, "autotile_index": 0.0, "tileset": "bg_tilefreezer", "coord": [ 2.0, 0.0 ] }, "448_416": { "autotile": 1.0, "autotile_index": 0.0, "tileset": "bg_tilefreezer", "coord": [ 4.0, 0.0 ] }, "-1600_-128": { "autotile": 1.0, "autotile_index": 0.0, "tileset": "bg_tilefreezer", "coord": [ 8.0, 2.0 ] }, "-96_160": { "autotile": 1.0, "autotile_index": 0.0, "tileset": "bg_tilefreezer", "coord": [ 4.0, 0.0 ] }, "512_480": { "autotile": 1.0, "autotile_index": 0.0, "tileset": "bg_tilefreezer", "coord": [ 8.0, 2.0 ] }, "512_416": { "autotile": 1.0, "autotile_index": 0.0, "tileset": "bg_tilefreezer", "coord": [ 2.0, 0.0 ] }, "-928_-64": { "autotile": 1.0, "autotile_index": 0.0, "tileset": "bg_tilefreezer", "coord": [ 5.0, 1.0 ] }, "-1376_-96": { "autotile": 1.0, "autotile_index": 0.0, "tileset": "bg_tilefreezer", "coord": [ 8.0, 2.0 ] }, "64_352": { "autotile": 1.0, "autotile_index": 0.0, "tileset": "bg_tilefreezer", "coord": [ 8.0, 2.0 ] }, "-1664_224": { "autotile": 1.0, "autotile_index": 0.0, "tileset": "bg_tilefreezer", "coord": [ 8.0, 2.0 ] }, "-1600_-32": { "autotile": 1.0, "autotile_index": 0.0, "tileset": "bg_tilefreezer", "coord": [ 8.0, 2.0 ] }, "192_416": { "autotile": 1.0, "autotile_index": 0.0, "tileset": "bg_tilefreezer", "coord": [ 2.0, 0.0 ] }, "736_256": { "autotile": 1.0, "autotile_index": 0.0, "tileset": "bg_tilefreezer", "coord": [ 8.0, 2.0 ] }, "-928_320": { "autotile": 1.0, "autotile_index": 0.0, "tileset": "bg_tilefreezer", "coord": [ 8.0, 2.0 ] }, "992_-64": { "autotile": 1.0, "autotile_index": 0.0, "tileset": "bg_tilefreezer", "coord": [ 8.0, 2.0 ] }, "32_416": { "autotile": 1.0, "autotile_index": 0.0, "tileset": "bg_tilefreezer", "coord": [ 8.0, 2.0 ] }, "672_224": { "autotile": 1.0, "autotile_index": 0.0, "tileset": "bg_tilefreezer", "coord": [ 8.0, 2.0 ] }, "-384_416": { "autotile": 1.0, "autotile_index": 0.0, "tileset": "bg_tilefreezer", "coord": [ 4.0, 0.0 ] }, "-512_480": { "autotile": 1.0, "autotile_index": 0.0, "tileset": "bg_tilefreezer", "coord": [ 8.0, 2.0 ] }, "-416_512": { "autotile": 1.0, "autotile_index": 0.0, "tileset": "bg_tilefreezer", "coord": [ 8.0, 2.0 ] }, "-192_448": { "autotile": 1.0, "autotile_index": 0.0, "tileset": "bg_tilefreezer", "coord": [ 8.0, 2.0 ] }, "-1664_64": { "autotile": 1.0, "autotile_index": 0.0, "tileset": "bg_tilefreezer", "coord": [ 8.0, 2.0 ] }, "0_480": { "autotile": 1.0, "autotile_index": 0.0, "tileset": "bg_tilefreezer", "coord": [ 8.0, 2.0 ] }, "-1184_-96": { "autotile": 1.0, "autotile_index": 0.0, "tileset": "bg_tilefreezer", "coord": [ 8.0, 2.0 ] }, "-960_-96": { "autotile": 1.0, "autotile_index": 0.0, "tileset": "bg_tilefreezer", "coord": [ 8.0, 2.0 ] }, "-1472_-96": { "autotile": 1.0, "autotile_index": 0.0, "tileset": "bg_tilefreezer", "coord": [ 8.0, 2.0 ] }, "800_192": { "autotile": 1.0, "autotile_index": 0.0, "tileset": "bg_tilefreezer", "coord": [ 8.0, 2.0 ] }, "320_480": { "autotile": 1.0, "autotile_index": 0.0, "tileset": "bg_tilefreezer", "coord": [ 8.0, 2.0 ] }, "704_512": { "autotile": 1.0, "autotile_index": 0.0, "tileset": "bg_tilefreezer", "coord": [ 8.0, 2.0 ] }, "-1152_-96": { "autotile": 1.0, "autotile_index": 0.0, "tileset": "bg_tilefreezer", "coord": [ 8.0, 2.0 ] }, "896_-96": { "autotile": 1.0, "autotile_index": 0.0, "tileset": "bg_tilefreezer", "coord": [ 8.0, 2.0 ] }, "672_320": { "autotile": 1.0, "autotile_index": 0.0, "tileset": "bg_tilefreezer", "coord": [ 8.0, 2.0 ] }, "-1664_448": { "autotile": 1.0, "autotile_index": 0.0, "tileset": "bg_tilefreezer", "coord": [ 8.0, 2.0 ] }, "736_0": { "autotile": 1.0, "autotile_index": 0.0, "tileset": "bg_tilefreezer", "coord": [ 3.0, 4.0 ] }, "-256_480": { "autotile": 1.0, "autotile_index": 0.0, "tileset": "bg_tilefreezer", "coord": [ 8.0, 2.0 ] }, "576_352": { "autotile": 1.0, "autotile_index": 0.0, "tileset": "bg_tilefreezer", "coord": [ 1.0, 3.0 ] }, "-1312_480": { "autotile": 1.0, "autotile_index": 0.0, "tileset": "bg_tilefreezer", "coord": [ 8.0, 2.0 ] }, "-1408_-96": { "autotile": 1.0, "autotile_index": 0.0, "tileset": "bg_tilefreezer", "coord": [ 8.0, 2.0 ] }, "-1664_0": { "autotile": 1.0, "autotile_index": 0.0, "tileset": "bg_tilefreezer", "coord": [ 8.0, 2.0 ] }, "512_512": { "autotile": 1.0, "autotile_index": 0.0, "tileset": "bg_tilefreezer", "coord": [ 8.0, 2.0 ] }, "-32_352": { "autotile": 1.0, "autotile_index": 0.0, "tileset": "bg_tilefreezer", "coord": [ 8.0, 2.0 ] }, "-640_480": { "autotile": 1.0, "autotile_index": 0.0, "tileset": "bg_tilefreezer", "coord": [ 8.0, 2.0 ] }, "-832_352": { "autotile": 1.0, "autotile_index": 0.0, "tileset": "bg_tilefreezer", "coord": [ 5.0, 2.0 ] }, "160_416": { "autotile": 1.0, "autotile_index": 0.0, "tileset": "bg_tilefreezer", "coord": [ 2.0, 0.0 ] }, "32_320": { "autotile": 1.0, "autotile_index": 0.0, "tileset": "bg_tilefreezer", "coord": [ 8.0, 2.0 ] }, "896_512": { "autotile": 1.0, "autotile_index": 0.0, "tileset": "bg_tilefreezer", "coord": [ 8.0, 2.0 ] }, "-1376_448": { "autotile": 1.0, "autotile_index": 0.0, "tileset": "bg_tilefreezer", "coord": [ 8.0, 2.0 ] }, "-1600_0": { "autotile": 1.0, "autotile_index": 0.0, "tileset": "bg_tilefreezer", "coord": [ 8.0, 2.0 ] }, "256_512": { "autotile": 1.0, "autotile_index": 0.0, "tileset": "bg_tilefreezer", "coord": [ 8.0, 2.0 ] }, "384_512": { "autotile": 1.0, "autotile_index": 0.0, "tileset": "bg_tilefreezer", "coord": [ 8.0, 2.0 ] }, "-1216_480": { "autotile": 1.0, "autotile_index": 0.0, "tileset": "bg_tilefreezer", "coord": [ 8.0, 2.0 ] }, "-960_480": { "autotile": 1.0, "autotile_index": 0.0, "tileset": "bg_tilefreezer", "coord": [ 8.0, 2.0 ] }, "-1600_448": { "autotile": 1.0, "autotile_index": 0.0, "tileset": "bg_tilefreezer", "coord": [ 8.0, 2.0 ] }, "-1600_32": { "autotile": 1.0, "autotile_index": 0.0, "tileset": "bg_tilefreezer", "coord": [ 8.0, 2.0 ] }, "992_352": { "autotile": 1.0, "autotile_index": 0.0, "tileset": "bg_tilefreezer", "coord": [ 8.0, 2.0 ] }, "-1344_-64": { "autotile": 1.0, "autotile_index": 0.0, "tileset": "bg_tilefreezer", "coord": [ 4.0, 4.0 ] }, "-896_416": { "autotile": 1.0, "autotile_index": 0.0, "tileset": "bg_tilefreezer", "coord": [ 8.0, 2.0 ] }, "-992_288": { "autotile": 1.0, "autotile_index": 0.0, "tileset": "bg_tilefreezer", "coord": [ 1.0, 3.0 ] }, "992_384": { "autotile": 1.0, "autotile_index": 0.0, "tileset": "bg_tilefreezer", "coord": [ 8.0, 2.0 ] }, "-224_512": { "autotile": 1.0, "autotile_index": 0.0, "tileset": "bg_tilefreezer", "coord": [ 8.0, 2.0 ] }, "32_512": { "autotile": 1.0, "autotile_index": 0.0, "tileset": "bg_tilefreezer", "coord": [ 8.0, 2.0 ] }, "-928_512": { "autotile": 1.0, "autotile_index": 0.0, "tileset": "bg_tilefreezer", "coord": [ 8.0, 2.0 ] }, "960_0": { "autotile": 1.0, "autotile_index": 0.0, "tileset": "bg_tilefreezer", "coord": [ 8.0, 2.0 ] }, "-1152_416": { "autotile": 1.0, "autotile_index": 0.0, "tileset": "bg_tilefreezer", "coord": [ 8.0, 2.0 ] }, "-896_448": { "autotile": 1.0, "autotile_index": 0.0, "tileset": "bg_tilefreezer", "coord": [ 8.0, 2.0 ] }, "-1024_-128": { "autotile": 1.0, "autotile_index": 0.0, "tileset": "bg_tilefreezer", "coord": [ 8.0, 2.0 ] }, "736_-64": { "autotile": 1.0, "autotile_index": 0.0, "tileset": "bg_tilefreezer", "coord": [ 8.0, 2.0 ] }, "576_512": { "autotile": 1.0, "autotile_index": 0.0, "tileset": "bg_tilefreezer", "coord": [ 8.0, 2.0 ] }, "-1568_-32": { "autotile": 1.0, "autotile_index": 0.0, "tileset": "bg_tilefreezer", "coord": [ 5.0, 1.0 ] }, "832_448": { "autotile": 1.0, "autotile_index": 0.0, "tileset": "bg_tilefreezer", "coord": [ 8.0, 2.0 ] }, "-96_384": { "autotile": 1.0, "autotile_index": 0.0, "tileset": "bg_tilefreezer", "coord": [ 8.0, 2.0 ] }, "800_544": { "autotile": 1.0, "autotile_index": 0.0, "tileset": "bg_tilefreezer", "coord": [ 0.0, 0.0 ] }, "-736_512": { "autotile": 1.0, "autotile_index": 0.0, "tileset": "bg_tilefreezer", "coord": [ 8.0, 2.0 ] }, "608_224": { "autotile": 1.0, "autotile_index": 0.0, "tileset": "bg_tilefreezer", "coord": [ 8.0, 2.0 ] }, "768_-32": { "autotile": 1.0, "autotile_index": 0.0, "tileset": "bg_tilefreezer", "coord": [ 8.0, 2.0 ] }, "576_480": { "autotile": 1.0, "autotile_index": 0.0, "tileset": "bg_tilefreezer", "coord": [ 8.0, 2.0 ] }, "-160_448": { "autotile": 1.0, "autotile_index": 0.0, "tileset": "bg_tilefreezer", "coord": [ 8.0, 2.0 ] }, "-1280_320": { "coord": [ 1.0, 2.0 ], "autotile_index": 0.0, "tileset": "cold_rock_tiles", "autotile": 0.0 }, "-832_480": { "autotile": 1.0, "autotile_index": 0.0, "tileset": "bg_tilefreezer", "coord": [ 8.0, 2.0 ] }, "704_-128": { "autotile": 1.0, "autotile_index": 0.0, "tileset": "bg_tilefreezer", "coord": [ 8.0, 2.0 ] }, "96_416": { "autotile": 1.0, "autotile_index": 0.0, "tileset": "bg_tilefreezer", "coord": [ 2.0, 3.0 ] }, "-800_480": { "autotile": 1.0, "autotile_index": 0.0, "tileset": "bg_tilefreezer", "coord": [ 8.0, 2.0 ] }, "736_288": { "autotile": 1.0, "autotile_index": 0.0, "tileset": "bg_tilefreezer", "coord": [ 8.0, 2.0 ] }, "-928_128": { "autotile": 1.0, "autotile_index": 0.0, "tileset": "bg_tilefreezer", "coord": [ 5.0, 4.0 ] }, "768_192": { "autotile": 1.0, "autotile_index": 0.0, "tileset": "bg_tilefreezer", "coord": [ 8.0, 2.0 ] }, "352_512": { "autotile": 1.0, "autotile_index": 0.0, "tileset": "bg_tilefreezer", "coord": [ 8.0, 2.0 ] }, "288_416": { "autotile": 1.0, "autotile_index": 0.0, "tileset": "bg_tilefreezer", "coord": [ 4.0, 0.0 ] }, "-1120_480": { "autotile": 1.0, "autotile_index": 0.0, "tileset": "bg_tilefreezer", "coord": [ 8.0, 2.0 ] }, "-1184_512": { "autotile": 1.0, "autotile_index": 0.0, "tileset": "bg_tilefreezer", "coord": [ 8.0, 2.0 ] }, "896_-32": { "autotile": 1.0, "autotile_index": 0.0, "tileset": "bg_tilefreezer", "coord": [ 8.0, 2.0 ] }, "640_-128": { "autotile": 1.0, "autotile_index": 0.0, "tileset": "bg_tilefreezer", "coord": [ 1.0, 3.0 ] }, "-1632_160": { "autotile": 1.0, "autotile_index": 0.0, "tileset": "bg_tilefreezer", "coord": [ 8.0, 2.0 ] }, "960_512": { "autotile": 1.0, "autotile_index": 0.0, "tileset": "bg_tilefreezer", "coord": [ 8.0, 2.0 ] }, "-1568_320": { "autotile": 1.0, "autotile_index": 0.0, "tileset": "bg_tilefreezer", "coord": [ 5.0, 2.0 ] }, "800_-32": { "autotile": 1.0, "autotile_index": 0.0, "tileset": "bg_tilefreezer", "coord": [ 8.0, 2.0 ] }, "288_512": { "autotile": 1.0, "autotile_index": 0.0, "tileset": "bg_tilefreezer", "coord": [ 8.0, 2.0 ] }, "-960_-64": { "autotile": 1.0, "autotile_index": 0.0, "tileset": "bg_tilefreezer", "coord": [ 4.0, 1.0 ] }, "-1408_480": { "autotile": 1.0, "autotile_index": 0.0, "tileset": "bg_tilefreezer", "coord": [ 8.0, 2.0 ] }, "-1568_64": { "autotile": 1.0, "autotile_index": 0.0, "tileset": "bg_tilefreezer", "coord": [ 5.0, 1.0 ] }, "-672_480": { "autotile": 1.0, "autotile_index": 0.0, "tileset": "bg_tilefreezer", "coord": [ 8.0, 2.0 ] }, "-1344_448": { "autotile": 1.0, "autotile_index": 0.0, "tileset": "bg_tilefreezer", "coord": [ 8.0, 2.0 ] }, "-320_448": { "autotile": 1.0, "autotile_index": 0.0, "tileset": "bg_tilefreezer", "coord": [ 8.0, 2.0 ] }, "704_-96": { "autotile": 1.0, "autotile_index": 0.0, "tileset": "bg_tilefreezer", "coord": [ 8.0, 2.0 ] }, "640_-64": { "autotile": 1.0, "autotile_index": 0.0, "tileset": "bg_tilefreezer", "coord": [ 1.0, 3.0 ] }, "960_384": { "autotile": 1.0, "autotile_index": 0.0, "tileset": "bg_tilefreezer", "coord": [ 8.0, 2.0 ] }, "-1376_480": { "autotile": 1.0, "autotile_index": 0.0, "tileset": "bg_tilefreezer", "coord": [ 8.0, 2.0 ] }, "-448_480": { "autotile": 1.0, "autotile_index": 0.0, "tileset": "bg_tilefreezer", "coord": [ 8.0, 2.0 ] }, "96_160": { "autotile": 1.0, "autotile_index": 0.0, "tileset": "bg_tilefreezer", "coord": [ 5.0, 0.0 ] }, "-32_224": { "autotile": 1.0, "autotile_index": 0.0, "tileset": "bg_tilefreezer", "coord": [ 8.0, 2.0 ] }, "-96_480": { "autotile": 1.0, "autotile_index": 0.0, "tileset": "bg_tilefreezer", "coord": [ 8.0, 2.0 ] }, "-1248_416": { "autotile": 1.0, "autotile_index": 0.0, "tileset": "bg_tilefreezer", "coord": [ 2.0, 0.0 ] }, "-1568_224": { "autotile": 1.0, "autotile_index": 0.0, "tileset": "bg_tilefreezer", "coord": [ 5.0, 1.0 ] }, "704_288": { "autotile": 1.0, "autotile_index": 0.0, "tileset": "bg_tilefreezer", "coord": [ 8.0, 2.0 ] }, "576_384": { "autotile": 1.0, "autotile_index": 0.0, "tileset": "bg_tilefreezer", "coord": [ 1.0, 2.0 ] }, "704_160": { "autotile": 1.0, "autotile_index": 0.0, "tileset": "bg_tilefreezer", "coord": [ 4.0, 0.0 ] }, "992_512": { "autotile": 1.0, "autotile_index": 0.0, "tileset": "bg_tilefreezer", "coord": [ 8.0, 2.0 ] }, "672_416": { "autotile": 1.0, "autotile_index": 0.0, "tileset": "bg_tilefreezer", "coord": [ 8.0, 2.0 ] }, "-1088_352": { "autotile": 1.0, "autotile_index": 0.0, "tileset": "bg_tilefreezer", "coord": [ 3.0, 0.0 ] }, "-1152_384": { "autotile": 1.0, "autotile_index": 0.0, "tileset": "bg_tilefreezer", "coord": [ 8.0, 2.0 ] }, "768_224": { "autotile": 1.0, "autotile_index": 0.0, "tileset": "bg_tilefreezer", "coord": [ 8.0, 2.0 ] }, "416_416": { "autotile": 1.0, "autotile_index": 0.0, "tileset": "bg_tilefreezer", "coord": [ 2.0, 0.0 ] }, "992_288": { "autotile": 1.0, "autotile_index": 0.0, "tileset": "bg_tilefreezer", "coord": [ 8.0, 2.0 ] }, "-1120_352": { "autotile": 1.0, "autotile_index": 0.0, "tileset": "bg_tilefreezer", "coord": [ 2.0, 0.0 ] }, "-864_288": { "autotile": 1.0, "autotile_index": 0.0, "tileset": "bg_tilefreezer", "coord": [ 8.0, 2.0 ] }, "-1568_96": { "autotile": 1.0, "autotile_index": 0.0, "tileset": "bg_tilefreezer", "coord": [ 5.0, 1.0 ] }, "704_352": { "autotile": 1.0, "autotile_index": 0.0, "tileset": "bg_tilefreezer", "coord": [ 8.0, 2.0 ] }, "-640_448": { "autotile": 1.0, "autotile_index": 0.0, "tileset": "bg_tilefreezer", "coord": [ 8.0, 2.0 ] }, "-1568_192": { "autotile": 1.0, "autotile_index": 0.0, "tileset": "bg_tilefreezer", "coord": [ 5.0, 2.0 ] }, "-1056_512": { "autotile": 1.0, "autotile_index": 0.0, "tileset": "bg_tilefreezer", "coord": [ 8.0, 2.0 ] }, "-96_128": { "autotile": 0.0, "autotile_index": 0.0, "tileset": "bg_tilefreezer", "coord": [ 17.0, 6.0 ] }, "416_192": { "autotile": 0.0, "autotile_index": 0.0, "tileset": "bg_tilefreezer", "coord": [ 16.0, 18.0 ] }, "-64_448": { "autotile": 1.0, "autotile_index": 0.0, "tileset": "bg_tilefreezer", "coord": [ 8.0, 2.0 ] }, "64_480": { "autotile": 1.0, "autotile_index": 0.0, "tileset": "bg_tilefreezer", "coord": [ 8.0, 2.0 ] }, "-1664_416": { "autotile": 1.0, "autotile_index": 0.0, "tileset": "bg_tilefreezer", "coord": [ 8.0, 2.0 ] }, "800_224": { "autotile": 1.0, "autotile_index": 0.0, "tileset": "bg_tilefreezer", "coord": [ 8.0, 2.0 ] }, "-1632_32": { "autotile": 1.0, "autotile_index": 0.0, "tileset": "bg_tilefreezer", "coord": [ 8.0, 2.0 ] }, "896_256": { "autotile": 1.0, "autotile_index": 0.0, "tileset": "bg_tilefreezer", "coord": [ 8.0, 2.0 ] }, "-768_416": { "autotile": 1.0, "autotile_index": 0.0, "tileset": "bg_tilefreezer", "coord": [ 4.0, 0.0 ] }, "-64_352": { "autotile": 1.0, "autotile_index": 0.0, "tileset": "bg_tilefreezer", "coord": [ 8.0, 2.0 ] }, "-512_512": { "autotile": 1.0, "autotile_index": 0.0, "tileset": "bg_tilefreezer", "coord": [ 8.0, 2.0 ] }, "-1280_352": { "coord": [ 1.0, 3.0 ], "autotile_index": 0.0, "tileset": "cold_rock_tiles", "autotile": 0.0 }, "576_192": { "autotile": 1.0, "autotile_index": 0.0, "tileset": "bg_tilefreezer", "coord": [ 1.0, 3.0 ] }, "-96_416": { "autotile": 1.0, "autotile_index": 0.0, "tileset": "bg_tilefreezer", "coord": [ 8.0, 2.0 ] }, "64_320": { "autotile": 1.0, "autotile_index": 0.0, "tileset": "bg_tilefreezer", "coord": [ 8.0, 2.0 ] }, "608_384": { "autotile": 1.0, "autotile_index": 0.0, "tileset": "bg_tilefreezer", "coord": [ 8.0, 2.0 ] }, "-1216_-64": { "autotile": 1.0, "autotile_index": 0.0, "tileset": "bg_tilefreezer", "coord": [ 2.0, 4.0 ] }, "-864_416": { "autotile": 1.0, "autotile_index": 0.0, "tileset": "bg_tilefreezer", "coord": [ 8.0, 2.0 ] }, "928_96": { "autotile": 1.0, "autotile_index": 0.0, "tileset": "bg_tilefreezer", "coord": [ 8.0, 2.0 ] }, "32_160": { "autotile": 1.0, "autotile_index": 0.0, "tileset": "bg_tilefreezer", "coord": [ 4.0, 0.0 ] }, "992_224": { "autotile": 1.0, "autotile_index": 0.0, "tileset": "bg_tilefreezer", "coord": [ 8.0, 2.0 ] }, "-1632_-32": { "autotile": 1.0, "autotile_index": 0.0, "tileset": "bg_tilefreezer", "coord": [ 8.0, 2.0 ] }, "-1472_-64": { "autotile": 1.0, "autotile_index": 0.0, "tileset": "bg_tilefreezer", "coord": [ 4.0, 4.0 ] }, "-32_480": { "autotile": 1.0, "autotile_index": 0.0, "tileset": "bg_tilefreezer", "coord": [ 8.0, 2.0 ] }, "-1120_384": { "autotile": 1.0, "autotile_index": 0.0, "tileset": "bg_tilefreezer", "coord": [ 8.0, 2.0 ] }, "608_512": { "autotile": 1.0, "autotile_index": 0.0, "tileset": "bg_tilefreezer", "coord": [ 8.0, 2.0 ] }, "-576_416": { "autotile": 1.0, "autotile_index": 0.0, "tileset": "bg_tilefreezer", "coord": [ 2.0, 0.0 ] }, "-1024_384": { "autotile": 1.0, "autotile_index": 0.0, "tileset": "bg_tilefreezer", "coord": [ 8.0, 2.0 ] }, "-832_512": { "autotile": 1.0, "autotile_index": 0.0, "tileset": "bg_tilefreezer", "coord": [ 8.0, 2.0 ] }, "-1600_256": { "autotile": 1.0, "autotile_index": 0.0, "tileset": "bg_tilefreezer", "coord": [ 8.0, 2.0 ] }, "960_416": { "autotile": 1.0, "autotile_index": 0.0, "tileset": "bg_tilefreezer", "coord": [ 8.0, 2.0 ] }, "-288_192": { "autotile": 0.0, "autotile_index": 0.0, "tileset": "bg_tilefreezer", "coord": [ 12.0, 18.0 ] }, "800_512": { "autotile": 1.0, "autotile_index": 0.0, "tileset": "bg_tilefreezer", "coord": [ 8.0, 2.0 ] }, "-1024_512": { "autotile": 1.0, "autotile_index": 0.0, "tileset": "bg_tilefreezer", "coord": [ 8.0, 2.0 ] }, "-1600_-96": { "autotile": 1.0, "autotile_index": 0.0, "tileset": "bg_tilefreezer", "coord": [ 8.0, 2.0 ] }, "-832_384": { "autotile": 1.0, "autotile_index": 0.0, "tileset": "bg_tilefreezer", "coord": [ 5.0, 1.0 ] }, "-1408_416": { "autotile": 1.0, "autotile_index": 0.0, "tileset": "bg_tilefreezer", "coord": [ 2.0, 0.0 ] }, "864_-32": { "autotile": 1.0, "autotile_index": 0.0, "tileset": "bg_tilefreezer", "coord": [ 8.0, 2.0 ] }, "896_320": { "autotile": 1.0, "autotile_index": 0.0, "tileset": "bg_tilefreezer", "coord": [ 8.0, 2.0 ] }, "-1440_448": { "autotile": 1.0, "autotile_index": 0.0, "tileset": "bg_tilefreezer", "coord": [ 8.0, 2.0 ] }, "832_320": { "autotile": 1.0, "autotile_index": 0.0, "tileset": "bg_tilefreezer", "coord": [ 8.0, 2.0 ] }, "768_448": { "autotile": 1.0, "autotile_index": 0.0, "tileset": "bg_tilefreezer", "coord": [ 8.0, 2.0 ] }, "-544_416": { "autotile": 1.0, "autotile_index": 0.0, "tileset": "bg_tilefreezer", "coord": [ 4.0, 0.0 ] }, "-288_512": { "autotile": 1.0, "autotile_index": 0.0, "tileset": "bg_tilefreezer", "coord": [ 8.0, 2.0 ] }, "0_256": { "autotile": 1.0, "autotile_index": 0.0, "tileset": "bg_tilefreezer", "coord": [ 8.0, 2.0 ] }, "288_480": { "autotile": 1.0, "autotile_index": 0.0, "tileset": "bg_tilefreezer", "coord": [ 8.0, 2.0 ] }, "896_160": { "autotile": 1.0, "autotile_index": 0.0, "tileset": "bg_tilefreezer", "coord": [ 4.0, 3.0 ] }, "896_192": { "autotile": 1.0, "autotile_index": 0.0, "tileset": "bg_tilefreezer", "coord": [ 8.0, 2.0 ] }, "-64_128": { "autotile": 0.0, "autotile_index": 0.0, "tileset": "bg_tilefreezer", "coord": [ 18.0, 6.0 ] }, "-896_256": { "autotile": 1.0, "autotile_index": 0.0, "tileset": "bg_tilefreezer", "coord": [ 2.0, 0.0 ] }, "320_448": { "autotile": 1.0, "autotile_index": 0.0, "tileset": "bg_tilefreezer", "coord": [ 8.0, 2.0 ] }, "-1632_352": { "autotile": 1.0, "autotile_index": 0.0, "tileset": "bg_tilefreezer", "coord": [ 8.0, 2.0 ] }, "832_288": { "autotile": 1.0, "autotile_index": 0.0, "tileset": "bg_tilefreezer", "coord": [ 8.0, 2.0 ] }, "-992_-128": { "autotile": 1.0, "autotile_index": 0.0, "tileset": "bg_tilefreezer", "coord": [ 8.0, 2.0 ] }, "992_0": { "autotile": 1.0, "autotile_index": 0.0, "tileset": "bg_tilefreezer", "coord": [ 8.0, 2.0 ] }, "640_512": { "autotile": 1.0, "autotile_index": 0.0, "tileset": "bg_tilefreezer", "coord": [ 8.0, 2.0 ] }, "-128_448": { "autotile": 1.0, "autotile_index": 0.0, "tileset": "bg_tilefreezer", "coord": [ 8.0, 2.0 ] }, "832_256": { "autotile": 1.0, "autotile_index": 0.0, "tileset": "bg_tilefreezer", "coord": [ 8.0, 2.0 ] }, "-928_416": { "autotile": 1.0, "autotile_index": 0.0, "tileset": "bg_tilefreezer", "coord": [ 8.0, 2.0 ] }, "960_-96": { "autotile": 1.0, "autotile_index": 0.0, "tileset": "bg_tilefreezer", "coord": [ 8.0, 2.0 ] }, "-1568_256": { "autotile": 1.0, "autotile_index": 0.0, "tileset": "bg_tilefreezer", "coord": [ 5.0, 3.0 ] }, "-800_416": { "autotile": 1.0, "autotile_index": 0.0, "tileset": "bg_tilefreezer", "coord": [ 3.0, 0.0 ] }, "-1312_352": { "coord": [ 0.0, 3.0 ], "autotile_index": 0.0, "tileset": "cold_rock_tiles", "autotile": 0.0 }, "-1536_480": { "autotile": 1.0, "autotile_index": 0.0, "tileset": "bg_tilefreezer", "coord": [ 8.0, 2.0 ] }, "96_448": { "autotile": 1.0, "autotile_index": 0.0, "tileset": "bg_tilefreezer", "coord": [ 8.0, 2.0 ] }, "-128_160": { "autotile": 1.0, "autotile_index": 0.0, "tileset": "bg_tilefreezer", "coord": [ 1.0, 0.0 ] }, "608_320": { "autotile": 1.0, "autotile_index": 0.0, "tileset": "bg_tilefreezer", "coord": [ 8.0, 2.0 ] }, "-1664_-128": { "autotile": 1.0, "autotile_index": 0.0, "tileset": "bg_tilefreezer", "coord": [ 8.0, 2.0 ] }, "-1568_-128": { "autotile": 1.0, "autotile_index": 0.0, "tileset": "bg_tilefreezer", "coord": [ 8.0, 2.0 ] }, "-1248_352": { "coord": [ 2.0, 3.0 ], "autotile_index": 0.0, "tileset": "cold_rock_tiles", "autotile": 0.0 }, "672_-128": { "autotile": 1.0, "autotile_index": 0.0, "tileset": "bg_tilefreezer", "coord": [ 8.0, 2.0 ] }, "0_160": { "autotile": 1.0, "autotile_index": 0.0, "tileset": "bg_tilefreezer", "coord": [ 3.0, 0.0 ] }, "864_192": { "autotile": 1.0, "autotile_index": 0.0, "tileset": "bg_tilefreezer", "coord": [ 8.0, 2.0 ] }, "96_288": { "autotile": 1.0, "autotile_index": 0.0, "tileset": "bg_tilefreezer", "coord": [ 5.0, 3.0 ] }, "-256_512": { "autotile": 1.0, "autotile_index": 0.0, "tileset": "bg_tilefreezer", "coord": [ 8.0, 2.0 ] }, "-1344_-96": { "autotile": 1.0, "autotile_index": 0.0, "tileset": "bg_tilefreezer", "coord": [ 8.0, 2.0 ] }, "-1632_-96": { "autotile": 1.0, "autotile_index": 0.0, "tileset": "bg_tilefreezer", "coord": [ 8.0, 2.0 ] }, "-1248_-128": { "autotile": 1.0, "autotile_index": 0.0, "tileset": "bg_tilefreezer", "coord": [ 8.0, 2.0 ] }, "96_192": { "autotile": 1.0, "autotile_index": 0.0, "tileset": "bg_tilefreezer", "coord": [ 5.0, 3.0 ] }, "512_448": { "autotile": 1.0, "autotile_index": 0.0, "tileset": "bg_tilefreezer", "coord": [ 8.0, 2.0 ] }, "-1312_-96": { "autotile": 1.0, "autotile_index": 0.0, "tileset": "bg_tilefreezer", "coord": [ 8.0, 2.0 ] }, "-1472_480": { "autotile": 1.0, "autotile_index": 0.0, "tileset": "bg_tilefreezer", "coord": [ 8.0, 2.0 ] }, "736_384": { "autotile": 1.0, "autotile_index": 0.0, "tileset": "bg_tilefreezer", "coord": [ 8.0, 2.0 ] }, "32_384": { "autotile": 1.0, "autotile_index": 0.0, "tileset": "bg_tilefreezer", "coord": [ 8.0, 2.0 ] }, "-1600_96": { "autotile": 1.0, "autotile_index": 0.0, "tileset": "bg_tilefreezer", "coord": [ 8.0, 2.0 ] }, "928_384": { "autotile": 1.0, "autotile_index": 0.0, "tileset": "bg_tilefreezer", "coord": [ 8.0, 2.0 ] }, "-864_320": { "autotile": 1.0, "autotile_index": 0.0, "tileset": "bg_tilefreezer", "coord": [ 8.0, 2.0 ] }, "-1312_512": { "autotile": 1.0, "autotile_index": 0.0, "tileset": "bg_tilefreezer", "coord": [ 8.0, 2.0 ] }, "960_96": { "autotile": 1.0, "autotile_index": 0.0, "tileset": "bg_tilefreezer", "coord": [ 8.0, 2.0 ] }, "800_480": { "autotile": 1.0, "autotile_index": 0.0, "tileset": "bg_tilefreezer", "coord": [ 8.0, 2.0 ] }, "736_480": { "autotile": 1.0, "autotile_index": 0.0, "tileset": "bg_tilefreezer", "coord": [ 8.0, 2.0 ] }, "-704_512": { "autotile": 1.0, "autotile_index": 0.0, "tileset": "bg_tilefreezer", "coord": [ 8.0, 2.0 ] }, "-1632_192": { "autotile": 1.0, "autotile_index": 0.0, "tileset": "bg_tilefreezer", "coord": [ 8.0, 2.0 ] }, "-1120_512": { "autotile": 1.0, "autotile_index": 0.0, "tileset": "bg_tilefreezer", "coord": [ 8.0, 2.0 ] }, "736_-96": { "autotile": 1.0, "autotile_index": 0.0, "tileset": "bg_tilefreezer", "coord": [ 8.0, 2.0 ] }, "0_384": { "autotile": 1.0, "autotile_index": 0.0, "tileset": "bg_tilefreezer", "coord": [ 8.0, 2.0 ] }, "-32_288": { "autotile": 1.0, "autotile_index": 0.0, "tileset": "bg_tilefreezer", "coord": [ 8.0, 2.0 ] }, "-1088_-64": { "autotile": 1.0, "autotile_index": 0.0, "tileset": "bg_tilefreezer", "coord": [ 2.0, 4.0 ] }, "864_288": { "autotile": 1.0, "autotile_index": 0.0, "tileset": "bg_tilefreezer", "coord": [ 8.0, 2.0 ] }, "-992_320": { "autotile": 1.0, "autotile_index": 0.0, "tileset": "bg_tilefreezer", "coord": [ 1.0, 2.0 ] }, "-32_512": { "autotile": 1.0, "autotile_index": 0.0, "tileset": "bg_tilefreezer", "coord": [ 8.0, 2.0 ] }, "800_416": { "autotile": 1.0, "autotile_index": 0.0, "tileset": "bg_tilefreezer", "coord": [ 8.0, 2.0 ] }, "-672_512": { "autotile": 1.0, "autotile_index": 0.0, "tileset": "bg_tilefreezer", "coord": [ 8.0, 2.0 ] }, "-864_384": { "autotile": 1.0, "autotile_index": 0.0, "tileset": "bg_tilefreezer", "coord": [ 8.0, 2.0 ] }, "-864_448": { "autotile": 1.0, "autotile_index": 0.0, "tileset": "bg_tilefreezer", "coord": [ 8.0, 2.0 ] }, "832_160": { "autotile": 1.0, "autotile_index": 0.0, "tileset": "bg_tilefreezer", "coord": [ 4.0, 0.0 ] }, "960_320": { "autotile": 1.0, "autotile_index": 0.0, "tileset": "bg_tilefreezer", "coord": [ 8.0, 2.0 ] }, "-1504_448": { "autotile": 1.0, "autotile_index": 0.0, "tileset": "bg_tilefreezer", "coord": [ 8.0, 2.0 ] }, "896_224": { "autotile": 1.0, "autotile_index": 0.0, "tileset": "bg_tilefreezer", "coord": [ 8.0, 2.0 ] }, "-64_256": { "autotile": 1.0, "autotile_index": 0.0, "tileset": "bg_tilefreezer", "coord": [ 8.0, 2.0 ] }, "-1248_448": { "autotile": 1.0, "autotile_index": 0.0, "tileset": "bg_tilefreezer", "coord": [ 8.0, 2.0 ] }, "0_288": { "autotile": 1.0, "autotile_index": 0.0, "tileset": "bg_tilefreezer", "coord": [ 8.0, 2.0 ] }, "608_256": { "autotile": 1.0, "autotile_index": 0.0, "tileset": "bg_tilefreezer", "coord": [ 8.0, 2.0 ] }, "-1408_512": { "autotile": 1.0, "autotile_index": 0.0, "tileset": "bg_tilefreezer", "coord": [ 8.0, 2.0 ] }, "768_-96": { "autotile": 1.0, "autotile_index": 0.0, "tileset": "bg_tilefreezer", "coord": [ 8.0, 2.0 ] }, "640_-96": { "autotile": 1.0, "autotile_index": 0.0, "tileset": "bg_tilefreezer", "coord": [ 1.0, 2.0 ] }, "-608_224": { "autotile": 0.0, "autotile_index": 0.0, "tileset": "bg_tilefreezer", "coord": [ 16.0, 18.0 ] }, "928_256": { "autotile": 1.0, "autotile_index": 0.0, "tileset": "bg_tilefreezer", "coord": [ 8.0, 2.0 ] }, "-992_352": { "autotile": 1.0, "autotile_index": 0.0, "tileset": "bg_tilefreezer", "coord": [ 4.0, 3.0 ] }, "864_0": { "autotile": 1.0, "autotile_index": 0.0, "tileset": "bg_tilefreezer", "coord": [ 4.0, 4.0 ] }, "384_480": { "autotile": 1.0, "autotile_index": 0.0, "tileset": "bg_tilefreezer", "coord": [ 8.0, 2.0 ] }, "384_448": { "autotile": 1.0, "autotile_index": 0.0, "tileset": "bg_tilefreezer", "coord": [ 8.0, 2.0 ] }, "-960_384": { "autotile": 1.0, "autotile_index": 0.0, "tileset": "bg_tilefreezer", "coord": [ 8.0, 2.0 ] }, "-960_96": { "autotile": 1.0, "autotile_index": 0.0, "tileset": "bg_tilefreezer", "coord": [ 1.0, 1.0 ] }, "864_-96": { "autotile": 1.0, "autotile_index": 0.0, "tileset": "bg_tilefreezer", "coord": [ 8.0, 2.0 ] }, "-224_448": { "autotile": 1.0, "autotile_index": 0.0, "tileset": "bg_tilefreezer", "coord": [ 8.0, 2.0 ] }, "448_480": { "autotile": 1.0, "autotile_index": 0.0, "tileset": "bg_tilefreezer", "coord": [ 8.0, 2.0 ] }, "928_32": { "autotile": 1.0, "autotile_index": 0.0, "tileset": "bg_tilefreezer", "coord": [ 8.0, 2.0 ] }, "864_320": { "autotile": 1.0, "autotile_index": 0.0, "tileset": "bg_tilefreezer", "coord": [ 8.0, 2.0 ] }, "-1632_0": { "autotile": 1.0, "autotile_index": 0.0, "tileset": "bg_tilefreezer", "coord": [ 8.0, 2.0 ] }, "832_512": { "autotile": 1.0, "autotile_index": 0.0, "tileset": "bg_tilefreezer", "coord": [ 8.0, 2.0 ] }, "-960_-128": { "autotile": 1.0, "autotile_index": 0.0, "tileset": "bg_tilefreezer", "coord": [ 8.0, 2.0 ] }, "928_64": { "autotile": 1.0, "autotile_index": 0.0, "tileset": "bg_tilefreezer", "coord": [ 8.0, 2.0 ] }, "672_0": { "autotile": 1.0, "autotile_index": 0.0, "tileset": "bg_tilefreezer", "coord": [ 2.0, 1.0 ] }, "864_256": { "autotile": 1.0, "autotile_index": 0.0, "tileset": "bg_tilefreezer", "coord": [ 8.0, 2.0 ] }, "480_448": { "autotile": 1.0, "autotile_index": 0.0, "tileset": "bg_tilefreezer", "coord": [ 8.0, 2.0 ] }, "928_160": { "autotile": 1.0, "autotile_index": 0.0, "tileset": "bg_tilefreezer", "coord": [ 8.0, 2.0 ] }, "-928_96": { "autotile": 1.0, "autotile_index": 0.0, "tileset": "bg_tilefreezer", "coord": [ 5.0, 2.0 ] }, "896_128": { "autotile": 1.0, "autotile_index": 0.0, "tileset": "bg_tilefreezer", "coord": [ 1.0, 2.0 ] }, "-32_192": { "autotile": 1.0, "autotile_index": 0.0, "tileset": "bg_tilefreezer", "coord": [ 8.0, 2.0 ] }, "32_224": { "autotile": 1.0, "autotile_index": 0.0, "tileset": "bg_tilefreezer", "coord": [ 8.0, 2.0 ] }, "-1120_-64": { "autotile": 1.0, "autotile_index": 0.0, "tileset": "bg_tilefreezer", "coord": [ 4.0, 4.0 ] }, "-576_512": { "autotile": 1.0, "autotile_index": 0.0, "tileset": "bg_tilefreezer", "coord": [ 8.0, 2.0 ] }, "704_192": { "autotile": 1.0, "autotile_index": 0.0, "tileset": "bg_tilefreezer", "coord": [ 8.0, 2.0 ] }, "256_480": { "autotile": 1.0, "autotile_index": 0.0, "tileset": "bg_tilefreezer", "coord": [ 8.0, 2.0 ] }, "-1152_-64": { "autotile": 1.0, "autotile_index": 0.0, "tileset": "bg_tilefreezer", "coord": [ 3.0, 4.0 ] }, "-1376_416": { "autotile": 1.0, "autotile_index": 0.0, "tileset": "bg_tilefreezer", "coord": [ 2.0, 0.0 ] }, "-1088_448": { "autotile": 1.0, "autotile_index": 0.0, "tileset": "bg_tilefreezer", "coord": [ 8.0, 2.0 ] }, "832_-128": { "autotile": 1.0, "autotile_index": 0.0, "tileset": "bg_tilefreezer", "coord": [ 8.0, 2.0 ] }, "832_-32": { "autotile": 1.0, "autotile_index": 0.0, "tileset": "bg_tilefreezer", "coord": [ 8.0, 2.0 ] }, "96_256": { "autotile": 1.0, "autotile_index": 0.0, "tileset": "bg_tilefreezer", "coord": [ 5.0, 1.0 ] }, "992_320": { "autotile": 1.0, "autotile_index": 0.0, "tileset": "bg_tilefreezer", "coord": [ 8.0, 2.0 ] }, "928_-64": { "autotile": 1.0, "autotile_index": 0.0, "tileset": "bg_tilefreezer", "coord": [ 8.0, 2.0 ] }, "-864_480": { "autotile": 1.0, "autotile_index": 0.0, "tileset": "bg_tilefreezer", "coord": [ 8.0, 2.0 ] }, "0_320": { "autotile": 1.0, "autotile_index": 0.0, "tileset": "bg_tilefreezer", "coord": [ 8.0, 2.0 ] }, "960_352": { "autotile": 1.0, "autotile_index": 0.0, "tileset": "bg_tilefreezer", "coord": [ 8.0, 2.0 ] }, "704_320": { "autotile": 1.0, "autotile_index": 0.0, "tileset": "bg_tilefreezer", "coord": [ 8.0, 2.0 ] }, "-416_480": { "autotile": 1.0, "autotile_index": 0.0, "tileset": "bg_tilefreezer", "coord": [ 8.0, 2.0 ] }, "-1312_416": { "autotile": 1.0, "autotile_index": 0.0, "tileset": "bg_tilefreezer", "coord": [ 4.0, 0.0 ] }, "-960_-160": { "autotile": 1.0, "autotile_index": 0.0, "tileset": "bg_tilefreezer", "coord": [ 0.0, 0.0 ] }, "0_512": { "autotile": 1.0, "autotile_index": 0.0, "tileset": "bg_tilefreezer", "coord": [ 8.0, 2.0 ] }, "64_512": { "autotile": 1.0, "autotile_index": 0.0, "tileset": "bg_tilefreezer", "coord": [ 8.0, 2.0 ] }, "448_448": { "autotile": 1.0, "autotile_index": 0.0, "tileset": "bg_tilefreezer", "coord": [ 8.0, 2.0 ] }, "-928_-32": { "autotile": 1.0, "autotile_index": 0.0, "tileset": "bg_tilefreezer", "coord": [ 5.0, 2.0 ] }, "-1248_512": { "autotile": 1.0, "autotile_index": 0.0, "tileset": "bg_tilefreezer", "coord": [ 8.0, 2.0 ] }, "-832_416": { "autotile": 1.0, "autotile_index": 0.0, "tileset": "bg_tilefreezer", "coord": [ 2.0, 3.0 ] }, "224_512": { "autotile": 1.0, "autotile_index": 0.0, "tileset": "bg_tilefreezer", "coord": [ 8.0, 2.0 ] }, "640_160": { "autotile": 1.0, "autotile_index": 0.0, "tileset": "bg_tilefreezer", "coord": [ 3.0, 0.0 ] }, "-1504_-64": { "autotile": 1.0, "autotile_index": 0.0, "tileset": "bg_tilefreezer", "coord": [ 2.0, 4.0 ] }, "96_352": { "autotile": 1.0, "autotile_index": 0.0, "tileset": "bg_tilefreezer", "coord": [ 5.0, 1.0 ] }, "-1376_-64": { "autotile": 1.0, "autotile_index": 0.0, "tileset": "bg_tilefreezer", "coord": [ 2.0, 4.0 ] }, "-512_416": { "autotile": 1.0, "autotile_index": 0.0, "tileset": "bg_tilefreezer", "coord": [ 4.0, 0.0 ] }, "-928_64": { "autotile": 1.0, "autotile_index": 0.0, "tileset": "bg_tilefreezer", "coord": [ 5.0, 1.0 ] }, "704_0": { "autotile": 1.0, "autotile_index": 0.0, "tileset": "bg_tilefreezer", "coord": [ 4.0, 4.0 ] }, "896_288": { "autotile": 1.0, "autotile_index": 0.0, "tileset": "bg_tilefreezer", "coord": [ 8.0, 2.0 ] }, "576_256": { "autotile": 1.0, "autotile_index": 0.0, "tileset": "bg_tilefreezer", "coord": [ 1.0, 1.0 ] }, "608_448": { "autotile": 1.0, "autotile_index": 0.0, "tileset": "bg_tilefreezer", "coord": [ 8.0, 2.0 ] }, "-1568_480": { "autotile": 1.0, "autotile_index": 0.0, "tileset": "bg_tilefreezer", "coord": [ 8.0, 2.0 ] }, "-480_416": { "autotile": 1.0, "autotile_index": 0.0, "tileset": "bg_tilefreezer", "coord": [ 2.0, 0.0 ] }, "-1600_352": { "autotile": 1.0, "autotile_index": 0.0, "tileset": "bg_tilefreezer", "coord": [ 8.0, 2.0 ] }, "-352_512": { "autotile": 1.0, "autotile_index": 0.0, "tileset": "bg_tilefreezer", "coord": [ 8.0, 2.0 ] }, "-1568_384": { "autotile": 1.0, "autotile_index": 0.0, "tileset": "bg_tilefreezer", "coord": [ 5.0, 2.0 ] }, "992_-32": { "autotile": 1.0, "autotile_index": 0.0, "tileset": "bg_tilefreezer", "coord": [ 8.0, 2.0 ] }, "640_352": { "autotile": 1.0, "autotile_index": 0.0, "tileset": "bg_tilefreezer", "coord": [ 8.0, 2.0 ] }, "-1152_448": { "autotile": 1.0, "autotile_index": 0.0, "tileset": "bg_tilefreezer", "coord": [ 8.0, 2.0 ] }, "928_0": { "autotile": 1.0, "autotile_index": 0.0, "tileset": "bg_tilefreezer", "coord": [ 8.0, 2.0 ] }, "-1632_-128": { "autotile": 1.0, "autotile_index": 0.0, "tileset": "bg_tilefreezer", "coord": [ 8.0, 2.0 ] }, "800_288": { "autotile": 1.0, "autotile_index": 0.0, "tileset": "bg_tilefreezer", "coord": [ 8.0, 2.0 ] }, "800_-64": { "autotile": 1.0, "autotile_index": 0.0, "tileset": "bg_tilefreezer", "coord": [ 8.0, 2.0 ] }, "128_512": { "autotile": 1.0, "autotile_index": 0.0, "tileset": "bg_tilefreezer", "coord": [ 8.0, 2.0 ] }, "-1152_-128": { "autotile": 1.0, "autotile_index": 0.0, "tileset": "bg_tilefreezer", "coord": [ 8.0, 2.0 ] }, "-1184_416": { "autotile": 1.0, "autotile_index": 0.0, "tileset": "bg_tilefreezer", "coord": [ 4.0, 3.0 ] }, "960_192": { "autotile": 1.0, "autotile_index": 0.0, "tileset": "bg_tilefreezer", "coord": [ 8.0, 2.0 ] }, "-1600_-64": { "autotile": 1.0, "autotile_index": 0.0, "tileset": "bg_tilefreezer", "coord": [ 8.0, 2.0 ] }, "-96_448": { "autotile": 1.0, "autotile_index": 0.0, "tileset": "bg_tilefreezer", "coord": [ 8.0, 2.0 ] }, "576_448": { "autotile": 1.0, "autotile_index": 0.0, "tileset": "bg_tilefreezer", "coord": [ 8.0, 2.0 ] }, "-1024_416": { "autotile": 1.0, "autotile_index": 0.0, "tileset": "bg_tilefreezer", "coord": [ 8.0, 2.0 ] }, "768_352": { "autotile": 1.0, "autotile_index": 0.0, "tileset": "bg_tilefreezer", "coord": [ 8.0, 2.0 ] }, "-640_224": { "autotile": 0.0, "autotile_index": 0.0, "tileset": "bg_tilefreezer", "coord": [ 15.0, 18.0 ] }, "864_512": { "autotile": 1.0, "autotile_index": 0.0, "tileset": "bg_tilefreezer", "coord": [ 8.0, 2.0 ] }, "-1312_384": { "coord": [ 0.0, 4.0 ], "autotile_index": 0.0, "tileset": "cold_rock_tiles", "autotile": 0.0 }, "-800_512": { "autotile": 1.0, "autotile_index": 0.0, "tileset": "bg_tilefreezer", "coord": [ 8.0, 2.0 ] }, "-736_448": { "autotile": 1.0, "autotile_index": 0.0, "tileset": "bg_tilefreezer", "coord": [ 8.0, 2.0 ] }, "-576_448": { "autotile": 1.0, "autotile_index": 0.0, "tileset": "bg_tilefreezer", "coord": [ 8.0, 2.0 ] }, "992_-128": { "autotile": 1.0, "autotile_index": 0.0, "tileset": "bg_tilefreezer", "coord": [ 8.0, 2.0 ] }, "-832_256": { "autotile": 1.0, "autotile_index": 0.0, "tileset": "bg_tilefreezer", "coord": [ 5.0, 0.0 ] }, "928_512": { "autotile": 1.0, "autotile_index": 0.0, "tileset": "bg_tilefreezer", "coord": [ 8.0, 2.0 ] }, "-1184_-64": { "autotile": 1.0, "autotile_index": 0.0, "tileset": "bg_tilefreezer", "coord": [ 2.0, 4.0 ] }, "-1600_192": { "autotile": 1.0, "autotile_index": 0.0, "tileset": "bg_tilefreezer", "coord": [ 8.0, 2.0 ] }, "-1664_288": { "autotile": 1.0, "autotile_index": 0.0, "tileset": "bg_tilefreezer", "coord": [ 8.0, 2.0 ] }, "928_480": { "autotile": 1.0, "autotile_index": 0.0, "tileset": "bg_tilefreezer", "coord": [ 8.0, 2.0 ] }, "-1184_-128": { "autotile": 1.0, "autotile_index": 0.0, "tileset": "bg_tilefreezer", "coord": [ 8.0, 2.0 ] }, "-704_480": { "autotile": 1.0, "autotile_index": 0.0, "tileset": "bg_tilefreezer", "coord": [ 8.0, 2.0 ] }, "-1664_-96": { "autotile": 1.0, "autotile_index": 0.0, "tileset": "bg_tilefreezer", "coord": [ 8.0, 2.0 ] }, "896_384": { "autotile": 1.0, "autotile_index": 0.0, "tileset": "bg_tilefreezer", "coord": [ 8.0, 2.0 ] }, "640_32": { "autotile": 1.0, "autotile_index": 0.0, "tileset": "bg_tilefreezer", "coord": [ 1.0, 4.0 ] }, "480_480": { "autotile": 1.0, "autotile_index": 0.0, "tileset": "bg_tilefreezer", "coord": [ 8.0, 2.0 ] }, "832_480": { "autotile": 1.0, "autotile_index": 0.0, "tileset": "bg_tilefreezer", "coord": [ 8.0, 2.0 ] }, "544_480": { "autotile": 1.0, "autotile_index": 0.0, "tileset": "bg_tilefreezer", "coord": [ 8.0, 2.0 ] }, "-416_416": { "autotile": 1.0, "autotile_index": 0.0, "tileset": "bg_tilefreezer", "coord": [ 4.0, 0.0 ] }, "-928_-96": { "autotile": 1.0, "autotile_index": 0.0, "tileset": "bg_tilefreezer", "coord": [ 5.0, 3.0 ] }, "672_160": { "autotile": 1.0, "autotile_index": 0.0, "tileset": "bg_tilefreezer", "coord": [ 2.0, 0.0 ] }, "-992_512": { "autotile": 1.0, "autotile_index": 0.0, "tileset": "bg_tilefreezer", "coord": [ 8.0, 2.0 ] }, "-416_448": { "autotile": 1.0, "autotile_index": 0.0, "tileset": "bg_tilefreezer", "coord": [ 8.0, 2.0 ] }, "-896_512": { "autotile": 1.0, "autotile_index": 0.0, "tileset": "bg_tilefreezer", "coord": [ 8.0, 2.0 ] }, "-1280_-64": { "autotile": 1.0, "autotile_index": 0.0, "tileset": "bg_tilefreezer", "coord": [ 2.0, 4.0 ] }, "352_192": { "autotile": 0.0, "autotile_index": 0.0, "tileset": "bg_tilefreezer", "coord": [ 14.0, 18.0 ] }, "992_160": { "autotile": 1.0, "autotile_index": 0.0, "tileset": "bg_tilefreezer", "coord": [ 8.0, 2.0 ] }, "832_416": { "autotile": 1.0, "autotile_index": 0.0, "tileset": "bg_tilefreezer", "coord": [ 8.0, 2.0 ] }, "-1088_-128": { "autotile": 1.0, "autotile_index": 0.0, "tileset": "bg_tilefreezer", "coord": [ 8.0, 2.0 ] }, "-1344_512": { "autotile": 1.0, "autotile_index": 0.0, "tileset": "bg_tilefreezer", "coord": [ 8.0, 2.0 ] }, "-32_128": { "autotile": 0.0, "autotile_index": 0.0, "tileset": "bg_tilefreezer", "coord": [ 19.0, 6.0 ] }, "640_0": { "autotile": 1.0, "autotile_index": 0.0, "tileset": "bg_tilefreezer", "coord": [ 1.0, 1.0 ] }, "896_448": { "autotile": 1.0, "autotile_index": 0.0, "tileset": "bg_tilefreezer", "coord": [ 8.0, 2.0 ] }, "-1216_-96": { "autotile": 1.0, "autotile_index": 0.0, "tileset": "bg_tilefreezer", "coord": [ 8.0, 2.0 ] }, "-1056_448": { "autotile": 1.0, "autotile_index": 0.0, "tileset": "bg_tilefreezer", "coord": [ 8.0, 2.0 ] }, "736_160": { "autotile": 1.0, "autotile_index": 0.0, "tileset": "bg_tilefreezer", "coord": [ 3.0, 0.0 ] }, "-1280_-128": { "autotile": 1.0, "autotile_index": 0.0, "tileset": "bg_tilefreezer", "coord": [ 8.0, 2.0 ] }, "-1600_480": { "autotile": 1.0, "autotile_index": 0.0, "tileset": "bg_tilefreezer", "coord": [ 8.0, 2.0 ] }, "-960_256": { "autotile": 1.0, "autotile_index": 0.0, "tileset": "bg_tilefreezer", "coord": [ 3.0, 0.0 ] }, "-32_416": { "autotile": 1.0, "autotile_index": 0.0, "tileset": "bg_tilefreezer", "coord": [ 8.0, 2.0 ] }, "576_320": { "autotile": 1.0, "autotile_index": 0.0, "tileset": "bg_tilefreezer", "coord": [ 1.0, 1.0 ] }, "-1056_416": { "autotile": 1.0, "autotile_index": 0.0, "tileset": "bg_tilefreezer", "coord": [ 8.0, 2.0 ] }, "-64_384": { "autotile": 1.0, "autotile_index": 0.0, "tileset": "bg_tilefreezer", "coord": [ 8.0, 2.0 ] }, "992_32": { "autotile": 1.0, "autotile_index": 0.0, "tileset": "bg_tilefreezer", "coord": [ 8.0, 2.0 ] }, "-1664_320": { "autotile": 1.0, "autotile_index": 0.0, "tileset": "bg_tilefreezer", "coord": [ 8.0, 2.0 ] }, "-64_512": { "autotile": 1.0, "autotile_index": 0.0, "tileset": "bg_tilefreezer", "coord": [ 8.0, 2.0 ] }, "-1408_448": { "autotile": 1.0, "autotile_index": 0.0, "tileset": "bg_tilefreezer", "coord": [ 8.0, 2.0 ] }, "-1184_352": { "autotile": 1.0, "autotile_index": 0.0, "tileset": "bg_tilefreezer", "coord": [ 1.0, 0.0 ] }, "896_-128": { "autotile": 1.0, "autotile_index": 0.0, "tileset": "bg_tilefreezer", "coord": [ 8.0, 2.0 ] }, "672_32": { "autotile": 1.0, "autotile_index": 0.0, "tileset": "bg_tilefreezer", "coord": [ 5.0, 4.0 ] }, "-32_448": { "autotile": 1.0, "autotile_index": 0.0, "tileset": "bg_tilefreezer", "coord": [ 8.0, 2.0 ] }, "736_416": { "autotile": 1.0, "autotile_index": 0.0, "tileset": "bg_tilefreezer", "coord": [ 8.0, 2.0 ] } } }, "backgrounds": { "5": { "x": 0.0, "scroll_x": 0.80000000000000004440892098500626, "tile_y": 1.0, "hspeed": 0.0, "scroll_y": 0.80000000000000004440892098500626, "panic_sprite": -1.0, "y": 0.0, "sprite": "bg_freezer2", "tile_x": 1.0, "vspeed": 0.5, "image_speed": 15.0 }, "6": { "x": 0.0, "scroll_x": 0.75, "tile_y": 0.0, "hspeed": 0.0, "scroll_y": 0.75, "panic_sprite": -1.0, "y": 0.0, "sprite": "cold_bg1", "tile_x": 1.0, "vspeed": 0.0, "image_speed": 15.0 }, "-1": { "x": 466.0, "scroll_x": 1.3999999999999999111821580299875, "tile_y": 0.0, "hspeed": 0.0, "scroll_y": 1.1999999999999999555910790149937, "panic_sprite": -1.0, "y": 1212.0, "sprite": "bg_freezerfront1", "tile_x": 1.0, "vspeed": 0.0, "image_speed": 15.0 }, "7": { "x": 0.0, "scroll_x": 1.0, "tile_y": 1.0, "hspeed": 0.0, "scroll_y": 1.0, "panic_sprite": -1.0, "y": 0.0, "sprite": "cold_bg2", "tile_x": 1.0, "vspeed": 0.0, "image_speed": 15.0 } }, "properties": { "song": "frozon_pepper", "roomX": -1664.0, "levelWidth": 1024.0, "roomY": -128.0, "levelHeight": 540.0, "songTransitionTime": 100.0 } }