{ "editorVersion": 5.0, "instances": [ { "layer": 0.0, "deleted": 0.0, "variables": { "x": -224.0, "y": 224.0, "image_xscale": 2.0, "image_yscale": 3.0, "flipX": 0.0, "flipY": 0.0 }, "object": 517.0 }, { "layer": 0.0, "deleted": 0.0, "variables": { "x": -544.0, "y": 160.0, "image_xscale": 12.0, "image_yscale": 2.0, "flipX": 0.0, "flipY": 0.0 }, "object": 517.0 }, { "layer": 0.0, "deleted": 0.0, "variables": { "x": -544.0, "y": 224.0, "image_xscale": 2.0, "image_yscale": 6.0, "flipX": 0.0, "flipY": 0.0 }, "object": 517.0 }, { "layer": 0.0, "deleted": 0.0, "variables": { "x": -544.0, "y": 416.0, "image_xscale": 14.0, "image_yscale": 4.0, "flipX": 0.0, "flipY": 0.0 }, "object": 517.0 }, { "layer": 0.0, "deleted": 0.0, "variables": { "x": -416.0, "y": 320.0, "image_xscale": 1.0, "image_yscale": 1.0, "flipX": 0.0, "flipY": 0.0 }, "object": 248.0 }, { "layer": 0.0, "deleted": 0.0, "variables": { "x": -288.0, "flipX": 1.0, "content": "obj_kentukykenny", "flipY": 0.0, "y": 384.0 }, "object": 694.0 }, { "layer": 0.0, "deleted": 0.0, "variables": { "x": -224.0, "flipX": 0.0, "y": 352.0, "flipY": 0.0 }, "object": 250.0 }, { "layer": 0.0, "deleted": 0.0, "variables": { "x": 0.0, "y": 352.0, "image_xscale": 4.0, "image_yscale": 1.0, "flipX": 0.0, "flipY": 0.0 }, "object": 722.0 }, { "layer": 0.0, "deleted": 1.0, "variables": { "x": -480.0, "flipX": 0.0, "y": -288.0, "flipY": 0.0 }, "object": 98.0 }, { "layer": 0.0, "deleted": 0.0, "variables": { "x": 448.0, "y": 224.0, "image_xscale": 4.0, "image_yscale": 1.0, "flipX": 0.0, "flipY": 0.0 }, "object": 722.0 }, { "layer": 0.0, "deleted": 0.0, "variables": { "x": 672.0, "y": 160.0, "image_xscale": 13.0, "image_yscale": 4.0, "flipX": 0.0, "flipY": 0.0 }, "object": 517.0 }, { "layer": 0.0, "deleted": 0.0, "variables": { "x": 192.0, "y": -192.0, "image_xscale": 1.0, "image_yscale": 1.0, "flipX": 0.0, "flipY": 0.0 }, "object": 763.0 }, { "layer": 0.0, "deleted": 0.0, "variables": { "x": 1088.0, "y": -32.0, "image_xscale": 2.0, "image_yscale": 10.0, "flipX": 0.0, "flipY": 0.0 }, "object": 517.0 }, { "layer": 0.0, "deleted": 0.0, "variables": { "x": 800.0, "y": -320.0, "image_xscale": 11.0, "image_yscale": 9.0, "flipX": 0.0, "flipY": 0.0 }, "object": 517.0 }, { "layer": 0.0, "deleted": 0.0, "variables": { "x": 224.0, "y": -224.0, "image_xscale": 1.0, "image_yscale": 1.0, "flipX": 0.0, "flipY": 0.0 }, "object": 752.0 }, { "layer": 0.0, "deleted": 0.0, "variables": { "x": 288.0, "y": 160.0, "image_xscale": 1.0, "image_yscale": 1.0, "flipX": 0.0, "flipY": 0.0 }, "object": 763.0 }, { "layer": 0.0, "deleted": 0.0, "variables": { "x": 64.0, "flipX": 0.0, "y": 320.0, "flipY": 0.0 }, "object": 752.0 }, { "layer": 0.0, "deleted": 0.0, "variables": { "x": 32.0, "flipX": 0.0, "y": 320.0, "flipY": 0.0 }, "object": 752.0 }, { "layer": 0.0, "deleted": 0.0, "variables": { "x": 32.0, "flipX": 0.0, "y": 288.0, "flipY": 0.0 }, "object": 752.0 }, { "layer": 0.0, "deleted": 0.0, "variables": { "x": 64.0, "flipX": 0.0, "y": 288.0, "flipY": 0.0 }, "object": 752.0 }, { "layer": 0.0, "deleted": 0.0, "variables": { "x": 448.0, "flipX": 0.0, "y": 192.0, "flipY": 0.0 }, "object": 752.0 }, { "layer": 0.0, "deleted": 0.0, "variables": { "x": 480.0, "flipX": 0.0, "y": 192.0, "flipY": 0.0 }, "object": 752.0 }, { "layer": 0.0, "deleted": 0.0, "variables": { "x": 512.0, "flipX": 0.0, "y": 192.0, "flipY": 0.0 }, "object": 752.0 }, { "layer": 0.0, "deleted": 0.0, "variables": { "x": 544.0, "flipX": 0.0, "y": 192.0, "flipY": 0.0 }, "object": 752.0 }, { "layer": 0.0, "deleted": 0.0, "variables": { "x": 384.0, "y": -192.0, "image_xscale": 1.0, "image_yscale": 1.0, "flipX": 0.0, "flipY": 0.0 }, "object": 752.0 }, { "layer": 0.0, "deleted": 0.0, "variables": { "x": 352.0, "y": -224.0, "image_xscale": 1.0, "image_yscale": 1.0, "flipX": 0.0, "flipY": 0.0 }, "object": 752.0 }, { "layer": 0.0, "deleted": 0.0, "variables": { "x": 320.0, "y": -192.0, "image_xscale": 1.0, "image_yscale": 1.0, "flipX": 0.0, "flipY": 0.0 }, "object": 752.0 }, { "layer": 0.0, "deleted": 0.0, "variables": { "x": 256.0, "y": -192.0, "image_xscale": 1.0, "image_yscale": 1.0, "flipX": 0.0, "flipY": 0.0 }, "object": 752.0 }, { "layer": 0.0, "deleted": 0.0, "variables": { "x": 288.0, "y": -224.0, "image_xscale": 1.0, "image_yscale": 1.0, "flipX": 0.0, "flipY": 0.0 }, "object": 752.0 }, { "layer": 0.0, "deleted": 0.0, "variables": { "x": 960.0, "flipX": 0.0, "y": 64.0, "flipY": 0.0 }, "object": 763.0 }, { "layer": 0.0, "deleted": 0.0, "variables": { "x": 448.0, "y": 32.0, "image_xscale": 4.0, "image_yscale": 1.0, "flipX": 0.0, "flipY": 0.0 }, "object": 722.0 }, { "layer": 0.0, "deleted": 0.0, "variables": { "x": 0.0, "y": -32.0, "image_xscale": 4.0, "image_yscale": 1.0, "flipX": 0.0, "flipY": 0.0 }, "object": 722.0 }, { "layer": 0.0, "deleted": 0.0, "variables": { "x": -448.0, "y": -32.0, "image_xscale": 11.0, "image_yscale": 2.0, "flipX": 0.0, "flipY": 0.0 }, "object": 517.0 }, { "layer": 0.0, "deleted": 0.0, "variables": { "x": -352.0, "y": 32.0, "image_xscale": 4.0, "image_yscale": 4.0, "flipX": 0.0, "flipY": 0.0 }, "object": 517.0 }, { "layer": 0.0, "deleted": 0.0, "variables": { "x": -288.0, "y": -96.0, "targetRoom": "room5", "image_xscale": 1.0, "image_yscale": 1.0, "secret": "true", "flipX": 0.0, "flipY": 0.0 }, "object": 98.0 } ], "tile_data": { "5": { "768_160": { "coord": [ 4.0, 1.0 ], "autotile_index": 0.0, "tileset": "tile_secret", "autotile": 1.0 }, "896_-256": { "autotile": 1.0, "autotile_index": 0.0, "tileset": "tile_secret", "coord": [ 3.0, 3.0 ] }, "896_-160": { "coord": [ 3.0, 3.0 ], "autotile_index": 0.0, "tileset": "tile_secret", "autotile": 1.0 }, "1024_-96": { "coord": [ 3.0, 4.0 ], "autotile_index": 0.0, "tileset": "tile_secret", "autotile": 1.0 }, "-544_320": { "autotile": 1.0, "autotile_index": 0.0, "tileset": "tile_secret", "coord": [ 1.0, 2.0 ] }, "-352_32": { "coord": [ 1.0, 2.0 ], "autotile_index": 0.0, "tileset": "tile_secret", "autotile": 1.0 }, "896_256": { "coord": [ 2.0, 5.0 ], "autotile_index": 0.0, "tileset": "tile_secret", "autotile": 1.0 }, "1088_128": { "coord": [ 1.0, 2.0 ], "autotile_index": 0.0, "tileset": "tile_secret", "autotile": 1.0 }, "-512_192": { "autotile": 1.0, "autotile_index": 0.0, "tileset": "tile_secret", "coord": [ 2.0, 7.0 ] }, "-288_-32": { "coord": [ 4.0, 1.0 ], "autotile_index": 0.0, "tileset": "tile_secret", "autotile": 1.0 }, "1120_-288": { "autotile": 1.0, "autotile_index": 0.0, "tileset": "tile_secret", "coord": [ 3.0, 3.0 ] }, "512_224": { "autotile": 0.0, "autotile_index": 0.0, "tileset": "tile_secret", "coord": [ 8.0, 1.0 ] }, "-128_480": { "coord": [ 5.0, 4.0 ], "autotile_index": 0.0, "tileset": "tile_secret", "autotile": 1.0 }, "1024_256": { "coord": [ 2.0, 5.0 ], "autotile_index": 0.0, "tileset": "tile_secret", "autotile": 1.0 }, "-192_512": { "coord": [ 3.0, 3.0 ], "autotile_index": 0.0, "tileset": "tile_secret", "autotile": 1.0 }, "1088_224": { "coord": [ 3.0, 4.0 ], "autotile_index": 0.0, "tileset": "tile_secret", "autotile": 1.0 }, "1024_224": { "coord": [ 3.0, 4.0 ], "autotile_index": 0.0, "tileset": "tile_secret", "autotile": 1.0 }, "1088_64": { "coord": [ 1.0, 2.0 ], "autotile_index": 0.0, "tileset": "tile_secret", "autotile": 1.0 }, "-160_0": { "coord": [ 2.0, 5.0 ], "autotile_index": 0.0, "tileset": "tile_secret", "autotile": 1.0 }, "1120_224": { "coord": [ 3.0, 4.0 ], "autotile_index": 0.0, "tileset": "tile_secret", "autotile": 1.0 }, "800_-320": { "autotile": 1.0, "autotile_index": 0.0, "tileset": "tile_secret", "coord": [ 1.0, 2.0 ] }, "-192_-32": { "coord": [ 4.0, 1.0 ], "autotile_index": 0.0, "tileset": "tile_secret", "autotile": 1.0 }, "1088_32": { "coord": [ 1.0, 2.0 ], "autotile_index": 0.0, "tileset": "tile_secret", "autotile": 1.0 }, "896_-224": { "autotile": 1.0, "autotile_index": 0.0, "tileset": "tile_secret", "coord": [ 3.0, 3.0 ] }, "-320_96": { "coord": [ 2.0, 3.0 ], "autotile_index": 0.0, "tileset": "tile_secret", "autotile": 1.0 }, "-352_64": { "coord": [ 1.0, 2.0 ], "autotile_index": 0.0, "tileset": "tile_secret", "autotile": 1.0 }, "-544_352": { "autotile": 1.0, "autotile_index": 0.0, "tileset": "tile_secret", "coord": [ 1.0, 2.0 ] }, "1088_96": { "coord": [ 1.0, 2.0 ], "autotile_index": 0.0, "tileset": "tile_secret", "autotile": 1.0 }, "992_160": { "coord": [ 4.0, 1.0 ], "autotile_index": 0.0, "tileset": "tile_secret", "autotile": 1.0 }, "-320_192": { "coord": [ 2.0, 5.0 ], "autotile_index": 0.0, "tileset": "tile_secret", "autotile": 1.0 }, "864_-288": { "autotile": 1.0, "autotile_index": 0.0, "tileset": "tile_secret", "coord": [ 3.0, 3.0 ] }, "-512_480": { "coord": [ 2.0, 3.0 ], "autotile_index": 0.0, "tileset": "tile_secret", "autotile": 1.0 }, "672_192": { "coord": [ 1.0, 2.0 ], "autotile_index": 0.0, "tileset": "tile_secret", "autotile": 1.0 }, "992_-256": { "autotile": 1.0, "autotile_index": 0.0, "tileset": "tile_secret", "coord": [ 3.0, 3.0 ] }, "-128_448": { "coord": [ 5.0, 4.0 ], "autotile_index": 0.0, "tileset": "tile_secret", "autotile": 1.0 }, "832_256": { "coord": [ 2.0, 5.0 ], "autotile_index": 0.0, "tileset": "tile_secret", "autotile": 1.0 }, "-256_-32": { "coord": [ 4.0, 1.0 ], "autotile_index": 0.0, "tileset": "tile_secret", "autotile": 1.0 }, "-544_224": { "autotile": 1.0, "autotile_index": 0.0, "tileset": "tile_secret", "coord": [ 1.0, 2.0 ] }, "1024_-256": { "autotile": 1.0, "autotile_index": 0.0, "tileset": "tile_secret", "coord": [ 3.0, 3.0 ] }, "-192_192": { "coord": [ 5.0, 4.0 ], "autotile_index": 0.0, "tileset": "tile_secret", "autotile": 1.0 }, "-416_0": { "coord": [ 2.0, 5.0 ], "autotile_index": 0.0, "tileset": "tile_secret", "autotile": 1.0 }, "800_-64": { "autotile": 1.0, "autotile_index": 0.0, "tileset": "tile_secret", "coord": [ 1.0, 5.0 ] }, "992_-160": { "coord": [ 3.0, 3.0 ], "autotile_index": 0.0, "tileset": "tile_secret", "autotile": 1.0 }, "992_-64": { "coord": [ 2.0, 5.0 ], "autotile_index": 0.0, "tileset": "tile_secret", "autotile": 1.0 }, "1024_-320": { "autotile": 1.0, "autotile_index": 0.0, "tileset": "tile_secret", "coord": [ 3.0, 3.0 ] }, "-384_192": { "coord": [ 2.0, 5.0 ], "autotile_index": 0.0, "tileset": "tile_secret", "autotile": 1.0 }, "-256_512": { "coord": [ 3.0, 3.0 ], "autotile_index": 0.0, "tileset": "tile_secret", "autotile": 1.0 }, "736_224": { "coord": [ 3.0, 4.0 ], "autotile_index": 0.0, "tileset": "tile_secret", "autotile": 1.0 }, "896_-320": { "autotile": 1.0, "autotile_index": 0.0, "tileset": "tile_secret", "coord": [ 3.0, 3.0 ] }, "-224_192": { "coord": [ 4.0, 7.0 ], "autotile_index": 0.0, "tileset": "tile_secret", "autotile": 1.0 }, "960_-96": { "coord": [ 3.0, 4.0 ], "autotile_index": 0.0, "tileset": "tile_secret", "autotile": 1.0 }, "-384_160": { "coord": [ 4.0, 1.0 ], "autotile_index": 0.0, "tileset": "tile_secret", "autotile": 1.0 }, "-320_416": { "coord": [ 4.0, 1.0 ], "autotile_index": 0.0, "tileset": "tile_secret", "autotile": 1.0 }, "896_-128": { "coord": [ 3.0, 3.0 ], "autotile_index": 0.0, "tileset": "tile_secret", "autotile": 1.0 }, "1056_192": { "coord": [ 3.0, 2.0 ], "autotile_index": 0.0, "tileset": "tile_secret", "autotile": 1.0 }, "-480_160": { "autotile": 1.0, "autotile_index": 0.0, "tileset": "tile_secret", "coord": [ 4.0, 1.0 ] }, "0_352": { "autotile": 0.0, "autotile_index": 0.0, "tileset": "tile_secret", "coord": [ 7.0, 1.0 ] }, "-416_160": { "coord": [ 4.0, 1.0 ], "autotile_index": 0.0, "tileset": "tile_secret", "autotile": 1.0 }, "1120_-96": { "coord": [ 5.0, 6.0 ], "autotile_index": 0.0, "tileset": "tile_secret", "autotile": 1.0 }, "-544_288": { "autotile": 1.0, "autotile_index": 0.0, "tileset": "tile_secret", "coord": [ 1.0, 2.0 ] }, "704_160": { "coord": [ 4.0, 1.0 ], "autotile_index": 0.0, "tileset": "tile_secret", "autotile": 1.0 }, "928_-96": { "coord": [ 3.0, 4.0 ], "autotile_index": 0.0, "tileset": "tile_secret", "autotile": 1.0 }, "992_-224": { "autotile": 1.0, "autotile_index": 0.0, "tileset": "tile_secret", "coord": [ 3.0, 3.0 ] }, "-512_160": { "autotile": 1.0, "autotile_index": 0.0, "tileset": "tile_secret", "coord": [ 4.0, 1.0 ] }, "-352_416": { "coord": [ 4.0, 1.0 ], "autotile_index": 0.0, "tileset": "tile_secret", "autotile": 1.0 }, "1088_-32": { "coord": [ 1.0, 2.0 ], "autotile_index": 0.0, "tileset": "tile_secret", "autotile": 1.0 }, "-288_96": { "coord": [ 4.0, 3.0 ], "autotile_index": 0.0, "tileset": "tile_secret", "autotile": 1.0 }, "-288_32": { "coord": [ 4.0, 3.0 ], "autotile_index": 0.0, "tileset": "tile_secret", "autotile": 1.0 }, "1024_-224": { "autotile": 1.0, "autotile_index": 0.0, "tileset": "tile_secret", "coord": [ 3.0, 3.0 ] }, "-352_96": { "coord": [ 1.0, 2.0 ], "autotile_index": 0.0, "tileset": "tile_secret", "autotile": 1.0 }, "-704_32": { "coord": [ 0.0, 0.0 ], "autotile_index": 0.0, "tileset": "tile_secret", "autotile": 1.0 }, "-480_448": { "coord": [ 3.0, 2.0 ], "autotile_index": 0.0, "tileset": "tile_secret", "autotile": 1.0 }, "-128_-32": { "coord": [ 5.0, 1.0 ], "autotile_index": 0.0, "tileset": "tile_secret", "autotile": 1.0 }, "480_32": { "autotile": 0.0, "autotile_index": 0.0, "tileset": "tile_secret", "coord": [ 7.0, 1.0 ] }, "-448_160": { "autotile": 1.0, "autotile_index": 0.0, "tileset": "tile_secret", "coord": [ 4.0, 1.0 ] }, "-256_448": { "coord": [ 3.0, 2.0 ], "autotile_index": 0.0, "tileset": "tile_secret", "autotile": 1.0 }, "768_192": { "coord": [ 3.0, 2.0 ], "autotile_index": 0.0, "tileset": "tile_secret", "autotile": 1.0 }, "800_160": { "coord": [ 4.0, 1.0 ], "autotile_index": 0.0, "tileset": "tile_secret", "autotile": 1.0 }, "-416_-32": { "coord": [ 4.0, 1.0 ], "autotile_index": 0.0, "tileset": "tile_secret", "autotile": 1.0 }, "896_192": { "coord": [ 3.0, 2.0 ], "autotile_index": 0.0, "tileset": "tile_secret", "autotile": 1.0 }, "1120_-320": { "autotile": 1.0, "autotile_index": 0.0, "tileset": "tile_secret", "coord": [ 3.0, 3.0 ] }, "1152_-288": { "autotile": 1.0, "autotile_index": 0.0, "tileset": "tile_secret", "coord": [ 0.0, 0.0 ] }, "-480_512": { "coord": [ 3.0, 3.0 ], "autotile_index": 0.0, "tileset": "tile_secret", "autotile": 1.0 }, "-192_160": { "coord": [ 5.0, 1.0 ], "autotile_index": 0.0, "tileset": "tile_secret", "autotile": 1.0 }, "32_-32": { "autotile": 0.0, "autotile_index": 0.0, "tileset": "tile_secret", "coord": [ 7.0, 1.0 ] }, "928_256": { "coord": [ 2.0, 5.0 ], "autotile_index": 0.0, "tileset": "tile_secret", "autotile": 1.0 }, "864_-192": { "coord": [ 3.0, 3.0 ], "autotile_index": 0.0, "tileset": "tile_secret", "autotile": 1.0 }, "1024_-160": { "coord": [ 3.0, 3.0 ], "autotile_index": 0.0, "tileset": "tile_secret", "autotile": 1.0 }, "-128_512": { "coord": [ 5.0, 4.0 ], "autotile_index": 0.0, "tileset": "tile_secret", "autotile": 1.0 }, "-320_128": { "coord": [ 2.0, 3.0 ], "autotile_index": 0.0, "tileset": "tile_secret", "autotile": 1.0 }, "544_32": { "autotile": 0.0, "autotile_index": 0.0, "tileset": "tile_secret", "coord": [ 8.0, 1.0 ] }, "1120_-128": { "coord": [ 3.0, 3.0 ], "autotile_index": 0.0, "tileset": "tile_secret", "autotile": 1.0 }, "928_-192": { "coord": [ 3.0, 3.0 ], "autotile_index": 0.0, "tileset": "tile_secret", "autotile": 1.0 }, "-224_448": { "coord": [ 3.0, 2.0 ], "autotile_index": 0.0, "tileset": "tile_secret", "autotile": 1.0 }, "1056_224": { "coord": [ 3.0, 4.0 ], "autotile_index": 0.0, "tileset": "tile_secret", "autotile": 1.0 }, "800_224": { "coord": [ 3.0, 4.0 ], "autotile_index": 0.0, "tileset": "tile_secret", "autotile": 1.0 }, "-160_416": { "coord": [ 4.0, 1.0 ], "autotile_index": 0.0, "tileset": "tile_secret", "autotile": 1.0 }, "864_256": { "coord": [ 2.0, 5.0 ], "autotile_index": 0.0, "tileset": "tile_secret", "autotile": 1.0 }, "-448_512": { "coord": [ 3.0, 3.0 ], "autotile_index": 0.0, "tileset": "tile_secret", "autotile": 1.0 }, "-448_416": { "coord": [ 4.0, 1.0 ], "autotile_index": 0.0, "tileset": "tile_secret", "autotile": 1.0 }, "-320_-32": { "coord": [ 4.0, 1.0 ], "autotile_index": 0.0, "tileset": "tile_secret", "autotile": 1.0 }, "1120_96": { "coord": [ 2.0, 3.0 ], "autotile_index": 0.0, "tileset": "tile_secret", "autotile": 1.0 }, "-512_352": { "autotile": 1.0, "autotile_index": 0.0, "tileset": "tile_secret", "coord": [ 5.0, 4.0 ] }, "-352_480": { "coord": [ 3.0, 3.0 ], "autotile_index": 0.0, "tileset": "tile_secret", "autotile": 1.0 }, "1056_-224": { "autotile": 1.0, "autotile_index": 0.0, "tileset": "tile_secret", "coord": [ 3.0, 3.0 ] }, "1088_-128": { "coord": [ 3.0, 3.0 ], "autotile_index": 0.0, "tileset": "tile_secret", "autotile": 1.0 }, "800_-128": { "coord": [ 1.0, 2.0 ], "autotile_index": 0.0, "tileset": "tile_secret", "autotile": 1.0 }, "1088_-288": { "autotile": 1.0, "autotile_index": 0.0, "tileset": "tile_secret", "coord": [ 3.0, 3.0 ] }, "832_-320": { "autotile": 1.0, "autotile_index": 0.0, "tileset": "tile_secret", "coord": [ 2.0, 3.0 ] }, "-224_288": { "autotile": 1.0, "autotile_index": 0.0, "tileset": "tile_secret", "coord": [ 1.0, 5.0 ] }, "0_-32": { "autotile": 0.0, "autotile_index": 0.0, "tileset": "tile_secret", "coord": [ 7.0, 1.0 ] }, "992_-288": { "autotile": 1.0, "autotile_index": 0.0, "tileset": "tile_secret", "coord": [ 3.0, 3.0 ] }, "-256_128": { "coord": [ 5.0, 4.0 ], "autotile_index": 0.0, "tileset": "tile_secret", "autotile": 1.0 }, "-192_256": { "autotile": 1.0, "autotile_index": 0.0, "tileset": "tile_secret", "coord": [ 5.0, 4.0 ] }, "864_-224": { "autotile": 1.0, "autotile_index": 0.0, "tileset": "tile_secret", "coord": [ 3.0, 3.0 ] }, "-704_64": { "coord": [ 0.0, 0.0 ], "autotile_index": 0.0, "tileset": "tile_secret", "autotile": 1.0 }, "1024_192": { "coord": [ 3.0, 2.0 ], "autotile_index": 0.0, "tileset": "tile_secret", "autotile": 1.0 }, "736_160": { "coord": [ 4.0, 1.0 ], "autotile_index": 0.0, "tileset": "tile_secret", "autotile": 1.0 }, "800_-256": { "autotile": 1.0, "autotile_index": 0.0, "tileset": "tile_secret", "coord": [ 1.0, 2.0 ] }, "1024_-64": { "coord": [ 2.0, 5.0 ], "autotile_index": 0.0, "tileset": "tile_secret", "autotile": 1.0 }, "96_352": { "autotile": 0.0, "autotile_index": 0.0, "tileset": "tile_secret", "coord": [ 8.0, 1.0 ] }, "-352_0": { "coord": [ 4.0, 7.0 ], "autotile_index": 0.0, "tileset": "tile_secret", "autotile": 1.0 }, "-256_416": { "coord": [ 4.0, 1.0 ], "autotile_index": 0.0, "tileset": "tile_secret", "autotile": 1.0 }, "-320_64": { "coord": [ 2.0, 3.0 ], "autotile_index": 0.0, "tileset": "tile_secret", "autotile": 1.0 }, "-192_416": { "coord": [ 4.0, 1.0 ], "autotile_index": 0.0, "tileset": "tile_secret", "autotile": 1.0 }, "928_-288": { "autotile": 1.0, "autotile_index": 0.0, "tileset": "tile_secret", "coord": [ 3.0, 3.0 ] }, "928_192": { "coord": [ 3.0, 2.0 ], "autotile_index": 0.0, "tileset": "tile_secret", "autotile": 1.0 }, "832_-288": { "autotile": 1.0, "autotile_index": 0.0, "tileset": "tile_secret", "coord": [ 2.0, 3.0 ] }, "1088_-256": { "autotile": 1.0, "autotile_index": 0.0, "tileset": "tile_secret", "coord": [ 3.0, 3.0 ] }, "-224_-32": { "coord": [ 4.0, 1.0 ], "autotile_index": 0.0, "tileset": "tile_secret", "autotile": 1.0 }, "800_-288": { "autotile": 1.0, "autotile_index": 0.0, "tileset": "tile_secret", "coord": [ 1.0, 2.0 ] }, "-480_416": { "coord": [ 4.0, 1.0 ], "autotile_index": 0.0, "tileset": "tile_secret", "autotile": 1.0 }, "672_256": { "coord": [ 1.0, 5.0 ], "autotile_index": 0.0, "tileset": "tile_secret", "autotile": 1.0 }, "800_256": { "coord": [ 2.0, 5.0 ], "autotile_index": 0.0, "tileset": "tile_secret", "autotile": 1.0 }, "832_-256": { "autotile": 1.0, "autotile_index": 0.0, "tileset": "tile_secret", "coord": [ 2.0, 3.0 ] }, "832_-192": { "coord": [ 2.0, 3.0 ], "autotile_index": 0.0, "tileset": "tile_secret", "autotile": 1.0 }, "1024_-192": { "coord": [ 3.0, 3.0 ], "autotile_index": 0.0, "tileset": "tile_secret", "autotile": 1.0 }, "800_192": { "coord": [ 3.0, 2.0 ], "autotile_index": 0.0, "tileset": "tile_secret", "autotile": 1.0 }, "-352_448": { "coord": [ 3.0, 2.0 ], "autotile_index": 0.0, "tileset": "tile_secret", "autotile": 1.0 }, "1120_64": { "coord": [ 2.0, 3.0 ], "autotile_index": 0.0, "tileset": "tile_secret", "autotile": 1.0 }, "1024_160": { "coord": [ 4.0, 1.0 ], "autotile_index": 0.0, "tileset": "tile_secret", "autotile": 1.0 }, "928_-128": { "coord": [ 3.0, 3.0 ], "autotile_index": 0.0, "tileset": "tile_secret", "autotile": 1.0 }, "960_160": { "coord": [ 4.0, 1.0 ], "autotile_index": 0.0, "tileset": "tile_secret", "autotile": 1.0 }, "1056_-320": { "autotile": 1.0, "autotile_index": 0.0, "tileset": "tile_secret", "coord": [ 3.0, 3.0 ] }, "1120_160": { "coord": [ 2.0, 3.0 ], "autotile_index": 0.0, "tileset": "tile_secret", "autotile": 1.0 }, "-544_512": { "coord": [ 1.0, 2.0 ], "autotile_index": 0.0, "tileset": "tile_secret", "autotile": 1.0 }, "928_-160": { "coord": [ 3.0, 3.0 ], "autotile_index": 0.0, "tileset": "tile_secret", "autotile": 1.0 }, "928_-320": { "autotile": 1.0, "autotile_index": 0.0, "tileset": "tile_secret", "coord": [ 3.0, 3.0 ] }, "960_256": { "coord": [ 2.0, 5.0 ], "autotile_index": 0.0, "tileset": "tile_secret", "autotile": 1.0 }, "-512_224": { "autotile": 1.0, "autotile_index": 0.0, "tileset": "tile_secret", "coord": [ 5.0, 4.0 ] }, "-512_416": { "coord": [ 2.0, 9.0 ], "autotile_index": 0.0, "tileset": "tile_secret", "autotile": 1.0 }, "448_32": { "autotile": 0.0, "autotile_index": 0.0, "tileset": "tile_secret", "coord": [ 7.0, 1.0 ] }, "992_-320": { "autotile": 1.0, "autotile_index": 0.0, "tileset": "tile_secret", "coord": [ 3.0, 3.0 ] }, "1120_-192": { "coord": [ 3.0, 3.0 ], "autotile_index": 0.0, "tileset": "tile_secret", "autotile": 1.0 }, "704_224": { "coord": [ 2.0, 4.0 ], "autotile_index": 0.0, "tileset": "tile_secret", "autotile": 1.0 }, "864_-320": { "autotile": 1.0, "autotile_index": 0.0, "tileset": "tile_secret", "coord": [ 3.0, 3.0 ] }, "-352_192": { "coord": [ 2.0, 5.0 ], "autotile_index": 0.0, "tileset": "tile_secret", "autotile": 1.0 }, "896_-96": { "autotile": 1.0, "autotile_index": 0.0, "tileset": "tile_secret", "coord": [ 3.0, 4.0 ] }, "-288_480": { "coord": [ 3.0, 3.0 ], "autotile_index": 0.0, "tileset": "tile_secret", "autotile": 1.0 }, "800_-96": { "autotile": 1.0, "autotile_index": 0.0, "tileset": "tile_secret", "coord": [ 1.0, 2.0 ] }, "1024_-288": { "autotile": 1.0, "autotile_index": 0.0, "tileset": "tile_secret", "coord": [ 3.0, 3.0 ] }, "-416_448": { "coord": [ 3.0, 2.0 ], "autotile_index": 0.0, "tileset": "tile_secret", "autotile": 1.0 }, "64_-32": { "autotile": 0.0, "autotile_index": 0.0, "tileset": "tile_secret", "coord": [ 8.0, 1.0 ] }, "-128_416": { "coord": [ 5.0, 1.0 ], "autotile_index": 0.0, "tileset": "tile_secret", "autotile": 1.0 }, "-192_0": { "coord": [ 2.0, 5.0 ], "autotile_index": 0.0, "tileset": "tile_secret", "autotile": 1.0 }, "-384_0": { "coord": [ 2.0, 5.0 ], "autotile_index": 0.0, "tileset": "tile_secret", "autotile": 1.0 }, "-160_-32": { "coord": [ 4.0, 1.0 ], "autotile_index": 0.0, "tileset": "tile_secret", "autotile": 1.0 }, "832_-96": { "autotile": 1.0, "autotile_index": 0.0, "tileset": "tile_secret", "coord": [ 2.0, 4.0 ] }, "832_-128": { "coord": [ 2.0, 3.0 ], "autotile_index": 0.0, "tileset": "tile_secret", "autotile": 1.0 }, "864_224": { "coord": [ 3.0, 4.0 ], "autotile_index": 0.0, "tileset": "tile_secret", "autotile": 1.0 }, "-544_448": { "coord": [ 1.0, 2.0 ], "autotile_index": 0.0, "tileset": "tile_secret", "autotile": 1.0 }, "-288_416": { "coord": [ 4.0, 1.0 ], "autotile_index": 0.0, "tileset": "tile_secret", "autotile": 1.0 }, "32_352": { "autotile": 0.0, "autotile_index": 0.0, "tileset": "tile_secret", "coord": [ 7.0, 1.0 ] }, "-288_64": { "coord": [ 4.0, 3.0 ], "autotile_index": 0.0, "tileset": "tile_secret", "autotile": 1.0 }, "-288_448": { "coord": [ 3.0, 2.0 ], "autotile_index": 0.0, "tileset": "tile_secret", "autotile": 1.0 }, "-416_512": { "coord": [ 3.0, 3.0 ], "autotile_index": 0.0, "tileset": "tile_secret", "autotile": 1.0 }, "1120_256": { "coord": [ 2.0, 5.0 ], "autotile_index": 0.0, "tileset": "tile_secret", "autotile": 1.0 }, "1088_-320": { "autotile": 1.0, "autotile_index": 0.0, "tileset": "tile_secret", "coord": [ 3.0, 3.0 ] }, "-192_224": { "autotile": 1.0, "autotile_index": 0.0, "tileset": "tile_secret", "coord": [ 5.0, 4.0 ] }, "-288_512": { "coord": [ 3.0, 3.0 ], "autotile_index": 0.0, "tileset": "tile_secret", "autotile": 1.0 }, "1088_0": { "coord": [ 1.0, 2.0 ], "autotile_index": 0.0, "tileset": "tile_secret", "autotile": 1.0 }, "-288_192": { "coord": [ 2.0, 5.0 ], "autotile_index": 0.0, "tileset": "tile_secret", "autotile": 1.0 }, "896_-288": { "autotile": 1.0, "autotile_index": 0.0, "tileset": "tile_secret", "coord": [ 3.0, 3.0 ] }, "-224_160": { "coord": [ 4.0, 1.0 ], "autotile_index": 0.0, "tileset": "tile_secret", "autotile": 1.0 }, "-448_448": { "coord": [ 3.0, 2.0 ], "autotile_index": 0.0, "tileset": "tile_secret", "autotile": 1.0 }, "-544_256": { "autotile": 1.0, "autotile_index": 0.0, "tileset": "tile_secret", "coord": [ 1.0, 2.0 ] }, "960_192": { "coord": [ 3.0, 2.0 ], "autotile_index": 0.0, "tileset": "tile_secret", "autotile": 1.0 }, "992_224": { "coord": [ 3.0, 4.0 ], "autotile_index": 0.0, "tileset": "tile_secret", "autotile": 1.0 }, "800_-192": { "coord": [ 1.0, 2.0 ], "autotile_index": 0.0, "tileset": "tile_secret", "autotile": 1.0 }, "960_-192": { "coord": [ 3.0, 3.0 ], "autotile_index": 0.0, "tileset": "tile_secret", "autotile": 1.0 }, "928_160": { "coord": [ 4.0, 1.0 ], "autotile_index": 0.0, "tileset": "tile_secret", "autotile": 1.0 }, "672_224": { "coord": [ 1.0, 2.0 ], "autotile_index": 0.0, "tileset": "tile_secret", "autotile": 1.0 }, "-384_512": { "coord": [ 3.0, 3.0 ], "autotile_index": 0.0, "tileset": "tile_secret", "autotile": 1.0 }, "-256_0": { "coord": [ 2.0, 7.0 ], "autotile_index": 0.0, "tileset": "tile_secret", "autotile": 1.0 }, "928_224": { "coord": [ 3.0, 4.0 ], "autotile_index": 0.0, "tileset": "tile_secret", "autotile": 1.0 }, "-480_192": { "autotile": 1.0, "autotile_index": 0.0, "tileset": "tile_secret", "coord": [ 2.0, 5.0 ] }, "704_192": { "coord": [ 2.0, 2.0 ], "autotile_index": 0.0, "tileset": "tile_secret", "autotile": 1.0 }, "-320_448": { "coord": [ 3.0, 2.0 ], "autotile_index": 0.0, "tileset": "tile_secret", "autotile": 1.0 }, "1024_-128": { "coord": [ 3.0, 3.0 ], "autotile_index": 0.0, "tileset": "tile_secret", "autotile": 1.0 }, "768_224": { "coord": [ 3.0, 4.0 ], "autotile_index": 0.0, "tileset": "tile_secret", "autotile": 1.0 }, "-416_192": { "coord": [ 2.0, 5.0 ], "autotile_index": 0.0, "tileset": "tile_secret", "autotile": 1.0 }, "1088_192": { "coord": [ 3.0, 2.0 ], "autotile_index": 0.0, "tileset": "tile_secret", "autotile": 1.0 }, "1120_-64": { "coord": [ 2.0, 3.0 ], "autotile_index": 0.0, "tileset": "tile_secret", "autotile": 1.0 }, "832_-64": { "autotile": 1.0, "autotile_index": 0.0, "tileset": "tile_secret", "coord": [ 2.0, 5.0 ] }, "-384_448": { "coord": [ 3.0, 2.0 ], "autotile_index": 0.0, "tileset": "tile_secret", "autotile": 1.0 }, "928_-256": { "autotile": 1.0, "autotile_index": 0.0, "tileset": "tile_secret", "coord": [ 3.0, 3.0 ] }, "-544_160": { "autotile": 1.0, "autotile_index": 0.0, "tileset": "tile_secret", "coord": [ 1.0, 1.0 ] }, "832_160": { "coord": [ 4.0, 1.0 ], "autotile_index": 0.0, "tileset": "tile_secret", "autotile": 1.0 }, "1056_-288": { "autotile": 1.0, "autotile_index": 0.0, "tileset": "tile_secret", "coord": [ 3.0, 3.0 ] }, "1120_-224": { "autotile": 1.0, "autotile_index": 0.0, "tileset": "tile_secret", "coord": [ 3.0, 3.0 ] }, "-352_160": { "coord": [ 4.0, 9.0 ], "autotile_index": 0.0, "tileset": "tile_secret", "autotile": 1.0 }, "-512_384": { "autotile": 1.0, "autotile_index": 0.0, "tileset": "tile_secret", "coord": [ 5.0, 4.0 ] }, "960_-288": { "autotile": 1.0, "autotile_index": 0.0, "tileset": "tile_secret", "coord": [ 3.0, 3.0 ] }, "960_-224": { "autotile": 1.0, "autotile_index": 0.0, "tileset": "tile_secret", "coord": [ 3.0, 3.0 ] }, "960_-128": { "coord": [ 3.0, 3.0 ], "autotile_index": 0.0, "tileset": "tile_secret", "autotile": 1.0 }, "-544_384": { "autotile": 1.0, "autotile_index": 0.0, "tileset": "tile_secret", "coord": [ 1.0, 2.0 ] }, "1088_-192": { "coord": [ 3.0, 3.0 ], "autotile_index": 0.0, "tileset": "tile_secret", "autotile": 1.0 }, "-384_-32": { "coord": [ 4.0, 1.0 ], "autotile_index": 0.0, "tileset": "tile_secret", "autotile": 1.0 }, "672_160": { "coord": [ 1.0, 1.0 ], "autotile_index": 0.0, "tileset": "tile_secret", "autotile": 1.0 }, "928_-224": { "autotile": 1.0, "autotile_index": 0.0, "tileset": "tile_secret", "coord": [ 3.0, 3.0 ] }, "-352_512": { "coord": [ 3.0, 3.0 ], "autotile_index": 0.0, "tileset": "tile_secret", "autotile": 1.0 }, "864_-160": { "coord": [ 3.0, 3.0 ], "autotile_index": 0.0, "tileset": "tile_secret", "autotile": 1.0 }, "-256_192": { "coord": [ 2.0, 5.0 ], "autotile_index": 0.0, "tileset": "tile_secret", "autotile": 1.0 }, "1056_-160": { "coord": [ 3.0, 3.0 ], "autotile_index": 0.0, "tileset": "tile_secret", "autotile": 1.0 }, "-384_416": { "coord": [ 4.0, 1.0 ], "autotile_index": 0.0, "tileset": "tile_secret", "autotile": 1.0 }, "960_224": { "coord": [ 3.0, 4.0 ], "autotile_index": 0.0, "tileset": "tile_secret", "autotile": 1.0 }, "704_256": { "coord": [ 2.0, 5.0 ], "autotile_index": 0.0, "tileset": "tile_secret", "autotile": 1.0 }, "896_-64": { "autotile": 1.0, "autotile_index": 0.0, "tileset": "tile_secret", "coord": [ 2.0, 5.0 ] }, "-224_480": { "coord": [ 3.0, 3.0 ], "autotile_index": 0.0, "tileset": "tile_secret", "autotile": 1.0 }, "960_-64": { "coord": [ 2.0, 5.0 ], "autotile_index": 0.0, "tileset": "tile_secret", "autotile": 1.0 }, "-288_128": { "coord": [ 4.0, 3.0 ], "autotile_index": 0.0, "tileset": "tile_secret", "autotile": 1.0 }, "-128_0": { "coord": [ 5.0, 5.0 ], "autotile_index": 0.0, "tileset": "tile_secret", "autotile": 1.0 }, "-544_416": { "coord": [ 1.0, 2.0 ], "autotile_index": 0.0, "tileset": "tile_secret", "autotile": 1.0 }, "-544_192": { "autotile": 1.0, "autotile_index": 0.0, "tileset": "tile_secret", "coord": [ 1.0, 2.0 ] }, "-736_64": { "coord": [ 0.0, 0.0 ], "autotile_index": 0.0, "tileset": "tile_secret", "autotile": 1.0 }, "768_256": { "coord": [ 2.0, 5.0 ], "autotile_index": 0.0, "tileset": "tile_secret", "autotile": 1.0 }, "-192_448": { "coord": [ 3.0, 2.0 ], "autotile_index": 0.0, "tileset": "tile_secret", "autotile": 1.0 }, "1056_160": { "coord": [ 4.0, 1.0 ], "autotile_index": 0.0, "tileset": "tile_secret", "autotile": 1.0 }, "960_-160": { "coord": [ 3.0, 3.0 ], "autotile_index": 0.0, "tileset": "tile_secret", "autotile": 1.0 }, "-224_416": { "coord": [ 4.0, 1.0 ], "autotile_index": 0.0, "tileset": "tile_secret", "autotile": 1.0 }, "1152_-128": { "coord": [ 0.0, 0.0 ], "autotile_index": 0.0, "tileset": "tile_secret", "autotile": 1.0 }, "736_256": { "coord": [ 2.0, 5.0 ], "autotile_index": 0.0, "tileset": "tile_secret", "autotile": 1.0 }, "1088_-224": { "autotile": 1.0, "autotile_index": 0.0, "tileset": "tile_secret", "coord": [ 3.0, 3.0 ] }, "-512_320": { "autotile": 1.0, "autotile_index": 0.0, "tileset": "tile_secret", "coord": [ 5.0, 4.0 ] }, "-256_160": { "coord": [ 2.0, 9.0 ], "autotile_index": 0.0, "tileset": "tile_secret", "autotile": 1.0 }, "960_-320": { "autotile": 1.0, "autotile_index": 0.0, "tileset": "tile_secret", "coord": [ 3.0, 3.0 ] }, "-256_480": { "coord": [ 3.0, 3.0 ], "autotile_index": 0.0, "tileset": "tile_secret", "autotile": 1.0 }, "96_-32": { "autotile": 0.0, "autotile_index": 0.0, "tileset": "tile_secret", "coord": [ 8.0, 1.0 ] }, "-448_192": { "autotile": 1.0, "autotile_index": 0.0, "tileset": "tile_secret", "coord": [ 2.0, 5.0 ] }, "1120_-160": { "coord": [ 3.0, 3.0 ], "autotile_index": 0.0, "tileset": "tile_secret", "autotile": 1.0 }, "480_224": { "autotile": 0.0, "autotile_index": 0.0, "tileset": "tile_secret", "coord": [ 7.0, 1.0 ] }, "1056_-128": { "coord": [ 3.0, 3.0 ], "autotile_index": 0.0, "tileset": "tile_secret", "autotile": 1.0 }, "736_192": { "coord": [ 3.0, 2.0 ], "autotile_index": 0.0, "tileset": "tile_secret", "autotile": 1.0 }, "864_-256": { "autotile": 1.0, "autotile_index": 0.0, "tileset": "tile_secret", "coord": [ 3.0, 3.0 ] }, "1088_-64": { "coord": [ 4.0, 7.0 ], "autotile_index": 0.0, "tileset": "tile_secret", "autotile": 1.0 }, "-320_160": { "coord": [ 2.0, 4.0 ], "autotile_index": 0.0, "tileset": "tile_secret", "autotile": 1.0 }, "1056_-96": { "coord": [ 3.0, 4.0 ], "autotile_index": 0.0, "tileset": "tile_secret", "autotile": 1.0 }, "-320_32": { "coord": [ 2.0, 3.0 ], "autotile_index": 0.0, "tileset": "tile_secret", "autotile": 1.0 }, "-448_0": { "coord": [ 1.0, 5.0 ], "autotile_index": 0.0, "tileset": "tile_secret", "autotile": 1.0 }, "-352_-32": { "coord": [ 4.0, 1.0 ], "autotile_index": 0.0, "tileset": "tile_secret", "autotile": 1.0 }, "928_-64": { "coord": [ 2.0, 5.0 ], "autotile_index": 0.0, "tileset": "tile_secret", "autotile": 1.0 }, "1120_0": { "coord": [ 2.0, 3.0 ], "autotile_index": 0.0, "tileset": "tile_secret", "autotile": 1.0 }, "1120_192": { "coord": [ 5.0, 10.0 ], "autotile_index": 0.0, "tileset": "tile_secret", "autotile": 1.0 }, "1088_-96": { "coord": [ 3.0, 4.0 ], "autotile_index": 0.0, "tileset": "tile_secret", "autotile": 1.0 }, "1120_32": { "coord": [ 2.0, 3.0 ], "autotile_index": 0.0, "tileset": "tile_secret", "autotile": 1.0 }, "832_192": { "coord": [ 3.0, 2.0 ], "autotile_index": 0.0, "tileset": "tile_secret", "autotile": 1.0 }, "-224_512": { "coord": [ 3.0, 3.0 ], "autotile_index": 0.0, "tileset": "tile_secret", "autotile": 1.0 }, "1152_-96": { "coord": [ 0.0, 0.0 ], "autotile_index": 0.0, "tileset": "tile_secret", "autotile": 1.0 }, "896_160": { "coord": [ 4.0, 1.0 ], "autotile_index": 0.0, "tileset": "tile_secret", "autotile": 1.0 }, "1152_-320": { "autotile": 1.0, "autotile_index": 0.0, "tileset": "tile_secret", "coord": [ 0.0, 0.0 ] }, "-512_512": { "coord": [ 2.0, 3.0 ], "autotile_index": 0.0, "tileset": "tile_secret", "autotile": 1.0 }, "832_-160": { "coord": [ 2.0, 3.0 ], "autotile_index": 0.0, "tileset": "tile_secret", "autotile": 1.0 }, "1056_-192": { "coord": [ 3.0, 3.0 ], "autotile_index": 0.0, "tileset": "tile_secret", "autotile": 1.0 }, "-320_512": { "coord": [ 3.0, 3.0 ], "autotile_index": 0.0, "tileset": "tile_secret", "autotile": 1.0 }, "-160_448": { "coord": [ 4.0, 2.0 ], "autotile_index": 0.0, "tileset": "tile_secret", "autotile": 1.0 }, "64_352": { "autotile": 0.0, "autotile_index": 0.0, "tileset": "tile_secret", "coord": [ 8.0, 1.0 ] }, "896_-192": { "coord": [ 3.0, 3.0 ], "autotile_index": 0.0, "tileset": "tile_secret", "autotile": 1.0 }, "864_160": { "coord": [ 4.0, 1.0 ], "autotile_index": 0.0, "tileset": "tile_secret", "autotile": 1.0 }, "-480_480": { "coord": [ 3.0, 3.0 ], "autotile_index": 0.0, "tileset": "tile_secret", "autotile": 1.0 }, "-160_480": { "coord": [ 4.0, 3.0 ], "autotile_index": 0.0, "tileset": "tile_secret", "autotile": 1.0 }, "-448_480": { "coord": [ 3.0, 3.0 ], "autotile_index": 0.0, "tileset": "tile_secret", "autotile": 1.0 }, "-320_480": { "coord": [ 3.0, 3.0 ], "autotile_index": 0.0, "tileset": "tile_secret", "autotile": 1.0 }, "960_-256": { "autotile": 1.0, "autotile_index": 0.0, "tileset": "tile_secret", "coord": [ 3.0, 3.0 ] }, "-544_480": { "coord": [ 1.0, 2.0 ], "autotile_index": 0.0, "tileset": "tile_secret", "autotile": 1.0 }, "-192_480": { "coord": [ 3.0, 3.0 ], "autotile_index": 0.0, "tileset": "tile_secret", "autotile": 1.0 }, "-224_0": { "coord": [ 2.0, 5.0 ], "autotile_index": 0.0, "tileset": "tile_secret", "autotile": 1.0 }, "512_32": { "autotile": 0.0, "autotile_index": 0.0, "tileset": "tile_secret", "coord": [ 8.0, 1.0 ] }, "-320_0": { "coord": [ 2.0, 2.0 ], "autotile_index": 0.0, "tileset": "tile_secret", "autotile": 1.0 }, "864_-96": { "autotile": 1.0, "autotile_index": 0.0, "tileset": "tile_secret", "coord": [ 3.0, 4.0 ] }, "-352_128": { "coord": [ 1.0, 2.0 ], "autotile_index": 0.0, "tileset": "tile_secret", "autotile": 1.0 }, "864_-64": { "autotile": 1.0, "autotile_index": 0.0, "tileset": "tile_secret", "coord": [ 2.0, 5.0 ] }, "1120_-32": { "coord": [ 2.0, 3.0 ], "autotile_index": 0.0, "tileset": "tile_secret", "autotile": 1.0 }, "-224_256": { "autotile": 1.0, "autotile_index": 0.0, "tileset": "tile_secret", "coord": [ 1.0, 2.0 ] }, "1056_256": { "coord": [ 2.0, 5.0 ], "autotile_index": 0.0, "tileset": "tile_secret", "autotile": 1.0 }, "-224_224": { "autotile": 1.0, "autotile_index": 0.0, "tileset": "tile_secret", "coord": [ 1.0, 2.0 ] }, "-416_480": { "coord": [ 3.0, 3.0 ], "autotile_index": 0.0, "tileset": "tile_secret", "autotile": 1.0 }, "832_-224": { "autotile": 1.0, "autotile_index": 0.0, "tileset": "tile_secret", "coord": [ 2.0, 3.0 ] }, "-256_32": { "coord": [ 5.0, 4.0 ], "autotile_index": 0.0, "tileset": "tile_secret", "autotile": 1.0 }, "448_224": { "autotile": 0.0, "autotile_index": 0.0, "tileset": "tile_secret", "coord": [ 7.0, 1.0 ] }, "800_-224": { "autotile": 1.0, "autotile_index": 0.0, "tileset": "tile_secret", "coord": [ 1.0, 2.0 ] }, "-512_288": { "autotile": 1.0, "autotile_index": 0.0, "tileset": "tile_secret", "coord": [ 5.0, 4.0 ] }, "-384_480": { "coord": [ 3.0, 3.0 ], "autotile_index": 0.0, "tileset": "tile_secret", "autotile": 1.0 }, "-416_416": { "coord": [ 4.0, 1.0 ], "autotile_index": 0.0, "tileset": "tile_secret", "autotile": 1.0 }, "864_-128": { "coord": [ 3.0, 3.0 ], "autotile_index": 0.0, "tileset": "tile_secret", "autotile": 1.0 }, "-256_96": { "coord": [ 5.0, 4.0 ], "autotile_index": 0.0, "tileset": "tile_secret", "autotile": 1.0 }, "864_192": { "coord": [ 3.0, 2.0 ], "autotile_index": 0.0, "tileset": "tile_secret", "autotile": 1.0 }, "1056_-256": { "autotile": 1.0, "autotile_index": 0.0, "tileset": "tile_secret", "coord": [ 3.0, 3.0 ] }, "-288_0": { "coord": [ 4.0, 2.0 ], "autotile_index": 0.0, "tileset": "tile_secret", "autotile": 1.0 }, "1120_128": { "coord": [ 2.0, 3.0 ], "autotile_index": 0.0, "tileset": "tile_secret", "autotile": 1.0 }, "1088_256": { "coord": [ 2.0, 5.0 ], "autotile_index": 0.0, "tileset": "tile_secret", "autotile": 1.0 }, "-160_512": { "coord": [ 4.0, 3.0 ], "autotile_index": 0.0, "tileset": "tile_secret", "autotile": 1.0 }, "1120_-256": { "autotile": 1.0, "autotile_index": 0.0, "tileset": "tile_secret", "coord": [ 3.0, 3.0 ] }, "-736_32": { "coord": [ 0.0, 0.0 ], "autotile_index": 0.0, "tileset": "tile_secret", "autotile": 1.0 }, "544_224": { "autotile": 0.0, "autotile_index": 0.0, "tileset": "tile_secret", "coord": [ 8.0, 1.0 ] }, "832_224": { "coord": [ 3.0, 4.0 ], "autotile_index": 0.0, "tileset": "tile_secret", "autotile": 1.0 }, "-192_288": { "autotile": 1.0, "autotile_index": 0.0, "tileset": "tile_secret", "coord": [ 5.0, 5.0 ] }, "1056_-64": { "coord": [ 2.0, 5.0 ], "autotile_index": 0.0, "tileset": "tile_secret", "autotile": 1.0 }, "1088_-160": { "coord": [ 3.0, 3.0 ], "autotile_index": 0.0, "tileset": "tile_secret", "autotile": 1.0 }, "992_192": { "coord": [ 3.0, 2.0 ], "autotile_index": 0.0, "tileset": "tile_secret", "autotile": 1.0 }, "-288_160": { "coord": [ 4.0, 4.0 ], "autotile_index": 0.0, "tileset": "tile_secret", "autotile": 1.0 }, "992_256": { "coord": [ 2.0, 5.0 ], "autotile_index": 0.0, "tileset": "tile_secret", "autotile": 1.0 }, "1088_160": { "coord": [ 4.0, 9.0 ], "autotile_index": 0.0, "tileset": "tile_secret", "autotile": 1.0 }, "-512_256": { "autotile": 1.0, "autotile_index": 0.0, "tileset": "tile_secret", "coord": [ 5.0, 4.0 ] }, "992_-96": { "coord": [ 3.0, 4.0 ], "autotile_index": 0.0, "tileset": "tile_secret", "autotile": 1.0 }, "-256_64": { "coord": [ 5.0, 4.0 ], "autotile_index": 0.0, "tileset": "tile_secret", "autotile": 1.0 }, "992_-128": { "coord": [ 3.0, 3.0 ], "autotile_index": 0.0, "tileset": "tile_secret", "autotile": 1.0 }, "800_-160": { "coord": [ 1.0, 2.0 ], "autotile_index": 0.0, "tileset": "tile_secret", "autotile": 1.0 }, "992_-192": { "coord": [ 3.0, 3.0 ], "autotile_index": 0.0, "tileset": "tile_secret", "autotile": 1.0 }, "-512_448": { "coord": [ 2.0, 2.0 ], "autotile_index": 0.0, "tileset": "tile_secret", "autotile": 1.0 }, "896_224": { "coord": [ 3.0, 4.0 ], "autotile_index": 0.0, "tileset": "tile_secret", "autotile": 1.0 }, "-448_-32": { "coord": [ 1.0, 1.0 ], "autotile_index": 0.0, "tileset": "tile_secret", "autotile": 1.0 } } }, "backgrounds": { "5": { "x": 0.0, "scroll_x": 0.69999999999999995559107901499374, "tile_y": 1.0, "hspeed": 1.0, "scroll_y": 0.69999999999999995559107901499374, "panic_sprite": -1.0, "y": 0.0, "sprite": "bg_secret", "tile_x": 1.0, "vspeed": 1.0, "image_speed": 0.0 } }, "properties": { "songTransitionTime": 100.0, "roomX": -640.0, "levelWidth": 1152.0, "roomY": -320.0, "levelHeight": 540.0, "song": "event:\/music\/w4\/freezersecret" } }