{ "editorVersion": 5.0, "instances": [ { "layer": 0.0, "deleted": 0.0, "variables": { "x": -384.0, "y": 480.0, "image_xscale": 42.0, "image_yscale": 2.0, "flipX": 0.0, "flipY": 0.0 }, "object": 517.0 }, { "layer": 0.0, "deleted": 0.0, "variables": { "x": 832.0, "y": 0.0, "image_xscale": 4.0, "image_yscale": 13.0, "flipX": 0.0, "flipY": 0.0 }, "object": 517.0 }, { "layer": 0.0, "deleted": 0.0, "variables": { "x": -704.0, "y": 0.0, "image_xscale": 48.0, "image_yscale": 2.0, "flipX": 0.0, "flipY": 0.0 }, "object": 517.0 }, { "layer": 0.0, "deleted": 0.0, "variables": { "x": -704.0, "y": 224.0, "image_xscale": 10.0, "image_yscale": 10.0, "flipX": 0.0, "flipY": 0.0 }, "object": 517.0 }, { "layer": 0.0, "deleted": 0.0, "variables": { "x": 960.0, "flipX": 0.0, "y": 384.0, "flipY": 0.0 }, "object": 517.0 }, { "layer": 0.0, "deleted": 0.0, "variables": { "x": 960.0, "flipX": 0.0, "y": 480.0, "flipY": 0.0 }, "object": 517.0 }, { "layer": 0.0, "deleted": 0.0, "variables": { "x": 960.0, "y": 448.0, "image_xscale": 1.0, "image_yscale": 1.0, "flipX": 0.0, "flipY": 0.0 }, "object": 805.0 }, { "layer": 0.0, "deleted": 0.0, "variables": { "x": 992.0, "y": 416.0, "targetRoom": "Floor3", "image_xscale": 1.0, "image_yscale": 1.0, "flipX": 1.0, "flipY": 0.0, "targetDoor": "B" }, "object": 801.0 }, { "layer": 0.0, "deleted": 0.0, "variables": { "x": -288.0, "y": 384.0, "image_xscale": 4.0, "image_yscale": 1.0, "flipX": 0.0, "flipY": 0.0 }, "object": 722.0 }, { "layer": 0.0, "deleted": 0.0, "variables": { "x": 160.0, "flipX": 0.0, "y": 433.0, "flipY": 0.0 }, "object": 145.0 }, { "layer": 0.0, "deleted": 0.0, "variables": { "x": -96.0, "y": 288.0, "image_xscale": 4.0, "image_yscale": 1.0, "flipX": 0.0, "flipY": 0.0 }, "object": 722.0 }, { "layer": 0.0, "deleted": 0.0, "variables": { "x": 352.0, "flipX": 0.0, "y": 434.0, "flipY": 0.0 }, "object": 109.0 }, { "layer": 0.0, "deleted": 0.0, "variables": { "x": 224.0, "y": 64.0, "image_xscale": 2.0, "image_yscale": 13.0, "flipX": 0.0, "flipY": 0.0 }, "object": 517.0 }, { "layer": 0.0, "deleted": 0.0, "variables": { "x": -704.0, "y": 64.0, "image_xscale": 2.0, "image_yscale": 5.0, "flipX": 0.0, "flipY": 0.0 }, "object": 517.0 }, { "layer": 0.0, "deleted": 0.0, "variables": { "x": -352.0, "y": 224.0, "image_xscale": 7.0, "image_yscale": 1.0, "flipX": 0.0, "flipY": 0.0 }, "object": 743.0 }, { "layer": 0.0, "deleted": 0.0, "variables": { "x": -224.0, "flipX": 0.0, "y": 320.0, "flipY": 0.0 }, "object": 733.0 }, { "layer": 0.0, "deleted": 0.0, "variables": { "x": -32.0, "flipX": 0.0, "y": 224.0, "flipY": 0.0 }, "object": 733.0 }, { "layer": 0.0, "deleted": 0.0, "variables": { "x": -544.0, "content": "obj_pizzaboy", "y": 192.0, "image_xscale": 1.0, "image_yscale": 1.0, "flipX": 0.0, "flipY": 0.0 }, "object": 694.0 }, { "layer": 0.0, "deleted": 0.0, "variables": { "x": 640.0, "y": 426.0, "image_xscale": 1.0, "image_yscale": 1.0, "text": "\"boigamer\" and \"pink slobe\" are the devs of this mod", "flipX": 0.0, "flipY": 0.0 }, "object": 495.0 } ], "tile_data": { "5": { "864_256": { "autotile": 1.0, "autotile_index": 0.0, "tileset": "tile_secret", "coord": [ 2.0, 3.0 ] }, "224_416": { "autotile": 1.0, "autotile_index": 0.0, "tileset": "tile_secret", "coord": [ 1.0, 2.0 ] }, "-160_352": { "coord": [ 6.0, 35.0 ], "autotile_index": 0.0, "tileset": "bg_tilefreezer", "autotile": 0.0 }, "-640_0": { "autotile": 1.0, "autotile_index": 0.0, "tileset": "tile_secret", "coord": [ 3, 4 ] }, "896_224": { "autotile": 1.0, "autotile_index": 0.0, "tileset": "tile_secret", "coord": [ 3.0, 3.0 ] }, "-352_256": { "coord": [ 0.0, 32.0 ], "autotile_index": 0.0, "tileset": "bg_tilefreezer", "autotile": 0.0 }, "-256_352": { "coord": [ 3.0, 35.0 ], "autotile_index": 0.0, "tileset": "bg_tilefreezer", "autotile": 0.0 }, "-64_512": { "autotile": 1.0, "autotile_index": 0.0, "tileset": "tile_secret", "coord": [ 3.0, 2.0 ] }, "-256_256": { "coord": [ 3.0, 32.0 ], "autotile_index": 0.0, "tileset": "bg_tilefreezer", "autotile": 0.0 }, "-192_256": { "coord": [ 5.0, 32.0 ], "autotile_index": 0.0, "tileset": "bg_tilefreezer", "autotile": 0.0 }, "32_480": { "autotile": 1.0, "autotile_index": 0.0, "tileset": "tile_secret", "coord": [ 4.0, 1.0 ] }, "-224_288": { "coord": [ 4.0, 33.0 ], "autotile_index": 0.0, "tileset": "bg_tilefreezer", "autotile": 0.0 }, "448_320": { "autotile": 0.0, "autotile_index": 0.0, "tileset": "tiles_shit", "coord": [ 2.0, 3.0 ] }, "864_384": { "autotile": 1.0, "autotile_index": 0.0, "tileset": "tile_secret", "coord": [ 2.0, 5.0 ] }, "224_192": { "autotile": 1.0, "autotile_index": 0.0, "tileset": "tile_secret", "coord": [ 1.0, 2.0 ] }, "256_320": { "autotile": 1.0, "autotile_index": 0.0, "tileset": "tile_secret", "coord": [ 5.0, 4.0 ] }, "800_480": { "autotile": 1.0, "autotile_index": 0.0, "tileset": "tile_secret", "coord": [ 4.0, 1.0 ] }, "-416_416": { "autotile": 1.0, "autotile_index": 0.0, "tileset": "tile_secret", "coord": [ 5.0, 4.0 ] }, "-640_512": { "coord": [ 3.0, 3.0 ], "autotile_index": 0.0, "tileset": "tile_secret", "autotile": 1.0 }, "192_480": { "autotile": 1.0, "autotile_index": 0.0, "tileset": "tile_secret", "coord": [ 4.0, 1.0 ] }, "-672_64": { "autotile": 1.0, "autotile_index": 0.0, "tileset": "tile_secret", "coord": [ 5, 4 ] }, "-544_352": { "coord": [ 3.0, 3.0 ], "autotile_index": 0.0, "tileset": "tile_secret", "autotile": 1.0 }, "-320_352": { "coord": [ 1.0, 35.0 ], "autotile_index": 0.0, "tileset": "bg_tilefreezer", "autotile": 0.0 }, "-352_0": { "coord": [ 3.0, 4.0 ], "autotile_index": 0.0, "tileset": "tile_secret", "autotile": 1.0 }, "-544_32": { "autotile": 1.0, "autotile_index": 0.0, "tileset": "tile_secret", "coord": [ 2, 5 ] }, "160_32": { "autotile": 1.0, "autotile_index": 0.0, "tileset": "tile_secret", "coord": [ 2.0, 5.0 ] }, "-352_512": { "autotile": 1.0, "autotile_index": 0.0, "tileset": "tile_secret", "coord": [ 3.0, 2.0 ] }, "512_352": { "autotile": 0.0, "autotile_index": 0.0, "tileset": "tiles_shit", "coord": [ 4.0, 4.0 ] }, "-480_384": { "autotile": 1.0, "autotile_index": 0.0, "tileset": "tile_secret", "coord": [ 3.0, 3.0 ] }, "448_512": { "autotile": 1.0, "autotile_index": 0.0, "tileset": "tile_secret", "coord": [ 3.0, 2.0 ] }, "-512_256": { "autotile": 1.0, "autotile_index": 0.0, "tileset": "tile_secret", "coord": [ 3, 2 ] }, "896_352": { "autotile": 1.0, "autotile_index": 0.0, "tileset": "tile_secret", "coord": [ 3.0, 4.0 ] }, "576_32": { "autotile": 1.0, "autotile_index": 0.0, "tileset": "tile_secret", "coord": [ 2.0, 5.0 ] }, "896_192": { "autotile": 1.0, "autotile_index": 0.0, "tileset": "tile_secret", "coord": [ 3.0, 3.0 ] }, "256_416": { "autotile": 1.0, "autotile_index": 0.0, "tileset": "tile_secret", "coord": [ 5.0, 4.0 ] }, "288_512": { "autotile": 1.0, "autotile_index": 0.0, "tileset": "tile_secret", "coord": [ 3.0, 2.0 ] }, "352_480": { "autotile": 1.0, "autotile_index": 0.0, "tileset": "tile_secret", "coord": [ 4.0, 1.0 ] }, "896_128": { "autotile": 1.0, "autotile_index": 0.0, "tileset": "tile_secret", "coord": [ 3.0, 3.0 ] }, "-192_288": { "coord": [ 5.0, 33.0 ], "autotile_index": 0.0, "tileset": "bg_tilefreezer", "autotile": 0.0 }, "-512_448": { "autotile": 1.0, "autotile_index": 0.0, "tileset": "tile_secret", "coord": [ 3.0, 3.0 ] }, "832_0": { "autotile": 1.0, "autotile_index": 0.0, "tileset": "tile_secret", "coord": [ 3.0, 4.0 ] }, "448_0": { "autotile": 1.0, "autotile_index": 0.0, "tileset": "tile_secret", "coord": [ 3.0, 4.0 ] }, "-192_32": { "autotile": 1.0, "autotile_index": 0.0, "tileset": "tile_secret", "coord": [ 2.0, 5.0 ] }, "320_512": { "autotile": 1.0, "autotile_index": 0.0, "tileset": "tile_secret", "coord": [ 3.0, 2.0 ] }, "736_32": { "autotile": 1.0, "autotile_index": 0.0, "tileset": "tile_secret", "coord": [ 2.0, 5.0 ] }, "-448_0": { "coord": [ 3.0, 4.0 ], "autotile_index": 0.0, "tileset": "tile_secret", "autotile": 1.0 }, "-672_320": { "coord": [ 3.0, 3.0 ], "autotile_index": 0.0, "tileset": "tile_secret", "autotile": 1.0 }, "224_288": { "autotile": 1.0, "autotile_index": 0.0, "tileset": "tile_secret", "coord": [ 1.0, 2.0 ] }, "-288_480": { "coord": [ 4.0, 1.0 ], "autotile_index": 0.0, "tileset": "tile_secret", "autotile": 1.0 }, "928_64": { "autotile": 1.0, "autotile_index": 0.0, "tileset": "tile_secret", "coord": [ 3.0, 3.0 ] }, "928_96": { "autotile": 1.0, "autotile_index": 0.0, "tileset": "tile_secret", "coord": [ 3.0, 3.0 ] }, "-288_0": { "autotile": 1.0, "autotile_index": 0.0, "tileset": "tile_secret", "coord": [ 3.0, 4.0 ] }, "-448_352": { "autotile": 1.0, "autotile_index": 0.0, "tileset": "tile_secret", "coord": [ 4.0, 3.0 ] }, "864_32": { "autotile": 1.0, "autotile_index": 0.0, "tileset": "tile_secret", "coord": [ 2.0, 3.0 ] }, "416_416": { "autotile": 0.0, "autotile_index": 0.0, "tileset": "tiles_shit", "coord": [ 1.0, 6.0 ] }, "512_512": { "autotile": 1.0, "autotile_index": 0.0, "tileset": "tile_secret", "coord": [ 3.0, 2.0 ] }, "-512_224": { "autotile": 1.0, "autotile_index": 0.0, "tileset": "tile_secret", "coord": [ 4, 1 ] }, "896_160": { "autotile": 1.0, "autotile_index": 0.0, "tileset": "tile_secret", "coord": [ 3.0, 3.0 ] }, "512_320": { "autotile": 0.0, "autotile_index": 0.0, "tileset": "tiles_shit", "coord": [ 4.0, 3.0 ] }, "-416_32": { "coord": [ 2.0, 5.0 ], "autotile_index": 0.0, "tileset": "tile_secret", "autotile": 1.0 }, "-416_384": { "autotile": 1.0, "autotile_index": 0.0, "tileset": "tile_secret", "coord": [ 5.0, 4.0 ] }, "-480_320": { "coord": [ 3.0, 3.0 ], "autotile_index": 0.0, "tileset": "tile_secret", "autotile": 1.0 }, "480_320": { "autotile": 0.0, "autotile_index": 0.0, "tileset": "tiles_shit", "coord": [ 3.0, 3.0 ] }, "-256_32": { "autotile": 1.0, "autotile_index": 0.0, "tileset": "tile_secret", "coord": [ 2.0, 5.0 ] }, "-512_352": { "autotile": 1.0, "autotile_index": 0.0, "tileset": "tile_secret", "coord": [ 3.0, 3.0 ] }, "-224_0": { "autotile": 1.0, "autotile_index": 0.0, "tileset": "tile_secret", "coord": [ 3.0, 4.0 ] }, "-480_416": { "autotile": 1.0, "autotile_index": 0.0, "tileset": "tile_secret", "coord": [ 3.0, 3.0 ] }, "576_0": { "autotile": 1.0, "autotile_index": 0.0, "tileset": "tile_secret", "coord": [ 3.0, 4.0 ] }, "768_32": { "autotile": 1.0, "autotile_index": 0.0, "tileset": "tile_secret", "coord": [ 2.0, 5.0 ] }, "448_352": { "autotile": 0.0, "autotile_index": 0.0, "tileset": "tiles_shit", "coord": [ 2.0, 4.0 ] }, "-160_224": { "coord": [ 6.0, 31.0 ], "autotile_index": 0.0, "tileset": "bg_tilefreezer", "autotile": 0.0 }, "-160_320": { "coord": [ 6.0, 34.0 ], "autotile_index": 0.0, "tileset": "bg_tilefreezer", "autotile": 0.0 }, "0_0": { "autotile": 1.0, "autotile_index": 0.0, "tileset": "tile_secret", "coord": [ 3.0, 4.0 ] }, "928_320": { "autotile": 1.0, "autotile_index": 0.0, "tileset": "tile_secret", "coord": [ 3.0, 3.0 ] }, "864_96": { "autotile": 1.0, "autotile_index": 0.0, "tileset": "tile_secret", "coord": [ 2.0, 3.0 ] }, "-352_288": { "coord": [ 0.0, 33.0 ], "autotile_index": 0.0, "tileset": "bg_tilefreezer", "autotile": 0.0 }, "-256_224": { "coord": [ 3.0, 31.0 ], "autotile_index": 0.0, "tileset": "bg_tilefreezer", "autotile": 0.0 }, "-640_448": { "coord": [ 3.0, 3.0 ], "autotile_index": 0.0, "tileset": "tile_secret", "autotile": 1.0 }, "256_192": { "autotile": 1.0, "autotile_index": 0.0, "tileset": "tile_secret", "coord": [ 5.0, 4.0 ] }, "-512_288": { "coord": [ 3.0, 3.0 ], "autotile_index": 0.0, "tileset": "tile_secret", "autotile": 1.0 }, "-672_480": { "coord": [ 3.0, 3.0 ], "autotile_index": 0.0, "tileset": "tile_secret", "autotile": 1.0 }, "672_480": { "autotile": 1.0, "autotile_index": 0.0, "tileset": "tile_secret", "coord": [ 4.0, 1.0 ] }, "640_0": { "autotile": 1.0, "autotile_index": 0.0, "tileset": "tile_secret", "coord": [ 3.0, 4.0 ] }, "32_32": { "autotile": 1.0, "autotile_index": 0.0, "tileset": "tile_secret", "coord": [ 2.0, 5.0 ] }, "-704_288": { "coord": [ 3.0, 3.0 ], "autotile_index": 0.0, "tileset": "tile_secret", "autotile": 1.0 }, "704_32": { "autotile": 1.0, "autotile_index": 0.0, "tileset": "tile_secret", "coord": [ 2.0, 5.0 ] }, "608_512": { "autotile": 1.0, "autotile_index": 0.0, "tileset": "tile_secret", "coord": [ 3.0, 2.0 ] }, "96_32": { "autotile": 1.0, "autotile_index": 0.0, "tileset": "tile_secret", "coord": [ 2.0, 5.0 ] }, "-320_288": { "coord": [ 1.0, 33.0 ], "autotile_index": 0.0, "tileset": "bg_tilefreezer", "autotile": 0.0 }, "-704_352": { "coord": [ 3.0, 3.0 ], "autotile_index": 0.0, "tileset": "tile_secret", "autotile": 1.0 }, "64_32": { "autotile": 1.0, "autotile_index": 0.0, "tileset": "tile_secret", "coord": [ 2.0, 5.0 ] }, "224_0": { "autotile": 1.0, "autotile_index": 0.0, "tileset": "tile_secret", "coord": [ 3.0, 4.0 ] }, "-448_288": { "coord": [ 4.0, 3.0 ], "autotile_index": 0.0, "tileset": "tile_secret", "autotile": 1.0 }, "928_352": { "autotile": 1.0, "autotile_index": 0.0, "tileset": "tile_secret", "coord": [ 3.0, 4.0 ] }, "896_64": { "autotile": 1.0, "autotile_index": 0.0, "tileset": "tile_secret", "coord": [ 3.0, 3.0 ] }, "-224_512": { "coord": [ 3.0, 2.0 ], "autotile_index": 0.0, "tileset": "tile_secret", "autotile": 1.0 }, "-320_224": { "coord": [ 1.0, 31.0 ], "autotile_index": 0.0, "tileset": "bg_tilefreezer", "autotile": 0.0 }, "384_448": { "autotile": 0.0, "autotile_index": 0.0, "tileset": "tiles_shit", "coord": [ 0.0, 7.0 ] }, "480_0": { "autotile": 1.0, "autotile_index": 0.0, "tileset": "tile_secret", "coord": [ 3.0, 4.0 ] }, "928_480": { "autotile": 1.0, "autotile_index": 0.0, "tileset": "tile_secret", "coord": [ 4.0, 1.0 ] }, "544_480": { "autotile": 1.0, "autotile_index": 0.0, "tileset": "tile_secret", "coord": [ 4.0, 1.0 ] }, "512_480": { "autotile": 1.0, "autotile_index": 0.0, "tileset": "tile_secret", "coord": [ 4.0, 1.0 ] }, "416_320": { "autotile": 0.0, "autotile_index": 0.0, "tileset": "tiles_shit", "coord": [ 1.0, 3.0 ] }, "-576_32": { "autotile": 1.0, "autotile_index": 0.0, "tileset": "tile_secret", "coord": [ 2, 5 ] }, "224_64": { "autotile": 1.0, "autotile_index": 0.0, "tileset": "tile_secret", "coord": [ 1.0, 2.0 ] }, "-608_352": { "coord": [ 3.0, 3.0 ], "autotile_index": 0.0, "tileset": "tile_secret", "autotile": 1.0 }, "-480_256": { "autotile": 1.0, "autotile_index": 0.0, "tileset": "tile_secret", "coord": [ 3, 2 ] }, "128_32": { "autotile": 1.0, "autotile_index": 0.0, "tileset": "tile_secret", "coord": [ 2.0, 5.0 ] }, "-448_448": { "autotile": 1.0, "autotile_index": 0.0, "tileset": "tile_secret", "coord": [ 4.0, 3.0 ] }, "352_512": { "autotile": 1.0, "autotile_index": 0.0, "tileset": "tile_secret", "coord": [ 3.0, 2.0 ] }, "-416_256": { "coord": [ 5.0, 4.0 ], "autotile_index": 0.0, "tileset": "tile_secret", "autotile": 1.0 }, "-544_256": { "autotile": 1.0, "autotile_index": 0.0, "tileset": "tile_secret", "coord": [ 3, 2 ] }, "-640_288": { "coord": [ 3.0, 3.0 ], "autotile_index": 0.0, "tileset": "tile_secret", "autotile": 1.0 }, "672_0": { "autotile": 1.0, "autotile_index": 0.0, "tileset": "tile_secret", "coord": [ 3.0, 4.0 ] }, "96_480": { "autotile": 1.0, "autotile_index": 0.0, "tileset": "tile_secret", "coord": [ 4.0, 1.0 ] }, "672_512": { "autotile": 1.0, "autotile_index": 0.0, "tileset": "tile_secret", "coord": [ 3.0, 2.0 ] }, "512_0": { "autotile": 1.0, "autotile_index": 0.0, "tileset": "tile_secret", "coord": [ 3.0, 4.0 ] }, "-160_288": { "coord": [ 6.0, 33.0 ], "autotile_index": 0.0, "tileset": "bg_tilefreezer", "autotile": 0.0 }, "-320_256": { "coord": [ 1.0, 32.0 ], "autotile_index": 0.0, "tileset": "bg_tilefreezer", "autotile": 0.0 }, "320_0": { "autotile": 1.0, "autotile_index": 0.0, "tileset": "tile_secret", "coord": [ 3.0, 4.0 ] }, "-640_320": { "coord": [ 3.0, 3.0 ], "autotile_index": 0.0, "tileset": "tile_secret", "autotile": 1.0 }, "-224_352": { "coord": [ 6.0, 1.0 ], "autotile_index": 0.0, "tileset": "tiles_BEE", "autotile": 0.0 }, "224_512": { "autotile": 1.0, "autotile_index": 0.0, "tileset": "tile_secret", "coord": [ 3.0, 2.0 ] }, "448_32": { "autotile": 1.0, "autotile_index": 0.0, "tileset": "tile_secret", "coord": [ 2.0, 5.0 ] }, "256_96": { "autotile": 1.0, "autotile_index": 0.0, "tileset": "tile_secret", "coord": [ 5.0, 4.0 ] }, "-480_480": { "autotile": 1.0, "autotile_index": 0.0, "tileset": "tile_secret", "coord": [ 3.0, 3.0 ] }, "480_512": { "autotile": 1.0, "autotile_index": 0.0, "tileset": "tile_secret", "coord": [ 3.0, 2.0 ] }, "-672_384": { "coord": [ 3.0, 3.0 ], "autotile_index": 0.0, "tileset": "tile_secret", "autotile": 1.0 }, "832_320": { "autotile": 1.0, "autotile_index": 0.0, "tileset": "tile_secret", "coord": [ 1.0, 2.0 ] }, "-480_32": { "autotile": 1.0, "autotile_index": 0.0, "tileset": "tile_secret", "coord": [ 2, 5 ] }, "-608_224": { "autotile": 1.0, "autotile_index": 0.0, "tileset": "tile_secret", "coord": [ 4, 1 ] }, "-672_96": { "autotile": 1.0, "autotile_index": 0.0, "tileset": "tile_secret", "coord": [ 5, 4 ] }, "160_512": { "autotile": 1.0, "autotile_index": 0.0, "tileset": "tile_secret", "coord": [ 3.0, 2.0 ] }, "-608_0": { "autotile": 1.0, "autotile_index": 0.0, "tileset": "tile_secret", "coord": [ 3, 4 ] }, "-736_64": { "coord": [ 0.0, 0.0 ], "autotile_index": 0.0, "tileset": "tile_secret", "autotile": 1.0 }, "-416_352": { "autotile": 1.0, "autotile_index": 0.0, "tileset": "tile_secret", "coord": [ 5.0, 4.0 ] }, "-544_512": { "coord": [ 3.0, 3.0 ], "autotile_index": 0.0, "tileset": "tile_secret", "autotile": 1.0 }, "-608_288": { "coord": [ 3.0, 3.0 ], "autotile_index": 0.0, "tileset": "tile_secret", "autotile": 1.0 }, "-320_32": { "autotile": 1.0, "autotile_index": 0.0, "tileset": "tile_secret", "coord": [ 2.0, 5.0 ] }, "320_480": { "autotile": 1.0, "autotile_index": 0.0, "tileset": "tile_secret", "coord": [ 4.0, 1.0 ] }, "896_320": { "autotile": 1.0, "autotile_index": 0.0, "tileset": "tile_secret", "coord": [ 3.0, 3.0 ] }, "-512_32": { "autotile": 1.0, "autotile_index": 0.0, "tileset": "tile_secret", "coord": [ 2, 5 ] }, "-704_256": { "autotile": 1.0, "autotile_index": 0.0, "tileset": "tile_secret", "coord": [ 1, 10 ] }, "416_352": { "autotile": 0.0, "autotile_index": 0.0, "tileset": "tiles_shit", "coord": [ 1.0, 4.0 ] }, "672_32": { "autotile": 1.0, "autotile_index": 0.0, "tileset": "tile_secret", "coord": [ 2.0, 5.0 ] }, "-96_512": { "coord": [ 3.0, 2.0 ], "autotile_index": 0.0, "tileset": "tile_secret", "autotile": 1.0 }, "480_480": { "autotile": 1.0, "autotile_index": 0.0, "tileset": "tile_secret", "coord": [ 4.0, 1.0 ] }, "512_448": { "autotile": 0.0, "autotile_index": 0.0, "tileset": "tiles_shit", "coord": [ 4.0, 7.0 ] }, "-160_0": { "autotile": 1.0, "autotile_index": 0.0, "tileset": "tile_secret", "coord": [ 3.0, 4.0 ] }, "-512_416": { "autotile": 1.0, "autotile_index": 0.0, "tileset": "tile_secret", "coord": [ 3.0, 3.0 ] }, "-576_288": { "coord": [ 3.0, 3.0 ], "autotile_index": 0.0, "tileset": "tile_secret", "autotile": 1.0 }, "832_192": { "autotile": 1.0, "autotile_index": 0.0, "tileset": "tile_secret", "coord": [ 1.0, 2.0 ] }, "224_96": { "autotile": 1.0, "autotile_index": 0.0, "tileset": "tile_secret", "coord": [ 1.0, 2.0 ] }, "-288_320": { "coord": [ 2.0, 34.0 ], "autotile_index": 0.0, "tileset": "bg_tilefreezer", "autotile": 0.0 }, "256_160": { "autotile": 1.0, "autotile_index": 0.0, "tileset": "tile_secret", "coord": [ 5.0, 4.0 ] }, "288_0": { "autotile": 1.0, "autotile_index": 0.0, "tileset": "tile_secret", "coord": [ 3.0, 4.0 ] }, "-64_0": { "autotile": 1.0, "autotile_index": 0.0, "tileset": "tile_secret", "coord": [ 3.0, 4.0 ] }, "-96_288": { "autotile": 0.0, "autotile_index": 0.0, "tileset": "tiles_GABEN", "coord": [ 4.0, 0.0 ] }, "-32_288": { "autotile": 0.0, "autotile_index": 0.0, "tileset": "tiles_GABEN", "coord": [ 4.0, 0.0 ] }, "256_256": { "autotile": 1.0, "autotile_index": 0.0, "tileset": "tile_secret", "coord": [ 5.0, 4.0 ] }, "-512_480": { "autotile": 1.0, "autotile_index": 0.0, "tileset": "tile_secret", "coord": [ 3.0, 3.0 ] }, "224_352": { "autotile": 1.0, "autotile_index": 0.0, "tileset": "tile_secret", "coord": [ 1.0, 2.0 ] }, "832_384": { "autotile": 1.0, "autotile_index": 0.0, "tileset": "tile_secret", "coord": [ 1.0, 5.0 ] }, "128_512": { "autotile": 1.0, "autotile_index": 0.0, "tileset": "tile_secret", "coord": [ 3.0, 2.0 ] }, "-352_320": { "coord": [ 0.0, 34.0 ], "autotile_index": 0.0, "tileset": "bg_tilefreezer", "autotile": 0.0 }, "896_480": { "autotile": 1.0, "autotile_index": 0.0, "tileset": "tile_secret", "coord": [ 4.0, 1.0 ] }, "-704_192": { "autotile": 1.0, "autotile_index": 0.0, "tileset": "tile_secret", "coord": [ 4, 3 ] }, "-704_512": { "coord": [ 3.0, 3.0 ], "autotile_index": 0.0, "tileset": "tile_secret", "autotile": 1.0 }, "704_0": { "autotile": 1.0, "autotile_index": 0.0, "tileset": "tile_secret", "coord": [ 3.0, 4.0 ] }, "-672_192": { "autotile": 1.0, "autotile_index": 0.0, "tileset": "tile_secret", "coord": [ 5, 4 ] }, "256_288": { "autotile": 1.0, "autotile_index": 0.0, "tileset": "tile_secret", "coord": [ 5.0, 4.0 ] }, "736_480": { "autotile": 1.0, "autotile_index": 0.0, "tileset": "tile_secret", "coord": [ 4.0, 1.0 ] }, "-480_512": { "autotile": 1.0, "autotile_index": 0.0, "tileset": "tile_secret", "coord": [ 3.0, 3.0 ] }, "32_512": { "autotile": 1.0, "autotile_index": 0.0, "tileset": "tile_secret", "coord": [ 3.0, 2.0 ] }, "-704_416": { "coord": [ 3.0, 3.0 ], "autotile_index": 0.0, "tileset": "tile_secret", "autotile": 1.0 }, "-576_416": { "coord": [ 3.0, 3.0 ], "autotile_index": 0.0, "tileset": "tile_secret", "autotile": 1.0 }, "-224_480": { "coord": [ 4.0, 1.0 ], "autotile_index": 0.0, "tileset": "tile_secret", "autotile": 1.0 }, "-160_512": { "coord": [ 3.0, 2.0 ], "autotile_index": 0.0, "tileset": "tile_secret", "autotile": 1.0 }, "-160_256": { "coord": [ 6.0, 32.0 ], "autotile_index": 0.0, "tileset": "bg_tilefreezer", "autotile": 0.0 }, "-256_0": { "autotile": 1.0, "autotile_index": 0.0, "tileset": "tile_secret", "coord": [ 3.0, 4.0 ] }, "-160_448": { "coord": [ 6.0, 36.0 ], "autotile_index": 0.0, "tileset": "bg_tilefreezer", "autotile": 0.0 }, "-480_224": { "autotile": 1.0, "autotile_index": 0.0, "tileset": "tile_secret", "coord": [ 4, 1 ] }, "-640_480": { "coord": [ 3.0, 3.0 ], "autotile_index": 0.0, "tileset": "tile_secret", "autotile": 1.0 }, "-192_384": { "coord": [ 4.0, 0.0 ], "autotile_index": 0.0, "tileset": "tiles_BEE", "autotile": 0.0 }, "-512_544": { "autotile": 1.0, "autotile_index": 0.0, "tileset": "tile_secret", "coord": [ 0.0, 0.0 ] }, "928_160": { "autotile": 1.0, "autotile_index": 0.0, "tileset": "tile_secret", "coord": [ 3.0, 3.0 ] }, "448_448": { "autotile": 0.0, "autotile_index": 0.0, "tileset": "tiles_shit", "coord": [ 2.0, 7.0 ] }, "-704_320": { "coord": [ 3.0, 3.0 ], "autotile_index": 0.0, "tileset": "tile_secret", "autotile": 1.0 }, "-256_384": { "coord": [ 4.0, 0.0 ], "autotile_index": 0.0, "tileset": "tiles_BEE", "autotile": 0.0 }, "864_64": { "autotile": 1.0, "autotile_index": 0.0, "tileset": "tile_secret", "coord": [ 2.0, 3.0 ] }, "-448_320": { "coord": [ 4.0, 3.0 ], "autotile_index": 0.0, "tileset": "tile_secret", "autotile": 1.0 }, "416_512": { "autotile": 1.0, "autotile_index": 0.0, "tileset": "tile_secret", "coord": [ 3.0, 2.0 ] }, "480_384": { "autotile": 0.0, "autotile_index": 0.0, "tileset": "tiles_shit", "coord": [ 3.0, 5.0 ] }, "-640_384": { "coord": [ 3.0, 3.0 ], "autotile_index": 0.0, "tileset": "tile_secret", "autotile": 1.0 }, "-576_384": { "coord": [ 3.0, 3.0 ], "autotile_index": 0.0, "tileset": "tile_secret", "autotile": 1.0 }, "832_224": { "autotile": 1.0, "autotile_index": 0.0, "tileset": "tile_secret", "coord": [ 1.0, 2.0 ] }, "928_512": { "autotile": 1.0, "autotile_index": 0.0, "tileset": "tile_secret", "coord": [ 3.0, 2.0 ] }, "832_352": { "autotile": 1.0, "autotile_index": 0.0, "tileset": "tile_secret", "coord": [ 1.0, 2.0 ] }, "-608_256": { "autotile": 1.0, "autotile_index": 0.0, "tileset": "tile_secret", "coord": [ 3, 2 ] }, "96_512": { "autotile": 1.0, "autotile_index": 0.0, "tileset": "tile_secret", "coord": [ 3.0, 2.0 ] }, "-224_224": { "coord": [ 4.0, 31.0 ], "autotile_index": 0.0, "tileset": "bg_tilefreezer", "autotile": 0.0 }, "736_0": { "autotile": 1.0, "autotile_index": 0.0, "tileset": "tile_secret", "coord": [ 3.0, 4.0 ] }, "0_288": { "autotile": 0.0, "autotile_index": 0.0, "tileset": "tiles_GABEN", "coord": [ 4.0, 0.0 ] }, "-288_512": { "coord": [ 3.0, 2.0 ], "autotile_index": 0.0, "tileset": "tile_secret", "autotile": 1.0 }, "864_0": { "autotile": 1.0, "autotile_index": 0.0, "tileset": "tile_secret", "coord": [ 5.0, 6.0 ] }, "-576_448": { "coord": [ 3.0, 3.0 ], "autotile_index": 0.0, "tileset": "tile_secret", "autotile": 1.0 }, "-64_32": { "autotile": 1.0, "autotile_index": 0.0, "tileset": "tile_secret", "coord": [ 2.0, 5.0 ] }, "-384_32": { "coord": [ 2.0, 5.0 ], "autotile_index": 0.0, "tileset": "tile_secret", "autotile": 1.0 }, "-288_256": { "coord": [ 2.0, 32.0 ], "autotile_index": 0.0, "tileset": "bg_tilefreezer", "autotile": 0.0 }, "384_352": { "autotile": 0.0, "autotile_index": 0.0, "tileset": "tiles_shit", "coord": [ 0.0, 4.0 ] }, "640_480": { "autotile": 1.0, "autotile_index": 0.0, "tileset": "tile_secret", "coord": [ 4.0, 1.0 ] }, "-416_448": { "autotile": 1.0, "autotile_index": 0.0, "tileset": "tile_secret", "coord": [ 5.0, 4.0 ] }, "384_480": { "autotile": 1.0, "autotile_index": 0.0, "tileset": "tile_secret", "coord": [ 4.0, 1.0 ] }, "-352_448": { "coord": [ 0.0, 36.0 ], "autotile_index": 0.0, "tileset": "bg_tilefreezer", "autotile": 0.0 }, "-416_224": { "coord": [ 5.0, 1.0 ], "autotile_index": 0.0, "tileset": "tile_secret", "autotile": 1.0 }, "608_480": { "autotile": 1.0, "autotile_index": 0.0, "tileset": "tile_secret", "coord": [ 4.0, 1.0 ] }, "768_0": { "autotile": 1.0, "autotile_index": 0.0, "tileset": "tile_secret", "coord": [ 3.0, 4.0 ] }, "224_160": { "autotile": 1.0, "autotile_index": 0.0, "tileset": "tile_secret", "coord": [ 1.0, 2.0 ] }, "800_32": { "autotile": 1.0, "autotile_index": 0.0, "tileset": "tile_secret", "coord": [ 2.0, 5.0 ] }, "416_32": { "autotile": 1.0, "autotile_index": 0.0, "tileset": "tile_secret", "coord": [ 2.0, 5.0 ] }, "384_0": { "autotile": 1.0, "autotile_index": 0.0, "tileset": "tile_secret", "coord": [ 3.0, 4.0 ] }, "-704_96": { "autotile": 1.0, "autotile_index": 0.0, "tileset": "tile_secret", "coord": [ 4, 3 ] }, "768_480": { "autotile": 1.0, "autotile_index": 0.0, "tileset": "tile_secret", "coord": [ 4.0, 1.0 ] }, "832_256": { "autotile": 1.0, "autotile_index": 0.0, "tileset": "tile_secret", "coord": [ 1.0, 2.0 ] }, "384_416": { "autotile": 0.0, "autotile_index": 0.0, "tileset": "tiles_shit", "coord": [ 0.0, 6.0 ] }, "-704_224": { "autotile": 1.0, "autotile_index": 0.0, "tileset": "tile_secret", "coord": [ 4, 3 ] }, "-416_0": { "coord": [ 3.0, 4.0 ], "autotile_index": 0.0, "tileset": "tile_secret", "autotile": 1.0 }, "-608_32": { "autotile": 1.0, "autotile_index": 0.0, "tileset": "tile_secret", "coord": [ 2, 5 ] }, "-32_480": { "autotile": 1.0, "autotile_index": 0.0, "tileset": "tile_secret", "coord": [ 4.0, 1.0 ] }, "864_224": { "autotile": 1.0, "autotile_index": 0.0, "tileset": "tile_secret", "coord": [ 2.0, 3.0 ] }, "-704_128": { "autotile": 1.0, "autotile_index": 0.0, "tileset": "tile_secret", "coord": [ 4, 3 ] }, "-704_480": { "coord": [ 3.0, 3.0 ], "autotile_index": 0.0, "tileset": "tile_secret", "autotile": 1.0 }, "192_0": { "autotile": 1.0, "autotile_index": 0.0, "tileset": "tile_secret", "coord": [ 3.0, 4.0 ] }, "896_256": { "autotile": 1.0, "autotile_index": 0.0, "tileset": "tile_secret", "coord": [ 3.0, 3.0 ] }, "256_224": { "autotile": 1.0, "autotile_index": 0.0, "tileset": "tile_secret", "coord": [ 5.0, 4.0 ] }, "-192_480": { "coord": [ 4.0, 1.0 ], "autotile_index": 0.0, "tileset": "tile_secret", "autotile": 1.0 }, "32_0": { "autotile": 1.0, "autotile_index": 0.0, "tileset": "tile_secret", "coord": [ 3.0, 4.0 ] }, "864_320": { "autotile": 1.0, "autotile_index": 0.0, "tileset": "tile_secret", "coord": [ 2.0, 3.0 ] }, "576_512": { "autotile": 1.0, "autotile_index": 0.0, "tileset": "tile_secret", "coord": [ 3.0, 2.0 ] }, "-32_256": { "autotile": 0.0, "autotile_index": 0.0, "tileset": "tiles_GABEN", "coord": [ 6.0, 1.0 ] }, "-544_320": { "coord": [ 3.0, 3.0 ], "autotile_index": 0.0, "tileset": "tile_secret", "autotile": 1.0 }, "-576_320": { "coord": [ 3.0, 3.0 ], "autotile_index": 0.0, "tileset": "tile_secret", "autotile": 1.0 }, "-704_160": { "autotile": 1.0, "autotile_index": 0.0, "tileset": "tile_secret", "coord": [ 4, 3 ] }, "352_0": { "autotile": 1.0, "autotile_index": 0.0, "tileset": "tile_secret", "coord": [ 3.0, 4.0 ] }, "-672_0": { "autotile": 1.0, "autotile_index": 0.0, "tileset": "tile_secret", "coord": [ 3, 4 ] }, "-160_480": { "coord": [ 4.0, 1.0 ], "autotile_index": 0.0, "tileset": "tile_secret", "autotile": 1.0 }, "256_512": { "autotile": 1.0, "autotile_index": 0.0, "tileset": "tile_secret", "coord": [ 3.0, 2.0 ] }, "-32_224": { "autotile": 0.0, "autotile_index": 0.0, "tileset": "tiles_GABEN", "coord": [ 6.0, 0.0 ] }, "-640_224": { "autotile": 1.0, "autotile_index": 0.0, "tileset": "tile_secret", "coord": [ 4, 1 ] }, "928_192": { "autotile": 1.0, "autotile_index": 0.0, "tileset": "tile_secret", "coord": [ 3.0, 3.0 ] }, "-704_384": { "coord": [ 3.0, 3.0 ], "autotile_index": 0.0, "tileset": "tile_secret", "autotile": 1.0 }, "224_224": { "autotile": 1.0, "autotile_index": 0.0, "tileset": "tile_secret", "coord": [ 1.0, 2.0 ] }, "-608_416": { "coord": [ 3.0, 3.0 ], "autotile_index": 0.0, "tileset": "tile_secret", "autotile": 1.0 }, "-608_480": { "coord": [ 3.0, 3.0 ], "autotile_index": 0.0, "tileset": "tile_secret", "autotile": 1.0 }, "-192_0": { "autotile": 1.0, "autotile_index": 0.0, "tileset": "tile_secret", "coord": [ 3.0, 4.0 ] }, "256_128": { "autotile": 1.0, "autotile_index": 0.0, "tileset": "tile_secret", "coord": [ 5.0, 4.0 ] }, "-480_352": { "autotile": 1.0, "autotile_index": 0.0, "tileset": "tile_secret", "coord": [ 3.0, 3.0 ] }, "-64_288": { "autotile": 0.0, "autotile_index": 0.0, "tileset": "tiles_GABEN", "coord": [ 4.0, 0.0 ] }, "-704_64": { "autotile": 1.0, "autotile_index": 0.0, "tileset": "tile_secret", "coord": [ 4, 3 ] }, "-544_0": { "autotile": 1.0, "autotile_index": 0.0, "tileset": "tile_secret", "coord": [ 3, 4 ] }, "-96_480": { "coord": [ 4.0, 1.0 ], "autotile_index": 0.0, "tileset": "tile_secret", "autotile": 1.0 }, "-224_32": { "autotile": 1.0, "autotile_index": 0.0, "tileset": "tile_secret", "coord": [ 2.0, 5.0 ] }, "320_32": { "autotile": 1.0, "autotile_index": 0.0, "tileset": "tile_secret", "coord": [ 2.0, 5.0 ] }, "-512_0": { "autotile": 1.0, "autotile_index": 0.0, "tileset": "tile_secret", "coord": [ 3, 4 ] }, "448_384": { "autotile": 0.0, "autotile_index": 0.0, "tileset": "tiles_shit", "coord": [ 2.0, 5.0 ] }, "-448_224": { "coord": [ 4.0, 1.0 ], "autotile_index": 0.0, "tileset": "tile_secret", "autotile": 1.0 }, "-576_480": { "coord": [ 3.0, 3.0 ], "autotile_index": 0.0, "tileset": "tile_secret", "autotile": 1.0 }, "896_96": { "autotile": 1.0, "autotile_index": 0.0, "tileset": "tile_secret", "coord": [ 3.0, 3.0 ] }, "-480_448": { "autotile": 1.0, "autotile_index": 0.0, "tileset": "tile_secret", "coord": [ 3.0, 3.0 ] }, "352_32": { "autotile": 1.0, "autotile_index": 0.0, "tileset": "tile_secret", "coord": [ 2.0, 5.0 ] }, "-448_512": { "autotile": 1.0, "autotile_index": 0.0, "tileset": "tile_secret", "coord": [ 1.0, 10.0 ] }, "512_32": { "autotile": 1.0, "autotile_index": 0.0, "tileset": "tile_secret", "coord": [ 2.0, 5.0 ] }, "800_0": { "autotile": 1.0, "autotile_index": 0.0, "tileset": "tile_secret", "coord": [ 3.0, 4.0 ] }, "224_448": { "autotile": 1.0, "autotile_index": 0.0, "tileset": "tile_secret", "coord": [ 1.0, 2.0 ] }, "-576_224": { "autotile": 1.0, "autotile_index": 0.0, "tileset": "tile_secret", "coord": [ 4, 1 ] }, "-256_320": { "coord": [ 3.0, 34.0 ], "autotile_index": 0.0, "tileset": "bg_tilefreezer", "autotile": 0.0 }, "832_160": { "autotile": 1.0, "autotile_index": 0.0, "tileset": "tile_secret", "coord": [ 1.0, 2.0 ] }, "832_288": { "autotile": 1.0, "autotile_index": 0.0, "tileset": "tile_secret", "coord": [ 1.0, 2.0 ] }, "864_512": { "autotile": 1.0, "autotile_index": 0.0, "tileset": "tile_secret", "coord": [ 3.0, 2.0 ] }, "-256_288": { "coord": [ 3.0, 33.0 ], "autotile_index": 0.0, "tileset": "bg_tilefreezer", "autotile": 0.0 }, "-672_128": { "autotile": 1.0, "autotile_index": 0.0, "tileset": "tile_secret", "coord": [ 5, 4 ] }, "0_480": { "autotile": 1.0, "autotile_index": 0.0, "tileset": "tile_secret", "coord": [ 4.0, 1.0 ] }, "224_320": { "autotile": 1.0, "autotile_index": 0.0, "tileset": "tile_secret", "coord": [ 1.0, 2.0 ] }, "-576_352": { "coord": [ 3.0, 3.0 ], "autotile_index": 0.0, "tileset": "tile_secret", "autotile": 1.0 }, "-128_32": { "autotile": 1.0, "autotile_index": 0.0, "tileset": "tile_secret", "coord": [ 2.0, 5.0 ] }, "192_32": { "autotile": 1.0, "autotile_index": 0.0, "tileset": "tile_secret", "coord": [ 2.0, 5.0 ] }, "-384_512": { "autotile": 1.0, "autotile_index": 0.0, "tileset": "tile_secret", "coord": [ 3.0, 2.0 ] }, "-416_512": { "autotile": 1.0, "autotile_index": 0.0, "tileset": "tile_secret", "coord": [ 3.0, 2.0 ] }, "256_448": { "autotile": 1.0, "autotile_index": 0.0, "tileset": "tile_secret", "coord": [ 5.0, 4.0 ] }, "704_512": { "autotile": 1.0, "autotile_index": 0.0, "tileset": "tile_secret", "coord": [ 3.0, 2.0 ] }, "-672_288": { "coord": [ 3.0, 3.0 ], "autotile_index": 0.0, "tileset": "tile_secret", "autotile": 1.0 }, "608_32": { "autotile": 1.0, "autotile_index": 0.0, "tileset": "tile_secret", "coord": [ 2.0, 5.0 ] }, "-320_320": { "coord": [ 1.0, 34.0 ], "autotile_index": 0.0, "tileset": "bg_tilefreezer", "autotile": 0.0 }, "736_512": { "autotile": 1.0, "autotile_index": 0.0, "tileset": "tile_secret", "coord": [ 3.0, 2.0 ] }, "-576_256": { "autotile": 1.0, "autotile_index": 0.0, "tileset": "tile_secret", "coord": [ 3, 2 ] }, "832_480": { "autotile": 1.0, "autotile_index": 0.0, "tileset": "tile_secret", "coord": [ 4.0, 1.0 ] }, "-192_352": { "coord": [ 7.0, 1.0 ], "autotile_index": 0.0, "tileset": "tiles_BEE", "autotile": 0.0 }, "544_0": { "autotile": 1.0, "autotile_index": 0.0, "tileset": "tile_secret", "coord": [ 3.0, 4.0 ] }, "-576_0": { "autotile": 1.0, "autotile_index": 0.0, "tileset": "tile_secret", "coord": [ 3, 4 ] }, "-64_480": { "autotile": 1.0, "autotile_index": 0.0, "tileset": "tile_secret", "coord": [ 4.0, 1.0 ] }, "864_288": { "autotile": 1.0, "autotile_index": 0.0, "tileset": "tile_secret", "coord": [ 2.0, 3.0 ] }, "800_512": { "autotile": 1.0, "autotile_index": 0.0, "tileset": "tile_secret", "coord": [ 3.0, 2.0 ] }, "864_192": { "autotile": 1.0, "autotile_index": 0.0, "tileset": "tile_secret", "coord": [ 2.0, 3.0 ] }, "832_32": { "autotile": 1.0, "autotile_index": 0.0, "tileset": "tile_secret", "coord": [ 4.0, 7.0 ] }, "-416_480": { "autotile": 1.0, "autotile_index": 0.0, "tileset": "tile_secret", "coord": [ 2.0, 9.0 ] }, "-32_0": { "autotile": 1.0, "autotile_index": 0.0, "tileset": "tile_secret", "coord": [ 3.0, 4.0 ] }, "416_0": { "autotile": 1.0, "autotile_index": 0.0, "tileset": "tile_secret", "coord": [ 3.0, 4.0 ] }, "544_32": { "autotile": 1.0, "autotile_index": 0.0, "tileset": "tile_secret", "coord": [ 2.0, 5.0 ] }, "864_128": { "autotile": 1.0, "autotile_index": 0.0, "tileset": "tile_secret", "coord": [ 2.0, 3.0 ] }, "224_256": { "autotile": 1.0, "autotile_index": 0.0, "tileset": "tile_secret", "coord": [ 1.0, 2.0 ] }, "-32_32": { "autotile": 1.0, "autotile_index": 0.0, "tileset": "tile_secret", "coord": [ 2.0, 5.0 ] }, "-448_384": { "autotile": 1.0, "autotile_index": 0.0, "tileset": "tile_secret", "coord": [ 4.0, 3.0 ] }, "608_0": { "autotile": 1.0, "autotile_index": 0.0, "tileset": "tile_secret", "coord": [ 3.0, 4.0 ] }, "0_32": { "autotile": 1.0, "autotile_index": 0.0, "tileset": "tile_secret", "coord": [ 2.0, 5.0 ] }, "704_480": { "autotile": 1.0, "autotile_index": 0.0, "tileset": "tile_secret", "coord": [ 4.0, 1.0 ] }, "-256_512": { "coord": [ 3.0, 2.0 ], "autotile_index": 0.0, "tileset": "tile_secret", "autotile": 1.0 }, "256_0": { "autotile": 1.0, "autotile_index": 0.0, "tileset": "tile_secret", "coord": [ 3.0, 4.0 ] }, "-640_32": { "autotile": 1.0, "autotile_index": 0.0, "tileset": "tile_secret", "coord": [ 2, 5 ] }, "-352_480": { "autotile": 1.0, "autotile_index": 0.0, "tileset": "tile_secret", "coord": [ 4.0, 1.0 ] }, "64_0": { "autotile": 1.0, "autotile_index": 0.0, "tileset": "tile_secret", "coord": [ 3.0, 4.0 ] }, "96_0": { "autotile": 1.0, "autotile_index": 0.0, "tileset": "tile_secret", "coord": [ 3.0, 4.0 ] }, "-736_96": { "coord": [ 0.0, 0.0 ], "autotile_index": 0.0, "tileset": "tile_secret", "autotile": 1.0 }, "448_480": { "autotile": 1.0, "autotile_index": 0.0, "tileset": "tile_secret", "coord": [ 4.0, 1.0 ] }, "576_480": { "autotile": 1.0, "autotile_index": 0.0, "tileset": "tile_secret", "coord": [ 4.0, 1.0 ] }, "-384_480": { "autotile": 1.0, "autotile_index": 0.0, "tileset": "tile_secret", "coord": [ 4.0, 1.0 ] }, "384_320": { "autotile": 0.0, "autotile_index": 0.0, "tileset": "tiles_shit", "coord": [ 0.0, 3.0 ] }, "-288_32": { "autotile": 1.0, "autotile_index": 0.0, "tileset": "tile_secret", "coord": [ 2.0, 5.0 ] }, "160_0": { "autotile": 1.0, "autotile_index": 0.0, "tileset": "tile_secret", "coord": [ 3.0, 4.0 ] }, "-448_256": { "coord": [ 4.0, 2.0 ], "autotile_index": 0.0, "tileset": "tile_secret", "autotile": 1.0 }, "-704_0": { "autotile": 1.0, "autotile_index": 0.0, "tileset": "tile_secret", "coord": [ 1, 6 ] }, "416_384": { "autotile": 0.0, "autotile_index": 0.0, "tileset": "tiles_shit", "coord": [ 1.0, 5.0 ] }, "-480_0": { "autotile": 1.0, "autotile_index": 0.0, "tileset": "tile_secret", "coord": [ 3, 4 ] }, "-320_512": { "coord": [ 3.0, 2.0 ], "autotile_index": 0.0, "tileset": "tile_secret", "autotile": 1.0 }, "-96_32": { "autotile": 1.0, "autotile_index": 0.0, "tileset": "tile_secret", "coord": [ 2.0, 5.0 ] }, "480_448": { "autotile": 0.0, "autotile_index": 0.0, "tileset": "tiles_shit", "coord": [ 3.0, 7.0 ] }, "832_96": { "autotile": 1.0, "autotile_index": 0.0, "tileset": "tile_secret", "coord": [ 1.0, 2.0 ] }, "224_480": { "autotile": 1.0, "autotile_index": 0.0, "tileset": "tile_secret", "coord": [ 4.0, 9.0 ] }, "-320_0": { "autotile": 1.0, "autotile_index": 0.0, "tileset": "tile_secret", "coord": [ 3.0, 4.0 ] }, "-672_448": { "coord": [ 3.0, 3.0 ], "autotile_index": 0.0, "tileset": "tile_secret", "autotile": 1.0 }, "-288_352": { "coord": [ 2.0, 35.0 ], "autotile_index": 0.0, "tileset": "bg_tilefreezer", "autotile": 0.0 }, "-160_384": { "coord": [ 6.0, 36.0 ], "autotile_index": 0.0, "tileset": "bg_tilefreezer", "autotile": 0.0 }, "864_160": { "autotile": 1.0, "autotile_index": 0.0, "tileset": "tile_secret", "coord": [ 2.0, 3.0 ] }, "896_288": { "autotile": 1.0, "autotile_index": 0.0, "tileset": "tile_secret", "coord": [ 3.0, 3.0 ] }, "-544_384": { "coord": [ 3.0, 3.0 ], "autotile_index": 0.0, "tileset": "tile_secret", "autotile": 1.0 }, "-640_256": { "autotile": 1.0, "autotile_index": 0.0, "tileset": "tile_secret", "coord": [ 3, 2 ] }, "832_512": { "autotile": 1.0, "autotile_index": 0.0, "tileset": "tile_secret", "coord": [ 3.0, 2.0 ] }, "-704_448": { "coord": [ 3.0, 3.0 ], "autotile_index": 0.0, "tileset": "tile_secret", "autotile": 1.0 }, "224_32": { "autotile": 1.0, "autotile_index": 0.0, "tileset": "tile_secret", "coord": [ 4.0, 7.0 ] }, "-512_320": { "coord": [ 3.0, 3.0 ], "autotile_index": 0.0, "tileset": "tile_secret", "autotile": 1.0 }, "864_352": { "autotile": 1.0, "autotile_index": 0.0, "tileset": "tile_secret", "coord": [ 2.0, 4.0 ] }, "928_128": { "autotile": 1.0, "autotile_index": 0.0, "tileset": "tile_secret", "coord": [ 3.0, 3.0 ] }, "384_32": { "autotile": 1.0, "autotile_index": 0.0, "tileset": "tile_secret", "coord": [ 2.0, 5.0 ] }, "-416_288": { "coord": [ 5.0, 4.0 ], "autotile_index": 0.0, "tileset": "tile_secret", "autotile": 1.0 }, "896_0": { "autotile": 1.0, "autotile_index": 0.0, "tileset": "tile_secret", "coord": [ 3.0, 3.0 ] }, "-544_224": { "autotile": 1.0, "autotile_index": 0.0, "tileset": "tile_secret", "coord": [ 4, 1 ] }, "-544_288": { "coord": [ 3.0, 3.0 ], "autotile_index": 0.0, "tileset": "tile_secret", "autotile": 1.0 }, "-352_352": { "coord": [ 0.0, 35.0 ], "autotile_index": 0.0, "tileset": "bg_tilefreezer", "autotile": 0.0 }, "-32_512": { "autotile": 1.0, "autotile_index": 0.0, "tileset": "tile_secret", "coord": [ 3.0, 2.0 ] }, "-448_416": { "autotile": 1.0, "autotile_index": 0.0, "tileset": "tile_secret", "coord": [ 4.0, 3.0 ] }, "-224_320": { "coord": [ 6.0, 0.0 ], "autotile_index": 0.0, "tileset": "tiles_BEE", "autotile": 0.0 }, "-160_32": { "autotile": 1.0, "autotile_index": 0.0, "tileset": "tile_secret", "coord": [ 2.0, 5.0 ] }, "-192_512": { "coord": [ 3.0, 2.0 ], "autotile_index": 0.0, "tileset": "tile_secret", "autotile": 1.0 }, "-672_416": { "coord": [ 3.0, 3.0 ], "autotile_index": 0.0, "tileset": "tile_secret", "autotile": 1.0 }, "0_256": { "autotile": 0.0, "autotile_index": 0.0, "tileset": "tiles_GABEN", "coord": [ 7.0, 1.0 ] }, "256_32": { "autotile": 1.0, "autotile_index": 0.0, "tileset": "tile_secret", "coord": [ 2.0, 7.0 ] }, "928_32": { "autotile": 1.0, "autotile_index": 0.0, "tileset": "tile_secret", "coord": [ 3.0, 3.0 ] }, "896_384": { "autotile": 1.0, "autotile_index": 0.0, "tileset": "tile_secret", "coord": [ 2.0, 5.0 ] }, "-160_416": { "coord": [ 6.0, 36.0 ], "autotile_index": 0.0, "tileset": "bg_tilefreezer", "autotile": 0.0 }, "640_512": { "autotile": 1.0, "autotile_index": 0.0, "tileset": "tile_secret", "coord": [ 3.0, 2.0 ] }, "-640_352": { "coord": [ 3.0, 3.0 ], "autotile_index": 0.0, "tileset": "tile_secret", "autotile": 1.0 }, "-288_288": { "coord": [ 2.0, 33.0 ], "autotile_index": 0.0, "tileset": "bg_tilefreezer", "autotile": 0.0 }, "-704_32": { "autotile": 1.0, "autotile_index": 0.0, "tileset": "tile_secret", "coord": [ 4, 3 ] }, "768_512": { "autotile": 1.0, "autotile_index": 0.0, "tileset": "tile_secret", "coord": [ 3.0, 2.0 ] }, "832_128": { "autotile": 1.0, "autotile_index": 0.0, "tileset": "tile_secret", "coord": [ 1.0, 2.0 ] }, "896_32": { "autotile": 1.0, "autotile_index": 0.0, "tileset": "tile_secret", "coord": [ 3.0, 3.0 ] }, "-480_544": { "autotile": 1.0, "autotile_index": 0.0, "tileset": "tile_secret", "coord": [ 0.0, 0.0 ] }, "-608_320": { "coord": [ 3.0, 3.0 ], "autotile_index": 0.0, "tileset": "tile_secret", "autotile": 1.0 }, "-128_512": { "coord": [ 3.0, 2.0 ], "autotile_index": 0.0, "tileset": "tile_secret", "autotile": 1.0 }, "-544_416": { "coord": [ 3.0, 3.0 ], "autotile_index": 0.0, "tileset": "tile_secret", "autotile": 1.0 }, "-224_384": { "coord": [ 4.0, 0.0 ], "autotile_index": 0.0, "tileset": "tiles_BEE", "autotile": 0.0 }, "256_384": { "autotile": 1.0, "autotile_index": 0.0, "tileset": "tile_secret", "coord": [ 5.0, 4.0 ] }, "896_512": { "autotile": 1.0, "autotile_index": 0.0, "tileset": "tile_secret", "coord": [ 3.0, 2.0 ] }, "640_32": { "autotile": 1.0, "autotile_index": 0.0, "tileset": "tile_secret", "coord": [ 2.0, 5.0 ] }, "-128_480": { "coord": [ 4.0, 1.0 ], "autotile_index": 0.0, "tileset": "tile_secret", "autotile": 1.0 }, "-448_32": { "coord": [ 2.0, 5.0 ], "autotile_index": 0.0, "tileset": "tile_secret", "autotile": 1.0 }, "832_64": { "autotile": 1.0, "autotile_index": 0.0, "tileset": "tile_secret", "coord": [ 1.0, 2.0 ] }, "448_416": { "autotile": 0.0, "autotile_index": 0.0, "tileset": "tiles_shit", "coord": [ 2.0, 6.0 ] }, "-576_512": { "coord": [ 3.0, 3.0 ], "autotile_index": 0.0, "tileset": "tile_secret", "autotile": 1.0 }, "64_512": { "autotile": 1.0, "autotile_index": 0.0, "tileset": "tile_secret", "coord": [ 3.0, 2.0 ] }, "128_480": { "autotile": 1.0, "autotile_index": 0.0, "tileset": "tile_secret", "coord": [ 4.0, 1.0 ] }, "512_416": { "autotile": 0.0, "autotile_index": 0.0, "tileset": "tiles_shit", "coord": [ 4.0, 6.0 ] }, "0_512": { "autotile": 1.0, "autotile_index": 0.0, "tileset": "tile_secret", "coord": [ 3.0, 2.0 ] }, "128_0": { "autotile": 1.0, "autotile_index": 0.0, "tileset": "tile_secret", "coord": [ 3.0, 4.0 ] }, "-512_512": { "autotile": 1.0, "autotile_index": 0.0, "tileset": "tile_secret", "coord": [ 3.0, 3.0 ] }, "-672_224": { "autotile": 1.0, "autotile_index": 0.0, "tileset": "tile_secret", "coord": [ 2, 9 ] }, "928_384": { "autotile": 1.0, "autotile_index": 0.0, "tileset": "tile_secret", "coord": [ 2.0, 5.0 ] }, "-352_32": { "coord": [ 2.0, 5.0 ], "autotile_index": 0.0, "tileset": "tile_secret", "autotile": 1.0 }, "-352_384": { "coord": [ 0.0, 36.0 ], "autotile_index": 0.0, "tileset": "bg_tilefreezer", "autotile": 0.0 }, "288_32": { "autotile": 1.0, "autotile_index": 0.0, "tileset": "tile_secret", "coord": [ 2.0, 5.0 ] }, "384_384": { "autotile": 0.0, "autotile_index": 0.0, "tileset": "tiles_shit", "coord": [ 0.0, 5.0 ] }, "-448_480": { "autotile": 1.0, "autotile_index": 0.0, "tileset": "tile_secret", "coord": [ 4.0, 3.0 ] }, "256_352": { "autotile": 1.0, "autotile_index": 0.0, "tileset": "tile_secret", "coord": [ 5.0, 4.0 ] }, "224_128": { "autotile": 1.0, "autotile_index": 0.0, "tileset": "tile_secret", "coord": [ 1.0, 2.0 ] }, "-480_288": { "coord": [ 3.0, 3.0 ], "autotile_index": 0.0, "tileset": "tile_secret", "autotile": 1.0 }, "224_384": { "autotile": 1.0, "autotile_index": 0.0, "tileset": "tile_secret", "coord": [ 1.0, 2.0 ] }, "928_0": { "autotile": 1.0, "autotile_index": 0.0, "tileset": "tile_secret", "coord": [ 3.0, 3.0 ] }, "192_512": { "autotile": 1.0, "autotile_index": 0.0, "tileset": "tile_secret", "coord": [ 3.0, 2.0 ] }, "-288_224": { "coord": [ 2.0, 31.0 ], "autotile_index": 0.0, "tileset": "bg_tilefreezer", "autotile": 0.0 }, "512_384": { "autotile": 0.0, "autotile_index": 0.0, "tileset": "tiles_shit", "coord": [ 4.0, 5.0 ] }, "864_480": { "autotile": 1.0, "autotile_index": 0.0, "tileset": "tile_secret", "coord": [ 4.0, 1.0 ] }, "-192_320": { "coord": [ 7.0, 0.0 ], "autotile_index": 0.0, "tileset": "tiles_BEE", "autotile": 0.0 }, "-672_256": { "autotile": 1.0, "autotile_index": 0.0, "tileset": "tile_secret", "coord": [ 3, 2 ] }, "-608_384": { "coord": [ 3.0, 3.0 ], "autotile_index": 0.0, "tileset": "tile_secret", "autotile": 1.0 }, "416_480": { "autotile": 1.0, "autotile_index": 0.0, "tileset": "tile_secret", "coord": [ 4.0, 1.0 ] }, "160_480": { "autotile": 1.0, "autotile_index": 0.0, "tileset": "tile_secret", "coord": [ 4.0, 1.0 ] }, "-672_160": { "autotile": 1.0, "autotile_index": 0.0, "tileset": "tile_secret", "coord": [ 5, 4 ] }, "-608_448": { "coord": [ 3.0, 3.0 ], "autotile_index": 0.0, "tileset": "tile_secret", "autotile": 1.0 }, "-544_480": { "coord": [ 3.0, 3.0 ], "autotile_index": 0.0, "tileset": "tile_secret", "autotile": 1.0 }, "-224_256": { "coord": [ 4.0, 32.0 ], "autotile_index": 0.0, "tileset": "bg_tilefreezer", "autotile": 0.0 }, "-128_0": { "autotile": 1.0, "autotile_index": 0.0, "tileset": "tile_secret", "coord": [ 3.0, 4.0 ] }, "480_32": { "autotile": 1.0, "autotile_index": 0.0, "tileset": "tile_secret", "coord": [ 2.0, 5.0 ] }, "928_288": { "autotile": 1.0, "autotile_index": 0.0, "tileset": "tile_secret", "coord": [ 3.0, 3.0 ] }, "0_224": { "autotile": 0.0, "autotile_index": 0.0, "tileset": "tiles_GABEN", "coord": [ 7.0, 0.0 ] }, "-672_512": { "coord": [ 3.0, 3.0 ], "autotile_index": 0.0, "tileset": "tile_secret", "autotile": 1.0 }, "-608_512": { "coord": [ 3.0, 3.0 ], "autotile_index": 0.0, "tileset": "tile_secret", "autotile": 1.0 }, "-352_224": { "coord": [ 0.0, 31.0 ], "autotile_index": 0.0, "tileset": "bg_tilefreezer", "autotile": 0.0 }, "-416_320": { "coord": [ 5.0, 4.0 ], "autotile_index": 0.0, "tileset": "tile_secret", "autotile": 1.0 }, "384_512": { "autotile": 1.0, "autotile_index": 0.0, "tileset": "tile_secret", "coord": [ 3.0, 2.0 ] }, "256_480": { "autotile": 1.0, "autotile_index": 0.0, "tileset": "tile_secret", "coord": [ 2.0, 9.0 ] }, "288_480": { "autotile": 1.0, "autotile_index": 0.0, "tileset": "tile_secret", "coord": [ 4.0, 1.0 ] }, "-96_0": { "autotile": 1.0, "autotile_index": 0.0, "tileset": "tile_secret", "coord": [ 3.0, 4.0 ] }, "64_480": { "autotile": 1.0, "autotile_index": 0.0, "tileset": "tile_secret", "coord": [ 4.0, 1.0 ] }, "416_448": { "autotile": 0.0, "autotile_index": 0.0, "tileset": "tiles_shit", "coord": [ 1.0, 7.0 ] }, "-672_352": { "coord": [ 3.0, 3.0 ], "autotile_index": 0.0, "tileset": "tile_secret", "autotile": 1.0 }, "-512_384": { "autotile": 1.0, "autotile_index": 0.0, "tileset": "tile_secret", "coord": [ 3.0, 3.0 ] }, "-544_448": { "coord": [ 3.0, 3.0 ], "autotile_index": 0.0, "tileset": "tile_secret", "autotile": 1.0 }, "-384_0": { "coord": [ 3.0, 4.0 ], "autotile_index": 0.0, "tileset": "tile_secret", "autotile": 1.0 }, "-256_480": { "coord": [ 4.0, 1.0 ], "autotile_index": 0.0, "tileset": "tile_secret", "autotile": 1.0 }, "480_416": { "autotile": 0.0, "autotile_index": 0.0, "tileset": "tiles_shit", "coord": [ 3.0, 6.0 ] }, "928_256": { "autotile": 1.0, "autotile_index": 0.0, "tileset": "tile_secret", "coord": [ 3.0, 3.0 ] }, "-352_416": { "coord": [ 0.0, 36.0 ], "autotile_index": 0.0, "tileset": "bg_tilefreezer", "autotile": 0.0 }, "928_224": { "autotile": 1.0, "autotile_index": 0.0, "tileset": "tile_secret", "coord": [ 3.0, 3.0 ] }, "-672_32": { "autotile": 1.0, "autotile_index": 0.0, "tileset": "tile_secret", "coord": [ 2, 7 ] }, "-640_416": { "coord": [ 3.0, 3.0 ], "autotile_index": 0.0, "tileset": "tile_secret", "autotile": 1.0 }, "-288_384": { "coord": [ 4.0, 0.0 ], "autotile_index": 0.0, "tileset": "tiles_BEE", "autotile": 0.0 }, "256_64": { "autotile": 1.0, "autotile_index": 0.0, "tileset": "tile_secret", "coord": [ 5.0, 4.0 ] }, "480_352": { "autotile": 0.0, "autotile_index": 0.0, "tileset": "tiles_shit", "coord": [ 3.0, 4.0 ] }, "-192_224": { "coord": [ 5.0, 31.0 ], "autotile_index": 0.0, "tileset": "bg_tilefreezer", "autotile": 0.0 }, "-320_480": { "coord": [ 4.0, 1.0 ], "autotile_index": 0.0, "tileset": "tile_secret", "autotile": 1.0 }, "544_512": { "autotile": 1.0, "autotile_index": 0.0, "tileset": "tile_secret", "coord": [ 3.0, 2.0 ] } } }, "backgrounds": { "5": { "x": 0.0, "scroll_x": 0.69999999999999995559107901499374, "tile_y": 1.0, "hspeed": 1.0, "scroll_y": 0.69999999999999995559107901499374, "y": 0.0, "sprite": "bg_secret", "tile_x": 1.0, "vspeed": 1.0, "image_speed": 0.0, "panic_sprite": -1.0 } }, "properties": { "song": "event:\/music\/hub.2", "roomX": -704.0, "levelWidth": 960.0, "roomY": 0.0, "levelHeight": 540.0, "songTransitionTime": 100.0 } }