{ "editorVersion": 5.0, "instances": [ { "layer": 0.0, "deleted": 0.0, "variables": { "x": 0.0, "flipX": 0.0, "y": 512.0, "flipY": 0.0 }, "object": 517.0 }, { "layer": 0.0, "deleted": 0.0, "variables": { "x": 0.0, "flipX": 0.0, "y": 480.0, "flipY": 0.0 }, "object": 517.0 }, { "layer": 0.0, "deleted": 0.0, "variables": { "x": 32.0, "flipX": 0.0, "y": 480.0, "flipY": 0.0 }, "object": 517.0 }, { "layer": 0.0, "deleted": 0.0, "variables": { "x": 64.0, "flipX": 0.0, "y": 480.0, "flipY": 0.0 }, "object": 517.0 }, { "layer": 0.0, "deleted": 0.0, "variables": { "x": 64.0, "flipX": 0.0, "y": 512.0, "flipY": 0.0 }, "object": 517.0 }, { "layer": 0.0, "deleted": 0.0, "variables": { "x": 32.0, "flipX": 0.0, "y": 512.0, "flipY": 0.0 }, "object": 517.0 }, { "layer": 0.0, "deleted": 0.0, "variables": { "x": 0.0, "flipX": 0.0, "y": 384.0, "flipY": 0.0 }, "object": 517.0 }, { "layer": 0.0, "deleted": 0.0, "variables": { "x": 96.0, "flipX": 0.0, "y": 512.0, "flipY": 0.0 }, "object": 517.0 }, { "layer": 0.0, "deleted": 0.0, "variables": { "x": 96.0, "flipX": 0.0, "y": 480.0, "flipY": 0.0 }, "object": 517.0 }, { "layer": 0.0, "deleted": 0.0, "variables": { "x": 128.0, "flipX": 0.0, "y": 480.0, "flipY": 0.0 }, "object": 517.0 }, { "layer": 0.0, "deleted": 0.0, "variables": { "x": 160.0, "flipX": 0.0, "y": 480.0, "flipY": 0.0 }, "object": 517.0 }, { "layer": 0.0, "deleted": 0.0, "variables": { "x": 192.0, "flipX": 0.0, "y": 512.0, "flipY": 0.0 }, "object": 517.0 }, { "layer": 0.0, "deleted": 0.0, "variables": { "x": 192.0, "flipX": 0.0, "y": 480.0, "flipY": 0.0 }, "object": 517.0 }, { "layer": 0.0, "deleted": 0.0, "variables": { "x": 224.0, "flipX": 0.0, "y": 480.0, "flipY": 0.0 }, "object": 517.0 }, { "layer": 0.0, "deleted": 0.0, "variables": { "x": 256.0, "flipX": 0.0, "y": 480.0, "flipY": 0.0 }, "object": 517.0 }, { "layer": 0.0, "deleted": 0.0, "variables": { "x": 288.0, "flipX": 0.0, "y": 480.0, "flipY": 0.0 }, "object": 517.0 }, { "layer": 0.0, "deleted": 0.0, "variables": { "x": 288.0, "flipX": 0.0, "y": 512.0, "flipY": 0.0 }, "object": 517.0 }, { "layer": 0.0, "deleted": 0.0, "variables": { "x": 320.0, "flipX": 0.0, "y": 512.0, "flipY": 0.0 }, "object": 517.0 }, { "layer": 0.0, "deleted": 0.0, "variables": { "x": 352.0, "flipX": 0.0, "y": 512.0, "flipY": 0.0 }, "object": 517.0 }, { "layer": 0.0, "deleted": 0.0, "variables": { "x": 384.0, "flipX": 0.0, "y": 512.0, "flipY": 0.0 }, "object": 517.0 }, { "layer": 0.0, "deleted": 0.0, "variables": { "x": 192.0, "flipX": 0.0, "y": 512.0, "flipY": 0.0 }, "object": 517.0 }, { "layer": 0.0, "deleted": 0.0, "variables": { "x": 416.0, "flipX": 0.0, "y": 480.0, "flipY": 0.0 }, "object": 517.0 }, { "layer": 0.0, "deleted": 0.0, "variables": { "x": 448.0, "flipX": 0.0, "y": 480.0, "flipY": 0.0 }, "object": 517.0 }, { "layer": 0.0, "deleted": 0.0, "variables": { "x": 480.0, "flipX": 0.0, "y": 480.0, "flipY": 0.0 }, "object": 517.0 }, { "layer": 0.0, "deleted": 0.0, "variables": { "x": 512.0, "flipX": 0.0, "y": 480.0, "flipY": 0.0 }, "object": 517.0 }, { "layer": 0.0, "deleted": 0.0, "variables": { "x": 544.0, "flipX": 0.0, "y": 480.0, "flipY": 0.0 }, "object": 517.0 }, { "layer": 0.0, "deleted": 0.0, "variables": { "x": 576.0, "flipX": 0.0, "y": 480.0, "flipY": 0.0 }, "object": 517.0 }, { "layer": 0.0, "deleted": 0.0, "variables": { "x": 608.0, "flipX": 0.0, "y": 480.0, "flipY": 0.0 }, "object": 517.0 }, { "layer": 0.0, "deleted": 0.0, "variables": { "x": 640.0, "flipX": 0.0, "y": 480.0, "flipY": 0.0 }, "object": 517.0 }, { "layer": 0.0, "deleted": 0.0, "variables": { "x": 672.0, "flipX": 0.0, "y": 512.0, "flipY": 0.0 }, "object": 517.0 }, { "layer": 0.0, "deleted": 0.0, "variables": { "x": 672.0, "flipX": 0.0, "y": 480.0, "flipY": 0.0 }, "object": 517.0 }, { "layer": 0.0, "deleted": 0.0, "variables": { "x": 704.0, "flipX": 0.0, "y": 480.0, "flipY": 0.0 }, "object": 517.0 }, { "layer": 0.0, "deleted": 0.0, "variables": { "x": 736.0, "flipX": 0.0, "y": 480.0, "flipY": 0.0 }, "object": 517.0 }, { "layer": 0.0, "deleted": 0.0, "variables": { "x": 768.0, "flipX": 0.0, "y": 480.0, "flipY": 0.0 }, "object": 517.0 }, { "layer": 0.0, "deleted": 0.0, "variables": { "x": 800.0, "flipX": 0.0, "y": 480.0, "flipY": 0.0 }, "object": 517.0 }, { "layer": 0.0, "deleted": 0.0, "variables": { "x": 832.0, "flipX": 0.0, "y": 480.0, "flipY": 0.0 }, "object": 517.0 }, { "layer": 0.0, "deleted": 0.0, "variables": { "x": 864.0, "flipX": 0.0, "y": 480.0, "flipY": 0.0 }, "object": 517.0 }, { "layer": 0.0, "deleted": 0.0, "variables": { "x": 896.0, "flipX": 0.0, "y": 480.0, "flipY": 0.0 }, "object": 517.0 }, { "layer": 0.0, "deleted": 0.0, "variables": { "x": 928.0, "flipX": 0.0, "y": 480.0, "flipY": 0.0 }, "object": 517.0 }, { "layer": 0.0, "deleted": 0.0, "variables": { "x": 928.0, "flipX": 0.0, "y": 512.0, "flipY": 0.0 }, "object": 517.0 }, { "layer": 0.0, "deleted": 0.0, "variables": { "x": 896.0, "flipX": 0.0, "y": 512.0, "flipY": 0.0 }, "object": 517.0 }, { "layer": 0.0, "deleted": 0.0, "variables": { "x": 864.0, "flipX": 0.0, "y": 512.0, "flipY": 0.0 }, "object": 517.0 }, { "layer": 0.0, "deleted": 0.0, "variables": { "x": 832.0, "flipX": 0.0, "y": 512.0, "flipY": 0.0 }, "object": 517.0 }, { "layer": 0.0, "deleted": 0.0, "variables": { "x": 800.0, "flipX": 0.0, "y": 512.0, "flipY": 0.0 }, "object": 517.0 }, { "layer": 0.0, "deleted": 0.0, "variables": { "x": 768.0, "flipX": 0.0, "y": 512.0, "flipY": 0.0 }, "object": 517.0 }, { "layer": 0.0, "deleted": 0.0, "variables": { "x": 736.0, "flipX": 0.0, "y": 512.0, "flipY": 0.0 }, "object": 517.0 }, { "layer": 0.0, "deleted": 0.0, "variables": { "x": 704.0, "flipX": 0.0, "y": 512.0, "flipY": 0.0 }, "object": 517.0 }, { "layer": 0.0, "deleted": 0.0, "variables": { "x": 640.0, "flipX": 0.0, "y": 512.0, "flipY": 0.0 }, "object": 517.0 }, { "layer": 0.0, "deleted": 0.0, "variables": { "x": 608.0, "flipX": 0.0, "y": 512.0, "flipY": 0.0 }, "object": 517.0 }, { "layer": 0.0, "deleted": 0.0, "variables": { "x": 576.0, "flipX": 0.0, "y": 512.0, "flipY": 0.0 }, "object": 517.0 }, { "layer": 0.0, "deleted": 0.0, "variables": { "x": 544.0, "flipX": 0.0, "y": 512.0, "flipY": 0.0 }, "object": 517.0 }, { "layer": 0.0, "deleted": 0.0, "variables": { "x": 512.0, "flipX": 0.0, "y": 512.0, "flipY": 0.0 }, "object": 517.0 }, { "layer": 0.0, "deleted": 0.0, "variables": { "x": 480.0, "flipX": 0.0, "y": 512.0, "flipY": 0.0 }, "object": 517.0 }, { "layer": 0.0, "deleted": 0.0, "variables": { "x": 448.0, "flipX": 0.0, "y": 512.0, "flipY": 0.0 }, "object": 517.0 }, { "layer": 0.0, "deleted": 0.0, "variables": { "x": 416.0, "flipX": 0.0, "y": 512.0, "flipY": 0.0 }, "object": 517.0 }, { "layer": 0.0, "deleted": 0.0, "variables": { "x": 352.0, "flipX": 0.0, "y": 480.0, "flipY": 0.0 }, "object": 517.0 }, { "layer": 0.0, "deleted": 0.0, "variables": { "x": 160.0, "flipX": 0.0, "y": 512.0, "flipY": 0.0 }, "object": 517.0 }, { "layer": 0.0, "deleted": 0.0, "variables": { "x": 384.0, "flipX": 0.0, "y": 480.0, "flipY": 0.0 }, "object": 517.0 }, { "layer": 0.0, "deleted": 0.0, "variables": { "x": 320.0, "flipX": 0.0, "y": 480.0, "flipY": 0.0 }, "object": 517.0 }, { "layer": 0.0, "deleted": 0.0, "variables": { "x": 256.0, "flipX": 0.0, "y": 512.0, "flipY": 0.0 }, "object": 517.0 }, { "layer": 0.0, "deleted": 0.0, "variables": { "x": 224.0, "flipX": 0.0, "y": 512.0, "flipY": 0.0 }, "object": 517.0 }, { "layer": 0.0, "deleted": 0.0, "variables": { "x": 128.0, "flipX": 0.0, "y": 512.0, "flipY": 0.0 }, "object": 517.0 }, { "layer": 0.0, "deleted": 0.0, "variables": { "x": 0.0, "flipX": 0.0, "y": 352.0, "flipY": 0.0 }, "object": 517.0 }, { "layer": 0.0, "deleted": 0.0, "variables": { "x": 32.0, "flipX": 0.0, "y": 352.0, "flipY": 0.0 }, "object": 517.0 }, { "layer": 0.0, "deleted": 0.0, "variables": { "x": 32.0, "flipX": 0.0, "y": 384.0, "flipY": 0.0 }, "object": 517.0 }, { "layer": 0.0, "deleted": 0.0, "variables": { "x": 64.0, "flipX": 0.0, "y": 384.0, "flipY": 0.0 }, "object": 517.0 }, { "layer": 0.0, "deleted": 0.0, "variables": { "x": 96.0, "flipX": 0.0, "y": 352.0, "flipY": 0.0 }, "object": 517.0 }, { "layer": 0.0, "deleted": 0.0, "variables": { "x": 64.0, "flipX": 0.0, "y": 352.0, "flipY": 0.0 }, "object": 517.0 }, { "layer": 0.0, "deleted": 0.0, "variables": { "x": 96.0, "flipX": 0.0, "y": 384.0, "flipY": 0.0 }, "object": 517.0 }, { "layer": 0.0, "deleted": 0.0, "variables": { "x": 160.0, "flipX": 0.0, "y": 288.0, "flipY": 0.0 }, "object": 517.0 }, { "layer": 0.0, "deleted": 0.0, "variables": { "x": 128.0, "flipX": 0.0, "y": 256.0, "flipY": 0.0 }, "object": 517.0 }, { "layer": 0.0, "deleted": 0.0, "variables": { "x": 128.0, "flipX": 0.0, "y": 384.0, "flipY": 0.0 }, "object": 517.0 }, { "layer": 0.0, "deleted": 0.0, "variables": { "x": 160.0, "flipX": 0.0, "y": 384.0, "flipY": 0.0 }, "object": 517.0 }, { "layer": 0.0, "deleted": 0.0, "variables": { "x": 160.0, "flipX": 0.0, "y": 352.0, "flipY": 0.0 }, "object": 517.0 }, { "layer": 0.0, "deleted": 0.0, "variables": { "x": 160.0, "flipX": 0.0, "y": 320.0, "flipY": 0.0 }, "object": 517.0 }, { "layer": 0.0, "deleted": 0.0, "variables": { "x": 128.0, "flipX": 0.0, "y": 288.0, "flipY": 0.0 }, "object": 517.0 }, { "layer": 0.0, "deleted": 0.0, "variables": { "x": 128.0, "flipX": 0.0, "y": 320.0, "flipY": 0.0 }, "object": 517.0 }, { "layer": 0.0, "deleted": 0.0, "variables": { "x": 96.0, "flipX": 0.0, "y": 256.0, "flipY": 0.0 }, "object": 517.0 }, { "layer": 0.0, "deleted": 0.0, "variables": { "x": 160.0, "flipX": 0.0, "y": 256.0, "flipY": 0.0 }, "object": 517.0 }, { "layer": 0.0, "deleted": 0.0, "variables": { "x": 128.0, "flipX": 0.0, "y": 352.0, "flipY": 0.0 }, "object": 517.0 }, { "layer": 0.0, "deleted": 0.0, "variables": { "x": 0.0, "flipX": 0.0, "y": 320.0, "flipY": 0.0 }, "object": 517.0 }, { "layer": 0.0, "deleted": 0.0, "variables": { "x": 0.0, "flipX": 0.0, "y": 224.0, "flipY": 0.0 }, "object": 517.0 }, { "layer": 0.0, "deleted": 0.0, "variables": { "x": 32.0, "flipX": 0.0, "y": 320.0, "flipY": 0.0 }, "object": 517.0 }, { "layer": 0.0, "deleted": 0.0, "variables": { "x": 64.0, "flipX": 0.0, "y": 320.0, "flipY": 0.0 }, "object": 517.0 }, { "layer": 0.0, "deleted": 0.0, "variables": { "x": 64.0, "flipX": 0.0, "y": 288.0, "flipY": 0.0 }, "object": 517.0 }, { "layer": 0.0, "deleted": 0.0, "variables": { "x": 96.0, "flipX": 0.0, "y": 288.0, "flipY": 0.0 }, "object": 517.0 }, { "layer": 0.0, "deleted": 0.0, "variables": { "x": 96.0, "flipX": 0.0, "y": 320.0, "flipY": 0.0 }, "object": 517.0 }, { "layer": 0.0, "deleted": 0.0, "variables": { "x": 64.0, "flipX": 0.0, "y": 256.0, "flipY": 0.0 }, "object": 517.0 }, { "layer": 0.0, "deleted": 0.0, "variables": { "x": 32.0, "flipX": 0.0, "y": 256.0, "flipY": 0.0 }, "object": 517.0 }, { "layer": 0.0, "deleted": 0.0, "variables": { "x": 0.0, "flipX": 0.0, "y": 256.0, "flipY": 0.0 }, "object": 517.0 }, { "layer": 0.0, "deleted": 0.0, "variables": { "x": 0.0, "flipX": 0.0, "y": 288.0, "flipY": 0.0 }, "object": 517.0 }, { "layer": 0.0, "deleted": 0.0, "variables": { "x": 32.0, "flipX": 0.0, "y": 288.0, "flipY": 0.0 }, "object": 517.0 }, { "layer": 0.0, "deleted": 0.0, "variables": { "x": 64.0, "flipX": 0.0, "y": 224.0, "flipY": 0.0 }, "object": 517.0 }, { "layer": 0.0, "deleted": 0.0, "variables": { "x": 32.0, "flipX": 0.0, "y": 224.0, "flipY": 0.0 }, "object": 517.0 }, { "layer": 0.0, "deleted": 0.0, "variables": { "x": 96.0, "flipX": 0.0, "y": 224.0, "flipY": 0.0 }, "object": 517.0 }, { "layer": 0.0, "deleted": 0.0, "variables": { "x": 128.0, "flipX": 0.0, "y": 192.0, "flipY": 0.0 }, "object": 517.0 }, { "layer": 0.0, "deleted": 0.0, "variables": { "x": 96.0, "flipX": 0.0, "y": 128.0, "flipY": 0.0 }, "object": 517.0 }, { "layer": 0.0, "deleted": 0.0, "variables": { "x": 160.0, "flipX": 0.0, "y": 192.0, "flipY": 0.0 }, "object": 517.0 }, { "layer": 0.0, "deleted": 0.0, "variables": { "x": 160.0, "flipX": 0.0, "y": 224.0, "flipY": 0.0 }, "object": 517.0 }, { "layer": 0.0, "deleted": 0.0, "variables": { "x": 128.0, "flipX": 0.0, "y": 128.0, "flipY": 0.0 }, "object": 517.0 }, { "layer": 0.0, "deleted": 0.0, "variables": { "x": 128.0, "flipX": 0.0, "y": 224.0, "flipY": 0.0 }, "object": 517.0 }, { "layer": 0.0, "deleted": 0.0, "variables": { "x": 96.0, "flipX": 0.0, "y": 192.0, "flipY": 0.0 }, "object": 517.0 }, { "layer": 0.0, "deleted": 0.0, "variables": { "x": 64.0, "flipX": 0.0, "y": 192.0, "flipY": 0.0 }, "object": 517.0 }, { "layer": 0.0, "deleted": 0.0, "variables": { "x": 32.0, "flipX": 0.0, "y": 192.0, "flipY": 0.0 }, "object": 517.0 }, { "layer": 0.0, "deleted": 0.0, "variables": { "x": 0.0, "flipX": 0.0, "y": 192.0, "flipY": 0.0 }, "object": 517.0 }, { "layer": 0.0, "deleted": 0.0, "variables": { "x": 0.0, "flipX": 0.0, "y": 160.0, "flipY": 0.0 }, "object": 517.0 }, { "layer": 0.0, "deleted": 0.0, "variables": { "x": 0.0, "flipX": 0.0, "y": 128.0, "flipY": 0.0 }, "object": 517.0 }, { "layer": 0.0, "deleted": 0.0, "variables": { "x": 32.0, "flipX": 0.0, "y": 128.0, "flipY": 0.0 }, "object": 517.0 }, { "layer": 0.0, "deleted": 0.0, "variables": { "x": 32.0, "flipX": 0.0, "y": 160.0, "flipY": 0.0 }, "object": 517.0 }, { "layer": 0.0, "deleted": 0.0, "variables": { "x": 64.0, "flipX": 0.0, "y": 160.0, "flipY": 0.0 }, "object": 517.0 }, { "layer": 0.0, "deleted": 0.0, "variables": { "x": 96.0, "flipX": 0.0, "y": 160.0, "flipY": 0.0 }, "object": 517.0 }, { "layer": 0.0, "deleted": 0.0, "variables": { "x": 128.0, "flipX": 0.0, "y": 160.0, "flipY": 0.0 }, "object": 517.0 }, { "layer": 0.0, "deleted": 0.0, "variables": { "x": 160.0, "flipX": 0.0, "y": 128.0, "flipY": 0.0 }, "object": 517.0 }, { "layer": 0.0, "deleted": 0.0, "variables": { "x": 160.0, "flipX": 0.0, "y": 160.0, "flipY": 0.0 }, "object": 517.0 }, { "layer": 0.0, "deleted": 0.0, "variables": { "x": 64.0, "flipX": 0.0, "y": 128.0, "flipY": 0.0 }, "object": 517.0 }, { "layer": 0.0, "deleted": 0.0, "variables": { "x": 0.0, "flipX": 0.0, "y": 96.0, "flipY": 0.0 }, "object": 517.0 }, { "layer": 0.0, "deleted": 0.0, "variables": { "x": 0.0, "flipX": 0.0, "y": 64.0, "flipY": 0.0 }, "object": 517.0 }, { "layer": 0.0, "deleted": 0.0, "variables": { "x": 0.0, "flipX": 0.0, "y": 32.0, "flipY": 0.0 }, "object": 517.0 }, { "layer": 0.0, "deleted": 0.0, "variables": { "x": 0.0, "flipX": 0.0, "y": 0.0, "flipY": 0.0 }, "object": 517.0 }, { "layer": 0.0, "deleted": 0.0, "variables": { "x": 32.0, "flipX": 0.0, "y": 0.0, "flipY": 0.0 }, "object": 517.0 }, { "layer": 0.0, "deleted": 0.0, "variables": { "x": 64.0, "flipX": 0.0, "y": 0.0, "flipY": 0.0 }, "object": 517.0 }, { "layer": 0.0, "deleted": 0.0, "variables": { "x": 96.0, "flipX": 0.0, "y": 0.0, "flipY": 0.0 }, "object": 517.0 }, { "layer": 0.0, "deleted": 0.0, "variables": { "x": 128.0, "flipX": 0.0, "y": 0.0, "flipY": 0.0 }, "object": 517.0 }, { "layer": 0.0, "deleted": 0.0, "variables": { "x": 160.0, "flipX": 0.0, "y": 0.0, "flipY": 0.0 }, "object": 517.0 }, { "layer": 0.0, "deleted": 0.0, "variables": { "x": 160.0, "flipX": 0.0, "y": 32.0, "flipY": 0.0 }, "object": 517.0 }, { "layer": 0.0, "deleted": 0.0, "variables": { "x": 160.0, "flipX": 0.0, "y": 64.0, "flipY": 0.0 }, "object": 517.0 }, { "layer": 0.0, "deleted": 0.0, "variables": { "x": 128.0, "flipX": 0.0, "y": 64.0, "flipY": 0.0 }, "object": 517.0 }, { "layer": 0.0, "deleted": 0.0, "variables": { "x": 96.0, "flipX": 0.0, "y": 64.0, "flipY": 0.0 }, "object": 517.0 }, { "layer": 0.0, "deleted": 0.0, "variables": { "x": 64.0, "flipX": 0.0, "y": 64.0, "flipY": 0.0 }, "object": 517.0 }, { "layer": 0.0, "deleted": 0.0, "variables": { "x": 32.0, "flipX": 0.0, "y": 64.0, "flipY": 0.0 }, "object": 517.0 }, { "layer": 0.0, "deleted": 0.0, "variables": { "x": 32.0, "flipX": 0.0, "y": 32.0, "flipY": 0.0 }, "object": 517.0 }, { "layer": 0.0, "deleted": 0.0, "variables": { "x": 64.0, "flipX": 0.0, "y": 32.0, "flipY": 0.0 }, "object": 517.0 }, { "layer": 0.0, "deleted": 0.0, "variables": { "x": 96.0, "flipX": 0.0, "y": 32.0, "flipY": 0.0 }, "object": 517.0 }, { "layer": 0.0, "deleted": 0.0, "variables": { "x": 128.0, "flipX": 0.0, "y": 32.0, "flipY": 0.0 }, "object": 517.0 }, { "layer": 0.0, "deleted": 0.0, "variables": { "x": 32.0, "flipX": 0.0, "y": 96.0, "flipY": 0.0 }, "object": 517.0 }, { "layer": 0.0, "deleted": 0.0, "variables": { "x": 64.0, "flipX": 0.0, "y": 96.0, "flipY": 0.0 }, "object": 517.0 }, { "layer": 0.0, "deleted": 0.0, "variables": { "x": 96.0, "flipX": 0.0, "y": 96.0, "flipY": 0.0 }, "object": 517.0 }, { "layer": 0.0, "deleted": 0.0, "variables": { "x": 128.0, "flipX": 0.0, "y": 96.0, "flipY": 0.0 }, "object": 517.0 }, { "layer": 0.0, "deleted": 0.0, "variables": { "x": 160.0, "flipX": 0.0, "y": 96.0, "flipY": 0.0 }, "object": 517.0 }, { "layer": 0.0, "deleted": 0.0, "variables": { "x": 192.0, "flipX": 0.0, "y": 0.0, "flipY": 0.0 }, "object": 517.0 }, { "layer": 0.0, "deleted": 0.0, "variables": { "x": 224.0, "flipX": 0.0, "y": 0.0, "flipY": 0.0 }, "object": 517.0 }, { "layer": 0.0, "deleted": 0.0, "variables": { "x": 256.0, "flipX": 0.0, "y": 0.0, "flipY": 0.0 }, "object": 517.0 }, { "layer": 0.0, "deleted": 0.0, "variables": { "x": 288.0, "flipX": 0.0, "y": 0.0, "flipY": 0.0 }, "object": 517.0 }, { "layer": 0.0, "deleted": 0.0, "variables": { "x": 320.0, "flipX": 0.0, "y": 0.0, "flipY": 0.0 }, "object": 517.0 }, { "layer": 0.0, "deleted": 0.0, "variables": { "x": 352.0, "flipX": 0.0, "y": 0.0, "flipY": 0.0 }, "object": 517.0 }, { "layer": 0.0, "deleted": 0.0, "variables": { "x": 384.0, "flipX": 0.0, "y": 0.0, "flipY": 0.0 }, "object": 517.0 }, { "layer": 0.0, "deleted": 0.0, "variables": { "x": 416.0, "flipX": 0.0, "y": 0.0, "flipY": 0.0 }, "object": 517.0 }, { "layer": 0.0, "deleted": 0.0, "variables": { "x": 448.0, "flipX": 0.0, "y": 0.0, "flipY": 0.0 }, "object": 517.0 }, { "layer": 0.0, "deleted": 0.0, "variables": { "x": 480.0, "flipX": 0.0, "y": 0.0, "flipY": 0.0 }, "object": 517.0 }, { "layer": 0.0, "deleted": 0.0, "variables": { "x": 512.0, "flipX": 0.0, "y": 0.0, "flipY": 0.0 }, "object": 517.0 }, { "layer": 0.0, "deleted": 0.0, "variables": { "x": 544.0, "flipX": 0.0, "y": 0.0, "flipY": 0.0 }, "object": 517.0 }, { "layer": 0.0, "deleted": 0.0, "variables": { "x": 576.0, "flipX": 0.0, "y": 0.0, "flipY": 0.0 }, "object": 517.0 }, { "layer": 0.0, "deleted": 0.0, "variables": { "x": 608.0, "flipX": 0.0, "y": 0.0, "flipY": 0.0 }, "object": 517.0 }, { "layer": 0.0, "deleted": 0.0, "variables": { "x": 640.0, "flipX": 0.0, "y": 0.0, "flipY": 0.0 }, "object": 517.0 }, { "layer": 0.0, "deleted": 0.0, "variables": { "x": 672.0, "flipX": 0.0, "y": 0.0, "flipY": 0.0 }, "object": 517.0 }, { "layer": 0.0, "deleted": 0.0, "variables": { "x": 704.0, "flipX": 0.0, "y": 0.0, "flipY": 0.0 }, "object": 517.0 }, { "layer": 0.0, "deleted": 0.0, "variables": { "x": 736.0, "flipX": 0.0, "y": 0.0, "flipY": 0.0 }, "object": 517.0 }, { "layer": 0.0, "deleted": 0.0, "variables": { "x": 768.0, "flipX": 0.0, "y": 0.0, "flipY": 0.0 }, "object": 517.0 }, { "layer": 0.0, "deleted": 0.0, "variables": { "x": 800.0, "flipX": 0.0, "y": 0.0, "flipY": 0.0 }, "object": 517.0 }, { "layer": 0.0, "deleted": 0.0, "variables": { "x": 832.0, "flipX": 0.0, "y": 0.0, "flipY": 0.0 }, "object": 517.0 }, { "layer": 0.0, "deleted": 0.0, "variables": { "x": 864.0, "flipX": 0.0, "y": 0.0, "flipY": 0.0 }, "object": 517.0 }, { "layer": 0.0, "deleted": 0.0, "variables": { "x": 896.0, "flipX": 0.0, "y": 0.0, "flipY": 0.0 }, "object": 517.0 }, { "layer": 0.0, "deleted": 0.0, "variables": { "x": 0.0, "flipX": 0.0, "y": 416.0, "flipY": 0.0 }, "object": 733.0 }, { "layer": 0.0, "deleted": 0.0, "variables": { "x": 928.0, "flipX": 0.0, "y": 288.0, "flipY": 0.0 }, "object": 517.0 }, { "layer": 0.0, "deleted": 0.0, "variables": { "x": 928.0, "flipX": 0.0, "y": 256.0, "flipY": 0.0 }, "object": 517.0 }, { "layer": 0.0, "deleted": 0.0, "variables": { "x": 928.0, "flipX": 0.0, "y": 224.0, "flipY": 0.0 }, "object": 517.0 }, { "layer": 0.0, "deleted": 0.0, "variables": { "x": 928.0, "flipX": 0.0, "y": 192.0, "flipY": 0.0 }, "object": 517.0 }, { "layer": 0.0, "deleted": 0.0, "variables": { "x": 928.0, "flipX": 0.0, "y": 160.0, "flipY": 0.0 }, "object": 517.0 }, { "layer": 0.0, "deleted": 0.0, "variables": { "x": 928.0, "flipX": 0.0, "y": 128.0, "flipY": 0.0 }, "object": 517.0 }, { "layer": 0.0, "deleted": 0.0, "variables": { "x": 928.0, "flipX": 0.0, "y": 96.0, "flipY": 0.0 }, "object": 517.0 }, { "layer": 0.0, "deleted": 0.0, "variables": { "x": 928.0, "flipX": 0.0, "y": 64.0, "flipY": 0.0 }, "object": 517.0 }, { "layer": 0.0, "deleted": 0.0, "variables": { "x": 928.0, "flipX": 0.0, "y": 32.0, "flipY": 0.0 }, "object": 517.0 }, { "layer": 0.0, "deleted": 0.0, "variables": { "x": 928.0, "flipX": 0.0, "y": 0.0, "flipY": 0.0 }, "object": 517.0 }, { "layer": 0.0, "deleted": 0.0, "variables": { "x": 928.0, "flipX": 0.0, "y": 448.0, "flipY": 0.0 }, "object": 517.0 }, { "layer": 0.0, "deleted": 0.0, "variables": { "x": 928.0, "flipX": 0.0, "y": 416.0, "flipY": 0.0 }, "object": 517.0 }, { "layer": 0.0, "deleted": 0.0, "variables": { "x": 928.0, "flipX": 0.0, "y": 384.0, "flipY": 0.0 }, "object": 517.0 }, { "layer": 0.0, "deleted": 0.0, "variables": { "x": 928.0, "flipX": 0.0, "y": 352.0, "flipY": 0.0 }, "object": 517.0 }, { "layer": 0.0, "deleted": 0.0, "variables": { "x": 928.0, "flipX": 0.0, "y": 320.0, "flipY": 0.0 }, "object": 517.0 }, { "layer": 0.0, "deleted": 0.0, "variables": { "x": -32.0, "y": 416.0, "targetRoom": "main", "image_xscale": 1.0, "image_yscale": 1.0, "flipX": 0.0, "flipY": 0.0, "targetDoor": "B" }, "object": 801.0 }, { "layer": 0.0, "deleted": 0.0, "variables": { "x": 0.0, "flipX": 0.0, "y": 448.0, "flipY": 0.0 }, "object": 804.0 }, { "layer": 0.0, "deleted": 0.0, "variables": { "x": 64.0, "flipX": 0.0, "y": 416.0, "flipY": 0.0 }, "object": 733.0 }, { "layer": 0.0, "deleted": 0.0, "variables": { "x": 128.0, "flipX": 0.0, "y": 416.0, "flipY": 0.0 }, "object": 733.0 }, { "layer": 0.0, "deleted": 0.0, "variables": { "x": 544.0, "flipX": 0.0, "y": 448.0, "flipY": 0.0 }, "object": 517.0 }, { "layer": 0.0, "deleted": 0.0, "variables": { "x": 544.0, "flipX": 0.0, "y": 416.0, "flipY": 0.0 }, "object": 517.0 }, { "layer": 0.0, "deleted": 0.0, "variables": { "x": 576.0, "flipX": 0.0, "y": 416.0, "flipY": 0.0 }, "object": 517.0 }, { "layer": 0.0, "deleted": 0.0, "variables": { "x": 576.0, "flipX": 0.0, "y": 448.0, "flipY": 0.0 }, "object": 517.0 }, { "layer": 0.0, "deleted": 0.0, "variables": { "x": 608.0, "flipX": 0.0, "y": 448.0, "flipY": 0.0 }, "object": 517.0 }, { "layer": 0.0, "deleted": 0.0, "variables": { "x": 640.0, "flipX": 0.0, "y": 448.0, "flipY": 0.0 }, "object": 517.0 }, { "layer": 0.0, "deleted": 0.0, "variables": { "x": 672.0, "flipX": 0.0, "y": 448.0, "flipY": 0.0 }, "object": 517.0 }, { "layer": 0.0, "deleted": 0.0, "variables": { "x": 704.0, "flipX": 0.0, "y": 448.0, "flipY": 0.0 }, "object": 517.0 }, { "layer": 0.0, "deleted": 0.0, "variables": { "x": 704.0, "flipX": 0.0, "y": 416.0, "flipY": 0.0 }, "object": 517.0 }, { "layer": 0.0, "deleted": 0.0, "variables": { "x": 672.0, "flipX": 0.0, "y": 416.0, "flipY": 0.0 }, "object": 517.0 }, { "layer": 0.0, "deleted": 0.0, "variables": { "x": 640.0, "flipX": 0.0, "y": 416.0, "flipY": 0.0 }, "object": 517.0 }, { "layer": 0.0, "deleted": 0.0, "variables": { "x": 608.0, "flipX": 0.0, "y": 416.0, "flipY": 0.0 }, "object": 517.0 }, { "layer": 0.0, "deleted": 0.0, "variables": { "x": 608.0, "flipX": 0.0, "y": 384.0, "flipY": 0.0 }, "object": 517.0 }, { "layer": 0.0, "deleted": 0.0, "variables": { "x": 608.0, "flipX": 0.0, "y": 352.0, "flipY": 0.0 }, "object": 517.0 }, { "layer": 0.0, "deleted": 0.0, "variables": { "x": 608.0, "flipX": 0.0, "y": 320.0, "flipY": 0.0 }, "object": 517.0 }, { "layer": 0.0, "deleted": 0.0, "variables": { "x": 608.0, "flipX": 0.0, "y": 288.0, "flipY": 0.0 }, "object": 517.0 }, { "layer": 0.0, "deleted": 0.0, "variables": { "x": 640.0, "flipX": 0.0, "y": 288.0, "flipY": 0.0 }, "object": 517.0 }, { "layer": 0.0, "deleted": 0.0, "variables": { "x": 640.0, "flipX": 0.0, "y": 320.0, "flipY": 0.0 }, "object": 517.0 }, { "layer": 0.0, "deleted": 0.0, "variables": { "x": 640.0, "flipX": 0.0, "y": 352.0, "flipY": 0.0 }, "object": 517.0 }, { "layer": 0.0, "deleted": 0.0, "variables": { "x": 640.0, "flipX": 0.0, "y": 384.0, "flipY": 0.0 }, "object": 517.0 } ], "tile_data": { "5": { "928_-32": { "autotile": 1.0, "autotile_index": 0.0, "tileset": "tile_tower", "coord": [ 0.0, 0.0 ] }, "32_160": { "autotile": 1.0, "autotile_index": 0.0, "tileset": "tile_tower", "coord": [ 7.0, 6.0 ] }, "512_-32": { "autotile": 1.0, "autotile_index": 0.0, "tileset": "tile_tower", "coord": [ 0.0, 0.0 ] }, "960_384": { "autotile": 1.0, "autotile_index": 0.0, "tileset": "tile_tower", "coord": [ 0.0, 0.0 ] }, "64_480": { "coord": [ 7.0, 6.0 ], "autotile_index": 0.0, "tileset": "tile_tower", "autotile": 1.0 }, "192_512": { "coord": [ 7.0, 7.0 ], "autotile_index": 0.0, "tileset": "tile_tower", "autotile": 1.0 }, "160_448": { "coord": [ 6.0, 5.0 ], "autotile_index": 0.0, "tileset": "tile_tower", "autotile": 1.0 }, "672_512": { "autotile": 1.0, "autotile_index": 0.0, "tileset": "tile_tower", "coord": [ 7.0, 7.0 ] }, "960_448": { "autotile": 1.0, "autotile_index": 0.0, "tileset": "tile_tower", "coord": [ 0.0, 0.0 ] }, "672_416": { "autotile": 1.0, "autotile_index": 0.0, "tileset": "tile_entrance1", "coord": [ 5.0, 4.0 ] }, "0_-32": { "autotile": 1.0, "autotile_index": 0.0, "tileset": "tile_tower", "coord": [ 0.0, 0.0 ] }, "640_480": { "autotile": 1.0, "autotile_index": 0.0, "tileset": "tile_tower", "coord": [ 5.0, 4.0 ] }, "0_320": { "autotile": 1.0, "autotile_index": 0.0, "tileset": "tile_tower", "coord": [ 7.0, 6.0 ] }, "704_480": { "autotile": 1.0, "autotile_index": 0.0, "tileset": "tile_tower", "coord": [ 5.0, 4.0 ] }, "96_256": { "autotile": 1.0, "autotile_index": 0.0, "tileset": "tile_tower", "coord": [ 7.0, 6.0 ] }, "128_32": { "autotile": 1.0, "autotile_index": 0.0, "tileset": "tile_tower", "coord": [ 7.0, 7.0 ] }, "96_320": { "autotile": 1.0, "autotile_index": 0.0, "tileset": "tile_tower", "coord": [ 7.0, 6.0 ] }, "384_0": { "autotile": 1.0, "autotile_index": 0.0, "tileset": "tile_tower", "coord": [ 5.0, 6.0 ] }, "32_96": { "autotile": 1.0, "autotile_index": 0.0, "tileset": "tile_tower", "coord": [ 7.0, 6.0 ] }, "544_-32": { "autotile": 1.0, "autotile_index": 0.0, "tileset": "tile_tower", "coord": [ 0.0, 0.0 ] }, "928_128": { "autotile": 1.0, "autotile_index": 0.0, "tileset": "tile_tower", "coord": [ 4.0, 5.0 ] }, "704_-32": { "autotile": 1.0, "autotile_index": 0.0, "tileset": "tile_tower", "coord": [ 0.0, 0.0 ] }, "64_160": { "autotile": 1.0, "autotile_index": 0.0, "tileset": "tile_tower", "coord": [ 7.0, 6.0 ] }, "160_352": { "coord": [ 6.0, 5.0 ], "autotile_index": 0.0, "tileset": "tile_tower", "autotile": 1.0 }, "800_0": { "autotile": 1.0, "autotile_index": 0.0, "tileset": "tile_tower", "coord": [ 5.0, 6.0 ] }, "224_0": { "autotile": 1.0, "autotile_index": 0.0, "tileset": "tile_tower", "coord": [ 5.0, 6.0 ] }, "0_480": { "coord": [ 7.0, 6.0 ], "autotile_index": 0.0, "tileset": "tile_tower", "autotile": 1.0 }, "32_448": { "coord": [ 7.0, 6.0 ], "autotile_index": 0.0, "tileset": "tile_tower", "autotile": 1.0 }, "32_416": { "coord": [ 7.0, 6.0 ], "autotile_index": 0.0, "tileset": "tile_tower", "autotile": 1.0 }, "608_0": { "autotile": 1.0, "autotile_index": 0.0, "tileset": "tile_tower", "coord": [ 5.0, 6.0 ] }, "160_96": { "autotile": 1.0, "autotile_index": 0.0, "tileset": "tile_tower", "coord": [ 6.0, 5.0 ] }, "544_448": { "autotile": 1.0, "autotile_index": 0.0, "tileset": "tile_entrance1", "coord": [ 4.0, 6.0 ] }, "32_128": { "autotile": 1.0, "autotile_index": 0.0, "tileset": "tile_tower", "coord": [ 7.0, 6.0 ] }, "960_160": { "autotile": 1.0, "autotile_index": 0.0, "tileset": "tile_tower", "coord": [ 0.0, 0.0 ] }, "608_384": { "autotile": 1.0, "autotile_index": 0.0, "tileset": "tile_entrance1", "coord": [ 4.0, 5.0 ] }, "576_-32": { "autotile": 1.0, "autotile_index": 0.0, "tileset": "tile_tower", "coord": [ 0.0, 0.0 ] }, "608_320": { "autotile": 1.0, "autotile_index": 0.0, "tileset": "tile_entrance1", "coord": [ 4.0, 5.0 ] }, "896_-32": { "autotile": 1.0, "autotile_index": 0.0, "tileset": "tile_tower", "coord": [ 0.0, 0.0 ] }, "608_288": { "autotile": 1.0, "autotile_index": 0.0, "tileset": "tile_entrance1", "coord": [ 4.0, 4.0 ] }, "320_-32": { "autotile": 1.0, "autotile_index": 0.0, "tileset": "tile_tower", "coord": [ 0.0, 0.0 ] }, "192_0": { "autotile": 1.0, "autotile_index": 0.0, "tileset": "tile_tower", "coord": [ 5.0, 6.0 ] }, "640_352": { "autotile": 1.0, "autotile_index": 0.0, "tileset": "tile_entrance1", "coord": [ 6.0, 5.0 ] }, "0_0": { "autotile": 1.0, "autotile_index": 0.0, "tileset": "tile_tower", "coord": [ 7.0, 6.0 ] }, "128_480": { "coord": [ 7.0, 7.0 ], "autotile_index": 0.0, "tileset": "tile_tower", "autotile": 1.0 }, "352_480": { "autotile": 1.0, "autotile_index": 0.0, "tileset": "tile_tower", "coord": [ 5.0, 4.0 ] }, "960_0": { "autotile": 1.0, "autotile_index": 0.0, "tileset": "tile_tower", "coord": [ 0.0, 0.0 ] }, "64_352": { "coord": [ 7.0, 6.0 ], "autotile_index": 0.0, "tileset": "tile_tower", "autotile": 1.0 }, "288_480": { "autotile": 1.0, "autotile_index": 0.0, "tileset": "tile_tower", "coord": [ 5.0, 4.0 ] }, "0_96": { "autotile": 1.0, "autotile_index": 0.0, "tileset": "tile_tower", "coord": [ 7.0, 6.0 ] }, "128_160": { "autotile": 1.0, "autotile_index": 0.0, "tileset": "tile_tower", "coord": [ 7.0, 7.0 ] }, "96_416": { "coord": [ 7.0, 6.0 ], "autotile_index": 0.0, "tileset": "tile_tower", "autotile": 1.0 }, "608_448": { "autotile": 1.0, "autotile_index": 0.0, "tileset": "tile_entrance1", "coord": [ 5.0, 6.0 ] }, "128_192": { "autotile": 1.0, "autotile_index": 0.0, "tileset": "tile_tower", "coord": [ 7.0, 7.0 ] }, "128_384": { "coord": [ 7.0, 7.0 ], "autotile_index": 0.0, "tileset": "tile_tower", "autotile": 1.0 }, "128_256": { "autotile": 1.0, "autotile_index": 0.0, "tileset": "tile_tower", "coord": [ 7.0, 7.0 ] }, "384_480": { "autotile": 1.0, "autotile_index": 0.0, "tileset": "tile_tower", "coord": [ 5.0, 4.0 ] }, "32_-32": { "autotile": 1.0, "autotile_index": 0.0, "tileset": "tile_tower", "coord": [ 0.0, 0.0 ] }, "640_512": { "autotile": 1.0, "autotile_index": 0.0, "tileset": "tile_tower", "coord": [ 7.0, 7.0 ] }, "608_480": { "autotile": 1.0, "autotile_index": 0.0, "tileset": "tile_tower", "coord": [ 5.0, 4.0 ] }, "96_288": { "autotile": 1.0, "autotile_index": 0.0, "tileset": "tile_tower", "coord": [ 7.0, 6.0 ] }, "608_416": { "autotile": 1.0, "autotile_index": 0.0, "tileset": "tile_entrance1", "coord": [ 6.0, 3.0 ] }, "800_-32": { "autotile": 1.0, "autotile_index": 0.0, "tileset": "tile_tower", "coord": [ 0.0, 0.0 ] }, "-224_96": { "coord": [ 0.0, 0.0 ], "autotile_index": 0.0, "tileset": "tile_tower", "autotile": 1.0 }, "96_-32": { "autotile": 1.0, "autotile_index": 0.0, "tileset": "tile_tower", "coord": [ 0.0, 0.0 ] }, "576_0": { "autotile": 1.0, "autotile_index": 0.0, "tileset": "tile_tower", "coord": [ 5.0, 6.0 ] }, "32_384": { "coord": [ 7.0, 6.0 ], "autotile_index": 0.0, "tileset": "tile_tower", "autotile": 1.0 }, "800_480": { "autotile": 1.0, "autotile_index": 0.0, "tileset": "tile_tower", "coord": [ 5.0, 4.0 ] }, "960_64": { "autotile": 1.0, "autotile_index": 0.0, "tileset": "tile_tower", "coord": [ 0.0, 0.0 ] }, "832_0": { "autotile": 1.0, "autotile_index": 0.0, "tileset": "tile_tower", "coord": [ 5.0, 6.0 ] }, "32_192": { "autotile": 1.0, "autotile_index": 0.0, "tileset": "tile_tower", "coord": [ 7.0, 6.0 ] }, "928_256": { "autotile": 1.0, "autotile_index": 0.0, "tileset": "tile_tower", "coord": [ 4.0, 5.0 ] }, "960_256": { "autotile": 1.0, "autotile_index": 0.0, "tileset": "tile_tower", "coord": [ 0.0, 0.0 ] }, "640_288": { "autotile": 1.0, "autotile_index": 0.0, "tileset": "tile_entrance1", "coord": [ 6.0, 4.0 ] }, "160_256": { "autotile": 1.0, "autotile_index": 0.0, "tileset": "tile_tower", "coord": [ 6.0, 5.0 ] }, "64_192": { "autotile": 1.0, "autotile_index": 0.0, "tileset": "tile_tower", "coord": [ 7.0, 6.0 ] }, "32_256": { "autotile": 1.0, "autotile_index": 0.0, "tileset": "tile_tower", "coord": [ 7.0, 6.0 ] }, "224_480": { "coord": [ 5.0, 4.0 ], "autotile_index": 0.0, "tileset": "tile_tower", "autotile": 1.0 }, "160_128": { "autotile": 1.0, "autotile_index": 0.0, "tileset": "tile_tower", "coord": [ 6.0, 5.0 ] }, "352_0": { "autotile": 1.0, "autotile_index": 0.0, "tileset": "tile_tower", "coord": [ 5.0, 6.0 ] }, "160_192": { "autotile": 1.0, "autotile_index": 0.0, "tileset": "tile_tower", "coord": [ 6.0, 5.0 ] }, "96_448": { "coord": [ 7.0, 6.0 ], "autotile_index": 0.0, "tileset": "tile_tower", "autotile": 1.0 }, "288_512": { "autotile": 1.0, "autotile_index": 0.0, "tileset": "tile_tower", "coord": [ 7.0, 7.0 ] }, "640_0": { "autotile": 1.0, "autotile_index": 0.0, "tileset": "tile_tower", "coord": [ 5.0, 6.0 ] }, "160_480": { "coord": [ 5.0, 5.0 ], "autotile_index": 0.0, "tileset": "tile_tower", "autotile": 1.0 }, "960_320": { "autotile": 1.0, "autotile_index": 0.0, "tileset": "tile_tower", "coord": [ 0.0, 0.0 ] }, "672_448": { "autotile": 1.0, "autotile_index": 0.0, "tileset": "tile_entrance1", "coord": [ 5.0, 6.0 ] }, "128_512": { "coord": [ 7.0, 7.0 ], "autotile_index": 0.0, "tileset": "tile_tower", "autotile": 1.0 }, "256_512": { "autotile": 1.0, "autotile_index": 0.0, "tileset": "tile_tower", "coord": [ 7.0, 7.0 ] }, "0_384": { "coord": [ 7.0, 6.0 ], "autotile_index": 0.0, "tileset": "tile_tower", "autotile": 1.0 }, "64_320": { "autotile": 1.0, "autotile_index": 0.0, "tileset": "tile_tower", "coord": [ 7.0, 6.0 ] }, "128_128": { "autotile": 1.0, "autotile_index": 0.0, "tileset": "tile_tower", "coord": [ 7.0, 7.0 ] }, "96_0": { "autotile": 1.0, "autotile_index": 0.0, "tileset": "tile_tower", "coord": [ 7.0, 6.0 ] }, "64_224": { "autotile": 1.0, "autotile_index": 0.0, "tileset": "tile_tower", "coord": [ 7.0, 6.0 ] }, "928_288": { "autotile": 1.0, "autotile_index": 0.0, "tileset": "tile_tower", "coord": [ 4.0, 5.0 ] }, "160_288": { "autotile": 1.0, "autotile_index": 0.0, "tileset": "tile_tower", "coord": [ 6.0, 5.0 ] }, "96_192": { "autotile": 1.0, "autotile_index": 0.0, "tileset": "tile_tower", "coord": [ 7.0, 6.0 ] }, "160_32": { "autotile": 1.0, "autotile_index": 0.0, "tileset": "tile_tower", "coord": [ 6.0, 5.0 ] }, "864_0": { "autotile": 1.0, "autotile_index": 0.0, "tileset": "tile_tower", "coord": [ 5.0, 6.0 ] }, "960_416": { "autotile": 1.0, "autotile_index": 0.0, "tileset": "tile_tower", "coord": [ 0.0, 0.0 ] }, "0_64": { "autotile": 1.0, "autotile_index": 0.0, "tileset": "tile_tower", "coord": [ 7.0, 6.0 ] }, "928_352": { "autotile": 1.0, "autotile_index": 0.0, "tileset": "tile_tower", "coord": [ 4.0, 5.0 ] }, "32_352": { "coord": [ 7.0, 6.0 ], "autotile_index": 0.0, "tileset": "tile_tower", "autotile": 1.0 }, "128_96": { "autotile": 1.0, "autotile_index": 0.0, "tileset": "tile_tower", "coord": [ 7.0, 7.0 ] }, "640_448": { "autotile": 1.0, "autotile_index": 0.0, "tileset": "tile_entrance1", "coord": [ 5.0, 6.0 ] }, "0_32": { "autotile": 1.0, "autotile_index": 0.0, "tileset": "tile_tower", "coord": [ 7.0, 6.0 ] }, "96_512": { "coord": [ 7.0, 6.0 ], "autotile_index": 0.0, "tileset": "tile_tower", "autotile": 1.0 }, "64_384": { "coord": [ 7.0, 6.0 ], "autotile_index": 0.0, "tileset": "tile_tower", "autotile": 1.0 }, "512_0": { "autotile": 1.0, "autotile_index": 0.0, "tileset": "tile_tower", "coord": [ 5.0, 6.0 ] }, "0_256": { "autotile": 1.0, "autotile_index": 0.0, "tileset": "tile_tower", "coord": [ 7.0, 6.0 ] }, "0_416": { "coord": [ 7.0, 6.0 ], "autotile_index": 0.0, "tileset": "tile_tower", "autotile": 1.0 }, "0_512": { "coord": [ 7.0, 6.0 ], "autotile_index": 0.0, "tileset": "tile_tower", "autotile": 1.0 }, "160_160": { "autotile": 1.0, "autotile_index": 0.0, "tileset": "tile_tower", "coord": [ 6.0, 5.0 ] }, "96_128": { "autotile": 1.0, "autotile_index": 0.0, "tileset": "tile_tower", "coord": [ 7.0, 6.0 ] }, "960_96": { "autotile": 1.0, "autotile_index": 0.0, "tileset": "tile_tower", "coord": [ 0.0, 0.0 ] }, "160_384": { "coord": [ 6.0, 5.0 ], "autotile_index": 0.0, "tileset": "tile_tower", "autotile": 1.0 }, "928_96": { "autotile": 1.0, "autotile_index": 0.0, "tileset": "tile_tower", "coord": [ 4.0, 5.0 ] }, "640_-32": { "autotile": 1.0, "autotile_index": 0.0, "tileset": "tile_tower", "coord": [ 0.0, 0.0 ] }, "928_480": { "autotile": 1.0, "autotile_index": 0.0, "tileset": "tile_tower", "coord": [ 5.0, 5.0 ] }, "0_224": { "autotile": 1.0, "autotile_index": 0.0, "tileset": "tile_tower", "coord": [ 7.0, 6.0 ] }, "64_448": { "coord": [ 7.0, 6.0 ], "autotile_index": 0.0, "tileset": "tile_tower", "autotile": 1.0 }, "704_0": { "autotile": 1.0, "autotile_index": 0.0, "tileset": "tile_tower", "coord": [ 5.0, 6.0 ] }, "32_224": { "autotile": 1.0, "autotile_index": 0.0, "tileset": "tile_tower", "coord": [ 7.0, 6.0 ] }, "832_-32": { "autotile": 1.0, "autotile_index": 0.0, "tileset": "tile_tower", "coord": [ 0.0, 0.0 ] }, "928_0": { "autotile": 1.0, "autotile_index": 0.0, "tileset": "tile_tower", "coord": [ 5.0, 5.0 ] }, "928_384": { "autotile": 1.0, "autotile_index": 0.0, "tileset": "tile_tower", "coord": [ 4.0, 5.0 ] }, "512_512": { "autotile": 1.0, "autotile_index": 0.0, "tileset": "tile_tower", "coord": [ 7.0, 7.0 ] }, "704_448": { "autotile": 1.0, "autotile_index": 0.0, "tileset": "tile_entrance1", "coord": [ 6.0, 6.0 ] }, "320_480": { "autotile": 1.0, "autotile_index": 0.0, "tileset": "tile_tower", "coord": [ 5.0, 4.0 ] }, "928_416": { "autotile": 1.0, "autotile_index": 0.0, "tileset": "tile_tower", "coord": [ 4.0, 5.0 ] }, "736_0": { "autotile": 1.0, "autotile_index": 0.0, "tileset": "tile_tower", "coord": [ 5.0, 6.0 ] }, "96_96": { "autotile": 1.0, "autotile_index": 0.0, "tileset": "tile_tower", "coord": [ 7.0, 6.0 ] }, "544_416": { "autotile": 1.0, "autotile_index": 0.0, "tileset": "tile_entrance1", "coord": [ 4.0, 4.0 ] }, "416_0": { "autotile": 1.0, "autotile_index": 0.0, "tileset": "tile_tower", "coord": [ 5.0, 6.0 ] }, "32_32": { "autotile": 1.0, "autotile_index": 0.0, "tileset": "tile_tower", "coord": [ 7.0, 6.0 ] }, "0_352": { "coord": [ 7.0, 6.0 ], "autotile_index": 0.0, "tileset": "tile_tower", "autotile": 1.0 }, "640_384": { "autotile": 1.0, "autotile_index": 0.0, "tileset": "tile_entrance1", "coord": [ 6.0, 5.0 ] }, "640_320": { "autotile": 1.0, "autotile_index": 0.0, "tileset": "tile_entrance1", "coord": [ 6.0, 5.0 ] }, "288_-32": { "autotile": 1.0, "autotile_index": 0.0, "tileset": "tile_tower", "coord": [ 0.0, 0.0 ] }, "736_480": { "autotile": 1.0, "autotile_index": 0.0, "tileset": "tile_tower", "coord": [ 5.0, 4.0 ] }, "96_32": { "autotile": 1.0, "autotile_index": 0.0, "tileset": "tile_tower", "coord": [ 7.0, 6.0 ] }, "960_512": { "autotile": 1.0, "autotile_index": 0.0, "tileset": "tile_tower", "coord": [ 0.0, 0.0 ] }, "896_0": { "autotile": 1.0, "autotile_index": 0.0, "tileset": "tile_tower", "coord": [ 5.0, 6.0 ] }, "192_-32": { "autotile": 1.0, "autotile_index": 0.0, "tileset": "tile_tower", "coord": [ 0.0, 0.0 ] }, "960_352": { "autotile": 1.0, "autotile_index": 0.0, "tileset": "tile_tower", "coord": [ 0.0, 0.0 ] }, "128_352": { "coord": [ 7.0, 7.0 ], "autotile_index": 0.0, "tileset": "tile_tower", "autotile": 1.0 }, "576_416": { "autotile": 1.0, "autotile_index": 0.0, "tileset": "tile_entrance1", "coord": [ 5.0, 4.0 ] }, "160_0": { "autotile": 1.0, "autotile_index": 0.0, "tileset": "tile_tower", "coord": [ 5.0, 5.0 ] }, "160_512": { "coord": [ 7.0, 7.0 ], "autotile_index": 0.0, "tileset": "tile_tower", "autotile": 1.0 }, "928_64": { "autotile": 1.0, "autotile_index": 0.0, "tileset": "tile_tower", "coord": [ 4.0, 5.0 ] }, "864_480": { "autotile": 1.0, "autotile_index": 0.0, "tileset": "tile_tower", "coord": [ 5.0, 4.0 ] }, "928_160": { "autotile": 1.0, "autotile_index": 0.0, "tileset": "tile_tower", "coord": [ 4.0, 5.0 ] }, "32_480": { "coord": [ 7.0, 6.0 ], "autotile_index": 0.0, "tileset": "tile_tower", "autotile": 1.0 }, "96_224": { "autotile": 1.0, "autotile_index": 0.0, "tileset": "tile_tower", "coord": [ 7.0, 6.0 ] }, "160_-32": { "autotile": 1.0, "autotile_index": 0.0, "tileset": "tile_tower", "coord": [ 0.0, 0.0 ] }, "448_0": { "autotile": 1.0, "autotile_index": 0.0, "tileset": "tile_tower", "coord": [ 5.0, 6.0 ] }, "64_288": { "autotile": 1.0, "autotile_index": 0.0, "tileset": "tile_tower", "coord": [ 7.0, 6.0 ] }, "256_480": { "autotile": 1.0, "autotile_index": 0.0, "tileset": "tile_tower", "coord": [ 5.0, 4.0 ] }, "-256_96": { "coord": [ 0.0, 0.0 ], "autotile_index": 0.0, "tileset": "tile_tower", "autotile": 1.0 }, "416_-32": { "autotile": 1.0, "autotile_index": 0.0, "tileset": "tile_tower", "coord": [ 0.0, 0.0 ] }, "960_480": { "autotile": 1.0, "autotile_index": 0.0, "tileset": "tile_tower", "coord": [ 0.0, 0.0 ] }, "64_-32": { "autotile": 1.0, "autotile_index": 0.0, "tileset": "tile_tower", "coord": [ 0.0, 0.0 ] }, "896_480": { "autotile": 1.0, "autotile_index": 0.0, "tileset": "tile_tower", "coord": [ 5.0, 4.0 ] }, "672_-32": { "autotile": 1.0, "autotile_index": 0.0, "tileset": "tile_tower", "coord": [ 0.0, 0.0 ] }, "800_512": { "autotile": 1.0, "autotile_index": 0.0, "tileset": "tile_tower", "coord": [ 7.0, 7.0 ] }, "480_0": { "autotile": 1.0, "autotile_index": 0.0, "tileset": "tile_tower", "coord": [ 5.0, 6.0 ] }, "608_512": { "autotile": 1.0, "autotile_index": 0.0, "tileset": "tile_tower", "coord": [ 7.0, 7.0 ] }, "224_512": { "coord": [ 7.0, 7.0 ], "autotile_index": 0.0, "tileset": "tile_tower", "autotile": 1.0 }, "0_128": { "autotile": 1.0, "autotile_index": 0.0, "tileset": "tile_tower", "coord": [ 7.0, 6.0 ] }, "160_320": { "autotile": 1.0, "autotile_index": 0.0, "tileset": "tile_tower", "coord": [ 6.0, 5.0 ] }, "544_0": { "autotile": 1.0, "autotile_index": 0.0, "tileset": "tile_tower", "coord": [ 5.0, 6.0 ] }, "64_32": { "autotile": 1.0, "autotile_index": 0.0, "tileset": "tile_tower", "coord": [ 7.0, 6.0 ] }, "608_352": { "autotile": 1.0, "autotile_index": 0.0, "tileset": "tile_entrance1", "coord": [ 4.0, 5.0 ] }, "416_512": { "autotile": 1.0, "autotile_index": 0.0, "tileset": "tile_tower", "coord": [ 7.0, 7.0 ] }, "160_416": { "coord": [ 6.0, 5.0 ], "autotile_index": 0.0, "tileset": "tile_tower", "autotile": 1.0 }, "128_224": { "autotile": 1.0, "autotile_index": 0.0, "tileset": "tile_tower", "coord": [ 7.0, 7.0 ] }, "928_448": { "autotile": 1.0, "autotile_index": 0.0, "tileset": "tile_tower", "coord": [ 4.0, 5.0 ] }, "384_512": { "autotile": 1.0, "autotile_index": 0.0, "tileset": "tile_tower", "coord": [ 7.0, 7.0 ] }, "-256_64": { "coord": [ 0.0, 0.0 ], "autotile_index": 0.0, "tileset": "tile_tower", "autotile": 1.0 }, "480_-32": { "autotile": 1.0, "autotile_index": 0.0, "tileset": "tile_tower", "coord": [ 0.0, 0.0 ] }, "32_0": { "autotile": 1.0, "autotile_index": 0.0, "tileset": "tile_tower", "coord": [ 7.0, 6.0 ] }, "96_352": { "coord": [ 7.0, 6.0 ], "autotile_index": 0.0, "tileset": "tile_tower", "autotile": 1.0 }, "608_-32": { "autotile": 1.0, "autotile_index": 0.0, "tileset": "tile_tower", "coord": [ 0.0, 0.0 ] }, "0_448": { "coord": [ 7.0, 6.0 ], "autotile_index": 0.0, "tileset": "tile_tower", "autotile": 1.0 }, "704_416": { "autotile": 1.0, "autotile_index": 0.0, "tileset": "tile_entrance1", "coord": [ 6.0, 4.0 ] }, "960_32": { "autotile": 1.0, "autotile_index": 0.0, "tileset": "tile_tower", "coord": [ 0.0, 0.0 ] }, "96_384": { "coord": [ 7.0, 6.0 ], "autotile_index": 0.0, "tileset": "tile_tower", "autotile": 1.0 }, "416_480": { "autotile": 1.0, "autotile_index": 0.0, "tileset": "tile_tower", "coord": [ 5.0, 4.0 ] }, "832_480": { "autotile": 1.0, "autotile_index": 0.0, "tileset": "tile_tower", "coord": [ 5.0, 4.0 ] }, "576_512": { "autotile": 1.0, "autotile_index": 0.0, "tileset": "tile_tower", "coord": [ 7.0, 7.0 ] }, "736_512": { "autotile": 1.0, "autotile_index": 0.0, "tileset": "tile_tower", "coord": [ 7.0, 7.0 ] }, "576_480": { "autotile": 1.0, "autotile_index": 0.0, "tileset": "tile_tower", "coord": [ 5.0, 4.0 ] }, "128_320": { "autotile": 1.0, "autotile_index": 0.0, "tileset": "tile_tower", "coord": [ 7.0, 7.0 ] }, "768_0": { "autotile": 1.0, "autotile_index": 0.0, "tileset": "tile_tower", "coord": [ 5.0, 6.0 ] }, "704_512": { "autotile": 1.0, "autotile_index": 0.0, "tileset": "tile_tower", "coord": [ 7.0, 7.0 ] }, "576_448": { "autotile": 1.0, "autotile_index": 0.0, "tileset": "tile_entrance1", "coord": [ 5.0, 6.0 ] }, "160_224": { "autotile": 1.0, "autotile_index": 0.0, "tileset": "tile_tower", "coord": [ 6.0, 5.0 ] }, "480_512": { "autotile": 1.0, "autotile_index": 0.0, "tileset": "tile_tower", "coord": [ 7.0, 7.0 ] }, "928_32": { "autotile": 1.0, "autotile_index": 0.0, "tileset": "tile_tower", "coord": [ 4.0, 5.0 ] }, "32_64": { "autotile": 1.0, "autotile_index": 0.0, "tileset": "tile_tower", "coord": [ 7.0, 6.0 ] }, "64_256": { "autotile": 1.0, "autotile_index": 0.0, "tileset": "tile_tower", "coord": [ 7.0, 6.0 ] }, "256_-32": { "autotile": 1.0, "autotile_index": 0.0, "tileset": "tile_tower", "coord": [ 0.0, 0.0 ] }, "768_480": { "autotile": 1.0, "autotile_index": 0.0, "tileset": "tile_tower", "coord": [ 5.0, 4.0 ] }, "384_-32": { "autotile": 1.0, "autotile_index": 0.0, "tileset": "tile_tower", "coord": [ 0.0, 0.0 ] }, "0_192": { "autotile": 1.0, "autotile_index": 0.0, "tileset": "tile_tower", "coord": [ 7.0, 6.0 ] }, "96_480": { "coord": [ 7.0, 6.0 ], "autotile_index": 0.0, "tileset": "tile_tower", "autotile": 1.0 }, "864_-32": { "autotile": 1.0, "autotile_index": 0.0, "tileset": "tile_tower", "coord": [ 0.0, 0.0 ] }, "160_64": { "autotile": 1.0, "autotile_index": 0.0, "tileset": "tile_tower", "coord": [ 6.0, 5.0 ] }, "288_0": { "autotile": 1.0, "autotile_index": 0.0, "tileset": "tile_tower", "coord": [ 5.0, 6.0 ] }, "672_480": { "autotile": 1.0, "autotile_index": 0.0, "tileset": "tile_tower", "coord": [ 5.0, 4.0 ] }, "768_512": { "autotile": 1.0, "autotile_index": 0.0, "tileset": "tile_tower", "coord": [ 7.0, 7.0 ] }, "320_512": { "autotile": 1.0, "autotile_index": 0.0, "tileset": "tile_tower", "coord": [ 7.0, 7.0 ] }, "128_416": { "coord": [ 7.0, 7.0 ], "autotile_index": 0.0, "tileset": "tile_tower", "autotile": 1.0 }, "352_512": { "autotile": 1.0, "autotile_index": 0.0, "tileset": "tile_tower", "coord": [ 7.0, 7.0 ] }, "96_160": { "autotile": 1.0, "autotile_index": 0.0, "tileset": "tile_tower", "coord": [ 7.0, 6.0 ] }, "640_416": { "autotile": 1.0, "autotile_index": 0.0, "tileset": "tile_entrance1", "coord": [ 4.0, 3.0 ] }, "960_224": { "autotile": 1.0, "autotile_index": 0.0, "tileset": "tile_tower", "coord": [ 0.0, 0.0 ] }, "928_224": { "autotile": 1.0, "autotile_index": 0.0, "tileset": "tile_tower", "coord": [ 4.0, 5.0 ] }, "960_128": { "autotile": 1.0, "autotile_index": 0.0, "tileset": "tile_tower", "coord": [ 0.0, 0.0 ] }, "864_512": { "autotile": 1.0, "autotile_index": 0.0, "tileset": "tile_tower", "coord": [ 7.0, 7.0 ] }, "768_-32": { "autotile": 1.0, "autotile_index": 0.0, "tileset": "tile_tower", "coord": [ 0.0, 0.0 ] }, "128_64": { "autotile": 1.0, "autotile_index": 0.0, "tileset": "tile_tower", "coord": [ 7.0, 7.0 ] }, "32_320": { "autotile": 1.0, "autotile_index": 0.0, "tileset": "tile_tower", "coord": [ 7.0, 6.0 ] }, "224_-32": { "autotile": 1.0, "autotile_index": 0.0, "tileset": "tile_tower", "coord": [ 0.0, 0.0 ] }, "32_288": { "autotile": 1.0, "autotile_index": 0.0, "tileset": "tile_tower", "coord": [ 7.0, 6.0 ] }, "448_-32": { "autotile": 1.0, "autotile_index": 0.0, "tileset": "tile_tower", "coord": [ 0.0, 0.0 ] }, "128_0": { "autotile": 1.0, "autotile_index": 0.0, "tileset": "tile_tower", "coord": [ 7.0, 7.0 ] }, "928_320": { "autotile": 1.0, "autotile_index": 0.0, "tileset": "tile_tower", "coord": [ 4.0, 5.0 ] }, "0_160": { "autotile": 1.0, "autotile_index": 0.0, "tileset": "tile_tower", "coord": [ 7.0, 6.0 ] }, "896_512": { "autotile": 1.0, "autotile_index": 0.0, "tileset": "tile_tower", "coord": [ 7.0, 7.0 ] }, "320_0": { "autotile": 1.0, "autotile_index": 0.0, "tileset": "tile_tower", "coord": [ 5.0, 6.0 ] }, "544_512": { "autotile": 1.0, "autotile_index": 0.0, "tileset": "tile_tower", "coord": [ 7.0, 7.0 ] }, "64_0": { "autotile": 1.0, "autotile_index": 0.0, "tileset": "tile_tower", "coord": [ 7.0, 6.0 ] }, "448_512": { "autotile": 1.0, "autotile_index": 0.0, "tileset": "tile_tower", "coord": [ 7.0, 7.0 ] }, "256_0": { "autotile": 1.0, "autotile_index": 0.0, "tileset": "tile_tower", "coord": [ 5.0, 6.0 ] }, "832_512": { "autotile": 1.0, "autotile_index": 0.0, "tileset": "tile_tower", "coord": [ 7.0, 7.0 ] }, "192_480": { "coord": [ 5.0, 4.0 ], "autotile_index": 0.0, "tileset": "tile_tower", "autotile": 1.0 }, "128_288": { "autotile": 1.0, "autotile_index": 0.0, "tileset": "tile_tower", "coord": [ 7.0, 7.0 ] }, "672_0": { "autotile": 1.0, "autotile_index": 0.0, "tileset": "tile_tower", "coord": [ 5.0, 6.0 ] }, "960_192": { "autotile": 1.0, "autotile_index": 0.0, "tileset": "tile_tower", "coord": [ 0.0, 0.0 ] }, "960_-32": { "autotile": 1.0, "autotile_index": 0.0, "tileset": "tile_tower", "coord": [ 0.0, 0.0 ] }, "-224_64": { "coord": [ 0.0, 0.0 ], "autotile_index": 0.0, "tileset": "tile_tower", "autotile": 1.0 }, "64_96": { "autotile": 1.0, "autotile_index": 0.0, "tileset": "tile_tower", "coord": [ 7.0, 6.0 ] }, "352_-32": { "autotile": 1.0, "autotile_index": 0.0, "tileset": "tile_tower", "coord": [ 0.0, 0.0 ] }, "736_-32": { "autotile": 1.0, "autotile_index": 0.0, "tileset": "tile_tower", "coord": [ 0.0, 0.0 ] }, "64_512": { "coord": [ 7.0, 6.0 ], "autotile_index": 0.0, "tileset": "tile_tower", "autotile": 1.0 }, "0_288": { "autotile": 1.0, "autotile_index": 0.0, "tileset": "tile_tower", "coord": [ 7.0, 6.0 ] }, "64_416": { "coord": [ 7.0, 6.0 ], "autotile_index": 0.0, "tileset": "tile_tower", "autotile": 1.0 }, "928_512": { "autotile": 1.0, "autotile_index": 0.0, "tileset": "tile_tower", "coord": [ 7.0, 7.0 ] }, "544_480": { "autotile": 1.0, "autotile_index": 0.0, "tileset": "tile_tower", "coord": [ 5.0, 4.0 ] }, "32_512": { "coord": [ 7.0, 6.0 ], "autotile_index": 0.0, "tileset": "tile_tower", "autotile": 1.0 }, "64_64": { "autotile": 1.0, "autotile_index": 0.0, "tileset": "tile_tower", "coord": [ 7.0, 6.0 ] }, "96_64": { "autotile": 1.0, "autotile_index": 0.0, "tileset": "tile_tower", "coord": [ 7.0, 6.0 ] }, "960_288": { "autotile": 1.0, "autotile_index": 0.0, "tileset": "tile_tower", "coord": [ 0.0, 0.0 ] }, "128_-32": { "autotile": 1.0, "autotile_index": 0.0, "tileset": "tile_tower", "coord": [ 0.0, 0.0 ] }, "512_480": { "autotile": 1.0, "autotile_index": 0.0, "tileset": "tile_tower", "coord": [ 5.0, 4.0 ] }, "928_192": { "autotile": 1.0, "autotile_index": 0.0, "tileset": "tile_tower", "coord": [ 4.0, 5.0 ] }, "448_480": { "autotile": 1.0, "autotile_index": 0.0, "tileset": "tile_tower", "coord": [ 5.0, 4.0 ] }, "64_128": { "autotile": 1.0, "autotile_index": 0.0, "tileset": "tile_tower", "coord": [ 7.0, 6.0 ] }, "128_448": { "coord": [ 7.0, 7.0 ], "autotile_index": 0.0, "tileset": "tile_tower", "autotile": 1.0 }, "480_480": { "autotile": 1.0, "autotile_index": 0.0, "tileset": "tile_tower", "coord": [ 5.0, 4.0 ] } } }, "backgrounds": { "6": { "x": -2.0, "scroll_x": 0.75, "tile_y": 1.0, "hspeed": 0.0, "scroll_y": 0.75, "y": 33.0, "sprite": "bg_tower", "tile_x": 1.0, "vspeed": 0.0, "image_speed": 0.0, "panic_sprite": -1.0 }, "-1": { "x": -1.0, "scroll_x": 1.5, "tile_y": 0.0, "hspeed": 0.0, "scroll_y": 1.3000000000000000444089209850063, "y": 211.0, "sprite": "fg_entrance1", "tile_x": 1.0, "vspeed": 0.0, "image_speed": 0.0, "panic_sprite": -1.0 } }, "properties": { "songTransitionTime": 100.0, "roomX": 0.0, "levelWidth": 960.0, "roomY": 0.0, "levelHeight": 540.0, "song": "event:\/music\/hub" } }