{ "editorVersion": 5.0, "instances": [ { "layer": 0.0, "deleted": 0.0, "variables": { "x": 0.0, "y": -128.0, "image_xscale": 2.0, "image_yscale": 21.0, "flipX": 0.0, "flipY": 0.0 }, "object": 517.0 }, { "layer": 0.0, "deleted": 0.0, "variables": { "x": 64.0, "y": -128.0, "image_xscale": 16.0, "image_yscale": 2.0, "flipX": 0.0, "flipY": 0.0 }, "object": 517.0 }, { "layer": 0.0, "deleted": 0.0, "variables": { "x": 64.0, "flipX": 0.0, "y": 448.0, "flipY": 0.0 }, "object": 517.0 }, { "layer": 0.0, "deleted": 0.0, "variables": { "x": 64.0, "y": 480.0, "image_xscale": 52.0, "image_yscale": 2.0, "flipX": 0.0, "flipY": 0.0 }, "object": 517.0 }, { "layer": 0.0, "deleted": 0.0, "variables": { "x": 64.0, "flipX": 0.0, "y": 416.0, "flipY": 0.0 }, "object": 517.0 }, { "layer": 0.0, "deleted": 0.0, "variables": { "x": 96.0, "flipX": 0.0, "y": 416.0, "flipY": 0.0 }, "object": 517.0 }, { "layer": 0.0, "deleted": 0.0, "variables": { "x": 96.0, "flipX": 0.0, "y": 448.0, "flipY": 0.0 }, "object": 517.0 }, { "layer": 0.0, "deleted": 0.0, "variables": { "x": 128.0, "flipX": 0.0, "y": 448.0, "flipY": 0.0 }, "object": 517.0 }, { "layer": 0.0, "deleted": 0.0, "variables": { "x": 128.0, "flipX": 0.0, "y": 416.0, "flipY": 0.0 }, "object": 517.0 }, { "layer": 0.0, "deleted": 0.0, "variables": { "x": 160.0, "flipX": 0.0, "y": 448.0, "flipY": 0.0 }, "object": 517.0 }, { "layer": 0.0, "deleted": 0.0, "variables": { "x": 160.0, "flipX": 0.0, "y": 416.0, "flipY": 0.0 }, "object": 517.0 }, { "layer": 0.0, "deleted": 0.0, "variables": { "x": 192.0, "flipX": 0.0, "y": 416.0, "flipY": 0.0 }, "object": 517.0 }, { "layer": 0.0, "deleted": 0.0, "variables": { "x": 192.0, "flipX": 0.0, "y": 448.0, "flipY": 0.0 }, "object": 517.0 }, { "layer": 0.0, "deleted": 0.0, "variables": { "x": 224.0, "flipX": 0.0, "y": 448.0, "flipY": 0.0 }, "object": 517.0 }, { "layer": 0.0, "deleted": 0.0, "variables": { "x": 224.0, "flipX": 0.0, "y": 416.0, "flipY": 0.0 }, "object": 517.0 }, { "layer": 0.0, "deleted": 0.0, "variables": { "x": 144.0, "y": 384.0 }, "object": 804.0 }, { "layer": 0.0, "deleted": 0.0, "variables": { "x": 160.0, "flipX": 0.0, "y": 288.0, "flipY": 0.0 }, "object": 770.0 }, { "layer": 0.0, "deleted": 0.0, "variables": { "x": 704.0, "y": 448.0, "image_xscale": 1.0, "image_yscale": 1.0, "flipX": 0.0, "flipY": 0.0 }, "object": 516.0 }, { "layer": 0.0, "deleted": 0.0, "variables": { "x": 736.0, "y": 352.0, "image_xscale": 4.0, "image_yscale": 4.0, "flipX": 0.0, "flipY": 0.0 }, "object": 517.0 }, { "layer": 0.0, "deleted": 0.0, "variables": { "x": 800.0, "y": 320.0, "activateTimer": "false", "image_xscale": 1.0, "image_yscale": 1.0, "flipX": 0.0, "flipY": 0.0 }, "object": 748.0 }, { "layer": 0.0, "deleted": 0.0, "variables": { "x": 256.0, "y": 416.0, "image_xscale": 6.0, "image_yscale": 2.0, "flipX": 1.0, "flipY": 0.0 }, "object": 516.0 }, { "layer": 0.0, "deleted": 0.0, "variables": { "x": 1152.0, "y": 288.0, "image_xscale": 1.0, "image_yscale": 1.0, "flipX": 0.0, "flipY": 0.0 }, "object": 746.0 }, { "layer": 0.0, "deleted": 0.0, "variables": { "x": 1152.0, "y": 352.0, "image_xscale": 1.0, "image_yscale": 1.0, "flipX": 0.0, "flipY": 0.0 }, "object": 746.0 }, { "layer": 0.0, "deleted": 0.0, "variables": { "x": 1152.0, "y": 416.0, "image_xscale": 1.0, "image_yscale": 1.0, "flipX": 0.0, "flipY": 0.0 }, "object": 746.0 }, { "layer": 0.0, "deleted": 0.0, "variables": { "x": 1152.0, "y": 128.0, "image_xscale": 18.0, "image_yscale": 3.0, "flipX": 0.0, "flipY": 0.0 }, "object": 517.0 }, { "layer": 0.0, "deleted": 0.0, "variables": { "x": 1152.0, "y": 224.0, "image_xscale": 2.0, "image_yscale": 2.0, "flipX": 0.0, "flipY": 0.0 }, "object": 517.0 }, { "layer": 0.0, "deleted": 0.0, "variables": { "x": 704.0, "y": -128.0, "image_xscale": 32.0, "image_yscale": 8.0, "flipX": 0.0, "flipY": 0.0 }, "object": 517.0 }, { "layer": 0.0, "deleted": 0.0, "variables": { "x": 864.0, "y": 416.0, "image_xscale": 3.0, "image_yscale": 2.0, "flipX": 1.0, "flipY": 0.0 }, "object": 517.0 }, { "layer": 0.0, "deleted": 0.0, "variables": { "x": 576.0, "y": -128.0, "image_xscale": 4.0, "image_yscale": 5.0, "flipX": 0.0, "flipY": 0.0 }, "object": 517.0 }, { "layer": 0.0, "deleted": 0.0, "variables": { "x": 448.0, "y": -64.0, "image_xscale": 4.0, "image_yscale": 11.0, "flipX": 0.0, "flipY": 0.0 }, "object": 517.0 }, { "layer": 0.0, "deleted": 0.0, "variables": { "x": 864.0, "y": 352.0, "image_xscale": 2.0, "image_yscale": 2.0, "flipX": 1.0, "flipY": 0.0 }, "object": 516.0 }, { "layer": 0.0, "deleted": 1.0, "variables": { "x": 1088.0, "flipX": 1.0, "y": 368.0, "flipY": 0.0 }, "object": 769.0 }, { "layer": 0.0, "deleted": 1.0, "variables": { "x": 640.0, "flipX": 1.0, "y": 242.0, "flipY": 0.0 }, "object": 457.0 }, { "layer": 0.0, "deleted": 1.0, "variables": { "x": 800.0, "flipX": 1.0, "y": 210.0, "flipY": 0.0 }, "object": 457.0 }, { "layer": 0.0, "deleted": 1.0, "variables": { "x": 928.0, "flipX": 1.0, "y": 210.0, "flipY": 0.0 }, "object": 457.0 }, { "layer": 0.0, "deleted": 1.0, "variables": { "x": 1024.0, "flipX": 1.0, "y": 178.0, "flipY": 0.0 }, "object": 457.0 }, { "layer": 0.0, "deleted": 1.0, "variables": { "x": 960.0, "flipX": 1.0, "y": 242.0, "flipY": 0.0 }, "object": 457.0 }, { "layer": 0.0, "deleted": 1.0, "variables": { "x": 928.0, "flipX": 1.0, "y": 242.0, "flipY": 0.0 }, "object": 457.0 }, { "layer": 0.0, "deleted": 1.0, "variables": { "x": 896.0, "flipX": 1.0, "y": 242.0, "flipY": 0.0 }, "object": 457.0 }, { "layer": 0.0, "deleted": 1.0, "variables": { "x": 864.0, "flipX": 1.0, "y": 242.0, "flipY": 0.0 }, "object": 457.0 }, { "layer": 0.0, "deleted": 1.0, "variables": { "x": 832.0, "flipX": 1.0, "y": 242.0, "flipY": 0.0 }, "object": 457.0 }, { "layer": 0.0, "deleted": 1.0, "variables": { "x": 800.0, "flipX": 1.0, "y": 242.0, "flipY": 0.0 }, "object": 457.0 }, { "layer": 0.0, "deleted": 1.0, "variables": { "x": 768.0, "flipX": 1.0, "y": 210.0, "flipY": 0.0 }, "object": 457.0 }, { "layer": 0.0, "deleted": 1.0, "variables": { "x": 768.0, "flipX": 1.0, "y": 178.0, "flipY": 0.0 }, "object": 457.0 }, { "layer": 0.0, "deleted": 1.0, "variables": { "x": 800.0, "flipX": 1.0, "y": 178.0, "flipY": 0.0 }, "object": 457.0 }, { "layer": 0.0, "deleted": 1.0, "variables": { "x": 832.0, "flipX": 1.0, "y": 178.0, "flipY": 0.0 }, "object": 457.0 }, { "layer": 0.0, "deleted": 0.0, "variables": { "x": 1632.0, "flipX": 0.0, "y": 416.0, "flipY": 0.0 }, "object": 752.0 }, { "layer": 0.0, "deleted": 0.0, "variables": { "x": 1600.0, "flipX": 0.0, "y": 448.0, "flipY": 0.0 }, "object": 752.0 }, { "layer": 0.0, "deleted": 0.0, "variables": { "x": 1568.0, "flipX": 0.0, "y": 416.0, "flipY": 0.0 }, "object": 752.0 }, { "layer": 0.0, "deleted": 0.0, "variables": { "x": 1536.0, "flipX": 0.0, "y": 448.0, "flipY": 0.0 }, "object": 752.0 }, { "layer": 0.0, "deleted": 0.0, "variables": { "x": 1504.0, "flipX": 0.0, "y": 416.0, "flipY": 0.0 }, "object": 752.0 }, { "layer": 0.0, "deleted": 0.0, "variables": { "x": 1472.0, "flipX": 0.0, "y": 448.0, "flipY": 0.0 }, "object": 752.0 }, { "layer": 0.0, "deleted": 1.0, "variables": { "x": 704.0, "flipX": 1.0, "y": 146.0, "flipY": 0.0 }, "object": 457.0 }, { "layer": 0.0, "deleted": 1.0, "variables": { "x": 736.0, "flipX": 1.0, "y": 146.0, "flipY": 0.0 }, "object": 457.0 }, { "layer": 0.0, "deleted": 1.0, "variables": { "x": 736.0, "flipX": 1.0, "y": 178.0, "flipY": 0.0 }, "object": 457.0 }, { "layer": 0.0, "deleted": 1.0, "variables": { "x": 768.0, "flipX": 1.0, "y": 178.0, "flipY": 0.0 }, "object": 457.0 }, { "layer": 0.0, "deleted": 1.0, "variables": { "x": 736.0, "flipX": 1.0, "y": 178.0, "flipY": 0.0 }, "object": 457.0 }, { "layer": 0.0, "deleted": 0.0, "variables": { "x": 1504.0, "y": 448.0, "image_xscale": 1.0, "image_yscale": 1.0, "flipX": 0.0, "flipY": 0.0 }, "object": 11.0 }, { "layer": 0.0, "deleted": 0.0, "variables": { "x": 1632.0, "y": 448.0, "image_xscale": 1.0, "image_yscale": 1.0, "flipX": 0.0, "flipY": 0.0 }, "object": 11.0 }, { "layer": 0.0, "deleted": 0.0, "variables": { "x": 1600.0, "y": 416.0, "image_xscale": 1.0, "image_yscale": 1.0, "flipX": 0.0, "flipY": 0.0 }, "object": 11.0 }, { "layer": 0.0, "deleted": 0.0, "variables": { "x": 1536.0, "y": 416.0, "image_xscale": 1.0, "image_yscale": 1.0, "flipX": 0.0, "flipY": 0.0 }, "object": 11.0 }, { "layer": 0.0, "deleted": 0.0, "variables": { "x": 1568.0, "y": 448.0, "image_xscale": 1.0, "image_yscale": 1.0, "flipX": 0.0, "flipY": 0.0 }, "object": 11.0 }, { "layer": 0.0, "deleted": 0.0, "variables": { "x": 1664.0, "flipX": 0.0, "y": 448.0, "flipY": 0.0 }, "object": 805.0 }, { "layer": 0.0, "deleted": 0.0, "variables": { "x": 1728.0, "y": 352.0, "targetRoom": "room1", "image_xscale": 1.0, "image_yscale": 2.0, "flipX": 1.0, "flipY": 0.0, "targetDoor": "B" }, "object": 801.0 }, { "layer": 0.0, "deleted": 0.0, "variables": { "x": 1472.0, "y": 416.0, "image_xscale": 1.0, "image_yscale": 1.0, "flipX": 0.0, "flipY": 0.0 }, "object": 11.0 }, { "layer": 0.0, "deleted": 1.0, "variables": { "x": 1472.0, "y": 352.0, "image_xscale": 2.0, "image_yscale": 2.0, "flipX": 0.0, "flipY": 0.0 }, "object": 517.0 }, { "layer": 0.0, "deleted": 0.0, "variables": { "x": 1472.0, "y": 224.0, "image_xscale": 8.0, "image_yscale": 4.0, "flipX": 0.0, "flipY": 0.0 }, "object": 517.0 }, { "layer": 0.0, "deleted": 0.0, "variables": { "x": 64.0, "y": -64.0, "image_xscale": 4.0, "image_yscale": 2.0, "flipX": 0.0, "flipY": 0.0 }, "object": 517.0 }, { "layer": 0.0, "deleted": 0.0, "variables": { "x": 320.0, "y": -64.0, "image_xscale": 2.0, "image_yscale": 2.0, "flipX": 0.0, "flipY": 0.0 }, "object": 517.0 }, { "layer": 0.0, "deleted": 0.0, "variables": { "x": 384.0, "y": -64.0, "image_xscale": 2.0, "image_yscale": 6.0, "flipX": 0.0, "flipY": 0.0 }, "object": 517.0 } ], "tile_data": { "5": { "1152_-32": { "coord": [ 3.0, 3.0 ], "autotile_index": 0.0, "tileset": "spr_medievalinterior", "autotile": 1.0 }, "1664_320": { "autotile": 1.0, "autotile_index": 0.0, "tileset": "spr_medievalinterior", "coord": [ 4.0, 5.0 ] }, "1280_-128": { "coord": [ 3.0, 3.0 ], "autotile_index": 0.0, "tileset": "spr_medievalinterior", "autotile": 1.0 }, "640_-128": { "coord": [ 3.0, 3.0 ], "autotile_index": 0.0, "tileset": "spr_medievalinterior", "autotile": 1.0 }, "320_-32": { "coord": [ 1.0, 5.0 ], "autotile_index": 0.0, "tileset": "spr_medievalinterior", "autotile": 1.0 }, "576_-96": { "coord": [ 3.0, 3.0 ], "autotile_index": 0.0, "tileset": "spr_medievalinterior", "autotile": 1.0 }, "1632_-96": { "autotile": 1.0, "autotile_index": 0.0, "tileset": "spr_medievalinterior", "coord": [ 3.0, 3.0 ] }, "800_-128": { "coord": [ 3.0, 3.0 ], "autotile_index": 0.0, "tileset": "spr_medievalinterior", "autotile": 1.0 }, "832_-96": { "coord": [ 3.0, 3.0 ], "autotile_index": 0.0, "tileset": "spr_medievalinterior", "autotile": 1.0 }, "480_-64": { "coord": [ 3.0, 3.0 ], "autotile_index": 0.0, "tileset": "spr_medievalinterior", "autotile": 1.0 }, "1344_-64": { "coord": [ 3.0, 3.0 ], "autotile_index": 0.0, "tileset": "spr_medievalinterior", "autotile": 1.0 }, "64_512": { "autotile": 1.0, "autotile_index": 0.0, "tileset": "spr_medievalinterior", "coord": [ 3.0, 3.0 ] }, "1472_-128": { "coord": [ 3.0, 3.0 ], "autotile_index": 0.0, "tileset": "spr_medievalinterior", "autotile": 1.0 }, "1632_288": { "autotile": 1.0, "autotile_index": 0.0, "tileset": "spr_medievalinterior", "coord": [ 3.0, 4.0 ] }, "480_0": { "coord": [ 3.0, 3.0 ], "autotile_index": 0.0, "tileset": "spr_medievalinterior", "autotile": 1.0 }, "1440_160": { "coord": [ 3.0, 4.0 ], "autotile_index": 0.0, "tileset": "spr_medievalinterior", "autotile": 1.0 }, "832_0": { "coord": [ 3.0, 3.0 ], "autotile_index": 0.0, "tileset": "spr_medievalinterior", "autotile": 1.0 }, "704_64": { "coord": [ 1.0, 3.0 ], "autotile_index": 0.0, "tileset": "spr_medievalinterior", "autotile": 1.0 }, "1696_64": { "autotile": 1.0, "autotile_index": 0.0, "tileset": "spr_medievalinterior", "coord": [ 3.0, 3.0 ] }, "448_0": { "coord": [ 3.0, 3.0 ], "autotile_index": 0.0, "tileset": "spr_medievalinterior", "autotile": 1.0 }, "736_512": { "coord": [ 3.0, 2.0 ], "autotile_index": 0.0, "tileset": "spr_medievalinterior", "autotile": 1.0 }, "480_160": { "coord": [ 2.0, 3.0 ], "autotile_index": 0.0, "tileset": "spr_medievalinterior", "autotile": 1.0 }, "800_32": { "coord": [ 3.0, 3.0 ], "autotile_index": 0.0, "tileset": "spr_medievalinterior", "autotile": 1.0 }, "1696_512": { "autotile": 1.0, "autotile_index": 0.0, "tileset": "spr_medievalinterior", "coord": [ 3.0, 2.0 ] }, "736_0": { "coord": [ 2.0, 3.0 ], "autotile_index": 0.0, "tileset": "spr_medievalinterior", "autotile": 1.0 }, "1280_-64": { "coord": [ 3.0, 3.0 ], "autotile_index": 0.0, "tileset": "spr_medievalinterior", "autotile": 1.0 }, "1184_192": { "coord": [ 6.0, 1.0 ], "autotile_index": 0.0, "tileset": "spr_medievalinterior", "autotile": 0.0 }, "896_0": { "coord": [ 3.0, 3.0 ], "autotile_index": 0.0, "tileset": "spr_medievalinterior", "autotile": 1.0 }, "1376_480": { "coord": [ 3.0, 1.0 ], "autotile_index": 0.0, "tileset": "spr_medievalinterior", "autotile": 1.0 }, "1248_32": { "coord": [ 3.0, 3.0 ], "autotile_index": 0.0, "tileset": "spr_medievalinterior", "autotile": 1.0 }, "1504_64": { "autotile": 1.0, "autotile_index": 0.0, "tileset": "spr_medievalinterior", "coord": [ 3.0, 3.0 ] }, "352_-64": { "coord": [ 2.0, 4.0 ], "autotile_index": 0.0, "tileset": "spr_medievalinterior", "autotile": 1.0 }, "1184_0": { "coord": [ 3.0, 3.0 ], "autotile_index": 0.0, "tileset": "spr_medievalinterior", "autotile": 1.0 }, "736_416": { "autotile": 0.0, "autotile_index": 0.0, "tileset": "spr_medievalinterior", "coord": [ 1.0, 4.0 ] }, "1248_-96": { "coord": [ 3.0, 3.0 ], "autotile_index": 0.0, "tileset": "spr_medievalinterior", "autotile": 1.0 }, "1696_128": { "autotile": 1.0, "autotile_index": 0.0, "tileset": "spr_medievalinterior", "coord": [ 3.0, 3.0 ] }, "704_-32": { "coord": [ 3.0, 4.0 ], "autotile_index": 0.0, "tileset": "spr_medievalinterior", "autotile": 1.0 }, "1568_-96": { "autotile": 1.0, "autotile_index": 0.0, "tileset": "spr_medievalinterior", "coord": [ 3.0, 3.0 ] }, "256_-128": { "coord": [ 3.0, 4.0 ], "autotile_index": 0.0, "tileset": "spr_medievalinterior", "autotile": 1.0 }, "1344_32": { "coord": [ 3.0, 3.0 ], "autotile_index": 0.0, "tileset": "spr_medievalinterior", "autotile": 1.0 }, "32_480": { "autotile": 1.0, "autotile_index": 0.0, "tileset": "spr_medievalinterior", "coord": [ 3.0, 3.0 ] }, "1056_480": { "coord": [ 4.0, 1.0 ], "autotile_index": 0.0, "tileset": "spr_medievalinterior", "autotile": 1.0 }, "64_-128": { "coord": [ 3.0, 3.0 ], "autotile_index": 0.0, "tileset": "spr_medievalinterior", "autotile": 1.0 }, "1376_160": { "coord": [ 3.0, 4.0 ], "autotile_index": 0.0, "tileset": "spr_medievalinterior", "autotile": 1.0 }, "1344_128": { "coord": [ 3.0, 3.0 ], "autotile_index": 0.0, "tileset": "spr_medievalinterior", "autotile": 1.0 }, "1664_64": { "autotile": 1.0, "autotile_index": 0.0, "tileset": "spr_medievalinterior", "coord": [ 3.0, 3.0 ] }, "224_-128": { "coord": [ 3.0, 4.0 ], "autotile_index": 0.0, "tileset": "spr_medievalinterior", "autotile": 1.0 }, "1152_512": { "coord": [ 3.0, 2.0 ], "autotile_index": 0.0, "tileset": "spr_medievalinterior", "autotile": 1.0 }, "1664_-64": { "autotile": 1.0, "autotile_index": 0.0, "tileset": "spr_medievalinterior", "coord": [ 3.0, 3.0 ] }, "704_-96": { "coord": [ 3.0, 3.0 ], "autotile_index": 0.0, "tileset": "spr_medievalinterior", "autotile": 1.0 }, "160_-32": { "coord": [ 5.0, 5.0 ], "autotile_index": 0.0, "tileset": "spr_medievalinterior", "autotile": 1.0 }, "800_480": { "autotile": 0.0, "autotile_index": 0.0, "tileset": "spr_medievalinterior", "coord": [ 4.0, 3.0 ] }, "992_-96": { "coord": [ 3.0, 3.0 ], "autotile_index": 0.0, "tileset": "spr_medievalinterior", "autotile": 1.0 }, "1024_-64": { "coord": [ 3.0, 3.0 ], "autotile_index": 0.0, "tileset": "spr_medievalinterior", "autotile": 1.0 }, "1664_256": { "autotile": 1.0, "autotile_index": 0.0, "tileset": "spr_medievalinterior", "coord": [ 3.0, 3.0 ] }, "1408_96": { "coord": [ 3.0, 3.0 ], "autotile_index": 0.0, "tileset": "spr_medievalinterior", "autotile": 1.0 }, "1440_-64": { "coord": [ 3.0, 3.0 ], "autotile_index": 0.0, "tileset": "spr_medievalinterior", "autotile": 1.0 }, "768_64": { "autotile": 1.0, "autotile_index": 0.0, "tileset": "spr_medievalinterior", "coord": [ 3.0, 4.0 ] }, "480_-32": { "coord": [ 3.0, 3.0 ], "autotile_index": 0.0, "tileset": "spr_medievalinterior", "autotile": 1.0 }, "864_352": { "autotile": 0.0, "autotile_index": 0.0, "tileset": "spr_medievalinterior", "coord": [ 7.0, 11.0 ] }, "1376_96": { "coord": [ 3.0, 3.0 ], "autotile_index": 0.0, "tileset": "spr_medievalinterior", "autotile": 1.0 }, "864_-64": { "coord": [ 3.0, 3.0 ], "autotile_index": 0.0, "tileset": "spr_medievalinterior", "autotile": 1.0 }, "896_-32": { "coord": [ 3.0, 3.0 ], "autotile_index": 0.0, "tileset": "spr_medievalinterior", "autotile": 1.0 }, "416_96": { "coord": [ 3.0, 5.0 ], "autotile_index": 0.0, "tileset": "spr_medievalinterior", "autotile": 1.0 }, "1056_-64": { "coord": [ 3.0, 3.0 ], "autotile_index": 0.0, "tileset": "spr_medievalinterior", "autotile": 1.0 }, "1696_480": { "autotile": 1.0, "autotile_index": 0.0, "tileset": "spr_medievalinterior", "coord": [ 2.0, 1.0 ] }, "32_32": { "coord": [ 5.0, 2.0 ], "autotile_index": 0.0, "tileset": "spr_medievalinterior", "autotile": 1.0 }, "1024_512": { "coord": [ 3.0, 2.0 ], "autotile_index": 0.0, "tileset": "spr_medievalinterior", "autotile": 1.0 }, "1536_-160": { "coord": [ 0.0, 0.0 ], "autotile_index": 0.0, "tileset": "spr_medievalinterior", "autotile": 1.0 }, "1152_128": { "coord": [ 1.0, 2.0 ], "autotile_index": 0.0, "tileset": "spr_medievalinterior", "autotile": 0.0 }, "288_-128": { "coord": [ 3.0, 4.0 ], "autotile_index": 0.0, "tileset": "spr_medievalinterior", "autotile": 1.0 }, "1632_256": { "autotile": 1.0, "autotile_index": 0.0, "tileset": "spr_medievalinterior", "coord": [ 3.0, 3.0 ] }, "1184_-64": { "coord": [ 3.0, 3.0 ], "autotile_index": 0.0, "tileset": "spr_medievalinterior", "autotile": 1.0 }, "1696_0": { "autotile": 1.0, "autotile_index": 0.0, "tileset": "spr_medievalinterior", "coord": [ 3.0, 3.0 ] }, "1312_480": { "coord": [ 2.0, 1.0 ], "autotile_index": 0.0, "tileset": "spr_medievalinterior", "autotile": 1.0 }, "832_416": { "autotile": 0.0, "autotile_index": 0.0, "tileset": "spr_medievalinterior", "coord": [ 3.0, 3.0 ] }, "832_352": { "autotile": 0.0, "autotile_index": 0.0, "tileset": "spr_medievalinterior", "coord": [ 6.0, 11.0 ] }, "1536_192": { "autotile": 1.0, "autotile_index": 0.0, "tileset": "spr_medievalinterior", "coord": [ 3.0, 3.0 ] }, "32_-96": { "coord": [ 3.0, 3.0 ], "autotile_index": 0.0, "tileset": "spr_medievalinterior", "autotile": 1.0 }, "1216_64": { "autotile": 1.0, "autotile_index": 0.0, "tileset": "spr_medievalinterior", "coord": [ 3.0, 3.0 ] }, "512_512": { "autotile": 1.0, "autotile_index": 0.0, "tileset": "spr_medievalinterior", "coord": [ 3.0, 2.0 ] }, "1440_192": { "coord": [ 2.0, 5.0 ], "autotile_index": 0.0, "tileset": "spr_medievalinterior", "autotile": 1.0 }, "1664_96": { "autotile": 1.0, "autotile_index": 0.0, "tileset": "spr_medievalinterior", "coord": [ 3.0, 3.0 ] }, "1536_0": { "autotile": 1.0, "autotile_index": 0.0, "tileset": "spr_medievalinterior", "coord": [ 3.0, 3.0 ] }, "1376_512": { "coord": [ 3.0, 2.0 ], "autotile_index": 0.0, "tileset": "spr_medievalinterior", "autotile": 1.0 }, "1120_96": { "autotile": 1.0, "autotile_index": 0.0, "tileset": "spr_medievalinterior", "coord": [ 3.0, 5.0 ] }, "1568_256": { "autotile": 1.0, "autotile_index": 0.0, "tileset": "spr_medievalinterior", "coord": [ 3.0, 3.0 ] }, "0_0": { "coord": [ 4.0, 3.0 ], "autotile_index": 0.0, "tileset": "spr_medievalinterior", "autotile": 1.0 }, "1184_96": { "autotile": 1.0, "autotile_index": 0.0, "tileset": "spr_medievalinterior", "coord": [ 2.0, 3.0 ] }, "1248_512": { "coord": [ 3.0, 2.0 ], "autotile_index": 0.0, "tileset": "spr_medievalinterior", "autotile": 1.0 }, "512_-32": { "coord": [ 3.0, 3.0 ], "autotile_index": 0.0, "tileset": "spr_medievalinterior", "autotile": 1.0 }, "896_-128": { "coord": [ 3.0, 3.0 ], "autotile_index": 0.0, "tileset": "spr_medievalinterior", "autotile": 1.0 }, "384_0": { "coord": [ 1.0, 4.0 ], "autotile_index": 0.0, "tileset": "spr_medievalinterior", "autotile": 1.0 }, "320_-64": { "coord": [ 1.0, 2.0 ], "autotile_index": 0.0, "tileset": "spr_medievalinterior", "autotile": 1.0 }, "1312_-128": { "coord": [ 3.0, 3.0 ], "autotile_index": 0.0, "tileset": "spr_medievalinterior", "autotile": 1.0 }, "1472_-32": { "coord": [ 3.0, 3.0 ], "autotile_index": 0.0, "tileset": "spr_medievalinterior", "autotile": 1.0 }, "1440_64": { "coord": [ 3.0, 3.0 ], "autotile_index": 0.0, "tileset": "spr_medievalinterior", "autotile": 1.0 }, "32_448": { "autotile": 1.0, "autotile_index": 0.0, "tileset": "spr_medievalinterior", "coord": [ 3.0, 2.0 ] }, "1472_288": { "coord": [ 1.0, 2.0 ], "autotile_index": 0.0, "tileset": "spr_medievalinterior", "autotile": 1.0 }, "1632_320": { "autotile": 1.0, "autotile_index": 0.0, "tileset": "spr_medievalinterior", "coord": [ 4.0, 5.0 ] }, "1216_-64": { "coord": [ 3.0, 3.0 ], "autotile_index": 0.0, "tileset": "spr_medievalinterior", "autotile": 1.0 }, "1024_-32": { "coord": [ 3.0, 3.0 ], "autotile_index": 0.0, "tileset": "spr_medievalinterior", "autotile": 1.0 }, "768_448": { "autotile": 0.0, "autotile_index": 0.0, "tileset": "spr_medievalinterior", "coord": [ 2.0, 3.0 ] }, "128_-32": { "coord": [ 3.0, 5.0 ], "autotile_index": 0.0, "tileset": "spr_medievalinterior", "autotile": 1.0 }, "1088_-128": { "coord": [ 3.0, 3.0 ], "autotile_index": 0.0, "tileset": "spr_medievalinterior", "autotile": 1.0 }, "1632_480": { "autotile": 1.0, "autotile_index": 0.0, "tileset": "spr_medievalinterior", "coord": [ 3.0, 1.0 ] }, "1632_-128": { "autotile": 1.0, "autotile_index": 0.0, "tileset": "spr_medievalinterior", "coord": [ 3.0, 3.0 ] }, "1280_160": { "coord": [ 3.0, 4.0 ], "autotile_index": 0.0, "tileset": "spr_medievalinterior", "autotile": 0.0 }, "256_480": { "autotile": 0.0, "autotile_index": 0.0, "tileset": "spr_medievalinterior", "coord": [ 2.0, 8.0 ] }, "416_-32": { "coord": [ 2.0, 3.0 ], "autotile_index": 0.0, "tileset": "spr_medievalinterior", "autotile": 1.0 }, "288_416": { "autotile": 0.0, "autotile_index": 0.0, "tileset": "spr_medievalinterior", "coord": [ 6.0, 13.0 ] }, "896_416": { "coord": [ 8.0, 13.0 ], "autotile_index": 0.0, "tileset": "spr_medievalinterior", "autotile": 0.0 }, "960_480": { "coord": [ 3.0, 1.0 ], "autotile_index": 0.0, "tileset": "spr_medievalinterior", "autotile": 1.0 }, "1696_32": { "autotile": 1.0, "autotile_index": 0.0, "tileset": "spr_medievalinterior", "coord": [ 3.0, 3.0 ] }, "1568_224": { "autotile": 1.0, "autotile_index": 0.0, "tileset": "spr_medievalinterior", "coord": [ 3.0, 3.0 ] }, "928_480": { "coord": [ 6.0, 5.0 ], "autotile_index": 0.0, "tileset": "spr_medievalinterior", "autotile": 0.0 }, "736_32": { "coord": [ 2.0, 3.0 ], "autotile_index": 0.0, "tileset": "spr_medievalinterior", "autotile": 1.0 }, "1088_512": { "coord": [ 3.0, 2.0 ], "autotile_index": 0.0, "tileset": "spr_medievalinterior", "autotile": 1.0 }, "352_-32": { "coord": [ 2.0, 5.0 ], "autotile_index": 0.0, "tileset": "spr_medievalinterior", "autotile": 1.0 }, "1600_192": { "autotile": 1.0, "autotile_index": 0.0, "tileset": "spr_medievalinterior", "coord": [ 3.0, 3.0 ] }, "480_192": { "coord": [ 2.0, 3.0 ], "autotile_index": 0.0, "tileset": "spr_medievalinterior", "autotile": 1.0 }, "928_416": { "coord": [ 5.0, 1.0 ], "autotile_index": 0.0, "tileset": "spr_medievalinterior", "autotile": 0.0 }, "608_480": { "autotile": 1.0, "autotile_index": 0.0, "tileset": "spr_medievalinterior", "coord": [ 3.0, 1.0 ] }, "736_64": { "coord": [ 2.0, 4.0 ], "autotile_index": 0.0, "tileset": "spr_medievalinterior", "autotile": 1.0 }, "352_-128": { "coord": [ 3.0, 3.0 ], "autotile_index": 0.0, "tileset": "spr_medievalinterior", "autotile": 1.0 }, "1472_-96": { "coord": [ 3.0, 3.0 ], "autotile_index": 0.0, "tileset": "spr_medievalinterior", "autotile": 1.0 }, "640_-64": { "coord": [ 3.0, 3.0 ], "autotile_index": 0.0, "tileset": "spr_medievalinterior", "autotile": 1.0 }, "1376_-96": { "coord": [ 3.0, 3.0 ], "autotile_index": 0.0, "tileset": "spr_medievalinterior", "autotile": 1.0 }, "0_-128": { "coord": [ 3.0, 3.0 ], "autotile_index": 0.0, "tileset": "spr_medievalinterior", "autotile": 1.0 }, "1024_32": { "coord": [ 3.0, 3.0 ], "autotile_index": 0.0, "tileset": "spr_medievalinterior", "autotile": 1.0 }, "384_-128": { "coord": [ 3.0, 3.0 ], "autotile_index": 0.0, "tileset": "spr_medievalinterior", "autotile": 1.0 }, "1184_-128": { "coord": [ 3.0, 3.0 ], "autotile_index": 0.0, "tileset": "spr_medievalinterior", "autotile": 1.0 }, "1536_-96": { "autotile": 1.0, "autotile_index": 0.0, "tileset": "spr_medievalinterior", "coord": [ 3.0, 3.0 ] }, "1344_96": { "coord": [ 3.0, 3.0 ], "autotile_index": 0.0, "tileset": "spr_medievalinterior", "autotile": 1.0 }, "928_64": { "autotile": 1.0, "autotile_index": 0.0, "tileset": "spr_medievalinterior", "coord": [ 3.0, 4.0 ] }, "192_448": { "autotile": 1.0, "autotile_index": 0.0, "tileset": "spr_medievalinterior", "coord": [ 4.0, 2.0 ] }, "480_128": { "coord": [ 2.0, 3.0 ], "autotile_index": 0.0, "tileset": "spr_medievalinterior", "autotile": 1.0 }, "0_256": { "coord": [ 4.0, 3.0 ], "autotile_index": 0.0, "tileset": "spr_medievalinterior", "autotile": 1.0 }, "1728_480": { "autotile": 1.0, "autotile_index": 0.0, "tileset": "spr_medievalinterior", "coord": [ 0.0, 0.0 ] }, "736_-64": { "coord": [ 3.0, 3.0 ], "autotile_index": 0.0, "tileset": "spr_medievalinterior", "autotile": 1.0 }, "1408_0": { "coord": [ 3.0, 3.0 ], "autotile_index": 0.0, "tileset": "spr_medievalinterior", "autotile": 1.0 }, "1664_-128": { "autotile": 1.0, "autotile_index": 0.0, "tileset": "spr_medievalinterior", "coord": [ 3.0, 3.0 ] }, "1536_-32": { "autotile": 1.0, "autotile_index": 0.0, "tileset": "spr_medievalinterior", "coord": [ 3.0, 3.0 ] }, "32_-128": { "coord": [ 3.0, 3.0 ], "autotile_index": 0.0, "tileset": "spr_medievalinterior", "autotile": 1.0 }, "32_352": { "autotile": 1.0, "autotile_index": 0.0, "tileset": "spr_medievalinterior", "coord": [ 5.0, 4.0 ] }, "1408_160": { "coord": [ 3.0, 4.0 ], "autotile_index": 0.0, "tileset": "spr_medievalinterior", "autotile": 1.0 }, "576_-128": { "coord": [ 3.0, 3.0 ], "autotile_index": 0.0, "tileset": "spr_medievalinterior", "autotile": 1.0 }, "832_384": { "autotile": 0.0, "autotile_index": 0.0, "tileset": "spr_medievalinterior", "coord": [ 3.0, 3.0 ] }, "864_448": { "coord": [ 4.0, 2.0 ], "autotile_index": 0.0, "tileset": "spr_medievalinterior", "autotile": 1.0 }, "1696_160": { "autotile": 1.0, "autotile_index": 0.0, "tileset": "spr_medievalinterior", "coord": [ 3.0, 3.0 ] }, "544_256": { "coord": [ 5.0, 5.0 ], "autotile_index": 0.0, "tileset": "spr_medievalinterior", "autotile": 1.0 }, "1408_-32": { "coord": [ 3.0, 3.0 ], "autotile_index": 0.0, "tileset": "spr_medievalinterior", "autotile": 1.0 }, "1152_256": { "autotile": 0.0, "autotile_index": 0.0, "tileset": "spr_medievalinterior", "coord": [ 1.0, 12.0 ] }, "1536_256": { "autotile": 1.0, "autotile_index": 0.0, "tileset": "spr_medievalinterior", "coord": [ 3.0, 3.0 ] }, "832_448": { "coord": [ 3.0, 2.0 ], "autotile_index": 0.0, "tileset": "spr_medievalinterior", "autotile": 1.0 }, "704_96": { "coord": [ 1.0, 5.0 ], "autotile_index": 0.0, "tileset": "spr_medievalinterior", "autotile": 1.0 }, "448_-64": { "coord": [ 3.0, 3.0 ], "autotile_index": 0.0, "tileset": "spr_medievalinterior", "autotile": 1.0 }, "640_-96": { "coord": [ 3.0, 3.0 ], "autotile_index": 0.0, "tileset": "spr_medievalinterior", "autotile": 1.0 }, "160_-96": { "coord": [ 6.0, 1.0 ], "autotile_index": 0.0, "tileset": "spr_medievalinterior", "autotile": 1.0 }, "384_-32": { "coord": [ 8.0, 1.0 ], "autotile_index": 0.0, "tileset": "spr_medievalinterior", "autotile": 1.0 }, "1248_-64": { "coord": [ 3.0, 3.0 ], "autotile_index": 0.0, "tileset": "spr_medievalinterior", "autotile": 1.0 }, "512_224": { "coord": [ 4.0, 4.0 ], "autotile_index": 0.0, "tileset": "spr_medievalinterior", "autotile": 1.0 }, "1536_480": { "autotile": 1.0, "autotile_index": 0.0, "tileset": "spr_medievalinterior", "coord": [ 2.0, 1.0 ] }, "416_0": { "coord": [ 2.0, 3.0 ], "autotile_index": 0.0, "tileset": "spr_medievalinterior", "autotile": 1.0 }, "1600_32": { "autotile": 1.0, "autotile_index": 0.0, "tileset": "spr_medievalinterior", "coord": [ 3.0, 3.0 ] }, "1536_512": { "autotile": 1.0, "autotile_index": 0.0, "tileset": "spr_medievalinterior", "coord": [ 3.0, 2.0 ] }, "512_192": { "coord": [ 4.0, 3.0 ], "autotile_index": 0.0, "tileset": "spr_medievalinterior", "autotile": 1.0 }, "832_96": { "autotile": 1.0, "autotile_index": 0.0, "tileset": "spr_medievalinterior", "coord": [ 3.0, 5.0 ] }, "96_512": { "autotile": 1.0, "autotile_index": 0.0, "tileset": "spr_medievalinterior", "coord": [ 3.0, 3.0 ] }, "736_-96": { "coord": [ 3.0, 3.0 ], "autotile_index": 0.0, "tileset": "spr_medievalinterior", "autotile": 1.0 }, "1536_96": { "autotile": 1.0, "autotile_index": 0.0, "tileset": "spr_medievalinterior", "coord": [ 3.0, 3.0 ] }, "32_128": { "coord": [ 5.0, 4.0 ], "autotile_index": 0.0, "tileset": "spr_medievalinterior", "autotile": 1.0 }, "1504_96": { "autotile": 1.0, "autotile_index": 0.0, "tileset": "spr_medievalinterior", "coord": [ 3.0, 3.0 ] }, "1312_96": { "coord": [ 3.0, 3.0 ], "autotile_index": 0.0, "tileset": "spr_medievalinterior", "autotile": 1.0 }, "800_448": { "autotile": 0.0, "autotile_index": 0.0, "tileset": "spr_medievalinterior", "coord": [ 4.0, 3.0 ] }, "256_448": { "autotile": 0.0, "autotile_index": 0.0, "tileset": "spr_medievalinterior", "coord": [ 2.0, 8.0 ] }, "992_-32": { "coord": [ 3.0, 3.0 ], "autotile_index": 0.0, "tileset": "spr_medievalinterior", "autotile": 1.0 }, "1472_-160": { "coord": [ 0.0, 0.0 ], "autotile_index": 0.0, "tileset": "spr_medievalinterior", "autotile": 1.0 }, "1664_-32": { "autotile": 1.0, "autotile_index": 0.0, "tileset": "spr_medievalinterior", "coord": [ 3.0, 3.0 ] }, "768_96": { "autotile": 1.0, "autotile_index": 0.0, "tileset": "spr_medievalinterior", "coord": [ 2.0, 5.0 ] }, "1696_-64": { "autotile": 1.0, "autotile_index": 0.0, "tileset": "spr_medievalinterior", "coord": [ 3.0, 3.0 ] }, "1504_-32": { "autotile": 1.0, "autotile_index": 0.0, "tileset": "spr_medievalinterior", "coord": [ 3.0, 3.0 ] }, "864_416": { "autotile": 0.0, "autotile_index": 0.0, "tileset": "spr_medievalinterior", "coord": [ 3.0, 3.0 ] }, "1472_512": { "coord": [ 3.0, 2.0 ], "autotile_index": 0.0, "tileset": "spr_medievalinterior", "autotile": 1.0 }, "416_512": { "autotile": 1.0, "autotile_index": 0.0, "tileset": "spr_medievalinterior", "coord": [ 3.0, 2.0 ] }, "1248_-128": { "coord": [ 3.0, 3.0 ], "autotile_index": 0.0, "tileset": "spr_medievalinterior", "autotile": 1.0 }, "384_-64": { "coord": [ 3.0, 4.0 ], "autotile_index": 0.0, "tileset": "spr_medievalinterior", "autotile": 1.0 }, "1056_32": { "coord": [ 3.0, 3.0 ], "autotile_index": 0.0, "tileset": "spr_medievalinterior", "autotile": 1.0 }, "928_-128": { "coord": [ 3.0, 3.0 ], "autotile_index": 0.0, "tileset": "spr_medievalinterior", "autotile": 1.0 }, "224_512": { "autotile": 1.0, "autotile_index": 0.0, "tileset": "spr_medievalinterior", "coord": [ 3.0, 2.0 ] }, "864_-32": { "coord": [ 3.0, 3.0 ], "autotile_index": 0.0, "tileset": "spr_medievalinterior", "autotile": 1.0 }, "448_192": { "coord": [ 1.0, 4.0 ], "autotile_index": 0.0, "tileset": "spr_medievalinterior", "autotile": 1.0 }, "512_32": { "coord": [ 4.0, 3.0 ], "autotile_index": 0.0, "tileset": "spr_medievalinterior", "autotile": 1.0 }, "128_-128": { "coord": [ 3.0, 3.0 ], "autotile_index": 0.0, "tileset": "spr_medievalinterior", "autotile": 1.0 }, "896_96": { "autotile": 1.0, "autotile_index": 0.0, "tileset": "spr_medievalinterior", "coord": [ 2.0, 5.0 ] }, "608_-96": { "coord": [ 3.0, 3.0 ], "autotile_index": 0.0, "tileset": "spr_medievalinterior", "autotile": 1.0 }, "1088_64": { "autotile": 1.0, "autotile_index": 0.0, "tileset": "spr_medievalinterior", "coord": [ 3.0, 4.0 ] }, "1056_64": { "autotile": 1.0, "autotile_index": 0.0, "tileset": "spr_medievalinterior", "coord": [ 3.0, 4.0 ] }, "1568_480": { "autotile": 1.0, "autotile_index": 0.0, "tileset": "spr_medievalinterior", "coord": [ 3.0, 1.0 ] }, "1152_480": { "coord": [ 4.0, 1.0 ], "autotile_index": 0.0, "tileset": "spr_medievalinterior", "autotile": 1.0 }, "1568_-160": { "coord": [ 0.0, 0.0 ], "autotile_index": 0.0, "tileset": "spr_medievalinterior", "autotile": 1.0 }, "800_-32": { "coord": [ 3.0, 3.0 ], "autotile_index": 0.0, "tileset": "spr_medievalinterior", "autotile": 1.0 }, "0_192": { "coord": [ 4.0, 3.0 ], "autotile_index": 0.0, "tileset": "spr_medievalinterior", "autotile": 1.0 }, "1664_0": { "autotile": 1.0, "autotile_index": 0.0, "tileset": "spr_medievalinterior", "coord": [ 3.0, 3.0 ] }, "1088_480": { "coord": [ 4.0, 1.0 ], "autotile_index": 0.0, "tileset": "spr_medievalinterior", "autotile": 1.0 }, "1600_96": { "autotile": 1.0, "autotile_index": 0.0, "tileset": "spr_medievalinterior", "coord": [ 3.0, 3.0 ] }, "1120_-96": { "coord": [ 3.0, 3.0 ], "autotile_index": 0.0, "tileset": "spr_medievalinterior", "autotile": 1.0 }, "448_160": { "coord": [ 1.0, 3.0 ], "autotile_index": 0.0, "tileset": "spr_medievalinterior", "autotile": 1.0 }, "896_-64": { "coord": [ 3.0, 3.0 ], "autotile_index": 0.0, "tileset": "spr_medievalinterior", "autotile": 1.0 }, "544_0": { "coord": [ 6.0, 1.0 ], "autotile_index": 0.0, "tileset": "spr_medievalinterior", "autotile": 1.0 }, "1568_128": { "autotile": 1.0, "autotile_index": 0.0, "tileset": "spr_medievalinterior", "coord": [ 3.0, 3.0 ] }, "384_480": { "coord": [ 6.0, 14.0 ], "autotile_index": 0.0, "tileset": "spr_medievalinterior", "autotile": 0.0 }, "1312_128": { "coord": [ 3.0, 3.0 ], "autotile_index": 0.0, "tileset": "spr_medievalinterior", "autotile": 1.0 }, "320_416": { "autotile": 0.0, "autotile_index": 0.0, "tileset": "spr_medievalinterior", "coord": [ 7.0, 13.0 ] }, "1152_96": { "autotile": 1.0, "autotile_index": 0.0, "tileset": "spr_medievalinterior", "coord": [ 8.0, 1.0 ] }, "512_96": { "coord": [ 4.0, 3.0 ], "autotile_index": 0.0, "tileset": "spr_medievalinterior", "autotile": 1.0 }, "1120_-32": { "coord": [ 3.0, 3.0 ], "autotile_index": 0.0, "tileset": "spr_medievalinterior", "autotile": 1.0 }, "192_480": { "autotile": 1.0, "autotile_index": 0.0, "tileset": "spr_medievalinterior", "coord": [ 4.0, 3.0 ] }, "1696_96": { "autotile": 1.0, "autotile_index": 0.0, "tileset": "spr_medievalinterior", "coord": [ 3.0, 3.0 ] }, "1440_-32": { "coord": [ 3.0, 3.0 ], "autotile_index": 0.0, "tileset": "spr_medievalinterior", "autotile": 1.0 }, "160_-64": { "coord": [ 5.0, 3.0 ], "autotile_index": 0.0, "tileset": "spr_medievalinterior", "autotile": 1.0 }, "768_-128": { "coord": [ 3.0, 3.0 ], "autotile_index": 0.0, "tileset": "spr_medievalinterior", "autotile": 1.0 }, "672_480": { "autotile": 0.0, "autotile_index": 0.0, "tileset": "spr_medievalinterior", "coord": [ 3.0, 13.0 ] }, "928_0": { "coord": [ 3.0, 3.0 ], "autotile_index": 0.0, "tileset": "spr_medievalinterior", "autotile": 1.0 }, "480_480": { "autotile": 1.0, "autotile_index": 0.0, "tileset": "spr_medievalinterior", "coord": [ 3.0, 1.0 ] }, "1312_-96": { "coord": [ 3.0, 3.0 ], "autotile_index": 0.0, "tileset": "spr_medievalinterior", "autotile": 1.0 }, "1600_256": { "autotile": 1.0, "autotile_index": 0.0, "tileset": "spr_medievalinterior", "coord": [ 3.0, 3.0 ] }, "544_-96": { "coord": [ 3.0, 3.0 ], "autotile_index": 0.0, "tileset": "spr_medievalinterior", "autotile": 1.0 }, "384_32": { "coord": [ 1.0, 3.0 ], "autotile_index": 0.0, "tileset": "spr_medievalinterior", "autotile": 1.0 }, "1632_96": { "autotile": 1.0, "autotile_index": 0.0, "tileset": "spr_medievalinterior", "coord": [ 3.0, 3.0 ] }, "0_224": { "coord": [ 4.0, 3.0 ], "autotile_index": 0.0, "tileset": "spr_medievalinterior", "autotile": 1.0 }, "192_512": { "autotile": 1.0, "autotile_index": 0.0, "tileset": "spr_medievalinterior", "coord": [ 3.0, 3.0 ] }, "160_512": { "autotile": 1.0, "autotile_index": 0.0, "tileset": "spr_medievalinterior", "coord": [ 3.0, 3.0 ] }, "480_64": { "coord": [ 3.0, 3.0 ], "autotile_index": 0.0, "tileset": "spr_medievalinterior", "autotile": 1.0 }, "1568_-128": { "autotile": 1.0, "autotile_index": 0.0, "tileset": "spr_medievalinterior", "coord": [ 3.0, 3.0 ] }, "1024_0": { "coord": [ 3.0, 3.0 ], "autotile_index": 0.0, "tileset": "spr_medievalinterior", "autotile": 1.0 }, "832_-64": { "coord": [ 3.0, 3.0 ], "autotile_index": 0.0, "tileset": "spr_medievalinterior", "autotile": 1.0 }, "704_480": { "autotile": 0.0, "autotile_index": 0.0, "tileset": "spr_medievalinterior", "coord": [ 4.0, 13.0 ] }, "800_0": { "coord": [ 3.0, 3.0 ], "autotile_index": 0.0, "tileset": "spr_medievalinterior", "autotile": 1.0 }, "992_-64": { "coord": [ 3.0, 3.0 ], "autotile_index": 0.0, "tileset": "spr_medievalinterior", "autotile": 1.0 }, "160_480": { "autotile": 1.0, "autotile_index": 0.0, "tileset": "spr_medievalinterior", "coord": [ 3.0, 3.0 ] }, "544_64": { "coord": [ 5.0, 2.0 ], "autotile_index": 0.0, "tileset": "spr_medievalinterior", "autotile": 1.0 }, "1248_-32": { "coord": [ 3.0, 3.0 ], "autotile_index": 0.0, "tileset": "spr_medievalinterior", "autotile": 1.0 }, "864_64": { "autotile": 1.0, "autotile_index": 0.0, "tileset": "spr_medievalinterior", "coord": [ 3.0, 4.0 ] }, "512_-96": { "coord": [ 3.0, 3.0 ], "autotile_index": 0.0, "tileset": "spr_medievalinterior", "autotile": 1.0 }, "1600_-64": { "autotile": 1.0, "autotile_index": 0.0, "tileset": "spr_medievalinterior", "coord": [ 3.0, 3.0 ] }, "192_-96": { "coord": [ 3.0, 5.0 ], "autotile_index": 0.0, "tileset": "spr_medievalinterior", "autotile": 1.0 }, "1216_32": { "coord": [ 3.0, 3.0 ], "autotile_index": 0.0, "tileset": "spr_medievalinterior", "autotile": 1.0 }, "480_512": { "autotile": 1.0, "autotile_index": 0.0, "tileset": "spr_medievalinterior", "coord": [ 3.0, 2.0 ] }, "864_0": { "coord": [ 3.0, 3.0 ], "autotile_index": 0.0, "tileset": "spr_medievalinterior", "autotile": 1.0 }, "0_352": { "autotile": 1.0, "autotile_index": 0.0, "tileset": "spr_medievalinterior", "coord": [ 4.0, 3.0 ] }, "896_384": { "autotile": 0.0, "autotile_index": 0.0, "tileset": "spr_medievalinterior", "coord": [ 8.0, 12.0 ] }, "1152_-96": { "coord": [ 3.0, 3.0 ], "autotile_index": 0.0, "tileset": "spr_medievalinterior", "autotile": 1.0 }, "480_-96": { "coord": [ 3.0, 3.0 ], "autotile_index": 0.0, "tileset": "spr_medievalinterior", "autotile": 1.0 }, "832_64": { "autotile": 1.0, "autotile_index": 0.0, "tileset": "spr_medievalinterior", "coord": [ 3.0, 4.0 ] }, "32_192": { "coord": [ 5.0, 3.0 ], "autotile_index": 0.0, "tileset": "spr_medievalinterior", "autotile": 1.0 }, "1152_224": { "autotile": 0.0, "autotile_index": 0.0, "tileset": "spr_medievalinterior", "coord": [ 1.0, 11.0 ] }, "448_512": { "autotile": 1.0, "autotile_index": 0.0, "tileset": "spr_medievalinterior", "coord": [ 3.0, 2.0 ] }, "1376_0": { "coord": [ 3.0, 3.0 ], "autotile_index": 0.0, "tileset": "spr_medievalinterior", "autotile": 1.0 }, "832_-32": { "coord": [ 3.0, 3.0 ], "autotile_index": 0.0, "tileset": "spr_medievalinterior", "autotile": 1.0 }, "608_-128": { "coord": [ 3.0, 3.0 ], "autotile_index": 0.0, "tileset": "spr_medievalinterior", "autotile": 1.0 }, "736_384": { "autotile": 0.0, "autotile_index": 0.0, "tileset": "spr_medievalinterior", "coord": [ 1.0, 3.0 ] }, "1248_192": { "coord": [ 3.0, 5.0 ], "autotile_index": 0.0, "tileset": "spr_medievalinterior", "autotile": 0.0 }, "832_-128": { "coord": [ 3.0, 3.0 ], "autotile_index": 0.0, "tileset": "spr_medievalinterior", "autotile": 1.0 }, "64_-64": { "coord": [ 3.0, 4.0 ], "autotile_index": 0.0, "tileset": "spr_medievalinterior", "autotile": 1.0 }, "1024_96": { "autotile": 1.0, "autotile_index": 0.0, "tileset": "spr_medievalinterior", "coord": [ 4.0, 5.0 ] }, "1408_-128": { "coord": [ 3.0, 3.0 ], "autotile_index": 0.0, "tileset": "spr_medievalinterior", "autotile": 1.0 }, "1280_192": { "coord": [ 2.0, 5.0 ], "autotile_index": 0.0, "tileset": "spr_medievalinterior", "autotile": 0.0 }, "960_64": { "autotile": 1.0, "autotile_index": 0.0, "tileset": "spr_medievalinterior", "coord": [ 3.0, 4.0 ] }, "544_-32": { "coord": [ 3.0, 4.0 ], "autotile_index": 0.0, "tileset": "spr_medievalinterior", "autotile": 1.0 }, "1664_160": { "autotile": 1.0, "autotile_index": 0.0, "tileset": "spr_medievalinterior", "coord": [ 3.0, 3.0 ] }, "1664_32": { "autotile": 1.0, "autotile_index": 0.0, "tileset": "spr_medievalinterior", "coord": [ 3.0, 3.0 ] }, "1280_128": { "coord": [ 3.0, 3.0 ], "autotile_index": 0.0, "tileset": "spr_medievalinterior", "autotile": 0.0 }, "1504_-64": { "coord": [ 3.0, 3.0 ], "autotile_index": 0.0, "tileset": "spr_medievalinterior", "autotile": 1.0 }, "1600_64": { "autotile": 1.0, "autotile_index": 0.0, "tileset": "spr_medievalinterior", "coord": [ 3.0, 3.0 ] }, "864_480": { "coord": [ 4.0, 3.0 ], "autotile_index": 0.0, "tileset": "spr_medievalinterior", "autotile": 1.0 }, "448_96": { "coord": [ 8.0, 1.0 ], "autotile_index": 0.0, "tileset": "spr_medievalinterior", "autotile": 1.0 }, "320_-128": { "coord": [ 3.0, 4.0 ], "autotile_index": 0.0, "tileset": "spr_medievalinterior", "autotile": 1.0 }, "0_480": { "autotile": 1.0, "autotile_index": 0.0, "tileset": "spr_medievalinterior", "coord": [ 3.0, 3.0 ] }, "1536_288": { "coord": [ 3.0, 4.0 ], "autotile_index": 0.0, "tileset": "spr_medievalinterior", "autotile": 1.0 }, "960_512": { "coord": [ 3.0, 2.0 ], "autotile_index": 0.0, "tileset": "spr_medievalinterior", "autotile": 1.0 }, "1056_512": { "coord": [ 3.0, 2.0 ], "autotile_index": 0.0, "tileset": "spr_medievalinterior", "autotile": 1.0 }, "1280_0": { "coord": [ 3.0, 3.0 ], "autotile_index": 0.0, "tileset": "spr_medievalinterior", "autotile": 1.0 }, "256_416": { "autotile": 0.0, "autotile_index": 0.0, "tileset": "spr_medievalinterior", "coord": [ 5.0, 13.0 ] }, "1184_32": { "coord": [ 3.0, 3.0 ], "autotile_index": 0.0, "tileset": "spr_medievalinterior", "autotile": 1.0 }, "960_0": { "coord": [ 3.0, 3.0 ], "autotile_index": 0.0, "tileset": "spr_medievalinterior", "autotile": 1.0 }, "768_-64": { "coord": [ 3.0, 3.0 ], "autotile_index": 0.0, "tileset": "spr_medievalinterior", "autotile": 1.0 }, "1664_-96": { "autotile": 1.0, "autotile_index": 0.0, "tileset": "spr_medievalinterior", "coord": [ 3.0, 3.0 ] }, "0_320": { "coord": [ 4.0, 3.0 ], "autotile_index": 0.0, "tileset": "spr_medievalinterior", "autotile": 1.0 }, "512_64": { "coord": [ 4.0, 3.0 ], "autotile_index": 0.0, "tileset": "spr_medievalinterior", "autotile": 1.0 }, "800_-96": { "coord": [ 3.0, 3.0 ], "autotile_index": 0.0, "tileset": "spr_medievalinterior", "autotile": 1.0 }, "1280_-96": { "coord": [ 3.0, 3.0 ], "autotile_index": 0.0, "tileset": "spr_medievalinterior", "autotile": 1.0 }, "544_224": { "coord": [ 5.0, 4.0 ], "autotile_index": 0.0, "tileset": "spr_medievalinterior", "autotile": 1.0 }, "1152_-128": { "coord": [ 3.0, 3.0 ], "autotile_index": 0.0, "tileset": "spr_medievalinterior", "autotile": 1.0 }, "896_512": { "coord": [ 3.0, 2.0 ], "autotile_index": 0.0, "tileset": "spr_medievalinterior", "autotile": 1.0 }, "576_-64": { "coord": [ 3.0, 3.0 ], "autotile_index": 0.0, "tileset": "spr_medievalinterior", "autotile": 1.0 }, "512_0": { "coord": [ 4.0, 3.0 ], "autotile_index": 0.0, "tileset": "spr_medievalinterior", "autotile": 1.0 }, "640_512": { "autotile": 1.0, "autotile_index": 0.0, "tileset": "spr_medievalinterior", "coord": [ 3.0, 2.0 ] }, "480_224": { "coord": [ 2.0, 4.0 ], "autotile_index": 0.0, "tileset": "spr_medievalinterior", "autotile": 1.0 }, "736_448": { "autotile": 0.0, "autotile_index": 0.0, "tileset": "spr_medievalinterior", "coord": [ 8.0, 5.0 ] }, "1056_-32": { "coord": [ 3.0, 3.0 ], "autotile_index": 0.0, "tileset": "spr_medievalinterior", "autotile": 1.0 }, "960_-64": { "coord": [ 3.0, 3.0 ], "autotile_index": 0.0, "tileset": "spr_medievalinterior", "autotile": 1.0 }, "1504_512": { "coord": [ 3.0, 2.0 ], "autotile_index": 0.0, "tileset": "spr_medievalinterior", "autotile": 1.0 }, "896_448": { "coord": [ 3.0, 3.0 ], "autotile_index": 0.0, "tileset": "spr_medievalinterior", "autotile": 0.0 }, "672_-32": { "coord": [ 3.0, 4.0 ], "autotile_index": 0.0, "tileset": "spr_medievalinterior", "autotile": 1.0 }, "1344_192": { "coord": [ 3.0, 5.0 ], "autotile_index": 0.0, "tileset": "spr_medievalinterior", "autotile": 0.0 }, "800_64": { "autotile": 1.0, "autotile_index": 0.0, "tileset": "spr_medievalinterior", "coord": [ 3.0, 4.0 ] }, "32_64": { "coord": [ 5.0, 3.0 ], "autotile_index": 0.0, "tileset": "spr_medievalinterior", "autotile": 1.0 }, "1728_512": { "autotile": 1.0, "autotile_index": 0.0, "tileset": "spr_medievalinterior", "coord": [ 0.0, 0.0 ] }, "128_-96": { "coord": [ 4.0, 3.0 ], "autotile_index": 0.0, "tileset": "spr_medievalinterior", "autotile": 1.0 }, "64_480": { "autotile": 1.0, "autotile_index": 0.0, "tileset": "spr_medievalinterior", "coord": [ 3.0, 3.0 ] }, "320_-96": { "coord": [ 8.0, 1.0 ], "autotile_index": 0.0, "tileset": "spr_medievalinterior", "autotile": 1.0 }, "1664_128": { "autotile": 1.0, "autotile_index": 0.0, "tileset": "spr_medievalinterior", "coord": [ 3.0, 3.0 ] }, "320_480": { "autotile": 0.0, "autotile_index": 0.0, "tileset": "spr_medievalinterior", "coord": [ 2.0, 8.0 ] }, "256_-96": { "coord": [ 2.0, 5.0 ], "autotile_index": 0.0, "tileset": "spr_medievalinterior", "autotile": 1.0 }, "1568_96": { "autotile": 1.0, "autotile_index": 0.0, "tileset": "spr_medievalinterior", "coord": [ 3.0, 3.0 ] }, "960_-32": { "coord": [ 3.0, 3.0 ], "autotile_index": 0.0, "tileset": "spr_medievalinterior", "autotile": 1.0 }, "1472_64": { "coord": [ 3.0, 3.0 ], "autotile_index": 0.0, "tileset": "spr_medievalinterior", "autotile": 1.0 }, "768_-32": { "coord": [ 3.0, 3.0 ], "autotile_index": 0.0, "tileset": "spr_medievalinterior", "autotile": 1.0 }, "512_-64": { "coord": [ 3.0, 3.0 ], "autotile_index": 0.0, "tileset": "spr_medievalinterior", "autotile": 1.0 }, "0_384": { "autotile": 1.0, "autotile_index": 0.0, "tileset": "spr_medievalinterior", "coord": [ 4.0, 3.0 ] }, "1408_32": { "coord": [ 3.0, 3.0 ], "autotile_index": 0.0, "tileset": "spr_medievalinterior", "autotile": 1.0 }, "768_416": { "autotile": 0.0, "autotile_index": 0.0, "tileset": "spr_medievalinterior", "coord": [ 2.0, 3.0 ] }, "992_0": { "coord": [ 3.0, 3.0 ], "autotile_index": 0.0, "tileset": "spr_medievalinterior", "autotile": 1.0 }, "1440_128": { "coord": [ 3.0, 3.0 ], "autotile_index": 0.0, "tileset": "spr_medievalinterior", "autotile": 1.0 }, "512_480": { "autotile": 1.0, "autotile_index": 0.0, "tileset": "spr_medievalinterior", "coord": [ 2.0, 1.0 ] }, "800_96": { "autotile": 1.0, "autotile_index": 0.0, "tileset": "spr_medievalinterior", "coord": [ 4.0, 5.0 ] }, "96_-96": { "coord": [ 3.0, 3.0 ], "autotile_index": 0.0, "tileset": "spr_medievalinterior", "autotile": 1.0 }, "0_128": { "coord": [ 4.0, 3.0 ], "autotile_index": 0.0, "tileset": "spr_medievalinterior", "autotile": 1.0 }, "1440_512": { "coord": [ 3.0, 2.0 ], "autotile_index": 0.0, "tileset": "spr_medievalinterior", "autotile": 1.0 }, "1408_192": { "coord": [ 2.0, 5.0 ], "autotile_index": 0.0, "tileset": "spr_medievalinterior", "autotile": 1.0 }, "1216_512": { "coord": [ 3.0, 2.0 ], "autotile_index": 0.0, "tileset": "spr_medievalinterior", "autotile": 1.0 }, "32_96": { "coord": [ 5.0, 4.0 ], "autotile_index": 0.0, "tileset": "spr_medievalinterior", "autotile": 1.0 }, "928_-96": { "coord": [ 3.0, 3.0 ], "autotile_index": 0.0, "tileset": "spr_medievalinterior", "autotile": 1.0 }, "128_-64": { "coord": [ 4.0, 4.0 ], "autotile_index": 0.0, "tileset": "spr_medievalinterior", "autotile": 1.0 }, "1312_192": { "coord": [ 2.0, 5.0 ], "autotile_index": 0.0, "tileset": "spr_medievalinterior", "autotile": 0.0 }, "0_32": { "coord": [ 4.0, 3.0 ], "autotile_index": 0.0, "tileset": "spr_medievalinterior", "autotile": 1.0 }, "1632_512": { "autotile": 1.0, "autotile_index": 0.0, "tileset": "spr_medievalinterior", "coord": [ 3.0, 2.0 ] }, "416_-96": { "coord": [ 3.0, 3.0 ], "autotile_index": 0.0, "tileset": "spr_medievalinterior", "autotile": 1.0 }, "1152_-64": { "coord": [ 3.0, 3.0 ], "autotile_index": 0.0, "tileset": "spr_medievalinterior", "autotile": 1.0 }, "1600_-160": { "coord": [ 0.0, 0.0 ], "autotile_index": 0.0, "tileset": "spr_medievalinterior", "autotile": 1.0 }, "1152_64": { "autotile": 1.0, "autotile_index": 0.0, "tileset": "spr_medievalinterior", "coord": [ 3.0, 4.0 ] }, "1632_160": { "autotile": 1.0, "autotile_index": 0.0, "tileset": "spr_medievalinterior", "coord": [ 3.0, 3.0 ] }, "768_32": { "coord": [ 3.0, 3.0 ], "autotile_index": 0.0, "tileset": "spr_medievalinterior", "autotile": 1.0 }, "1408_512": { "coord": [ 3.0, 2.0 ], "autotile_index": 0.0, "tileset": "spr_medievalinterior", "autotile": 1.0 }, "800_416": { "autotile": 0.0, "autotile_index": 0.0, "tileset": "spr_medievalinterior", "coord": [ 4.0, 3.0 ] }, "1504_320": { "coord": [ 4.0, 5.0 ], "autotile_index": 0.0, "tileset": "spr_medievalinterior", "autotile": 1.0 }, "768_0": { "coord": [ 3.0, 3.0 ], "autotile_index": 0.0, "tileset": "spr_medievalinterior", "autotile": 1.0 }, "864_384": { "autotile": 0.0, "autotile_index": 0.0, "tileset": "spr_medievalinterior", "coord": [ 7.0, 12.0 ] }, "1344_0": { "coord": [ 3.0, 3.0 ], "autotile_index": 0.0, "tileset": "spr_medievalinterior", "autotile": 1.0 }, "480_32": { "coord": [ 3.0, 3.0 ], "autotile_index": 0.0, "tileset": "spr_medievalinterior", "autotile": 1.0 }, "1088_32": { "coord": [ 3.0, 3.0 ], "autotile_index": 0.0, "tileset": "spr_medievalinterior", "autotile": 1.0 }, "1568_192": { "autotile": 1.0, "autotile_index": 0.0, "tileset": "spr_medievalinterior", "coord": [ 3.0, 3.0 ] }, "32_256": { "coord": [ 5.0, 4.0 ], "autotile_index": 0.0, "tileset": "spr_medievalinterior", "autotile": 1.0 }, "832_32": { "coord": [ 3.0, 3.0 ], "autotile_index": 0.0, "tileset": "spr_medievalinterior", "autotile": 1.0 }, "1248_480": { "coord": [ 4.0, 1.0 ], "autotile_index": 0.0, "tileset": "spr_medievalinterior", "autotile": 1.0 }, "1280_-32": { "coord": [ 3.0, 3.0 ], "autotile_index": 0.0, "tileset": "spr_medievalinterior", "autotile": 1.0 }, "800_-64": { "coord": [ 3.0, 3.0 ], "autotile_index": 0.0, "tileset": "spr_medievalinterior", "autotile": 1.0 }, "640_0": { "coord": [ 2.0, 5.0 ], "autotile_index": 0.0, "tileset": "spr_medievalinterior", "autotile": 1.0 }, "0_160": { "coord": [ 4.0, 3.0 ], "autotile_index": 0.0, "tileset": "spr_medievalinterior", "autotile": 1.0 }, "1600_512": { "autotile": 1.0, "autotile_index": 0.0, "tileset": "spr_medievalinterior", "coord": [ 3.0, 2.0 ] }, "1632_-32": { "autotile": 1.0, "autotile_index": 0.0, "tileset": "spr_medievalinterior", "coord": [ 3.0, 3.0 ] }, "640_480": { "autotile": 1.0, "autotile_index": 0.0, "tileset": "spr_medievalinterior", "coord": [ 4.0, 1.0 ] }, "1440_96": { "coord": [ 3.0, 3.0 ], "autotile_index": 0.0, "tileset": "spr_medievalinterior", "autotile": 1.0 }, "384_512": { "autotile": 1.0, "autotile_index": 0.0, "tileset": "spr_medievalinterior", "coord": [ 3.0, 2.0 ] }, "1664_480": { "autotile": 1.0, "autotile_index": 0.0, "tileset": "spr_medievalinterior", "coord": [ 4.0, 1.0 ] }, "1344_-128": { "coord": [ 3.0, 3.0 ], "autotile_index": 0.0, "tileset": "spr_medievalinterior", "autotile": 1.0 }, "928_512": { "coord": [ 3.0, 2.0 ], "autotile_index": 0.0, "tileset": "spr_medievalinterior", "autotile": 1.0 }, "1568_160": { "autotile": 1.0, "autotile_index": 0.0, "tileset": "spr_medievalinterior", "coord": [ 3.0, 3.0 ] }, "1408_480": { "coord": [ 4.0, 1.0 ], "autotile_index": 0.0, "tileset": "spr_medievalinterior", "autotile": 1.0 }, "704_32": { "coord": [ 1.0, 4.0 ], "autotile_index": 0.0, "tileset": "spr_medievalinterior", "autotile": 1.0 }, "1696_256": { "autotile": 1.0, "autotile_index": 0.0, "tileset": "spr_medievalinterior", "coord": [ 3.0, 3.0 ] }, "736_-128": { "coord": [ 3.0, 3.0 ], "autotile_index": 0.0, "tileset": "spr_medievalinterior", "autotile": 1.0 }, "544_-64": { "coord": [ 3.0, 3.0 ], "autotile_index": 0.0, "tileset": "spr_medievalinterior", "autotile": 1.0 }, "288_-96": { "coord": [ 4.0, 5.0 ], "autotile_index": 0.0, "tileset": "spr_medievalinterior", "autotile": 1.0 }, "896_-96": { "coord": [ 3.0, 3.0 ], "autotile_index": 0.0, "tileset": "spr_medievalinterior", "autotile": 1.0 }, "1632_0": { "autotile": 1.0, "autotile_index": 0.0, "tileset": "spr_medievalinterior", "coord": [ 3.0, 3.0 ] }, "1312_64": { "coord": [ 3.0, 3.0 ], "autotile_index": 0.0, "tileset": "spr_medievalinterior", "autotile": 1.0 }, "1056_96": { "autotile": 1.0, "autotile_index": 0.0, "tileset": "spr_medievalinterior", "coord": [ 4.0, 5.0 ] }, "1536_-128": { "autotile": 1.0, "autotile_index": 0.0, "tileset": "spr_medievalinterior", "coord": [ 3.0, 3.0 ] }, "1248_160": { "coord": [ 3.0, 4.0 ], "autotile_index": 0.0, "tileset": "spr_medievalinterior", "autotile": 0.0 }, "1216_192": { "coord": [ 4.0, 5.0 ], "autotile_index": 0.0, "tileset": "spr_medievalinterior", "autotile": 0.0 }, "1472_224": { "coord": [ 1.0, 2.0 ], "autotile_index": 0.0, "tileset": "spr_medievalinterior", "autotile": 1.0 }, "1472_0": { "coord": [ 3.0, 3.0 ], "autotile_index": 0.0, "tileset": "spr_medievalinterior", "autotile": 1.0 }, "512_-128": { "coord": [ 3.0, 3.0 ], "autotile_index": 0.0, "tileset": "spr_medievalinterior", "autotile": 1.0 }, "1216_96": { "autotile": 1.0, "autotile_index": 0.0, "tileset": "spr_medievalinterior", "coord": [ 3.0, 3.0 ] }, "1632_192": { "autotile": 1.0, "autotile_index": 0.0, "tileset": "spr_medievalinterior", "coord": [ 3.0, 3.0 ] }, "1696_192": { "autotile": 1.0, "autotile_index": 0.0, "tileset": "spr_medievalinterior", "coord": [ 3.0, 3.0 ] }, "128_448": { "autotile": 1.0, "autotile_index": 0.0, "tileset": "spr_medievalinterior", "coord": [ 3.0, 2.0 ] }, "448_224": { "coord": [ 1.0, 4.0 ], "autotile_index": 0.0, "tileset": "spr_medievalinterior", "autotile": 1.0 }, "1440_-192": { "coord": [ 0.0, 0.0 ], "autotile_index": 0.0, "tileset": "spr_medievalinterior", "autotile": 1.0 }, "1632_-64": { "autotile": 1.0, "autotile_index": 0.0, "tileset": "spr_medievalinterior", "coord": [ 3.0, 3.0 ] }, "192_-128": { "coord": [ 3.0, 4.0 ], "autotile_index": 0.0, "tileset": "spr_medievalinterior", "autotile": 1.0 }, "992_32": { "coord": [ 3.0, 3.0 ], "autotile_index": 0.0, "tileset": "spr_medievalinterior", "autotile": 1.0 }, "1376_-64": { "coord": [ 3.0, 3.0 ], "autotile_index": 0.0, "tileset": "spr_medievalinterior", "autotile": 1.0 }, "1152_192": { "coord": [ 1.0, 3.0 ], "autotile_index": 0.0, "tileset": "spr_medievalinterior", "autotile": 0.0 }, "1184_-32": { "coord": [ 3.0, 3.0 ], "autotile_index": 0.0, "tileset": "spr_medievalinterior", "autotile": 1.0 }, "32_512": { "autotile": 1.0, "autotile_index": 0.0, "tileset": "spr_medievalinterior", "coord": [ 3.0, 3.0 ] }, "224_480": { "autotile": 0.0, "autotile_index": 0.0, "tileset": "spr_medievalinterior", "coord": [ 2.0, 8.0 ] }, "736_96": { "coord": [ 4.0, 5.0 ], "autotile_index": 0.0, "tileset": "spr_medievalinterior", "autotile": 1.0 }, "1568_0": { "autotile": 1.0, "autotile_index": 0.0, "tileset": "spr_medievalinterior", "coord": [ 3.0, 3.0 ] }, "-32_96": { "autotile": 1.0, "autotile_index": 0.0, "tileset": "tile_strongcold", "coord": [ 0.0, 0.0 ] }, "0_96": { "coord": [ 4.0, 3.0 ], "autotile_index": 0.0, "tileset": "spr_medievalinterior", "autotile": 1.0 }, "1408_-96": { "coord": [ 3.0, 3.0 ], "autotile_index": 0.0, "tileset": "spr_medievalinterior", "autotile": 1.0 }, "32_0": { "coord": [ 5.0, 2.0 ], "autotile_index": 0.0, "tileset": "spr_medievalinterior", "autotile": 1.0 }, "1344_160": { "coord": [ 3.0, 4.0 ], "autotile_index": 0.0, "tileset": "spr_medievalinterior", "autotile": 1.0 }, "320_512": { "autotile": 1.0, "autotile_index": 0.0, "tileset": "spr_medievalinterior", "coord": [ 3.0, 2.0 ] }, "1376_128": { "coord": [ 3.0, 3.0 ], "autotile_index": 0.0, "tileset": "spr_medievalinterior", "autotile": 1.0 }, "1664_192": { "autotile": 1.0, "autotile_index": 0.0, "tileset": "spr_medievalinterior", "coord": [ 3.0, 3.0 ] }, "128_480": { "autotile": 1.0, "autotile_index": 0.0, "tileset": "spr_medievalinterior", "coord": [ 3.0, 3.0 ] }, "1536_-64": { "autotile": 1.0, "autotile_index": 0.0, "tileset": "spr_medievalinterior", "coord": [ 3.0, 3.0 ] }, "1120_0": { "coord": [ 3.0, 3.0 ], "autotile_index": 0.0, "tileset": "spr_medievalinterior", "autotile": 1.0 }, "960_96": { "autotile": 1.0, "autotile_index": 0.0, "tileset": "spr_medievalinterior", "coord": [ 3.0, 5.0 ] }, "352_-96": { "coord": [ 2.0, 3.0 ], "autotile_index": 0.0, "tileset": "spr_medievalinterior", "autotile": 1.0 }, "1344_-32": { "coord": [ 3.0, 3.0 ], "autotile_index": 0.0, "tileset": "spr_medievalinterior", "autotile": 1.0 }, "1152_160": { "coord": [ 1.0, 3.0 ], "autotile_index": 0.0, "tileset": "spr_medievalinterior", "autotile": 0.0 }, "672_512": { "coord": [ 3.0, 2.0 ], "autotile_index": 0.0, "tileset": "spr_medievalinterior", "autotile": 1.0 }, "448_32": { "coord": [ 3.0, 3.0 ], "autotile_index": 0.0, "tileset": "spr_medievalinterior", "autotile": 1.0 }, "1696_-128": { "autotile": 1.0, "autotile_index": 0.0, "tileset": "spr_medievalinterior", "coord": [ 3.0, 3.0 ] }, "736_352": { "autotile": 0.0, "autotile_index": 0.0, "tileset": "spr_medievalinterior", "coord": [ 1.0, 1.0 ] }, "576_512": { "autotile": 1.0, "autotile_index": 0.0, "tileset": "spr_medievalinterior", "coord": [ 3.0, 2.0 ] }, "1472_480": { "coord": [ 3.0, 1.0 ], "autotile_index": 0.0, "tileset": "spr_medievalinterior", "autotile": 1.0 }, "512_160": { "coord": [ 4.0, 3.0 ], "autotile_index": 0.0, "tileset": "spr_medievalinterior", "autotile": 1.0 }, "1312_0": { "coord": [ 3.0, 3.0 ], "autotile_index": 0.0, "tileset": "spr_medievalinterior", "autotile": 1.0 }, "1600_0": { "autotile": 1.0, "autotile_index": 0.0, "tileset": "spr_medievalinterior", "coord": [ 3.0, 3.0 ] }, "640_-32": { "coord": [ 3.0, 4.0 ], "autotile_index": 0.0, "tileset": "spr_medievalinterior", "autotile": 1.0 }, "992_64": { "autotile": 1.0, "autotile_index": 0.0, "tileset": "spr_medievalinterior", "coord": [ 3.0, 4.0 ] }, "896_480": { "coord": [ 3.0, 3.0 ], "autotile_index": 0.0, "tileset": "spr_medievalinterior", "autotile": 0.0 }, "1088_-96": { "coord": [ 3.0, 3.0 ], "autotile_index": 0.0, "tileset": "spr_medievalinterior", "autotile": 1.0 }, "1472_320": { "coord": [ 1.0, 5.0 ], "autotile_index": 0.0, "tileset": "spr_medievalinterior", "autotile": 1.0 }, "1504_32": { "autotile": 1.0, "autotile_index": 0.0, "tileset": "spr_medievalinterior", "coord": [ 3.0, 3.0 ] }, "96_416": { "autotile": 1.0, "autotile_index": 0.0, "tileset": "spr_medievalinterior", "coord": [ 2.0, 1.0 ] }, "288_448": { "autotile": 0.0, "autotile_index": 0.0, "tileset": "spr_medievalinterior", "coord": [ 6.0, 14.0 ] }, "1184_256": { "autotile": 0.0, "autotile_index": 0.0, "tileset": "spr_medievalinterior", "coord": [ 2.0, 12.0 ] }, "1280_64": { "coord": [ 3.0, 3.0 ], "autotile_index": 0.0, "tileset": "spr_medievalinterior", "autotile": 1.0 }, "928_-64": { "coord": [ 3.0, 3.0 ], "autotile_index": 0.0, "tileset": "spr_medievalinterior", "autotile": 1.0 }, "512_128": { "coord": [ 4.0, 3.0 ], "autotile_index": 0.0, "tileset": "spr_medievalinterior", "autotile": 1.0 }, "1440_32": { "coord": [ 3.0, 3.0 ], "autotile_index": 0.0, "tileset": "spr_medievalinterior", "autotile": 1.0 }, "64_448": { "autotile": 1.0, "autotile_index": 0.0, "tileset": "spr_medievalinterior", "coord": [ 3.0, 2.0 ] }, "1504_288": { "coord": [ 2.0, 4.0 ], "autotile_index": 0.0, "tileset": "spr_medievalinterior", "autotile": 1.0 }, "576_480": { "autotile": 1.0, "autotile_index": 0.0, "tileset": "spr_medievalinterior", "coord": [ 2.0, 1.0 ] }, "32_-32": { "coord": [ 6.0, 1.0 ], "autotile_index": 0.0, "tileset": "spr_medievalinterior", "autotile": 1.0 }, "1344_480": { "coord": [ 2.0, 1.0 ], "autotile_index": 0.0, "tileset": "spr_medievalinterior", "autotile": 1.0 }, "1376_64": { "coord": [ 3.0, 3.0 ], "autotile_index": 0.0, "tileset": "spr_medievalinterior", "autotile": 1.0 }, "32_160": { "coord": [ 5.0, 4.0 ], "autotile_index": 0.0, "tileset": "spr_medievalinterior", "autotile": 1.0 }, "1536_128": { "autotile": 1.0, "autotile_index": 0.0, "tileset": "spr_medievalinterior", "coord": [ 3.0, 3.0 ] }, "768_352": { "autotile": 0.0, "autotile_index": 0.0, "tileset": "spr_medievalinterior", "coord": [ 2.0, 1.0 ] }, "1568_-192": { "coord": [ 0.0, 0.0 ], "autotile_index": 0.0, "tileset": "spr_medievalinterior", "autotile": 1.0 }, "1152_0": { "coord": [ 3.0, 3.0 ], "autotile_index": 0.0, "tileset": "spr_medievalinterior", "autotile": 1.0 }, "96_448": { "autotile": 1.0, "autotile_index": 0.0, "tileset": "spr_medievalinterior", "coord": [ 3.0, 2.0 ] }, "1248_0": { "coord": [ 3.0, 3.0 ], "autotile_index": 0.0, "tileset": "spr_medievalinterior", "autotile": 1.0 }, "864_-96": { "coord": [ 3.0, 3.0 ], "autotile_index": 0.0, "tileset": "spr_medievalinterior", "autotile": 1.0 }, "1632_128": { "autotile": 1.0, "autotile_index": 0.0, "tileset": "spr_medievalinterior", "coord": [ 3.0, 3.0 ] }, "928_32": { "coord": [ 3.0, 3.0 ], "autotile_index": 0.0, "tileset": "spr_medievalinterior", "autotile": 1.0 }, "704_-128": { "coord": [ 3.0, 3.0 ], "autotile_index": 0.0, "tileset": "spr_medievalinterior", "autotile": 1.0 }, "1472_160": { "coord": [ 3.0, 4.0 ], "autotile_index": 0.0, "tileset": "spr_medievalinterior", "autotile": 1.0 }, "96_480": { "autotile": 1.0, "autotile_index": 0.0, "tileset": "spr_medievalinterior", "coord": [ 3.0, 3.0 ] }, "1184_512": { "coord": [ 3.0, 2.0 ], "autotile_index": 0.0, "tileset": "spr_medievalinterior", "autotile": 1.0 }, "96_-32": { "coord": [ 2.0, 5.0 ], "autotile_index": 0.0, "tileset": "spr_medievalinterior", "autotile": 1.0 }, "1024_-96": { "coord": [ 3.0, 3.0 ], "autotile_index": 0.0, "tileset": "spr_medievalinterior", "autotile": 1.0 }, "1088_96": { "autotile": 1.0, "autotile_index": 0.0, "tileset": "spr_medievalinterior", "coord": [ 3.0, 5.0 ] }, "960_-128": { "coord": [ 3.0, 3.0 ], "autotile_index": 0.0, "tileset": "spr_medievalinterior", "autotile": 1.0 }, "1024_-128": { "coord": [ 3.0, 3.0 ], "autotile_index": 0.0, "tileset": "spr_medievalinterior", "autotile": 1.0 }, "1568_320": { "coord": [ 4.0, 5.0 ], "autotile_index": 0.0, "tileset": "spr_medievalinterior", "autotile": 1.0 }, "608_-64": { "coord": [ 3.0, 3.0 ], "autotile_index": 0.0, "tileset": "spr_medievalinterior", "autotile": 1.0 }, "1600_224": { "autotile": 1.0, "autotile_index": 0.0, "tileset": "spr_medievalinterior", "coord": [ 3.0, 3.0 ] }, "736_-32": { "coord": [ 3.0, 3.0 ], "autotile_index": 0.0, "tileset": "spr_medievalinterior", "autotile": 1.0 }, "704_448": { "autotile": 0.0, "autotile_index": 0.0, "tileset": "spr_medievalinterior", "coord": [ 4.0, 12.0 ] }, "768_384": { "autotile": 0.0, "autotile_index": 0.0, "tileset": "spr_medievalinterior", "coord": [ 2.0, 2.0 ] }, "768_480": { "autotile": 0.0, "autotile_index": 0.0, "tileset": "spr_medievalinterior", "coord": [ 2.0, 3.0 ] }, "0_-32": { "coord": [ 4.0, 3.0 ], "autotile_index": 0.0, "tileset": "spr_medievalinterior", "autotile": 1.0 }, "1472_96": { "coord": [ 3.0, 3.0 ], "autotile_index": 0.0, "tileset": "spr_medievalinterior", "autotile": 1.0 }, "1248_96": { "coord": [ 3.0, 3.0 ], "autotile_index": 0.0, "tileset": "spr_medievalinterior", "autotile": 1.0 }, "1536_32": { "autotile": 1.0, "autotile_index": 0.0, "tileset": "spr_medievalinterior", "coord": [ 3.0, 3.0 ] }, "1344_512": { "coord": [ 3.0, 2.0 ], "autotile_index": 0.0, "tileset": "spr_medievalinterior", "autotile": 1.0 }, "1600_-128": { "autotile": 1.0, "autotile_index": 0.0, "tileset": "spr_medievalinterior", "coord": [ 3.0, 3.0 ] }, "1632_32": { "autotile": 1.0, "autotile_index": 0.0, "tileset": "spr_medievalinterior", "coord": [ 3.0, 3.0 ] }, "1216_-32": { "coord": [ 3.0, 3.0 ], "autotile_index": 0.0, "tileset": "spr_medievalinterior", "autotile": 1.0 }, "768_-96": { "coord": [ 3.0, 3.0 ], "autotile_index": 0.0, "tileset": "spr_medievalinterior", "autotile": 1.0 }, "1024_480": { "coord": [ 4.0, 1.0 ], "autotile_index": 0.0, "tileset": "spr_medievalinterior", "autotile": 1.0 }, "704_0": { "coord": [ 8.0, 1.0 ], "autotile_index": 0.0, "tileset": "spr_medievalinterior", "autotile": 1.0 }, "1088_-64": { "coord": [ 3.0, 3.0 ], "autotile_index": 0.0, "tileset": "spr_medievalinterior", "autotile": 1.0 }, "64_-96": { "coord": [ 3.0, 3.0 ], "autotile_index": 0.0, "tileset": "spr_medievalinterior", "autotile": 1.0 }, "1376_192": { "coord": [ 4.0, 5.0 ], "autotile_index": 0.0, "tileset": "spr_medievalinterior", "autotile": 1.0 }, "704_512": { "coord": [ 3.0, 2.0 ], "autotile_index": 0.0, "tileset": "spr_medievalinterior", "autotile": 1.0 }, "544_128": { "coord": [ 5.0, 3.0 ], "autotile_index": 0.0, "tileset": "spr_medievalinterior", "autotile": 1.0 }, "416_-128": { "coord": [ 3.0, 3.0 ], "autotile_index": 0.0, "tileset": "spr_medievalinterior", "autotile": 1.0 }, "1504_224": { "autotile": 1.0, "autotile_index": 0.0, "tileset": "spr_medievalinterior", "coord": [ 2.0, 3.0 ] }, "1600_-32": { "autotile": 1.0, "autotile_index": 0.0, "tileset": "spr_medievalinterior", "coord": [ 3.0, 3.0 ] }, "480_256": { "coord": [ 3.0, 5.0 ], "autotile_index": 0.0, "tileset": "spr_medievalinterior", "autotile": 1.0 }, "1472_192": { "coord": [ 8.0, 1.0 ], "autotile_index": 0.0, "tileset": "spr_medievalinterior", "autotile": 1.0 }, "480_96": { "coord": [ 2.0, 3.0 ], "autotile_index": 0.0, "tileset": "spr_medievalinterior", "autotile": 1.0 }, "0_288": { "coord": [ 4.0, 3.0 ], "autotile_index": 0.0, "tileset": "spr_medievalinterior", "autotile": 1.0 }, "1184_160": { "coord": [ 2.0, 4.0 ], "autotile_index": 0.0, "tileset": "spr_medievalinterior", "autotile": 0.0 }, "832_480": { "coord": [ 3.0, 3.0 ], "autotile_index": 0.0, "tileset": "spr_medievalinterior", "autotile": 1.0 }, "1696_224": { "autotile": 1.0, "autotile_index": 0.0, "tileset": "spr_medievalinterior", "coord": [ 3.0, 3.0 ] }, "1440_-160": { "coord": [ 0.0, 0.0 ], "autotile_index": 0.0, "tileset": "spr_medievalinterior", "autotile": 1.0 }, "256_512": { "autotile": 1.0, "autotile_index": 0.0, "tileset": "spr_medievalinterior", "coord": [ 3.0, 2.0 ] }, "960_32": { "coord": [ 3.0, 3.0 ], "autotile_index": 0.0, "tileset": "spr_medievalinterior", "autotile": 1.0 }, "448_480": { "autotile": 0.0, "autotile_index": 0.0, "tileset": "spr_medievalinterior", "coord": [ 3.0, 13.0 ] }, "384_96": { "coord": [ 1.0, 5.0 ], "autotile_index": 0.0, "tileset": "spr_medievalinterior", "autotile": 1.0 }, "928_448": { "coord": [ 5.0, 2.0 ], "autotile_index": 0.0, "tileset": "spr_medievalinterior", "autotile": 0.0 }, "1056_-96": { "coord": [ 3.0, 3.0 ], "autotile_index": 0.0, "tileset": "spr_medievalinterior", "autotile": 1.0 }, "448_-96": { "coord": [ 3.0, 3.0 ], "autotile_index": 0.0, "tileset": "spr_medievalinterior", "autotile": 1.0 }, "544_96": { "coord": [ 5.0, 2.0 ], "autotile_index": 0.0, "tileset": "spr_medievalinterior", "autotile": 1.0 }, "1344_-96": { "coord": [ 3.0, 3.0 ], "autotile_index": 0.0, "tileset": "spr_medievalinterior", "autotile": 1.0 }, "1120_-64": { "coord": [ 3.0, 3.0 ], "autotile_index": 0.0, "tileset": "spr_medievalinterior", "autotile": 1.0 }, "1184_128": { "coord": [ 2.0, 3.0 ], "autotile_index": 0.0, "tileset": "spr_medievalinterior", "autotile": 0.0 }, "1504_-192": { "coord": [ 0.0, 0.0 ], "autotile_index": 0.0, "tileset": "spr_medievalinterior", "autotile": 1.0 }, "128_512": { "autotile": 1.0, "autotile_index": 0.0, "tileset": "spr_medievalinterior", "coord": [ 3.0, 3.0 ] }, "576_0": { "coord": [ 4.0, 5.0 ], "autotile_index": 0.0, "tileset": "spr_medievalinterior", "autotile": 1.0 }, "352_512": { "autotile": 1.0, "autotile_index": 0.0, "tileset": "spr_medievalinterior", "coord": [ 3.0, 2.0 ] }, "1632_64": { "autotile": 1.0, "autotile_index": 0.0, "tileset": "spr_medievalinterior", "coord": [ 3.0, 3.0 ] }, "1600_160": { "autotile": 1.0, "autotile_index": 0.0, "tileset": "spr_medievalinterior", "coord": [ 3.0, 3.0 ] }, "928_-32": { "coord": [ 3.0, 3.0 ], "autotile_index": 0.0, "tileset": "spr_medievalinterior", "autotile": 1.0 }, "544_-128": { "coord": [ 3.0, 3.0 ], "autotile_index": 0.0, "tileset": "spr_medievalinterior", "autotile": 1.0 }, "992_96": { "autotile": 1.0, "autotile_index": 0.0, "tileset": "spr_medievalinterior", "coord": [ 3.0, 5.0 ] }, "416_480": { "coord": [ 7.0, 14.0 ], "autotile_index": 0.0, "tileset": "spr_medievalinterior", "autotile": 0.0 }, "1536_64": { "autotile": 1.0, "autotile_index": 0.0, "tileset": "spr_medievalinterior", "coord": [ 3.0, 3.0 ] }, "1472_256": { "coord": [ 1.0, 2.0 ], "autotile_index": 0.0, "tileset": "spr_medievalinterior", "autotile": 1.0 }, "576_-32": { "coord": [ 3.0, 4.0 ], "autotile_index": 0.0, "tileset": "spr_medievalinterior", "autotile": 1.0 }, "1504_-128": { "coord": [ 3.0, 3.0 ], "autotile_index": 0.0, "tileset": "spr_medievalinterior", "autotile": 1.0 }, "1408_128": { "coord": [ 3.0, 3.0 ], "autotile_index": 0.0, "tileset": "spr_medievalinterior", "autotile": 1.0 }, "448_-128": { "coord": [ 3.0, 3.0 ], "autotile_index": 0.0, "tileset": "spr_medievalinterior", "autotile": 1.0 }, "1440_480": { "coord": [ 2.0, 1.0 ], "autotile_index": 0.0, "tileset": "spr_medievalinterior", "autotile": 1.0 }, "224_448": { "autotile": 0.0, "autotile_index": 0.0, "tileset": "spr_medievalinterior", "coord": [ 2.0, 8.0 ] }, "32_288": { "coord": [ 5.0, 3.0 ], "autotile_index": 0.0, "tileset": "spr_medievalinterior", "autotile": 1.0 }, "864_512": { "coord": [ 3.0, 3.0 ], "autotile_index": 0.0, "tileset": "spr_medievalinterior", "autotile": 1.0 }, "1312_160": { "coord": [ 3.0, 4.0 ], "autotile_index": 0.0, "tileset": "spr_medievalinterior", "autotile": 1.0 }, "1568_64": { "autotile": 1.0, "autotile_index": 0.0, "tileset": "spr_medievalinterior", "coord": [ 3.0, 3.0 ] }, "1120_32": { "coord": [ 3.0, 3.0 ], "autotile_index": 0.0, "tileset": "spr_medievalinterior", "autotile": 1.0 }, "1376_-32": { "coord": [ 3.0, 3.0 ], "autotile_index": 0.0, "tileset": "spr_medievalinterior", "autotile": 1.0 }, "384_448": { "autotile": 0.0, "autotile_index": 0.0, "tileset": "spr_medievalinterior", "coord": [ 6.0, 13.0 ] }, "1280_512": { "coord": [ 3.0, 2.0 ], "autotile_index": 0.0, "tileset": "spr_medievalinterior", "autotile": 1.0 }, "1056_-128": { "coord": [ 3.0, 3.0 ], "autotile_index": 0.0, "tileset": "spr_medievalinterior", "autotile": 1.0 }, "768_512": { "coord": [ 3.0, 3.0 ], "autotile_index": 0.0, "tileset": "spr_medievalinterior", "autotile": 1.0 }, "1600_-96": { "autotile": 1.0, "autotile_index": 0.0, "tileset": "spr_medievalinterior", "coord": [ 3.0, 3.0 ] }, "1216_160": { "coord": [ 3.0, 4.0 ], "autotile_index": 0.0, "tileset": "spr_medievalinterior", "autotile": 0.0 }, "1184_224": { "autotile": 0.0, "autotile_index": 0.0, "tileset": "spr_medievalinterior", "coord": [ 2.0, 11.0 ] }, "864_96": { "autotile": 1.0, "autotile_index": 0.0, "tileset": "spr_medievalinterior", "coord": [ 3.0, 5.0 ] }, "384_64": { "coord": [ 1.0, 3.0 ], "autotile_index": 0.0, "tileset": "spr_medievalinterior", "autotile": 1.0 }, "32_320": { "coord": [ 5.0, 3.0 ], "autotile_index": 0.0, "tileset": "spr_medievalinterior", "autotile": 1.0 }, "1408_-64": { "coord": [ 3.0, 3.0 ], "autotile_index": 0.0, "tileset": "spr_medievalinterior", "autotile": 1.0 }, "1504_128": { "autotile": 1.0, "autotile_index": 0.0, "tileset": "spr_medievalinterior", "coord": [ 3.0, 3.0 ] }, "928_96": { "autotile": 1.0, "autotile_index": 0.0, "tileset": "spr_medievalinterior", "coord": [ 4.0, 5.0 ] }, "416_64": { "coord": [ 2.0, 4.0 ], "autotile_index": 0.0, "tileset": "spr_medievalinterior", "autotile": 1.0 }, "1120_512": { "coord": [ 3.0, 2.0 ], "autotile_index": 0.0, "tileset": "spr_medievalinterior", "autotile": 1.0 }, "1504_160": { "autotile": 1.0, "autotile_index": 0.0, "tileset": "spr_medievalinterior", "coord": [ 3.0, 3.0 ] }, "1376_32": { "coord": [ 3.0, 3.0 ], "autotile_index": 0.0, "tileset": "spr_medievalinterior", "autotile": 1.0 }, "1088_-32": { "coord": [ 3.0, 3.0 ], "autotile_index": 0.0, "tileset": "spr_medievalinterior", "autotile": 1.0 }, "1280_480": { "coord": [ 4.0, 1.0 ], "autotile_index": 0.0, "tileset": "spr_medievalinterior", "autotile": 1.0 }, "1312_-64": { "coord": [ 3.0, 3.0 ], "autotile_index": 0.0, "tileset": "spr_medievalinterior", "autotile": 1.0 }, "1152_32": { "coord": [ 3.0, 3.0 ], "autotile_index": 0.0, "tileset": "spr_medievalinterior", "autotile": 1.0 }, "544_32": { "coord": [ 5.0, 4.0 ], "autotile_index": 0.0, "tileset": "spr_medievalinterior", "autotile": 1.0 }, "224_-96": { "coord": [ 3.0, 5.0 ], "autotile_index": 0.0, "tileset": "spr_medievalinterior", "autotile": 1.0 }, "1600_-192": { "coord": [ 0.0, 0.0 ], "autotile_index": 0.0, "tileset": "spr_medievalinterior", "autotile": 1.0 }, "0_64": { "coord": [ 4.0, 3.0 ], "autotile_index": 0.0, "tileset": "spr_medievalinterior", "autotile": 1.0 }, "1216_128": { "coord": [ 3.0, 3.0 ], "autotile_index": 0.0, "tileset": "spr_medievalinterior", "autotile": 0.0 }, "1472_128": { "coord": [ 3.0, 3.0 ], "autotile_index": 0.0, "tileset": "spr_medievalinterior", "autotile": 1.0 }, "1664_224": { "autotile": 1.0, "autotile_index": 0.0, "tileset": "spr_medievalinterior", "coord": [ 3.0, 3.0 ] }, "1440_0": { "coord": [ 3.0, 3.0 ], "autotile_index": 0.0, "tileset": "spr_medievalinterior", "autotile": 1.0 }, "1216_480": { "coord": [ 2.0, 1.0 ], "autotile_index": 0.0, "tileset": "spr_medievalinterior", "autotile": 1.0 }, "352_448": { "autotile": 0.0, "autotile_index": 0.0, "tileset": "spr_medievalinterior", "coord": [ 5.0, 13.0 ] }, "1568_-64": { "autotile": 1.0, "autotile_index": 0.0, "tileset": "spr_medievalinterior", "coord": [ 3.0, 3.0 ] }, "288_480": { "autotile": 0.0, "autotile_index": 0.0, "tileset": "spr_medievalinterior", "coord": [ 2.0, 8.0 ] }, "1536_-192": { "coord": [ 0.0, 0.0 ], "autotile_index": 0.0, "tileset": "spr_medievalinterior", "autotile": 1.0 }, "1568_32": { "autotile": 1.0, "autotile_index": 0.0, "tileset": "spr_medievalinterior", "coord": [ 3.0, 3.0 ] }, "32_224": { "coord": [ 5.0, 3.0 ], "autotile_index": 0.0, "tileset": "spr_medievalinterior", "autotile": 1.0 }, "160_416": { "autotile": 1.0, "autotile_index": 0.0, "tileset": "spr_medievalinterior", "coord": [ 2.0, 1.0 ] }, "1632_224": { "autotile": 1.0, "autotile_index": 0.0, "tileset": "spr_medievalinterior", "coord": [ 3.0, 3.0 ] }, "448_256": { "coord": [ 1.0, 5.0 ], "autotile_index": 0.0, "tileset": "spr_medievalinterior", "autotile": 1.0 }, "1344_64": { "coord": [ 3.0, 3.0 ], "autotile_index": 0.0, "tileset": "spr_medievalinterior", "autotile": 1.0 }, "192_416": { "autotile": 1.0, "autotile_index": 0.0, "tileset": "spr_medievalinterior", "coord": [ 4.0, 1.0 ] }, "1696_-96": { "autotile": 1.0, "autotile_index": 0.0, "tileset": "spr_medievalinterior", "coord": [ 3.0, 3.0 ] }, "1536_320": { "coord": [ 3.0, 5.0 ], "autotile_index": 0.0, "tileset": "spr_medievalinterior", "autotile": 1.0 }, "992_480": { "coord": [ 4.0, 1.0 ], "autotile_index": 0.0, "tileset": "spr_medievalinterior", "autotile": 1.0 }, "64_-32": { "coord": [ 2.0, 5.0 ], "autotile_index": 0.0, "tileset": "spr_medievalinterior", "autotile": 1.0 }, "0_416": { "autotile": 1.0, "autotile_index": 0.0, "tileset": "spr_medievalinterior", "coord": [ 4.0, 3.0 ] }, "672_-128": { "coord": [ 3.0, 3.0 ], "autotile_index": 0.0, "tileset": "spr_medievalinterior", "autotile": 1.0 }, "1440_-96": { "coord": [ 3.0, 3.0 ], "autotile_index": 0.0, "tileset": "spr_medievalinterior", "autotile": 1.0 }, "96_-64": { "coord": [ 3.0, 4.0 ], "autotile_index": 0.0, "tileset": "spr_medievalinterior", "autotile": 1.0 }, "96_-128": { "coord": [ 3.0, 3.0 ], "autotile_index": 0.0, "tileset": "spr_medievalinterior", "autotile": 1.0 }, "1696_-32": { "autotile": 1.0, "autotile_index": 0.0, "tileset": "spr_medievalinterior", "coord": [ 3.0, 3.0 ] }, "864_-128": { "coord": [ 3.0, 3.0 ], "autotile_index": 0.0, "tileset": "spr_medievalinterior", "autotile": 1.0 }, "128_416": { "autotile": 1.0, "autotile_index": 0.0, "tileset": "spr_medievalinterior", "coord": [ 3.0, 1.0 ] }, "1088_0": { "coord": [ 3.0, 3.0 ], "autotile_index": 0.0, "tileset": "spr_medievalinterior", "autotile": 1.0 }, "1216_0": { "coord": [ 3.0, 3.0 ], "autotile_index": 0.0, "tileset": "spr_medievalinterior", "autotile": 1.0 }, "384_-96": { "coord": [ 3.0, 3.0 ], "autotile_index": 0.0, "tileset": "spr_medievalinterior", "autotile": 1.0 }, "1568_512": { "autotile": 1.0, "autotile_index": 0.0, "tileset": "spr_medievalinterior", "coord": [ 3.0, 2.0 ] }, "1664_288": { "autotile": 1.0, "autotile_index": 0.0, "tileset": "spr_medievalinterior", "coord": [ 3.0, 4.0 ] }, "1280_32": { "coord": [ 3.0, 3.0 ], "autotile_index": 0.0, "tileset": "spr_medievalinterior", "autotile": 1.0 }, "0_-64": { "coord": [ 3.0, 3.0 ], "autotile_index": 0.0, "tileset": "spr_medievalinterior", "autotile": 1.0 }, "1504_-160": { "coord": [ 0.0, 0.0 ], "autotile_index": 0.0, "tileset": "spr_medievalinterior", "autotile": 1.0 }, "416_32": { "coord": [ 2.0, 3.0 ], "autotile_index": 0.0, "tileset": "spr_medievalinterior", "autotile": 1.0 }, "1600_480": { "autotile": 1.0, "autotile_index": 0.0, "tileset": "spr_medievalinterior", "coord": [ 2.0, 1.0 ] }, "608_-32": { "coord": [ 3.0, 4.0 ], "autotile_index": 0.0, "tileset": "spr_medievalinterior", "autotile": 1.0 }, "800_352": { "autotile": 0.0, "autotile_index": 0.0, "tileset": "spr_medievalinterior", "coord": [ 3.0, 1.0 ] }, "800_512": { "coord": [ 3.0, 3.0 ], "autotile_index": 0.0, "tileset": "spr_medievalinterior", "autotile": 1.0 }, "672_-64": { "coord": [ 3.0, 3.0 ], "autotile_index": 0.0, "tileset": "spr_medievalinterior", "autotile": 1.0 }, "1408_64": { "coord": [ 3.0, 3.0 ], "autotile_index": 0.0, "tileset": "spr_medievalinterior", "autotile": 1.0 }, "480_-128": { "coord": [ 3.0, 3.0 ], "autotile_index": 0.0, "tileset": "spr_medievalinterior", "autotile": 1.0 }, "1056_0": { "coord": [ 3.0, 3.0 ], "autotile_index": 0.0, "tileset": "spr_medievalinterior", "autotile": 1.0 }, "1504_192": { "autotile": 1.0, "autotile_index": 0.0, "tileset": "spr_medievalinterior", "coord": [ 2.0, 3.0 ] }, "448_128": { "coord": [ 1.0, 3.0 ], "autotile_index": 0.0, "tileset": "spr_medievalinterior", "autotile": 1.0 }, "64_416": { "autotile": 1.0, "autotile_index": 0.0, "tileset": "spr_medievalinterior", "coord": [ 3.0, 1.0 ] }, "1248_128": { "coord": [ 3.0, 3.0 ], "autotile_index": 0.0, "tileset": "spr_medievalinterior", "autotile": 0.0 }, "736_480": { "autotile": 0.0, "autotile_index": 0.0, "tileset": "spr_medievalinterior", "coord": [ 4.0, 9.0 ] }, "320_448": { "autotile": 0.0, "autotile_index": 0.0, "tileset": "spr_medievalinterior", "coord": [ 7.0, 14.0 ] }, "1600_128": { "autotile": 1.0, "autotile_index": 0.0, "tileset": "spr_medievalinterior", "coord": [ 3.0, 3.0 ] }, "1312_-32": { "coord": [ 3.0, 3.0 ], "autotile_index": 0.0, "tileset": "spr_medievalinterior", "autotile": 1.0 }, "544_512": { "autotile": 1.0, "autotile_index": 0.0, "tileset": "spr_medievalinterior", "coord": [ 3.0, 2.0 ] }, "544_480": { "autotile": 1.0, "autotile_index": 0.0, "tileset": "spr_medievalinterior", "coord": [ 3.0, 1.0 ] }, "544_160": { "coord": [ 5.0, 4.0 ], "autotile_index": 0.0, "tileset": "spr_medievalinterior", "autotile": 1.0 }, "1184_480": { "coord": [ 2.0, 1.0 ], "autotile_index": 0.0, "tileset": "spr_medievalinterior", "autotile": 1.0 }, "416_448": { "autotile": 0.0, "autotile_index": 0.0, "tileset": "spr_medievalinterior", "coord": [ 7.0, 13.0 ] }, "672_-96": { "coord": [ 3.0, 3.0 ], "autotile_index": 0.0, "tileset": "spr_medievalinterior", "autotile": 1.0 }, "1568_-32": { "autotile": 1.0, "autotile_index": 0.0, "tileset": "spr_medievalinterior", "coord": [ 3.0, 3.0 ] }, "608_512": { "autotile": 1.0, "autotile_index": 0.0, "tileset": "spr_medievalinterior", "coord": [ 3.0, 2.0 ] }, "960_-96": { "coord": [ 3.0, 3.0 ], "autotile_index": 0.0, "tileset": "spr_medievalinterior", "autotile": 1.0 }, "1440_-128": { "coord": [ 3.0, 3.0 ], "autotile_index": 0.0, "tileset": "spr_medievalinterior", "autotile": 1.0 }, "1696_288": { "autotile": 1.0, "autotile_index": 0.0, "tileset": "spr_medievalinterior", "coord": [ 3.0, 4.0 ] }, "1600_320": { "autotile": 1.0, "autotile_index": 0.0, "tileset": "spr_medievalinterior", "coord": [ 3.0, 5.0 ] }, "0_448": { "autotile": 1.0, "autotile_index": 0.0, "tileset": "spr_medievalinterior", "coord": [ 3.0, 3.0 ] }, "1504_256": { "coord": [ 2.0, 3.0 ], "autotile_index": 0.0, "tileset": "spr_medievalinterior", "autotile": 1.0 }, "992_-128": { "coord": [ 3.0, 3.0 ], "autotile_index": 0.0, "tileset": "spr_medievalinterior", "autotile": 1.0 }, "1216_-128": { "coord": [ 3.0, 3.0 ], "autotile_index": 0.0, "tileset": "spr_medievalinterior", "autotile": 1.0 }, "1280_96": { "coord": [ 3.0, 3.0 ], "autotile_index": 0.0, "tileset": "spr_medievalinterior", "autotile": 1.0 }, "1248_64": { "coord": [ 3.0, 3.0 ], "autotile_index": 0.0, "tileset": "spr_medievalinterior", "autotile": 1.0 }, "-32_64": { "autotile": 1.0, "autotile_index": 0.0, "tileset": "tile_strongcold", "coord": [ 0.0, 0.0 ] }, "1632_-160": { "coord": [ 0.0, 0.0 ], "autotile_index": 0.0, "tileset": "spr_medievalinterior", "autotile": 1.0 }, "992_512": { "coord": [ 3.0, 2.0 ], "autotile_index": 0.0, "tileset": "spr_medievalinterior", "autotile": 1.0 }, "1472_-64": { "coord": [ 3.0, 3.0 ], "autotile_index": 0.0, "tileset": "spr_medievalinterior", "autotile": 1.0 }, "1504_480": { "coord": [ 2.0, 1.0 ], "autotile_index": 0.0, "tileset": "spr_medievalinterior", "autotile": 1.0 }, "1472_32": { "coord": [ 3.0, 3.0 ], "autotile_index": 0.0, "tileset": "spr_medievalinterior", "autotile": 1.0 }, "352_480": { "autotile": 0.0, "autotile_index": 0.0, "tileset": "spr_medievalinterior", "coord": [ 2.0, 8.0 ] }, "416_-64": { "coord": [ 3.0, 3.0 ], "autotile_index": 0.0, "tileset": "spr_medievalinterior", "autotile": 1.0 }, "0_-96": { "coord": [ 3.0, 3.0 ], "autotile_index": 0.0, "tileset": "spr_medievalinterior", "autotile": 1.0 }, "1024_64": { "autotile": 1.0, "autotile_index": 0.0, "tileset": "spr_medievalinterior", "coord": [ 3.0, 4.0 ] }, "1568_288": { "coord": [ 3.0, 4.0 ], "autotile_index": 0.0, "tileset": "spr_medievalinterior", "autotile": 1.0 }, "672_0": { "coord": [ 3.0, 5.0 ], "autotile_index": 0.0, "tileset": "spr_medievalinterior", "autotile": 1.0 }, "832_512": { "coord": [ 3.0, 3.0 ], "autotile_index": 0.0, "tileset": "spr_medievalinterior", "autotile": 1.0 }, "1312_32": { "coord": [ 3.0, 3.0 ], "autotile_index": 0.0, "tileset": "spr_medievalinterior", "autotile": 1.0 }, "512_256": { "coord": [ 2.0, 5.0 ], "autotile_index": 0.0, "tileset": "spr_medievalinterior", "autotile": 1.0 }, "1536_224": { "autotile": 1.0, "autotile_index": 0.0, "tileset": "spr_medievalinterior", "coord": [ 3.0, 3.0 ] }, "1184_64": { "autotile": 1.0, "autotile_index": 0.0, "tileset": "spr_medievalinterior", "coord": [ 3.0, 3.0 ] }, "1472_-192": { "coord": [ 0.0, 0.0 ], "autotile_index": 0.0, "tileset": "spr_medievalinterior", "autotile": 1.0 }, "800_384": { "autotile": 0.0, "autotile_index": 0.0, "tileset": "spr_medievalinterior", "coord": [ 4.0, 2.0 ] }, "1504_0": { "autotile": 1.0, "autotile_index": 0.0, "tileset": "spr_medievalinterior", "coord": [ 3.0, 3.0 ] }, "32_416": { "autotile": 1.0, "autotile_index": 0.0, "tileset": "spr_medievalinterior", "coord": [ 6.0, 5.0 ] }, "1184_-96": { "coord": [ 3.0, 3.0 ], "autotile_index": 0.0, "tileset": "spr_medievalinterior", "autotile": 1.0 }, "448_64": { "coord": [ 3.0, 4.0 ], "autotile_index": 0.0, "tileset": "spr_medievalinterior", "autotile": 1.0 }, "288_512": { "autotile": 1.0, "autotile_index": 0.0, "tileset": "spr_medievalinterior", "coord": [ 3.0, 2.0 ] }, "896_32": { "coord": [ 3.0, 3.0 ], "autotile_index": 0.0, "tileset": "spr_medievalinterior", "autotile": 1.0 }, "160_448": { "autotile": 1.0, "autotile_index": 0.0, "tileset": "spr_medievalinterior", "coord": [ 3.0, 2.0 ] }, "1120_64": { "autotile": 1.0, "autotile_index": 0.0, "tileset": "spr_medievalinterior", "coord": [ 3.0, 4.0 ] }, "224_416": { "autotile": 0.0, "autotile_index": 0.0, "tileset": "spr_medievalinterior", "coord": [ 6.0, 11.0 ] }, "1600_288": { "autotile": 1.0, "autotile_index": 0.0, "tileset": "spr_medievalinterior", "coord": [ 3.0, 4.0 ] }, "160_-128": { "coord": [ 3.0, 4.0 ], "autotile_index": 0.0, "tileset": "spr_medievalinterior", "autotile": 1.0 }, "32_-64": { "coord": [ 3.0, 4.0 ], "autotile_index": 0.0, "tileset": "spr_medievalinterior", "autotile": 1.0 }, "1696_320": { "autotile": 1.0, "autotile_index": 0.0, "tileset": "spr_medievalinterior", "coord": [ 3.0, 5.0 ] }, "1376_-128": { "coord": [ 3.0, 3.0 ], "autotile_index": 0.0, "tileset": "spr_medievalinterior", "autotile": 1.0 }, "864_32": { "coord": [ 3.0, 3.0 ], "autotile_index": 0.0, "tileset": "spr_medievalinterior", "autotile": 1.0 }, "448_-32": { "coord": [ 3.0, 3.0 ], "autotile_index": 0.0, "tileset": "spr_medievalinterior", "autotile": 1.0 }, "1312_512": { "coord": [ 3.0, 2.0 ], "autotile_index": 0.0, "tileset": "spr_medievalinterior", "autotile": 1.0 }, "1216_-96": { "coord": [ 3.0, 3.0 ], "autotile_index": 0.0, "tileset": "spr_medievalinterior", "autotile": 1.0 }, "0_512": { "autotile": 1.0, "autotile_index": 0.0, "tileset": "spr_medievalinterior", "coord": [ 3.0, 3.0 ] }, "1504_-96": { "coord": [ 3.0, 3.0 ], "autotile_index": 0.0, "tileset": "spr_medievalinterior", "autotile": 1.0 }, "1536_160": { "autotile": 1.0, "autotile_index": 0.0, "tileset": "spr_medievalinterior", "coord": [ 3.0, 3.0 ] }, "1120_480": { "coord": [ 2.0, 1.0 ], "autotile_index": 0.0, "tileset": "spr_medievalinterior", "autotile": 1.0 }, "544_192": { "coord": [ 5.0, 2.0 ], "autotile_index": 0.0, "tileset": "spr_medievalinterior", "autotile": 1.0 }, "704_-64": { "coord": [ 3.0, 3.0 ], "autotile_index": 0.0, "tileset": "spr_medievalinterior", "autotile": 1.0 }, "32_384": { "autotile": 1.0, "autotile_index": 0.0, "tileset": "spr_medievalinterior", "coord": [ 5.0, 4.0 ] }, "608_0": { "coord": [ 3.0, 5.0 ], "autotile_index": 0.0, "tileset": "spr_medievalinterior", "autotile": 1.0 }, "896_64": { "autotile": 1.0, "autotile_index": 0.0, "tileset": "spr_medievalinterior", "coord": [ 3.0, 4.0 ] }, "1120_-128": { "coord": [ 3.0, 3.0 ], "autotile_index": 0.0, "tileset": "spr_medievalinterior", "autotile": 1.0 }, "1664_512": { "autotile": 1.0, "autotile_index": 0.0, "tileset": "spr_medievalinterior", "coord": [ 3.0, 2.0 ] } } }, "backgrounds": { "5": { "x": 0.0, "scroll_x": 0.0, "tile_y": 1.0, "hspeed": 0.5, "scroll_y": 0.0, "y": 0.0, "sprite": "fireblue", "tile_x": 1.0, "vspeed": 0.0, "image_speed": 15.0, "panic_sprite": -1.0 } }, "properties": { "song": "Into_pizzaFaces's_City", "roomX": 0.0, "levelWidth": 1728.0, "roomY": -128.0, "levelHeight": 540.0, "songTransitionTime": 100.0 } }