{ "editorVersion": 5.0, "instances": [ { "layer": 0.0, "deleted": 0.0, "variables": { "x": 64.0, "y": 480.0, "image_xscale": 51.0, "image_yscale": 2.0, "flipX": 0.0, "flipY": 0.0 }, "object": 517.0 }, { "layer": 0.0, "deleted": 0.0, "variables": { "x": 896.0, "y": -64.0, "image_xscale": 3.0, "image_yscale": 13.0, "flipX": 0.0, "flipY": 0.0 }, "object": 517.0 }, { "layer": 0.0, "deleted": 0.0, "variables": { "x": 0.0, "y": -384.0, "image_xscale": 2.0, "image_yscale": 29.0, "flipX": 0.0, "flipY": 0.0 }, "object": 517.0 }, { "layer": 0.0, "deleted": 0.0, "variables": { "x": 224.0, "y": -64.0, "image_xscale": 3.0, "image_yscale": 8.0, "flipX": 0.0, "flipY": 0.0 }, "object": 517.0 }, { "layer": 0.0, "deleted": 0.0, "variables": { "x": 160.0, "flipX": 0.0, "y": 0.0, "flipY": 0.0 }, "object": 11.0 }, { "layer": 0.0, "deleted": 0.0, "variables": { "x": 448.0, "y": -64.0, "image_xscale": 2.0, "image_yscale": 6.0, "flipX": 0.0, "flipY": 0.0 }, "object": 517.0 }, { "layer": 0.0, "deleted": 0.0, "variables": { "x": 512.0, "y": -64.0, "image_xscale": 2.0, "image_yscale": 5.0, "flipX": 0.0, "flipY": 0.0 }, "object": 517.0 }, { "layer": 0.0, "deleted": 0.0, "variables": { "x": 576.0, "y": -64.0, "image_xscale": 10.0, "image_yscale": 4.0, "flipX": 0.0, "flipY": 0.0 }, "object": 517.0 }, { "layer": 0.0, "deleted": 0.0, "variables": { "x": 864.0, "y": 64.0, "image_xscale": 1.0, "image_yscale": 2.0, "flipX": 0.0, "flipY": 0.0 }, "object": 517.0 }, { "layer": 0.0, "deleted": 0.0, "variables": { "x": 704.0, "y": 64.0, "image_xscale": 2.0, "image_yscale": 4.0, "flipX": 0.0, "flipY": 0.0 }, "object": 517.0 }, { "layer": 0.0, "deleted": 0.0, "variables": { "x": 640.0, "y": 64.0, "image_xscale": 2.0, "image_yscale": 2.0, "flipX": 0.0, "flipY": 0.0 }, "object": 517.0 }, { "layer": 0.0, "deleted": 0.0, "variables": { "x": 96.0, "y": 384.0, "targetRoom": "room1", "image_xscale": 1.0, "image_yscale": 1.0, "flipX": 0.0, "flipY": 0.0 }, "object": 795.0 }, { "layer": 0.0, "deleted": 0.0, "variables": { "x": 128.0, "y": 448.0, "image_xscale": 1.0, "image_yscale": 1.0, "flipX": 0.0, "flipY": 0.0 }, "object": 806.0 }, { "layer": 0.0, "deleted": 0.0, "variables": { "x": 224.0, "y": 416.0, "image_xscale": 4.0, "image_yscale": 2.0, "flipX": 0.0, "flipY": 0.0 }, "object": 517.0 }, { "layer": 0.0, "deleted": 0.0, "variables": { "x": 320.0, "y": -64.0, "image_xscale": 4.0, "image_yscale": 3.0, "flipX": 0.0, "flipY": 0.0 }, "object": 517.0 }, { "layer": 0.0, "deleted": 0.0, "variables": { "x": 64.0, "y": -64.0, "image_xscale": 3.0, "image_yscale": 8.0, "flipX": 0.0, "flipY": 0.0 }, "object": 517.0 }, { "layer": 0.0, "deleted": 0.0, "variables": { "x": 1376.0, "flipX": 0.0, "y": -192.0, "flipY": 0.0 }, "object": 746.0 }, { "layer": 0.0, "deleted": 0.0, "variables": { "x": 1376.0, "flipX": 0.0, "y": -256.0, "flipY": 0.0 }, "object": 746.0 }, { "layer": 0.0, "deleted": 0.0, "variables": { "x": 64.0, "y": -384.0, "image_xscale": 51.0, "image_yscale": 2.0, "flipX": 0.0, "flipY": 0.0 }, "object": 517.0 }, { "layer": 0.0, "deleted": 0.0, "variables": { "x": 1376.0, "y": -320.0, "image_xscale": 2.0, "image_yscale": 2.0, "flipX": 0.0, "flipY": 0.0 }, "object": 517.0 }, { "layer": 0.0, "deleted": 0.0, "variables": { "x": 1632.0, "y": -320.0, "image_xscale": 2.0, "image_yscale": 10.0, "flipX": 0.0, "flipY": 0.0 }, "object": 517.0 }, { "layer": 0.0, "deleted": 0.0, "variables": { "x": 1376.0, "y": -64.0, "image_xscale": 8.0, "image_yscale": 2.0, "flipX": 0.0, "flipY": 0.0 }, "object": 517.0 }, { "layer": 0.0, "deleted": 0.0, "variables": { "x": 1376.0, "y": -128.0, "image_xscale": 2.0, "image_yscale": 2.0, "flipX": 0.0, "flipY": 0.0 }, "object": 517.0 }, { "layer": 0.0, "deleted": 0.0, "variables": { "x": 1568.0, "flipX": 1.0, "y": -111.0, "flipY": 0.0 }, "object": 457.0 }, { "layer": 0.0, "deleted": 0.0, "variables": { "x": 160.0, "y": -64.0, "image_xscale": 1.0, "image_yscale": 1.0, "flipX": 0.0, "flipY": 0.0 }, "object": 746.0 }, { "layer": 0.0, "deleted": 0.0, "variables": { "x": 192.0, "flipX": 0.0, "y": 32.0, "flipY": 0.0 }, "object": 11.0 }, { "layer": 0.0, "deleted": 0.0, "variables": { "x": 160.0, "flipX": 0.0, "y": 64.0, "flipY": 0.0 }, "object": 11.0 }, { "layer": 0.0, "deleted": 0.0, "variables": { "x": 192.0, "flipX": 0.0, "y": 96.0, "flipY": 0.0 }, "object": 11.0 }, { "layer": 0.0, "deleted": 0.0, "variables": { "x": 160.0, "flipX": 0.0, "y": 128.0, "flipY": 0.0 }, "object": 11.0 }, { "layer": 0.0, "deleted": 0.0, "variables": { "x": 192.0, "flipX": 0.0, "y": 160.0, "flipY": 0.0 }, "object": 11.0 } ], "tile_data": { "5": { "256_32": { "autotile": 1.0, "autotile_index": 0.0, "tileset": "spr_waroutsidetile2858", "coord": [ 3.0, 10.0 ] }, "928_608": { "autotile": 1.0, "autotile_index": 0.0, "tileset": "spr_waroutsidetile2858", "coord": [ 0.0, 0.0 ] }, "1632_-224": { "coord": [ 1.0, 8.0 ], "autotile_index": 0.0, "tileset": "spr_waroutsidetile2858", "autotile": 1.0 }, "288_160": { "autotile": 1.0, "autotile_index": 0.0, "tileset": "spr_waroutsidetile2858", "coord": [ 5.0, 11.0 ] }, "0_32": { "autotile": 1.0, "autotile_index": 0.0, "tileset": "spr_waroutsidetile2858", "coord": [ 3.0, 9.0 ] }, "1632_512": { "coord": [ 3.0, 8.0 ], "autotile_index": 0.0, "tileset": "spr_waroutsidetile2858", "autotile": 1.0 }, "1088_-384": { "coord": [ 3.0, 10.0 ], "autotile_index": 0.0, "tileset": "spr_waroutsidetile2858", "autotile": 1.0 }, "320_-32": { "autotile": 1.0, "autotile_index": 0.0, "tileset": "spr_waroutsidetile2858", "coord": [ 3.0, 10.0 ] }, "1632_-96": { "coord": [ 1.0, 8.0 ], "autotile_index": 0.0, "tileset": "spr_waroutsidetile2858", "autotile": 1.0 }, "0_-224": { "coord": [ 4.0, 9.0 ], "autotile_index": 0.0, "tileset": "spr_waroutsidetile2858", "autotile": 1.0 }, "768_-384": { "coord": [ 3.0, 10.0 ], "autotile_index": 0.0, "tileset": "spr_waroutsidetile2858", "autotile": 1.0 }, "480_-64": { "autotile": 1.0, "autotile_index": 0.0, "tileset": "spr_waroutsidetile2858", "coord": [ 3.0, 7.0 ] }, "768_32": { "autotile": 1.0, "autotile_index": 0.0, "tileset": "spr_waroutsidetile2858", "coord": [ 2.0, 11.0 ] }, "384_-352": { "coord": [ 2.0, 11.0 ], "autotile_index": 0.0, "tileset": "spr_waroutsidetile2858", "autotile": 1.0 }, "1408_512": { "coord": [ 3.0, 8.0 ], "autotile_index": 0.0, "tileset": "spr_waroutsidetile2858", "autotile": 1.0 }, "64_512": { "coord": [ 3.0, 8.0 ], "autotile_index": 0.0, "tileset": "spr_waroutsidetile2858", "autotile": 1.0 }, "960_128": { "autotile": 1.0, "autotile_index": 0.0, "tileset": "spr_waroutsidetile2858", "coord": [ 5.0, 10.0 ] }, "480_0": { "autotile": 1.0, "autotile_index": 0.0, "tileset": "spr_waroutsidetile2858", "coord": [ 2.0, 9.0 ] }, "768_0": { "autotile": 1.0, "autotile_index": 0.0, "tileset": "spr_waroutsidetile2858", "coord": [ 3.0, 10.0 ] }, "832_0": { "autotile": 1.0, "autotile_index": 0.0, "tileset": "spr_waroutsidetile2858", "coord": [ 3.0, 10.0 ] }, "704_64": { "autotile": 1.0, "autotile_index": 0.0, "tileset": "spr_waroutsidetile2858", "coord": [ 4.0, 10.0 ] }, "448_0": { "autotile": 1.0, "autotile_index": 0.0, "tileset": "spr_waroutsidetile2858", "coord": [ 3.0, 12.0 ] }, "1408_-288": { "coord": [ 5.0, 11.0 ], "autotile_index": 0.0, "tileset": "spr_waroutsidetile2858", "autotile": 1.0 }, "736_512": { "autotile": 1.0, "autotile_index": 0.0, "tileset": "spr_waroutsidetile2858", "coord": [ 3.0, 8.0 ] }, "480_32": { "autotile": 1.0, "autotile_index": 0.0, "tileset": "spr_waroutsidetile2858", "coord": [ 2.0, 10.0 ] }, "1632_-192": { "coord": [ 1.0, 9.0 ], "autotile_index": 0.0, "tileset": "spr_waroutsidetile2858", "autotile": 1.0 }, "800_32": { "autotile": 1.0, "autotile_index": 0.0, "tileset": "spr_waroutsidetile2858", "coord": [ 3.0, 11.0 ] }, "1696_512": { "coord": [ 0.0, 0.0 ], "autotile_index": 0.0, "tileset": "spr_waroutsidetile2858", "autotile": 1.0 }, "736_0": { "autotile": 1.0, "autotile_index": 0.0, "tileset": "spr_waroutsidetile2858", "coord": [ 3.0, 10.0 ] }, "736_-384": { "coord": [ 3.0, 10.0 ], "autotile_index": 0.0, "tileset": "spr_waroutsidetile2858", "autotile": 1.0 }, "960_544": { "autotile": 1.0, "autotile_index": 0.0, "tileset": "spr_waroutsidetile2858", "coord": [ 0.0, 0.0 ] }, "32_256": { "coord": [ 5.0, 8.0 ], "autotile_index": 0.0, "tileset": "spr_waroutsidetile2858", "autotile": 1.0 }, "896_0": { "autotile": 1.0, "autotile_index": 0.0, "tileset": "spr_waroutsidetile2858", "coord": [ 3.0, 10.0 ] }, "1376_480": { "coord": [ 4.0, 7.0 ], "autotile_index": 0.0, "tileset": "spr_waroutsidetile2858", "autotile": 1.0 }, "224_-32": { "autotile": 1.0, "autotile_index": 0.0, "tileset": "spr_waroutsidetile2858", "coord": [ 1.0, 8.0 ] }, "832_32": { "autotile": 1.0, "autotile_index": 0.0, "tileset": "spr_waroutsidetile2858", "coord": [ 4.0, 11.0 ] }, "1248_480": { "coord": [ 4.0, 7.0 ], "autotile_index": 0.0, "tileset": "spr_waroutsidetile2858", "autotile": 1.0 }, "800_-64": { "autotile": 1.0, "autotile_index": 0.0, "tileset": "spr_waroutsidetile2858", "coord": [ 4.0, 7.0 ] }, "352_-64": { "autotile": 1.0, "autotile_index": 0.0, "tileset": "spr_waroutsidetile2858", "coord": [ 3.0, 7.0 ] }, "640_0": { "autotile": 1.0, "autotile_index": 0.0, "tileset": "spr_waroutsidetile2858", "coord": [ 3.0, 10.0 ] }, "1504_-352": { "coord": [ 3.0, 11.0 ], "autotile_index": 0.0, "tileset": "spr_waroutsidetile2858", "autotile": 1.0 }, "736_128": { "autotile": 1.0, "autotile_index": 0.0, "tileset": "spr_waroutsidetile2858", "coord": [ 5.0, 8.0 ] }, "256_-32": { "autotile": 1.0, "autotile_index": 0.0, "tileset": "spr_waroutsidetile2858", "coord": [ 3.0, 10.0 ] }, "1600_512": { "coord": [ 3.0, 8.0 ], "autotile_index": 0.0, "tileset": "spr_waroutsidetile2858", "autotile": 1.0 }, "0_160": { "autotile": 1.0, "autotile_index": 0.0, "tileset": "spr_waroutsidetile2858", "coord": [ 4.0, 9.0 ] }, "288_-352": { "coord": [ 4.0, 11.0 ], "autotile_index": 0.0, "tileset": "spr_waroutsidetile2858", "autotile": 1.0 }, "1632_-32": { "coord": [ 2.0, 11.0 ], "autotile_index": 0.0, "tileset": "spr_waroutsidetile2858", "autotile": 1.0 }, "1632_-288": { "coord": [ 1.0, 9.0 ], "autotile_index": 0.0, "tileset": "spr_waroutsidetile2858", "autotile": 1.0 }, "640_480": { "coord": [ 2.0, 7.0 ], "autotile_index": 0.0, "tileset": "spr_waroutsidetile2858", "autotile": 1.0 }, "256_160": { "autotile": 1.0, "autotile_index": 0.0, "tileset": "spr_waroutsidetile2858", "coord": [ 2.0, 11.0 ] }, "704_-32": { "autotile": 1.0, "autotile_index": 0.0, "tileset": "spr_waroutsidetile2858", "coord": [ 3.0, 8.0 ] }, "384_512": { "autotile": 1.0, "autotile_index": 0.0, "tileset": "spr_waroutsidetile2858", "coord": [ 3.0, 8.0 ] }, "896_128": { "autotile": 1.0, "autotile_index": 0.0, "tileset": "spr_waroutsidetile2858", "coord": [ 1.0, 10.0 ] }, "1664_480": { "coord": [ 2.0, 7.0 ], "autotile_index": 0.0, "tileset": "spr_waroutsidetile2858", "autotile": 1.0 }, "928_576": { "autotile": 1.0, "autotile_index": 0.0, "tileset": "spr_waroutsidetile2858", "coord": [ 0.0, 0.0 ] }, "928_512": { "coord": [ 3.0, 8.0 ], "autotile_index": 0.0, "tileset": "spr_waroutsidetile2858", "autotile": 1.0 }, "32_480": { "coord": [ 0.0, 15.0 ], "autotile_index": 0.0, "tileset": "spr_waroutsidetile2858", "autotile": 1.0 }, "992_-352": { "coord": [ 2.0, 11.0 ], "autotile_index": 0.0, "tileset": "spr_waroutsidetile2858", "autotile": 1.0 }, "1408_480": { "coord": [ 4.0, 7.0 ], "autotile_index": 0.0, "tileset": "spr_waroutsidetile2858", "autotile": 1.0 }, "704_32": { "autotile": 1.0, "autotile_index": 0.0, "tileset": "spr_waroutsidetile2858", "coord": [ 4.0, 9.0 ] }, "1056_480": { "coord": [ 4.0, 7.0 ], "autotile_index": 0.0, "tileset": "spr_waroutsidetile2858", "autotile": 1.0 }, "672_64": { "autotile": 1.0, "autotile_index": 0.0, "tileset": "spr_waroutsidetile2858", "coord": [ 2.0, 10.0 ] }, "960_576": { "autotile": 1.0, "autotile_index": 0.0, "tileset": "spr_waroutsidetile2858", "coord": [ 0.0, 0.0 ] }, "544_-64": { "autotile": 1.0, "autotile_index": 0.0, "tileset": "spr_waroutsidetile2858", "coord": [ 4.0, 7.0 ] }, "1152_512": { "coord": [ 3.0, 8.0 ], "autotile_index": 0.0, "tileset": "spr_waroutsidetile2858", "autotile": 1.0 }, "1664_-64": { "coord": [ 2.0, 10.0 ], "autotile_index": 0.0, "tileset": "spr_waroutsidetile2858", "autotile": 1.0 }, "1632_-352": { "coord": [ 3.0, 12.0 ], "autotile_index": 0.0, "tileset": "spr_waroutsidetile2858", "autotile": 1.0 }, "512_-384": { "coord": [ 3.0, 10.0 ], "autotile_index": 0.0, "tileset": "spr_waroutsidetile2858", "autotile": 1.0 }, "96_160": { "autotile": 1.0, "autotile_index": 0.0, "tileset": "spr_waroutsidetile2858", "coord": [ 3.0, 11.0 ] }, "832_-384": { "coord": [ 3.0, 10.0 ], "autotile_index": 0.0, "tileset": "spr_waroutsidetile2858", "autotile": 1.0 }, "0_-256": { "coord": [ 4.0, 9.0 ], "autotile_index": 0.0, "tileset": "spr_waroutsidetile2858", "autotile": 1.0 }, "832_-352": { "coord": [ 2.0, 11.0 ], "autotile_index": 0.0, "tileset": "spr_waroutsidetile2858", "autotile": 1.0 }, "800_480": { "autotile": 1.0, "autotile_index": 0.0, "tileset": "spr_waroutsidetile2858", "coord": [ 3.0, 7.0 ] }, "896_608": { "coord": [ 0.0, 0.0 ], "autotile_index": 0.0, "tileset": "spr_waroutsidetile2858", "autotile": 1.0 }, "1440_-64": { "coord": [ 3.0, 7.0 ], "autotile_index": 0.0, "tileset": "spr_waroutsidetile2858", "autotile": 1.0 }, "288_64": { "autotile": 1.0, "autotile_index": 0.0, "tileset": "spr_waroutsidetile2858", "coord": [ 5.0, 10.0 ] }, "608_32": { "autotile": 1.0, "autotile_index": 0.0, "tileset": "spr_waroutsidetile2858", "coord": [ 3.0, 11.0 ] }, "480_-32": { "autotile": 1.0, "autotile_index": 0.0, "tileset": "spr_waroutsidetile2858", "coord": [ 2.0, 8.0 ] }, "960_288": { "autotile": 1.0, "autotile_index": 0.0, "tileset": "spr_waroutsidetile2858", "coord": [ 5.0, 9.0 ] }, "864_-64": { "autotile": 1.0, "autotile_index": 0.0, "tileset": "spr_waroutsidetile2858", "coord": [ 4.0, 7.0 ] }, "928_256": { "autotile": 1.0, "autotile_index": 0.0, "tileset": "spr_waroutsidetile2858", "coord": [ 3.0, 10.0 ] }, "1632_-64": { "coord": [ 3.0, 15.0 ], "autotile_index": 0.0, "tileset": "spr_waroutsidetile2858", "autotile": 1.0 }, "896_-32": { "autotile": 1.0, "autotile_index": 0.0, "tileset": "spr_waroutsidetile2858", "coord": [ 3.0, 8.0 ] }, "1696_480": { "coord": [ 0.0, 0.0 ], "autotile_index": 0.0, "tileset": "spr_waroutsidetile2858", "autotile": 1.0 }, "32_32": { "autotile": 1.0, "autotile_index": 0.0, "tileset": "spr_waroutsidetile2858", "coord": [ 3.0, 9.0 ] }, "1024_512": { "coord": [ 3.0, 8.0 ], "autotile_index": 0.0, "tileset": "spr_waroutsidetile2858", "autotile": 1.0 }, "896_576": { "coord": [ 0.0, 0.0 ], "autotile_index": 0.0, "tileset": "spr_waroutsidetile2858", "autotile": 1.0 }, "960_160": { "autotile": 1.0, "autotile_index": 0.0, "tileset": "spr_waroutsidetile2858", "coord": [ 5.0, 10.0 ] }, "1184_-352": { "coord": [ 3.0, 11.0 ], "autotile_index": 0.0, "tileset": "spr_waroutsidetile2858", "autotile": 1.0 }, "960_608": { "autotile": 1.0, "autotile_index": 0.0, "tileset": "spr_waroutsidetile2858", "coord": [ 0.0, 0.0 ] }, "1376_-64": { "coord": [ 1.0, 10.0 ], "autotile_index": 0.0, "tileset": "spr_waroutsidetile2858", "autotile": 1.0 }, "96_128": { "autotile": 1.0, "autotile_index": 0.0, "tileset": "spr_waroutsidetile2858", "coord": [ 4.0, 10.0 ] }, "1408_-384": { "coord": [ 3.0, 10.0 ], "autotile_index": 0.0, "tileset": "spr_waroutsidetile2858", "autotile": 1.0 }, "864_-384": { "coord": [ 3.0, 10.0 ], "autotile_index": 0.0, "tileset": "spr_waroutsidetile2858", "autotile": 1.0 }, "32_512": { "coord": [ 3.0, 8.0 ], "autotile_index": 0.0, "tileset": "spr_waroutsidetile2858", "autotile": 1.0 }, "64_-384": { "coord": [ 3.0, 10.0 ], "autotile_index": 0.0, "tileset": "spr_waroutsidetile2858", "autotile": 1.0 }, "224_480": { "autotile": 1.0, "autotile_index": 0.0, "tileset": "spr_waroutsidetile2858", "coord": [ 3.0, 15.0 ] }, "1312_480": { "coord": [ 4.0, 7.0 ], "autotile_index": 0.0, "tileset": "spr_waroutsidetile2858", "autotile": 1.0 }, "736_96": { "autotile": 1.0, "autotile_index": 0.0, "tileset": "spr_waroutsidetile2858", "coord": [ 5.0, 9.0 ] }, "224_-64": { "autotile": 1.0, "autotile_index": 0.0, "tileset": "spr_waroutsidetile2858", "coord": [ 1.0, 7.0 ] }, "800_-352": { "coord": [ 2.0, 11.0 ], "autotile_index": 0.0, "tileset": "spr_waroutsidetile2858", "autotile": 1.0 }, "928_-352": { "coord": [ 3.0, 11.0 ], "autotile_index": 0.0, "tileset": "spr_waroutsidetile2858", "autotile": 1.0 }, "128_64": { "autotile": 1.0, "autotile_index": 0.0, "tileset": "spr_waroutsidetile2858", "coord": [ 5.0, 10.0 ] }, "32_-96": { "autotile": 1.0, "autotile_index": 0.0, "tileset": "spr_waroutsidetile2858", "coord": [ 5.0, 10.0 ] }, "0_96": { "autotile": 1.0, "autotile_index": 0.0, "tileset": "spr_waroutsidetile2858", "coord": [ 3.0, 9.0 ] }, "512_512": { "coord": [ 3.0, 8.0 ], "autotile_index": 0.0, "tileset": "spr_waroutsidetile2858", "autotile": 1.0 }, "1408_-96": { "coord": [ 5.0, 8.0 ], "autotile_index": 0.0, "tileset": "spr_waroutsidetile2858", "autotile": 1.0 }, "1664_-192": { "coord": [ 2.0, 9.0 ], "autotile_index": 0.0, "tileset": "spr_waroutsidetile2858", "autotile": 1.0 }, "576_-384": { "coord": [ 3.0, 10.0 ], "autotile_index": 0.0, "tileset": "spr_waroutsidetile2858", "autotile": 1.0 }, "1376_512": { "coord": [ 3.0, 8.0 ], "autotile_index": 0.0, "tileset": "spr_waroutsidetile2858", "autotile": 1.0 }, "32_0": { "autotile": 1.0, "autotile_index": 0.0, "tileset": "spr_waroutsidetile2858", "coord": [ 3.0, 9.0 ] }, "0_0": { "autotile": 1.0, "autotile_index": 0.0, "tileset": "spr_waroutsidetile2858", "coord": [ 3.0, 9.0 ] }, "320_512": { "autotile": 1.0, "autotile_index": 0.0, "tileset": "spr_waroutsidetile2858", "coord": [ 3.0, 8.0 ] }, "128_480": { "autotile": 1.0, "autotile_index": 0.0, "tileset": "spr_waroutsidetile2858", "coord": [ 4.0, 7.0 ] }, "896_544": { "coord": [ 0.0, 0.0 ], "autotile_index": 0.0, "tileset": "spr_waroutsidetile2858", "autotile": 1.0 }, "512_-32": { "autotile": 1.0, "autotile_index": 0.0, "tileset": "spr_waroutsidetile2858", "coord": [ 3.0, 8.0 ] }, "1440_-352": { "coord": [ 4.0, 11.0 ], "autotile_index": 0.0, "tileset": "spr_waroutsidetile2858", "autotile": 1.0 }, "1248_512": { "coord": [ 3.0, 8.0 ], "autotile_index": 0.0, "tileset": "spr_waroutsidetile2858", "autotile": 1.0 }, "64_32": { "autotile": 1.0, "autotile_index": 0.0, "tileset": "spr_waroutsidetile2858", "coord": [ 3.0, 9.0 ] }, "704_160": { "autotile": 1.0, "autotile_index": 0.0, "tileset": "spr_waroutsidetile2858", "coord": [ 1.0, 11.0 ] }, "1536_-64": { "coord": [ 3.0, 7.0 ], "autotile_index": 0.0, "tileset": "spr_waroutsidetile2858", "autotile": 1.0 }, "384_0": { "autotile": 1.0, "autotile_index": 0.0, "tileset": "spr_waroutsidetile2858", "coord": [ 2.0, 11.0 ] }, "320_-64": { "autotile": 1.0, "autotile_index": 0.0, "tileset": "spr_waroutsidetile2858", "coord": [ 3.0, 7.0 ] }, "960_96": { "autotile": 1.0, "autotile_index": 0.0, "tileset": "spr_waroutsidetile2858", "coord": [ 5.0, 10.0 ] }, "1472_-32": { "coord": [ 4.0, 11.0 ], "autotile_index": 0.0, "tileset": "spr_waroutsidetile2858", "autotile": 1.0 }, "1024_-384": { "coord": [ 3.0, 10.0 ], "autotile_index": 0.0, "tileset": "spr_waroutsidetile2858", "autotile": 1.0 }, "32_448": { "coord": [ 5.0, 8.0 ], "autotile_index": 0.0, "tileset": "spr_waroutsidetile2858", "autotile": 1.0 }, "896_-352": { "coord": [ 2.0, 11.0 ], "autotile_index": 0.0, "tileset": "spr_waroutsidetile2858", "autotile": 1.0 }, "896_256": { "autotile": 1.0, "autotile_index": 0.0, "tileset": "spr_waroutsidetile2858", "coord": [ 1.0, 9.0 ] }, "640_96": { "autotile": 1.0, "autotile_index": 0.0, "tileset": "spr_waroutsidetile2858", "coord": [ 1.0, 11.0 ] }, "1472_-352": { "coord": [ 2.0, 11.0 ], "autotile_index": 0.0, "tileset": "spr_waroutsidetile2858", "autotile": 1.0 }, "256_64": { "autotile": 1.0, "autotile_index": 0.0, "tileset": "spr_waroutsidetile2858", "coord": [ 3.0, 10.0 ] }, "1248_-384": { "coord": [ 3.0, 10.0 ], "autotile_index": 0.0, "tileset": "spr_waroutsidetile2858", "autotile": 1.0 }, "672_512": { "coord": [ 3.0, 8.0 ], "autotile_index": 0.0, "tileset": "spr_waroutsidetile2858", "autotile": 1.0 }, "128_-384": { "coord": [ 3.0, 10.0 ], "autotile_index": 0.0, "tileset": "spr_waroutsidetile2858", "autotile": 1.0 }, "448_32": { "autotile": 1.0, "autotile_index": 0.0, "tileset": "spr_waroutsidetile2858", "coord": [ 1.0, 8.0 ] }, "576_512": { "coord": [ 3.0, 8.0 ], "autotile_index": 0.0, "tileset": "spr_waroutsidetile2858", "autotile": 1.0 }, "288_-384": { "coord": [ 3.0, 10.0 ], "autotile_index": 0.0, "tileset": "spr_waroutsidetile2858", "autotile": 1.0 }, "1376_-288": { "coord": [ 1.0, 11.0 ], "autotile_index": 0.0, "tileset": "spr_waroutsidetile2858", "autotile": 1.0 }, "128_-32": { "autotile": 1.0, "autotile_index": 0.0, "tileset": "spr_waroutsidetile2858", "coord": [ 5.0, 9.0 ] }, "1632_480": { "coord": [ 4.0, 7.0 ], "autotile_index": 0.0, "tileset": "spr_waroutsidetile2858", "autotile": 1.0 }, "1472_480": { "coord": [ 2.0, 7.0 ], "autotile_index": 0.0, "tileset": "spr_waroutsidetile2858", "autotile": 1.0 }, "448_-384": { "coord": [ 3.0, 10.0 ], "autotile_index": 0.0, "tileset": "spr_waroutsidetile2858", "autotile": 1.0 }, "1632_-128": { "coord": [ 1.0, 9.0 ], "autotile_index": 0.0, "tileset": "spr_waroutsidetile2858", "autotile": 1.0 }, "256_480": { "autotile": 1.0, "autotile_index": 0.0, "tileset": "spr_waroutsidetile2858", "coord": [ 2.0, 9.0 ] }, "640_-32": { "autotile": 1.0, "autotile_index": 0.0, "tileset": "spr_waroutsidetile2858", "coord": [ 3.0, 8.0 ] }, "416_-32": { "autotile": 1.0, "autotile_index": 0.0, "tileset": "spr_waroutsidetile2858", "coord": [ 3.0, 10.0 ] }, "896_480": { "autotile": 1.0, "autotile_index": 0.0, "tileset": "spr_waroutsidetile2858", "coord": [ 2.0, 7.0 ] }, "288_416": { "autotile": 1.0, "autotile_index": 0.0, "tileset": "spr_waroutsidetile2858", "coord": [ 4.0, 7.0 ] }, "32_-224": { "coord": [ 5.0, 10.0 ], "autotile_index": 0.0, "tileset": "spr_waroutsidetile2858", "autotile": 1.0 }, "288_0": { "autotile": 1.0, "autotile_index": 0.0, "tileset": "spr_waroutsidetile2858", "coord": [ 0.0, 12.0 ] }, "288_448": { "autotile": 1.0, "autotile_index": 0.0, "tileset": "spr_waroutsidetile2858", "coord": [ 4.0, 8.0 ] }, "64_0": { "autotile": 1.0, "autotile_index": 0.0, "tileset": "spr_waroutsidetile2858", "coord": [ 3.0, 9.0 ] }, "960_480": { "coord": [ 3.0, 7.0 ], "autotile_index": 0.0, "tileset": "spr_waroutsidetile2858", "autotile": 1.0 }, "928_-64": { "autotile": 1.0, "autotile_index": 0.0, "tileset": "spr_waroutsidetile2858", "coord": [ 2.0, 7.0 ] }, "928_480": { "coord": [ 4.0, 7.0 ], "autotile_index": 0.0, "tileset": "spr_waroutsidetile2858", "autotile": 1.0 }, "736_32": { "autotile": 1.0, "autotile_index": 0.0, "tileset": "spr_waroutsidetile2858", "coord": [ 0.0, 12.0 ] }, "1088_512": { "coord": [ 3.0, 8.0 ], "autotile_index": 0.0, "tileset": "spr_waroutsidetile2858", "autotile": 1.0 }, "352_-32": { "autotile": 1.0, "autotile_index": 0.0, "tileset": "spr_waroutsidetile2858", "coord": [ 3.0, 10.0 ] }, "576_480": { "coord": [ 4.0, 7.0 ], "autotile_index": 0.0, "tileset": "spr_waroutsidetile2858", "autotile": 1.0 }, "0_-192": { "coord": [ 4.0, 9.0 ], "autotile_index": 0.0, "tileset": "spr_waroutsidetile2858", "autotile": 1.0 }, "32_-32": { "autotile": 1.0, "autotile_index": 0.0, "tileset": "spr_waroutsidetile2858", "coord": [ 3.0, 8.0 ] }, "96_0": { "autotile": 1.0, "autotile_index": 0.0, "tileset": "spr_waroutsidetile2858", "coord": [ 4.0, 9.0 ] }, "1344_480": { "coord": [ 3.0, 7.0 ], "autotile_index": 0.0, "tileset": "spr_waroutsidetile2858", "autotile": 1.0 }, "1120_-352": { "coord": [ 4.0, 11.0 ], "autotile_index": 0.0, "tileset": "spr_waroutsidetile2858", "autotile": 1.0 }, "608_480": { "coord": [ 4.0, 7.0 ], "autotile_index": 0.0, "tileset": "spr_waroutsidetile2858", "autotile": 1.0 }, "736_-352": { "coord": [ 4.0, 11.0 ], "autotile_index": 0.0, "tileset": "spr_waroutsidetile2858", "autotile": 1.0 }, "736_64": { "autotile": 1.0, "autotile_index": 0.0, "tileset": "spr_waroutsidetile2858", "coord": [ 5.0, 8.0 ] }, "960_320": { "autotile": 1.0, "autotile_index": 0.0, "tileset": "spr_waroutsidetile2858", "coord": [ 5.0, 11.0 ] }, "480_-352": { "coord": [ 2.0, 11.0 ], "autotile_index": 0.0, "tileset": "spr_waroutsidetile2858", "autotile": 1.0 }, "128_160": { "autotile": 1.0, "autotile_index": 0.0, "tileset": "spr_waroutsidetile2858", "coord": [ 5.0, 11.0 ] }, "32_160": { "autotile": 1.0, "autotile_index": 0.0, "tileset": "spr_waroutsidetile2858", "coord": [ 0.0, 12.0 ] }, "1568_-352": { "coord": [ 4.0, 11.0 ], "autotile_index": 0.0, "tileset": "spr_waroutsidetile2858", "autotile": 1.0 }, "1664_-320": { "coord": [ 2.0, 9.0 ], "autotile_index": 0.0, "tileset": "spr_waroutsidetile2858", "autotile": 1.0 }, "640_-64": { "autotile": 1.0, "autotile_index": 0.0, "tileset": "spr_waroutsidetile2858", "coord": [ 2.0, 7.0 ] }, "1376_-96": { "coord": [ 1.0, 10.0 ], "autotile_index": 0.0, "tileset": "spr_waroutsidetile2858", "autotile": 1.0 }, "1600_-352": { "coord": [ 3.0, 11.0 ], "autotile_index": 0.0, "tileset": "spr_waroutsidetile2858", "autotile": 1.0 }, "0_-128": { "coord": [ 4.0, 9.0 ], "autotile_index": 0.0, "tileset": "spr_waroutsidetile2858", "autotile": 1.0 }, "1280_-352": { "coord": [ 2.0, 11.0 ], "autotile_index": 0.0, "tileset": "spr_waroutsidetile2858", "autotile": 1.0 }, "0_-352": { "coord": [ 4.0, 9.0 ], "autotile_index": 0.0, "tileset": "spr_waroutsidetile2858", "autotile": 1.0 }, "928_32": { "autotile": 1.0, "autotile_index": 0.0, "tileset": "spr_waroutsidetile2858", "coord": [ 4.0, 9.0 ] }, "96_32": { "autotile": 1.0, "autotile_index": 0.0, "tileset": "spr_waroutsidetile2858", "coord": [ 4.0, 9.0 ] }, "1376_-320": { "coord": [ 1.0, 9.0 ], "autotile_index": 0.0, "tileset": "spr_waroutsidetile2858", "autotile": 1.0 }, "96_480": { "autotile": 1.0, "autotile_index": 0.0, "tileset": "spr_waroutsidetile2858", "coord": [ 3.0, 7.0 ] }, "96_-32": { "autotile": 1.0, "autotile_index": 0.0, "tileset": "spr_waroutsidetile2858", "coord": [ 4.0, 8.0 ] }, "1184_512": { "coord": [ 3.0, 8.0 ], "autotile_index": 0.0, "tileset": "spr_waroutsidetile2858", "autotile": 1.0 }, "928_64": { "autotile": 1.0, "autotile_index": 0.0, "tileset": "spr_waroutsidetile2858", "coord": [ 4.0, 10.0 ] }, "0_-288": { "coord": [ 4.0, 9.0 ], "autotile_index": 0.0, "tileset": "spr_waroutsidetile2858", "autotile": 1.0 }, "0_256": { "coord": [ 4.0, 9.0 ], "autotile_index": 0.0, "tileset": "spr_waroutsidetile2858", "autotile": 1.0 }, "608_-64": { "autotile": 1.0, "autotile_index": 0.0, "tileset": "spr_waroutsidetile2858", "coord": [ 2.0, 7.0 ] }, "32_-384": { "coord": [ 3.0, 10.0 ], "autotile_index": 0.0, "tileset": "spr_waroutsidetile2858", "autotile": 1.0 }, "960_-384": { "coord": [ 3.0, 10.0 ], "autotile_index": 0.0, "tileset": "spr_waroutsidetile2858", "autotile": 1.0 }, "736_-32": { "autotile": 1.0, "autotile_index": 0.0, "tileset": "spr_waroutsidetile2858", "coord": [ 3.0, 8.0 ] }, "736_-64": { "autotile": 1.0, "autotile_index": 0.0, "tileset": "spr_waroutsidetile2858", "coord": [ 4.0, 7.0 ] }, "768_480": { "autotile": 1.0, "autotile_index": 0.0, "tileset": "spr_waroutsidetile2858", "coord": [ 3.0, 7.0 ] }, "0_-32": { "autotile": 1.0, "autotile_index": 0.0, "tileset": "spr_waroutsidetile2858", "coord": [ 3.0, 10.0 ] }, "1664_-352": { "coord": [ 2.0, 9.0 ], "autotile_index": 0.0, "tileset": "spr_waroutsidetile2858", "autotile": 1.0 }, "288_-64": { "autotile": 1.0, "autotile_index": 0.0, "tileset": "spr_waroutsidetile2858", "coord": [ 4.0, 7.0 ] }, "256_-384": { "coord": [ 3.0, 10.0 ], "autotile_index": 0.0, "tileset": "spr_waroutsidetile2858", "autotile": 1.0 }, "1664_-128": { "coord": [ 2.0, 9.0 ], "autotile_index": 0.0, "tileset": "spr_waroutsidetile2858", "autotile": 1.0 }, "1536_-32": { "coord": [ 3.0, 11.0 ], "autotile_index": 0.0, "tileset": "spr_waroutsidetile2858", "autotile": 1.0 }, "1344_512": { "coord": [ 3.0, 8.0 ], "autotile_index": 0.0, "tileset": "spr_waroutsidetile2858", "autotile": 1.0 }, "1344_-352": { "coord": [ 2.0, 11.0 ], "autotile_index": 0.0, "tileset": "spr_waroutsidetile2858", "autotile": 1.0 }, "960_224": { "autotile": 1.0, "autotile_index": 0.0, "tileset": "spr_waroutsidetile2858", "coord": [ 5.0, 8.0 ] }, "32_-128": { "autotile": 1.0, "autotile_index": 0.0, "tileset": "spr_waroutsidetile2858", "coord": [ 5.0, 8.0 ] }, "32_352": { "coord": [ 5.0, 9.0 ], "autotile_index": 0.0, "tileset": "spr_waroutsidetile2858", "autotile": 1.0 }, "896_-384": { "coord": [ 3.0, 10.0 ], "autotile_index": 0.0, "tileset": "spr_waroutsidetile2858", "autotile": 1.0 }, "512_-352": { "coord": [ 2.0, 11.0 ], "autotile_index": 0.0, "tileset": "spr_waroutsidetile2858", "autotile": 1.0 }, "608_-384": { "coord": [ 3.0, 10.0 ], "autotile_index": 0.0, "tileset": "spr_waroutsidetile2858", "autotile": 1.0 }, "1408_-32": { "coord": [ 3.0, 11.0 ], "autotile_index": 0.0, "tileset": "spr_waroutsidetile2858", "autotile": 1.0 }, "1024_480": { "coord": [ 4.0, 7.0 ], "autotile_index": 0.0, "tileset": "spr_waroutsidetile2858", "autotile": 1.0 }, "704_0": { "autotile": 1.0, "autotile_index": 0.0, "tileset": "spr_waroutsidetile2858", "coord": [ 3.0, 10.0 ] }, "288_32": { "autotile": 1.0, "autotile_index": 0.0, "tileset": "spr_waroutsidetile2858", "coord": [ 5.0, 10.0 ] }, "704_96": { "autotile": 1.0, "autotile_index": 0.0, "tileset": "spr_waroutsidetile2858", "coord": [ 3.0, 12.0 ] }, "448_-64": { "autotile": 1.0, "autotile_index": 0.0, "tileset": "spr_waroutsidetile2858", "coord": [ 3.0, 7.0 ] }, "64_160": { "autotile": 1.0, "autotile_index": 0.0, "tileset": "spr_waroutsidetile2858", "coord": [ 4.0, 11.0 ] }, "704_512": { "coord": [ 3.0, 8.0 ], "autotile_index": 0.0, "tileset": "spr_waroutsidetile2858", "autotile": 1.0 }, "1664_-384": { "coord": [ 3.0, 10.0 ], "autotile_index": 0.0, "tileset": "spr_waroutsidetile2858", "autotile": 1.0 }, "96_-352": { "coord": [ 2.0, 11.0 ], "autotile_index": 0.0, "tileset": "spr_waroutsidetile2858", "autotile": 1.0 }, "1600_-32": { "coord": [ 2.0, 11.0 ], "autotile_index": 0.0, "tileset": "spr_waroutsidetile2858", "autotile": 1.0 }, "1664_-288": { "coord": [ 2.0, 9.0 ], "autotile_index": 0.0, "tileset": "spr_waroutsidetile2858", "autotile": 1.0 }, "384_-32": { "autotile": 1.0, "autotile_index": 0.0, "tileset": "spr_waroutsidetile2858", "coord": [ 3.0, 10.0 ] }, "480_96": { "autotile": 1.0, "autotile_index": 0.0, "tileset": "spr_waroutsidetile2858", "coord": [ 5.0, 11.0 ] }, "0_288": { "coord": [ 4.0, 9.0 ], "autotile_index": 0.0, "tileset": "spr_waroutsidetile2858", "autotile": 1.0 }, "0_-320": { "coord": [ 4.0, 9.0 ], "autotile_index": 0.0, "tileset": "spr_waroutsidetile2858", "autotile": 1.0 }, "608_-352": { "coord": [ 3.0, 11.0 ], "autotile_index": 0.0, "tileset": "spr_waroutsidetile2858", "autotile": 1.0 }, "1536_480": { "coord": [ 3.0, 7.0 ], "autotile_index": 0.0, "tileset": "spr_waroutsidetile2858", "autotile": 1.0 }, "288_-32": { "autotile": 1.0, "autotile_index": 0.0, "tileset": "spr_waroutsidetile2858", "coord": [ 3.0, 10.0 ] }, "416_0": { "autotile": 1.0, "autotile_index": 0.0, "tileset": "spr_waroutsidetile2858", "coord": [ 2.0, 11.0 ] }, "832_480": { "autotile": 1.0, "autotile_index": 0.0, "tileset": "spr_waroutsidetile2858", "coord": [ 2.0, 7.0 ] }, "1536_512": { "coord": [ 3.0, 8.0 ], "autotile_index": 0.0, "tileset": "spr_waroutsidetile2858", "autotile": 1.0 }, "64_96": { "autotile": 1.0, "autotile_index": 0.0, "tileset": "spr_waroutsidetile2858", "coord": [ 3.0, 9.0 ] }, "256_0": { "autotile": 1.0, "autotile_index": 0.0, "tileset": "spr_waroutsidetile2858", "coord": [ 3.0, 10.0 ] }, "256_512": { "autotile": 1.0, "autotile_index": 0.0, "tileset": "spr_waroutsidetile2858", "coord": [ 3.0, 10.0 ] }, "896_160": { "autotile": 1.0, "autotile_index": 0.0, "tileset": "spr_waroutsidetile2858", "coord": [ 1.0, 10.0 ] }, "448_480": { "coord": [ 3.0, 7.0 ], "autotile_index": 0.0, "tileset": "spr_waroutsidetile2858", "autotile": 1.0 }, "960_32": { "autotile": 1.0, "autotile_index": 0.0, "tileset": "spr_waroutsidetile2858", "coord": [ 5.0, 9.0 ] }, "96_512": { "autotile": 1.0, "autotile_index": 0.0, "tileset": "spr_waroutsidetile2858", "coord": [ 3.0, 8.0 ] }, "160_-384": { "coord": [ 3.0, 10.0 ], "autotile_index": 0.0, "tileset": "spr_waroutsidetile2858", "autotile": 1.0 }, "224_160": { "autotile": 1.0, "autotile_index": 0.0, "tileset": "spr_waroutsidetile2858", "coord": [ 1.0, 11.0 ] }, "1664_-256": { "coord": [ 2.0, 9.0 ], "autotile_index": 0.0, "tileset": "spr_waroutsidetile2858", "autotile": 1.0 }, "1568_-384": { "coord": [ 3.0, 10.0 ], "autotile_index": 0.0, "tileset": "spr_waroutsidetile2858", "autotile": 1.0 }, "96_-384": { "coord": [ 3.0, 10.0 ], "autotile_index": 0.0, "tileset": "spr_waroutsidetile2858", "autotile": 1.0 }, "32_128": { "autotile": 1.0, "autotile_index": 0.0, "tileset": "spr_waroutsidetile2858", "coord": [ 3.0, 10.0 ] }, "1216_-384": { "coord": [ 3.0, 10.0 ], "autotile_index": 0.0, "tileset": "spr_waroutsidetile2858", "autotile": 1.0 }, "1504_-384": { "coord": [ 3.0, 10.0 ], "autotile_index": 0.0, "tileset": "spr_waroutsidetile2858", "autotile": 1.0 }, "128_512": { "autotile": 1.0, "autotile_index": 0.0, "tileset": "spr_waroutsidetile2858", "coord": [ 3.0, 8.0 ] }, "576_0": { "autotile": 1.0, "autotile_index": 0.0, "tileset": "spr_waroutsidetile2858", "coord": [ 3.0, 10.0 ] }, "1536_-352": { "coord": [ 3.0, 11.0 ], "autotile_index": 0.0, "tileset": "spr_waroutsidetile2858", "autotile": 1.0 }, "352_512": { "autotile": 1.0, "autotile_index": 0.0, "tileset": "spr_waroutsidetile2858", "coord": [ 3.0, 8.0 ] }, "256_448": { "autotile": 1.0, "autotile_index": 0.0, "tileset": "spr_waroutsidetile2858", "coord": [ 2.0, 8.0 ] }, "928_-32": { "autotile": 1.0, "autotile_index": 0.0, "tileset": "spr_waroutsidetile2858", "coord": [ 4.0, 8.0 ] }, "672_96": { "autotile": 1.0, "autotile_index": 0.0, "tileset": "spr_waroutsidetile2858", "coord": [ 4.0, 11.0 ] }, "224_-384": { "coord": [ 3.0, 10.0 ], "autotile_index": 0.0, "tileset": "spr_waroutsidetile2858", "autotile": 1.0 }, "128_0": { "autotile": 1.0, "autotile_index": 0.0, "tileset": "spr_waroutsidetile2858", "coord": [ 5.0, 8.0 ] }, "640_-352": { "coord": [ 2.0, 11.0 ], "autotile_index": 0.0, "tileset": "spr_waroutsidetile2858", "autotile": 1.0 }, "1664_-32": { "coord": [ 4.0, 11.0 ], "autotile_index": 0.0, "tileset": "spr_waroutsidetile2858", "autotile": 1.0 }, "32_-352": { "coord": [ 0.0, 12.0 ], "autotile_index": 0.0, "tileset": "spr_waroutsidetile2858", "autotile": 1.0 }, "416_480": { "coord": [ 3.0, 7.0 ], "autotile_index": 0.0, "tileset": "spr_waroutsidetile2858", "autotile": 1.0 }, "1504_-32": { "coord": [ 2.0, 11.0 ], "autotile_index": 0.0, "tileset": "spr_waroutsidetile2858", "autotile": 1.0 }, "576_-32": { "autotile": 1.0, "autotile_index": 0.0, "tileset": "spr_waroutsidetile2858", "coord": [ 3.0, 8.0 ] }, "416_512": { "coord": [ 3.0, 8.0 ], "autotile_index": 0.0, "tileset": "spr_waroutsidetile2858", "autotile": 1.0 }, "256_-64": { "autotile": 1.0, "autotile_index": 0.0, "tileset": "spr_waroutsidetile2858", "coord": [ 3.0, 7.0 ] }, "1472_512": { "coord": [ 3.0, 8.0 ], "autotile_index": 0.0, "tileset": "spr_waroutsidetile2858", "autotile": 1.0 }, "384_-64": { "autotile": 1.0, "autotile_index": 0.0, "tileset": "spr_waroutsidetile2858", "coord": [ 3.0, 7.0 ] }, "1440_480": { "coord": [ 3.0, 7.0 ], "autotile_index": 0.0, "tileset": "spr_waroutsidetile2858", "autotile": 1.0 }, "32_288": { "coord": [ 5.0, 10.0 ], "autotile_index": 0.0, "tileset": "spr_waroutsidetile2858", "autotile": 1.0 }, "224_448": { "autotile": 1.0, "autotile_index": 0.0, "tileset": "spr_waroutsidetile2858", "coord": [ 1.0, 10.0 ] }, "224_512": { "autotile": 1.0, "autotile_index": 0.0, "tileset": "spr_waroutsidetile2858", "coord": [ 3.0, 8.0 ] }, "864_-32": { "autotile": 1.0, "autotile_index": 0.0, "tileset": "spr_waroutsidetile2858", "coord": [ 3.0, 8.0 ] }, "864_512": { "autotile": 1.0, "autotile_index": 0.0, "tileset": "spr_waroutsidetile2858", "coord": [ 3.0, 8.0 ] }, "224_128": { "autotile": 1.0, "autotile_index": 0.0, "tileset": "spr_waroutsidetile2858", "coord": [ 1.0, 8.0 ] }, "512_32": { "autotile": 1.0, "autotile_index": 0.0, "tileset": "spr_waroutsidetile2858", "coord": [ 4.0, 10.0 ] }, "1376_-32": { "coord": [ 1.0, 11.0 ], "autotile_index": 0.0, "tileset": "spr_waroutsidetile2858", "autotile": 1.0 }, "896_96": { "autotile": 1.0, "autotile_index": 0.0, "tileset": "spr_waroutsidetile2858", "coord": [ 3.0, 12.0 ] }, "640_64": { "autotile": 1.0, "autotile_index": 0.0, "tileset": "spr_waroutsidetile2858", "coord": [ 1.0, 9.0 ] }, "224_-352": { "coord": [ 4.0, 11.0 ], "autotile_index": 0.0, "tileset": "spr_waroutsidetile2858", "autotile": 1.0 }, "864_-352": { "coord": [ 4.0, 11.0 ], "autotile_index": 0.0, "tileset": "spr_waroutsidetile2858", "autotile": 1.0 }, "1280_512": { "coord": [ 3.0, 8.0 ], "autotile_index": 0.0, "tileset": "spr_waroutsidetile2858", "autotile": 1.0 }, "704_-352": { "coord": [ 4.0, 11.0 ], "autotile_index": 0.0, "tileset": "spr_waroutsidetile2858", "autotile": 1.0 }, "768_512": { "autotile": 1.0, "autotile_index": 0.0, "tileset": "spr_waroutsidetile2858", "coord": [ 3.0, 8.0 ] }, "672_-384": { "coord": [ 3.0, 10.0 ], "autotile_index": 0.0, "tileset": "spr_waroutsidetile2858", "autotile": 1.0 }, "1568_480": { "coord": [ 3.0, 7.0 ], "autotile_index": 0.0, "tileset": "spr_waroutsidetile2858", "autotile": 1.0 }, "960_192": { "autotile": 1.0, "autotile_index": 0.0, "tileset": "spr_waroutsidetile2858", "coord": [ 5.0, 9.0 ] }, "352_-352": { "coord": [ 4.0, 11.0 ], "autotile_index": 0.0, "tileset": "spr_waroutsidetile2858", "autotile": 1.0 }, "96_64": { "autotile": 1.0, "autotile_index": 0.0, "tileset": "spr_waroutsidetile2858", "coord": [ 4.0, 9.0 ] }, "1152_480": { "coord": [ 2.0, 7.0 ], "autotile_index": 0.0, "tileset": "spr_waroutsidetile2858", "autotile": 1.0 }, "864_96": { "autotile": 1.0, "autotile_index": 0.0, "tileset": "spr_waroutsidetile2858", "coord": [ 1.0, 11.0 ] }, "800_-32": { "autotile": 1.0, "autotile_index": 0.0, "tileset": "spr_waroutsidetile2858", "coord": [ 3.0, 8.0 ] }, "0_192": { "autotile": 1.0, "autotile_index": 0.0, "tileset": "spr_waroutsidetile2858", "coord": [ 4.0, 9.0 ] }, "32_320": { "coord": [ 5.0, 10.0 ], "autotile_index": 0.0, "tileset": "spr_waroutsidetile2858", "autotile": 1.0 }, "1408_-64": { "coord": [ 0.0, 15.0 ], "autotile_index": 0.0, "tileset": "spr_waroutsidetile2858", "autotile": 1.0 }, "1088_480": { "coord": [ 2.0, 7.0 ], "autotile_index": 0.0, "tileset": "spr_waroutsidetile2858", "autotile": 1.0 }, "256_96": { "autotile": 1.0, "autotile_index": 0.0, "tileset": "spr_waroutsidetile2858", "coord": [ 3.0, 10.0 ] }, "1184_-384": { "coord": [ 3.0, 10.0 ], "autotile_index": 0.0, "tileset": "spr_waroutsidetile2858", "autotile": 1.0 }, "1376_-384": { "coord": [ 3.0, 10.0 ], "autotile_index": 0.0, "tileset": "spr_waroutsidetile2858", "autotile": 1.0 }, "928_96": { "autotile": 1.0, "autotile_index": 0.0, "tileset": "spr_waroutsidetile2858", "coord": [ 3.0, 10.0 ] }, "192_-384": { "coord": [ 3.0, 10.0 ], "autotile_index": 0.0, "tileset": "spr_waroutsidetile2858", "autotile": 1.0 }, "896_-64": { "autotile": 1.0, "autotile_index": 0.0, "tileset": "spr_waroutsidetile2858", "coord": [ 3.0, 7.0 ] }, "224_0": { "autotile": 1.0, "autotile_index": 0.0, "tileset": "spr_waroutsidetile2858", "coord": [ 1.0, 10.0 ] }, "1120_512": { "coord": [ 3.0, 8.0 ], "autotile_index": 0.0, "tileset": "spr_waroutsidetile2858", "autotile": 1.0 }, "1408_-352": { "coord": [ 0.0, 12.0 ], "autotile_index": 0.0, "tileset": "spr_waroutsidetile2858", "autotile": 1.0 }, "896_224": { "autotile": 1.0, "autotile_index": 0.0, "tileset": "spr_waroutsidetile2858", "coord": [ 1.0, 8.0 ] }, "320_-384": { "coord": [ 3.0, 10.0 ], "autotile_index": 0.0, "tileset": "spr_waroutsidetile2858", "autotile": 1.0 }, "480_-384": { "coord": [ 3.0, 10.0 ], "autotile_index": 0.0, "tileset": "spr_waroutsidetile2858", "autotile": 1.0 }, "928_128": { "autotile": 1.0, "autotile_index": 0.0, "tileset": "spr_waroutsidetile2858", "coord": [ 3.0, 10.0 ] }, "1408_-320": { "coord": [ 5.0, 8.0 ], "autotile_index": 0.0, "tileset": "spr_waroutsidetile2858", "autotile": 1.0 }, "224_64": { "autotile": 1.0, "autotile_index": 0.0, "tileset": "spr_waroutsidetile2858", "coord": [ 1.0, 9.0 ] }, "544_0": { "autotile": 1.0, "autotile_index": 0.0, "tileset": "spr_waroutsidetile2858", "coord": [ 3.0, 10.0 ] }, "256_128": { "autotile": 1.0, "autotile_index": 0.0, "tileset": "spr_waroutsidetile2858", "coord": [ 3.0, 10.0 ] }, "384_480": { "autotile": 1.0, "autotile_index": 0.0, "tileset": "spr_waroutsidetile2858", "coord": [ 3.0, 7.0 ] }, "1280_480": { "coord": [ 2.0, 7.0 ], "autotile_index": 0.0, "tileset": "spr_waroutsidetile2858", "autotile": 1.0 }, "928_-384": { "coord": [ 3.0, 10.0 ], "autotile_index": 0.0, "tileset": "spr_waroutsidetile2858", "autotile": 1.0 }, "320_416": { "autotile": 1.0, "autotile_index": 0.0, "tileset": "spr_waroutsidetile2858", "coord": [ 5.0, 7.0 ] }, "1344_-384": { "coord": [ 3.0, 10.0 ], "autotile_index": 0.0, "tileset": "spr_waroutsidetile2858", "autotile": 1.0 }, "544_32": { "autotile": 1.0, "autotile_index": 0.0, "tileset": "spr_waroutsidetile2858", "coord": [ 0.0, 12.0 ] }, "192_480": { "autotile": 1.0, "autotile_index": 0.0, "tileset": "spr_waroutsidetile2858", "coord": [ 4.0, 7.0 ] }, "288_96": { "autotile": 1.0, "autotile_index": 0.0, "tileset": "spr_waroutsidetile2858", "coord": [ 5.0, 9.0 ] }, "0_64": { "autotile": 1.0, "autotile_index": 0.0, "tileset": "spr_waroutsidetile2858", "coord": [ 3.0, 9.0 ] }, "416_-384": { "coord": [ 3.0, 10.0 ], "autotile_index": 0.0, "tileset": "spr_waroutsidetile2858", "autotile": 1.0 }, "1440_-32": { "coord": [ 2.0, 11.0 ], "autotile_index": 0.0, "tileset": "spr_waroutsidetile2858", "autotile": 1.0 }, "1536_-384": { "coord": [ 3.0, 10.0 ], "autotile_index": 0.0, "tileset": "spr_waroutsidetile2858", "autotile": 1.0 }, "1216_480": { "coord": [ 3.0, 7.0 ], "autotile_index": 0.0, "tileset": "spr_waroutsidetile2858", "autotile": 1.0 }, "672_480": { "coord": [ 2.0, 7.0 ], "autotile_index": 0.0, "tileset": "spr_waroutsidetile2858", "autotile": 1.0 }, "1568_-64": { "coord": [ 4.0, 7.0 ], "autotile_index": 0.0, "tileset": "spr_waroutsidetile2858", "autotile": 1.0 }, "928_0": { "autotile": 1.0, "autotile_index": 0.0, "tileset": "spr_waroutsidetile2858", "coord": [ 4.0, 9.0 ] }, "480_480": { "coord": [ 2.0, 7.0 ], "autotile_index": 0.0, "tileset": "spr_waroutsidetile2858", "autotile": 1.0 }, "288_480": { "autotile": 1.0, "autotile_index": 0.0, "tileset": "spr_waroutsidetile2858", "coord": [ 4.0, 9.0 ] }, "704_-384": { "coord": [ 3.0, 10.0 ], "autotile_index": 0.0, "tileset": "spr_waroutsidetile2858", "autotile": 1.0 }, "32_224": { "autotile": 1.0, "autotile_index": 0.0, "tileset": "spr_waroutsidetile2858", "coord": [ 5.0, 8.0 ] }, "1312_-384": { "coord": [ 3.0, 10.0 ], "autotile_index": 0.0, "tileset": "spr_waroutsidetile2858", "autotile": 1.0 }, "448_-352": { "coord": [ 3.0, 11.0 ], "autotile_index": 0.0, "tileset": "spr_waroutsidetile2858", "autotile": 1.0 }, "928_544": { "autotile": 1.0, "autotile_index": 0.0, "tileset": "spr_waroutsidetile2858", "coord": [ 0.0, 0.0 ] }, "640_-384": { "coord": [ 3.0, 10.0 ], "autotile_index": 0.0, "tileset": "spr_waroutsidetile2858", "autotile": 1.0 }, "640_32": { "autotile": 1.0, "autotile_index": 0.0, "tileset": "spr_waroutsidetile2858", "coord": [ 3.0, 12.0 ] }, "0_224": { "autotile": 1.0, "autotile_index": 0.0, "tileset": "spr_waroutsidetile2858", "coord": [ 4.0, 9.0 ] }, "192_512": { "autotile": 1.0, "autotile_index": 0.0, "tileset": "spr_waroutsidetile2858", "coord": [ 3.0, 8.0 ] }, "256_-352": { "coord": [ 3.0, 11.0 ], "autotile_index": 0.0, "tileset": "spr_waroutsidetile2858", "autotile": 1.0 }, "160_512": { "autotile": 1.0, "autotile_index": 0.0, "tileset": "spr_waroutsidetile2858", "coord": [ 3.0, 8.0 ] }, "416_-352": { "coord": [ 3.0, 11.0 ], "autotile_index": 0.0, "tileset": "spr_waroutsidetile2858", "autotile": 1.0 }, "768_-352": { "coord": [ 3.0, 11.0 ], "autotile_index": 0.0, "tileset": "spr_waroutsidetile2858", "autotile": 1.0 }, "480_64": { "autotile": 1.0, "autotile_index": 0.0, "tileset": "spr_waroutsidetile2858", "coord": [ 0.0, 12.0 ] }, "832_-64": { "autotile": 1.0, "autotile_index": 0.0, "tileset": "spr_waroutsidetile2858", "coord": [ 2.0, 7.0 ] }, "992_480": { "coord": [ 3.0, 7.0 ], "autotile_index": 0.0, "tileset": "spr_waroutsidetile2858", "autotile": 1.0 }, "64_-32": { "autotile": 1.0, "autotile_index": 0.0, "tileset": "spr_waroutsidetile2858", "coord": [ 3.0, 8.0 ] }, "0_416": { "coord": [ 4.0, 9.0 ], "autotile_index": 0.0, "tileset": "spr_waroutsidetile2858", "autotile": 1.0 }, "128_-352": { "coord": [ 4.0, 11.0 ], "autotile_index": 0.0, "tileset": "spr_waroutsidetile2858", "autotile": 1.0 }, "704_480": { "coord": [ 2.0, 7.0 ], "autotile_index": 0.0, "tileset": "spr_waroutsidetile2858", "autotile": 1.0 }, "800_0": { "autotile": 1.0, "autotile_index": 0.0, "tileset": "spr_waroutsidetile2858", "coord": [ 3.0, 10.0 ] }, "1600_-384": { "coord": [ 3.0, 10.0 ], "autotile_index": 0.0, "tileset": "spr_waroutsidetile2858", "autotile": 1.0 }, "928_320": { "autotile": 1.0, "autotile_index": 0.0, "tileset": "spr_waroutsidetile2858", "coord": [ 3.0, 11.0 ] }, "160_480": { "autotile": 1.0, "autotile_index": 0.0, "tileset": "spr_waroutsidetile2858", "coord": [ 4.0, 7.0 ] }, "192_-352": { "coord": [ 2.0, 11.0 ], "autotile_index": 0.0, "tileset": "spr_waroutsidetile2858", "autotile": 1.0 }, "96_-64": { "autotile": 1.0, "autotile_index": 0.0, "tileset": "spr_waroutsidetile2858", "coord": [ 2.0, 7.0 ] }, "544_64": { "autotile": 1.0, "autotile_index": 0.0, "tileset": "spr_waroutsidetile2858", "coord": [ 5.0, 11.0 ] }, "320_0": { "autotile": 1.0, "autotile_index": 0.0, "tileset": "spr_waroutsidetile2858", "coord": [ 2.0, 11.0 ] }, "1632_-384": { "coord": [ 3.0, 10.0 ], "autotile_index": 0.0, "tileset": "spr_waroutsidetile2858", "autotile": 1.0 }, "864_64": { "autotile": 1.0, "autotile_index": 0.0, "tileset": "spr_waroutsidetile2858", "coord": [ 1.0, 10.0 ] }, "128_32": { "autotile": 1.0, "autotile_index": 0.0, "tileset": "spr_waroutsidetile2858", "coord": [ 5.0, 10.0 ] }, "1568_512": { "coord": [ 3.0, 8.0 ], "autotile_index": 0.0, "tileset": "spr_waroutsidetile2858", "autotile": 1.0 }, "1600_-64": { "coord": [ 4.0, 7.0 ], "autotile_index": 0.0, "tileset": "spr_waroutsidetile2858", "autotile": 1.0 }, "672_-352": { "coord": [ 4.0, 11.0 ], "autotile_index": 0.0, "tileset": "spr_waroutsidetile2858", "autotile": 1.0 }, "0_-64": { "coord": [ 4.0, 9.0 ], "autotile_index": 0.0, "tileset": "spr_waroutsidetile2858", "autotile": 1.0 }, "960_-352": { "coord": [ 4.0, 11.0 ], "autotile_index": 0.0, "tileset": "spr_waroutsidetile2858", "autotile": 1.0 }, "224_96": { "autotile": 1.0, "autotile_index": 0.0, "tileset": "spr_waroutsidetile2858", "coord": [ 1.0, 10.0 ] }, "480_512": { "coord": [ 3.0, 8.0 ], "autotile_index": 0.0, "tileset": "spr_waroutsidetile2858", "autotile": 1.0 }, "1664_-160": { "coord": [ 2.0, 9.0 ], "autotile_index": 0.0, "tileset": "spr_waroutsidetile2858", "autotile": 1.0 }, "864_0": { "autotile": 1.0, "autotile_index": 0.0, "tileset": "spr_waroutsidetile2858", "coord": [ 3.0, 10.0 ] }, "1472_-384": { "coord": [ 3.0, 10.0 ], "autotile_index": 0.0, "tileset": "spr_waroutsidetile2858", "autotile": 1.0 }, "0_352": { "coord": [ 4.0, 9.0 ], "autotile_index": 0.0, "tileset": "spr_waroutsidetile2858", "autotile": 1.0 }, "1600_480": { "coord": [ 3.0, 7.0 ], "autotile_index": 0.0, "tileset": "spr_waroutsidetile2858", "autotile": 1.0 }, "608_-32": { "autotile": 1.0, "autotile_index": 0.0, "tileset": "spr_waroutsidetile2858", "coord": [ 3.0, 8.0 ] }, "1248_-352": { "coord": [ 2.0, 11.0 ], "autotile_index": 0.0, "tileset": "spr_waroutsidetile2858", "autotile": 1.0 }, "352_-384": { "coord": [ 3.0, 10.0 ], "autotile_index": 0.0, "tileset": "spr_waroutsidetile2858", "autotile": 1.0 }, "32_192": { "autotile": 1.0, "autotile_index": 0.0, "tileset": "spr_waroutsidetile2858", "coord": [ 5.0, 8.0 ] }, "1216_-352": { "coord": [ 3.0, 11.0 ], "autotile_index": 0.0, "tileset": "spr_waroutsidetile2858", "autotile": 1.0 }, "64_-352": { "coord": [ 3.0, 11.0 ], "autotile_index": 0.0, "tileset": "spr_waroutsidetile2858", "autotile": 1.0 }, "800_512": { "autotile": 1.0, "autotile_index": 0.0, "tileset": "spr_waroutsidetile2858", "coord": [ 3.0, 8.0 ] }, "672_-64": { "autotile": 1.0, "autotile_index": 0.0, "tileset": "spr_waroutsidetile2858", "coord": [ 3.0, 7.0 ] }, "448_512": { "coord": [ 3.0, 8.0 ], "autotile_index": 0.0, "tileset": "spr_waroutsidetile2858", "autotile": 1.0 }, "832_-32": { "autotile": 1.0, "autotile_index": 0.0, "tileset": "spr_waroutsidetile2858", "coord": [ 3.0, 8.0 ] }, "1632_-320": { "coord": [ 1.0, 8.0 ], "autotile_index": 0.0, "tileset": "spr_waroutsidetile2858", "autotile": 1.0 }, "576_-352": { "coord": [ 2.0, 11.0 ], "autotile_index": 0.0, "tileset": "spr_waroutsidetile2858", "autotile": 1.0 }, "1440_-384": { "coord": [ 3.0, 10.0 ], "autotile_index": 0.0, "tileset": "spr_waroutsidetile2858", "autotile": 1.0 }, "64_-64": { "autotile": 1.0, "autotile_index": 0.0, "tileset": "spr_waroutsidetile2858", "coord": [ 4.0, 7.0 ] }, "1408_-128": { "coord": [ 5.0, 7.0 ], "autotile_index": 0.0, "tileset": "spr_waroutsidetile2858", "autotile": 1.0 }, "960_64": { "autotile": 1.0, "autotile_index": 0.0, "tileset": "spr_waroutsidetile2858", "coord": [ 5.0, 10.0 ] }, "544_-32": { "autotile": 1.0, "autotile_index": 0.0, "tileset": "spr_waroutsidetile2858", "coord": [ 3.0, 8.0 ] }, "736_480": { "autotile": 1.0, "autotile_index": 0.0, "tileset": "spr_waroutsidetile2858", "coord": [ 2.0, 7.0 ] }, "320_448": { "autotile": 1.0, "autotile_index": 0.0, "tileset": "spr_waroutsidetile2858", "coord": [ 5.0, 8.0 ] }, "32_-320": { "coord": [ 5.0, 9.0 ], "autotile_index": 0.0, "tileset": "spr_waroutsidetile2858", "autotile": 1.0 }, "544_512": { "coord": [ 3.0, 8.0 ], "autotile_index": 0.0, "tileset": "spr_waroutsidetile2858", "autotile": 1.0 }, "928_224": { "autotile": 1.0, "autotile_index": 0.0, "tileset": "spr_waroutsidetile2858", "coord": [ 3.0, 10.0 ] }, "544_480": { "coord": [ 2.0, 7.0 ], "autotile_index": 0.0, "tileset": "spr_waroutsidetile2858", "autotile": 1.0 }, "544_-352": { "coord": [ 3.0, 11.0 ], "autotile_index": 0.0, "tileset": "spr_waroutsidetile2858", "autotile": 1.0 }, "1184_480": { "coord": [ 4.0, 7.0 ], "autotile_index": 0.0, "tileset": "spr_waroutsidetile2858", "autotile": 1.0 }, "1568_-32": { "coord": [ 4.0, 11.0 ], "autotile_index": 0.0, "tileset": "spr_waroutsidetile2858", "autotile": 1.0 }, "1632_-256": { "coord": [ 1.0, 8.0 ], "autotile_index": 0.0, "tileset": "spr_waroutsidetile2858", "autotile": 1.0 }, "608_512": { "coord": [ 3.0, 8.0 ], "autotile_index": 0.0, "tileset": "spr_waroutsidetile2858", "autotile": 1.0 }, "1504_-64": { "coord": [ 2.0, 7.0 ], "autotile_index": 0.0, "tileset": "spr_waroutsidetile2858", "autotile": 1.0 }, "1280_-384": { "coord": [ 3.0, 10.0 ], "autotile_index": 0.0, "tileset": "spr_waroutsidetile2858", "autotile": 1.0 }, "864_480": { "autotile": 1.0, "autotile_index": 0.0, "tileset": "spr_waroutsidetile2858", "coord": [ 2.0, 7.0 ] }, "448_96": { "autotile": 1.0, "autotile_index": 0.0, "tileset": "spr_waroutsidetile2858", "coord": [ 1.0, 11.0 ] }, "0_480": { "coord": [ 4.0, 9.0 ], "autotile_index": 0.0, "tileset": "spr_waroutsidetile2858", "autotile": 1.0 }, "960_512": { "coord": [ 3.0, 8.0 ], "autotile_index": 0.0, "tileset": "spr_waroutsidetile2858", "autotile": 1.0 }, "1056_512": { "coord": [ 3.0, 8.0 ], "autotile_index": 0.0, "tileset": "spr_waroutsidetile2858", "autotile": 1.0 }, "0_448": { "coord": [ 4.0, 9.0 ], "autotile_index": 0.0, "tileset": "spr_waroutsidetile2858", "autotile": 1.0 }, "800_-384": { "coord": [ 3.0, 10.0 ], "autotile_index": 0.0, "tileset": "spr_waroutsidetile2858", "autotile": 1.0 }, "992_-384": { "coord": [ 3.0, 10.0 ], "autotile_index": 0.0, "tileset": "spr_waroutsidetile2858", "autotile": 1.0 }, "256_416": { "autotile": 1.0, "autotile_index": 0.0, "tileset": "spr_waroutsidetile2858", "coord": [ 3.0, 7.0 ] }, "672_32": { "autotile": 1.0, "autotile_index": 0.0, "tileset": "spr_waroutsidetile2858", "coord": [ 2.0, 9.0 ] }, "96_96": { "autotile": 1.0, "autotile_index": 0.0, "tileset": "spr_waroutsidetile2858", "coord": [ 4.0, 9.0 ] }, "960_0": { "autotile": 1.0, "autotile_index": 0.0, "tileset": "spr_waroutsidetile2858", "coord": [ 5.0, 10.0 ] }, "64_128": { "autotile": 1.0, "autotile_index": 0.0, "tileset": "spr_waroutsidetile2858", "coord": [ 3.0, 10.0 ] }, "768_-64": { "autotile": 1.0, "autotile_index": 0.0, "tileset": "spr_waroutsidetile2858", "coord": [ 2.0, 7.0 ] }, "1664_-96": { "coord": [ 2.0, 9.0 ], "autotile_index": 0.0, "tileset": "spr_waroutsidetile2858", "autotile": 1.0 }, "896_320": { "autotile": 1.0, "autotile_index": 0.0, "tileset": "spr_waroutsidetile2858", "coord": [ 1.0, 11.0 ] }, "1152_-352": { "coord": [ 4.0, 11.0 ], "autotile_index": 0.0, "tileset": "spr_waroutsidetile2858", "autotile": 1.0 }, "1632_-160": { "coord": [ 1.0, 10.0 ], "autotile_index": 0.0, "tileset": "spr_waroutsidetile2858", "autotile": 1.0 }, "32_-256": { "coord": [ 5.0, 9.0 ], "autotile_index": 0.0, "tileset": "spr_waroutsidetile2858", "autotile": 1.0 }, "992_512": { "coord": [ 3.0, 8.0 ], "autotile_index": 0.0, "tileset": "spr_waroutsidetile2858", "autotile": 1.0 }, "0_320": { "coord": [ 4.0, 9.0 ], "autotile_index": 0.0, "tileset": "spr_waroutsidetile2858", "autotile": 1.0 }, "512_64": { "autotile": 1.0, "autotile_index": 0.0, "tileset": "spr_waroutsidetile2858", "coord": [ 4.0, 11.0 ] }, "1472_-64": { "coord": [ 4.0, 7.0 ], "autotile_index": 0.0, "tileset": "spr_waroutsidetile2858", "autotile": 1.0 }, "288_128": { "autotile": 1.0, "autotile_index": 0.0, "tileset": "spr_waroutsidetile2858", "coord": [ 5.0, 9.0 ] }, "352_480": { "autotile": 1.0, "autotile_index": 0.0, "tileset": "spr_waroutsidetile2858", "coord": [ 3.0, 7.0 ] }, "1504_480": { "coord": [ 3.0, 7.0 ], "autotile_index": 0.0, "tileset": "spr_waroutsidetile2858", "autotile": 1.0 }, "416_-64": { "autotile": 1.0, "autotile_index": 0.0, "tileset": "spr_waroutsidetile2858", "coord": [ 2.0, 7.0 ] }, "0_-96": { "coord": [ 4.0, 9.0 ], "autotile_index": 0.0, "tileset": "spr_waroutsidetile2858", "autotile": 1.0 }, "384_-384": { "coord": [ 3.0, 10.0 ], "autotile_index": 0.0, "tileset": "spr_waroutsidetile2858", "autotile": 1.0 }, "672_0": { "autotile": 1.0, "autotile_index": 0.0, "tileset": "spr_waroutsidetile2858", "coord": [ 3.0, 10.0 ] }, "352_0": { "autotile": 1.0, "autotile_index": 0.0, "tileset": "spr_waroutsidetile2858", "coord": [ 4.0, 11.0 ] }, "64_64": { "autotile": 1.0, "autotile_index": 0.0, "tileset": "spr_waroutsidetile2858", "coord": [ 3.0, 9.0 ] }, "896_512": { "autotile": 1.0, "autotile_index": 0.0, "tileset": "spr_waroutsidetile2858", "coord": [ 3.0, 8.0 ] }, "832_512": { "autotile": 1.0, "autotile_index": 0.0, "tileset": "spr_waroutsidetile2858", "coord": [ 3.0, 8.0 ] }, "704_128": { "autotile": 1.0, "autotile_index": 0.0, "tileset": "spr_waroutsidetile2858", "coord": [ 1.0, 8.0 ] }, "1664_-224": { "coord": [ 2.0, 9.0 ], "autotile_index": 0.0, "tileset": "spr_waroutsidetile2858", "autotile": 1.0 }, "0_-160": { "coord": [ 4.0, 9.0 ], "autotile_index": 0.0, "tileset": "spr_waroutsidetile2858", "autotile": 1.0 }, "576_-64": { "autotile": 1.0, "autotile_index": 0.0, "tileset": "spr_waroutsidetile2858", "coord": [ 4.0, 7.0 ] }, "512_0": { "autotile": 1.0, "autotile_index": 0.0, "tileset": "spr_waroutsidetile2858", "coord": [ 3.0, 10.0 ] }, "928_288": { "autotile": 1.0, "autotile_index": 0.0, "tileset": "spr_waroutsidetile2858", "coord": [ 3.0, 10.0 ] }, "1056_-352": { "coord": [ 3.0, 11.0 ], "autotile_index": 0.0, "tileset": "spr_waroutsidetile2858", "autotile": 1.0 }, "640_512": { "coord": [ 3.0, 8.0 ], "autotile_index": 0.0, "tileset": "spr_waroutsidetile2858", "autotile": 1.0 }, "960_-64": { "autotile": 1.0, "autotile_index": 0.0, "tileset": "spr_waroutsidetile2858", "coord": [ 5.0, 7.0 ] }, "1504_512": { "coord": [ 3.0, 8.0 ], "autotile_index": 0.0, "tileset": "spr_waroutsidetile2858", "autotile": 1.0 }, "32_416": { "coord": [ 5.0, 9.0 ], "autotile_index": 0.0, "tileset": "spr_waroutsidetile2858", "autotile": 1.0 }, "1024_-352": { "coord": [ 3.0, 11.0 ], "autotile_index": 0.0, "tileset": "spr_waroutsidetile2858", "autotile": 1.0 }, "32_-288": { "coord": [ 5.0, 8.0 ], "autotile_index": 0.0, "tileset": "spr_waroutsidetile2858", "autotile": 1.0 }, "672_-32": { "autotile": 1.0, "autotile_index": 0.0, "tileset": "spr_waroutsidetile2858", "coord": [ 3.0, 8.0 ] }, "1056_-384": { "coord": [ 3.0, 10.0 ], "autotile_index": 0.0, "tileset": "spr_waroutsidetile2858", "autotile": 1.0 }, "544_-384": { "coord": [ 3.0, 10.0 ], "autotile_index": 0.0, "tileset": "spr_waroutsidetile2858", "autotile": 1.0 }, "128_96": { "autotile": 1.0, "autotile_index": 0.0, "tileset": "spr_waroutsidetile2858", "coord": [ 5.0, 9.0 ] }, "448_64": { "autotile": 1.0, "autotile_index": 0.0, "tileset": "spr_waroutsidetile2858", "coord": [ 1.0, 8.0 ] }, "32_64": { "autotile": 1.0, "autotile_index": 0.0, "tileset": "spr_waroutsidetile2858", "coord": [ 3.0, 9.0 ] }, "896_32": { "autotile": 1.0, "autotile_index": 0.0, "tileset": "spr_waroutsidetile2858", "coord": [ 2.0, 9.0 ] }, "288_512": { "autotile": 1.0, "autotile_index": 0.0, "tileset": "spr_waroutsidetile2858", "coord": [ 3.0, 10.0 ] }, "64_480": { "coord": [ 2.0, 7.0 ], "autotile_index": 0.0, "tileset": "spr_waroutsidetile2858", "autotile": 1.0 }, "320_480": { "autotile": 1.0, "autotile_index": 0.0, "tileset": "spr_waroutsidetile2858", "coord": [ 0.0, 15.0 ] }, "928_192": { "autotile": 1.0, "autotile_index": 0.0, "tileset": "spr_waroutsidetile2858", "coord": [ 3.0, 10.0 ] }, "960_-32": { "autotile": 1.0, "autotile_index": 0.0, "tileset": "spr_waroutsidetile2858", "coord": [ 5.0, 10.0 ] }, "320_-352": { "coord": [ 2.0, 11.0 ], "autotile_index": 0.0, "tileset": "spr_waroutsidetile2858", "autotile": 1.0 }, "224_416": { "autotile": 1.0, "autotile_index": 0.0, "tileset": "spr_waroutsidetile2858", "coord": [ 1.0, 7.0 ] }, "32_-64": { "autotile": 1.0, "autotile_index": 0.0, "tileset": "spr_waroutsidetile2858", "coord": [ 0.0, 15.0 ] }, "1376_-128": { "coord": [ 1.0, 7.0 ], "autotile_index": 0.0, "tileset": "spr_waroutsidetile2858", "autotile": 1.0 }, "768_-32": { "autotile": 1.0, "autotile_index": 0.0, "tileset": "spr_waroutsidetile2858", "coord": [ 3.0, 8.0 ] }, "896_288": { "autotile": 1.0, "autotile_index": 0.0, "tileset": "spr_waroutsidetile2858", "coord": [ 1.0, 10.0 ] }, "512_-64": { "autotile": 1.0, "autotile_index": 0.0, "tileset": "spr_waroutsidetile2858", "coord": [ 4.0, 7.0 ] }, "0_384": { "coord": [ 4.0, 9.0 ], "autotile_index": 0.0, "tileset": "spr_waroutsidetile2858", "autotile": 1.0 }, "864_32": { "autotile": 1.0, "autotile_index": 0.0, "tileset": "spr_waroutsidetile2858", "coord": [ 3.0, 12.0 ] }, "0_-384": { "coord": [ 3.0, 10.0 ], "autotile_index": 0.0, "tileset": "spr_waroutsidetile2858", "autotile": 1.0 }, "128_128": { "autotile": 1.0, "autotile_index": 0.0, "tileset": "spr_waroutsidetile2858", "coord": [ 5.0, 10.0 ] }, "1120_-384": { "coord": [ 3.0, 10.0 ], "autotile_index": 0.0, "tileset": "spr_waroutsidetile2858", "autotile": 1.0 }, "736_160": { "autotile": 1.0, "autotile_index": 0.0, "tileset": "spr_waroutsidetile2858", "coord": [ 5.0, 11.0 ] }, "1088_-352": { "coord": [ 3.0, 11.0 ], "autotile_index": 0.0, "tileset": "spr_waroutsidetile2858", "autotile": 1.0 }, "896_192": { "autotile": 1.0, "autotile_index": 0.0, "tileset": "spr_waroutsidetile2858", "coord": [ 1.0, 10.0 ] }, "448_-32": { "autotile": 1.0, "autotile_index": 0.0, "tileset": "spr_waroutsidetile2858", "coord": [ 3.0, 10.0 ] }, "960_256": { "autotile": 1.0, "autotile_index": 0.0, "tileset": "spr_waroutsidetile2858", "coord": [ 5.0, 8.0 ] }, "160_-352": { "coord": [ 4.0, 11.0 ], "autotile_index": 0.0, "tileset": "spr_waroutsidetile2858", "autotile": 1.0 }, "1312_512": { "coord": [ 3.0, 8.0 ], "autotile_index": 0.0, "tileset": "spr_waroutsidetile2858", "autotile": 1.0 }, "512_480": { "coord": [ 2.0, 7.0 ], "autotile_index": 0.0, "tileset": "spr_waroutsidetile2858", "autotile": 1.0 }, "0_128": { "autotile": 1.0, "autotile_index": 0.0, "tileset": "spr_waroutsidetile2858", "coord": [ 3.0, 10.0 ] }, "1440_512": { "coord": [ 3.0, 8.0 ], "autotile_index": 0.0, "tileset": "spr_waroutsidetile2858", "autotile": 1.0 }, "928_160": { "autotile": 1.0, "autotile_index": 0.0, "tileset": "spr_waroutsidetile2858", "coord": [ 3.0, 10.0 ] }, "0_512": { "coord": [ 3.0, 10.0 ], "autotile_index": 0.0, "tileset": "spr_waroutsidetile2858", "autotile": 1.0 }, "1376_-352": { "coord": [ 3.0, 12.0 ], "autotile_index": 0.0, "tileset": "spr_waroutsidetile2858", "autotile": 1.0 }, "1216_512": { "coord": [ 3.0, 8.0 ], "autotile_index": 0.0, "tileset": "spr_waroutsidetile2858", "autotile": 1.0 }, "32_96": { "autotile": 1.0, "autotile_index": 0.0, "tileset": "spr_waroutsidetile2858", "coord": [ 3.0, 9.0 ] }, "32_-160": { "coord": [ 5.0, 8.0 ], "autotile_index": 0.0, "tileset": "spr_waroutsidetile2858", "autotile": 1.0 }, "1312_-352": { "coord": [ 2.0, 11.0 ], "autotile_index": 0.0, "tileset": "spr_waroutsidetile2858", "autotile": 1.0 }, "1120_480": { "coord": [ 3.0, 7.0 ], "autotile_index": 0.0, "tileset": "spr_waroutsidetile2858", "autotile": 1.0 }, "704_-64": { "autotile": 1.0, "autotile_index": 0.0, "tileset": "spr_waroutsidetile2858", "coord": [ 4.0, 7.0 ] }, "32_384": { "coord": [ 5.0, 9.0 ], "autotile_index": 0.0, "tileset": "spr_waroutsidetile2858", "autotile": 1.0 }, "576_32": { "autotile": 1.0, "autotile_index": 0.0, "tileset": "spr_waroutsidetile2858", "coord": [ 4.0, 11.0 ] }, "608_0": { "autotile": 1.0, "autotile_index": 0.0, "tileset": "spr_waroutsidetile2858", "coord": [ 3.0, 10.0 ] }, "32_-192": { "coord": [ 5.0, 10.0 ], "autotile_index": 0.0, "tileset": "spr_waroutsidetile2858", "autotile": 1.0 }, "128_-64": { "autotile": 1.0, "autotile_index": 0.0, "tileset": "spr_waroutsidetile2858", "coord": [ 5.0, 7.0 ] }, "896_64": { "autotile": 1.0, "autotile_index": 0.0, "tileset": "spr_waroutsidetile2858", "coord": [ 2.0, 10.0 ] }, "1152_-384": { "coord": [ 3.0, 10.0 ], "autotile_index": 0.0, "tileset": "spr_waroutsidetile2858", "autotile": 1.0 }, "224_32": { "autotile": 1.0, "autotile_index": 0.0, "tileset": "spr_waroutsidetile2858", "coord": [ 1.0, 8.0 ] }, "1664_512": { "coord": [ 3.0, 8.0 ], "autotile_index": 0.0, "tileset": "spr_waroutsidetile2858", "autotile": 1.0 } }, "-5": { "1440_-160": { "coord": [ 2.0, 9.0 ], "autotile_index": 0.0, "tileset": "spr_waroutsidetile2858", "autotile": 1.0 }, "1632_-224": { "coord": [ 3.0, 9.0 ], "autotile_index": 0.0, "tileset": "spr_waroutsidetile2858", "autotile": 1.0 }, "1536_-288": { "coord": [ 3.0, 9.0 ], "autotile_index": 0.0, "tileset": "spr_waroutsidetile2858", "autotile": 1.0 }, "1504_-320": { "coord": [ 3.0, 9.0 ], "autotile_index": 0.0, "tileset": "spr_waroutsidetile2858", "autotile": 1.0 }, "1632_-96": { "coord": [ 3.0, 9.0 ], "autotile_index": 0.0, "tileset": "spr_waroutsidetile2858", "autotile": 1.0 }, "1440_-224": { "coord": [ 2.0, 9.0 ], "autotile_index": 0.0, "tileset": "spr_waroutsidetile2858", "autotile": 1.0 }, "1600_-160": { "coord": [ 3.0, 9.0 ], "autotile_index": 0.0, "tileset": "spr_waroutsidetile2858", "autotile": 1.0 }, "1568_-224": { "coord": [ 3.0, 9.0 ], "autotile_index": 0.0, "tileset": "spr_waroutsidetile2858", "autotile": 1.0 }, "1472_-352": { "coord": [ 3.0, 9.0 ], "autotile_index": 0.0, "tileset": "spr_waroutsidetile2858", "autotile": 1.0 }, "1504_-192": { "coord": [ 3.0, 9.0 ], "autotile_index": 0.0, "tileset": "spr_waroutsidetile2858", "autotile": 1.0 }, "1632_-320": { "coord": [ 3.0, 9.0 ], "autotile_index": 0.0, "tileset": "spr_waroutsidetile2858", "autotile": 1.0 }, "1472_-128": { "coord": [ 3.0, 9.0 ], "autotile_index": 0.0, "tileset": "spr_waroutsidetile2858", "autotile": 1.0 }, "1440_-320": { "coord": [ 3.0, 10.0 ], "autotile_index": 0.0, "tileset": "spr_waroutsidetile2858", "autotile": 1.0 }, "1536_-352": { "coord": [ 3.0, 9.0 ], "autotile_index": 0.0, "tileset": "spr_waroutsidetile2858", "autotile": 1.0 }, "1632_-128": { "coord": [ 3.0, 9.0 ], "autotile_index": 0.0, "tileset": "spr_waroutsidetile2858", "autotile": 1.0 }, "1408_-192": { "coord": [ 1.0, 9.0 ], "autotile_index": 0.0, "tileset": "spr_waroutsidetile2858", "autotile": 1.0 }, "1408_-128": { "coord": [ 3.0, 15.0 ], "autotile_index": 0.0, "tileset": "spr_waroutsidetile2858", "autotile": 1.0 }, "1472_-160": { "coord": [ 3.0, 9.0 ], "autotile_index": 0.0, "tileset": "spr_waroutsidetile2858", "autotile": 1.0 }, "1408_-288": { "coord": [ 3.0, 12.0 ], "autotile_index": 0.0, "tileset": "spr_waroutsidetile2858", "autotile": 1.0 }, "1632_-192": { "coord": [ 3.0, 9.0 ], "autotile_index": 0.0, "tileset": "spr_waroutsidetile2858", "autotile": 1.0 }, "1504_-128": { "coord": [ 3.0, 9.0 ], "autotile_index": 0.0, "tileset": "spr_waroutsidetile2858", "autotile": 1.0 }, "1600_-224": { "coord": [ 3.0, 9.0 ], "autotile_index": 0.0, "tileset": "spr_waroutsidetile2858", "autotile": 1.0 }, "1408_-224": { "coord": [ 1.0, 8.0 ], "autotile_index": 0.0, "tileset": "spr_waroutsidetile2858", "autotile": 1.0 }, "1632_-256": { "coord": [ 3.0, 9.0 ], "autotile_index": 0.0, "tileset": "spr_waroutsidetile2858", "autotile": 1.0 }, "1440_-416": { "coord": [ 0.0, 0.0 ], "autotile_index": 0.0, "tileset": "spr_waroutsidetile2858", "autotile": 1.0 }, "1504_-64": { "coord": [ 3.0, 10.0 ], "autotile_index": 0.0, "tileset": "spr_waroutsidetile2858", "autotile": 1.0 }, "1440_-288": { "coord": [ 2.0, 9.0 ], "autotile_index": 0.0, "tileset": "spr_waroutsidetile2858", "autotile": 1.0 }, "1504_-352": { "coord": [ 3.0, 9.0 ], "autotile_index": 0.0, "tileset": "spr_waroutsidetile2858", "autotile": 1.0 }, "1472_-224": { "coord": [ 3.0, 9.0 ], "autotile_index": 0.0, "tileset": "spr_waroutsidetile2858", "autotile": 1.0 }, "1440_-128": { "coord": [ 2.0, 9.0 ], "autotile_index": 0.0, "tileset": "spr_waroutsidetile2858", "autotile": 1.0 }, "1600_-288": { "coord": [ 3.0, 9.0 ], "autotile_index": 0.0, "tileset": "spr_waroutsidetile2858", "autotile": 1.0 }, "1472_-288": { "coord": [ 3.0, 9.0 ], "autotile_index": 0.0, "tileset": "spr_waroutsidetile2858", "autotile": 1.0 }, "1632_-288": { "coord": [ 3.0, 9.0 ], "autotile_index": 0.0, "tileset": "spr_waroutsidetile2858", "autotile": 1.0 }, "1440_-256": { "coord": [ 2.0, 9.0 ], "autotile_index": 0.0, "tileset": "spr_waroutsidetile2858", "autotile": 1.0 }, "1600_-96": { "coord": [ 3.0, 9.0 ], "autotile_index": 0.0, "tileset": "spr_waroutsidetile2858", "autotile": 1.0 }, "1568_-96": { "coord": [ 3.0, 9.0 ], "autotile_index": 0.0, "tileset": "spr_waroutsidetile2858", "autotile": 1.0 }, "1568_-160": { "coord": [ 3.0, 9.0 ], "autotile_index": 0.0, "tileset": "spr_waroutsidetile2858", "autotile": 1.0 }, "1408_-64": { "coord": [ 2.0, 10.0 ], "autotile_index": 0.0, "tileset": "spr_waroutsidetile2858", "autotile": 1.0 }, "1408_-160": { "coord": [ 1.0, 9.0 ], "autotile_index": 0.0, "tileset": "spr_waroutsidetile2858", "autotile": 1.0 }, "1536_-256": { "coord": [ 3.0, 9.0 ], "autotile_index": 0.0, "tileset": "spr_waroutsidetile2858", "autotile": 1.0 }, "1472_-96": { "coord": [ 3.0, 9.0 ], "autotile_index": 0.0, "tileset": "spr_waroutsidetile2858", "autotile": 1.0 }, "1568_-352": { "coord": [ 3.0, 9.0 ], "autotile_index": 0.0, "tileset": "spr_waroutsidetile2858", "autotile": 1.0 }, "1632_-160": { "coord": [ 3.0, 9.0 ], "autotile_index": 0.0, "tileset": "spr_waroutsidetile2858", "autotile": 1.0 }, "1568_-192": { "coord": [ 3.0, 9.0 ], "autotile_index": 0.0, "tileset": "spr_waroutsidetile2858", "autotile": 1.0 }, "1600_-352": { "coord": [ 3.0, 9.0 ], "autotile_index": 0.0, "tileset": "spr_waroutsidetile2858", "autotile": 1.0 }, "1472_-64": { "coord": [ 3.0, 10.0 ], "autotile_index": 0.0, "tileset": "spr_waroutsidetile2858", "autotile": 1.0 }, "1408_-352": { "coord": [ 2.0, 9.0 ], "autotile_index": 0.0, "tileset": "spr_waroutsidetile2858", "autotile": 1.0 }, "1504_-256": { "coord": [ 3.0, 9.0 ], "autotile_index": 0.0, "tileset": "spr_waroutsidetile2858", "autotile": 1.0 }, "1408_-320": { "coord": [ 2.0, 10.0 ], "autotile_index": 0.0, "tileset": "spr_waroutsidetile2858", "autotile": 1.0 }, "1632_-352": { "coord": [ 3.0, 9.0 ], "autotile_index": 0.0, "tileset": "spr_waroutsidetile2858", "autotile": 1.0 }, "1536_-128": { "coord": [ 3.0, 9.0 ], "autotile_index": 0.0, "tileset": "spr_waroutsidetile2858", "autotile": 1.0 }, "1600_-256": { "coord": [ 3.0, 9.0 ], "autotile_index": 0.0, "tileset": "spr_waroutsidetile2858", "autotile": 1.0 }, "1536_-96": { "coord": [ 3.0, 9.0 ], "autotile_index": 0.0, "tileset": "spr_waroutsidetile2858", "autotile": 1.0 }, "1600_-192": { "coord": [ 3.0, 9.0 ], "autotile_index": 0.0, "tileset": "spr_waroutsidetile2858", "autotile": 1.0 }, "1472_-192": { "coord": [ 3.0, 9.0 ], "autotile_index": 0.0, "tileset": "spr_waroutsidetile2858", "autotile": 1.0 }, "1440_-64": { "coord": [ 3.0, 10.0 ], "autotile_index": 0.0, "tileset": "spr_waroutsidetile2858", "autotile": 1.0 }, "1536_-224": { "coord": [ 3.0, 9.0 ], "autotile_index": 0.0, "tileset": "spr_waroutsidetile2858", "autotile": 1.0 }, "1440_-192": { "coord": [ 2.0, 9.0 ], "autotile_index": 0.0, "tileset": "spr_waroutsidetile2858", "autotile": 1.0 }, "1568_-256": { "coord": [ 3.0, 9.0 ], "autotile_index": 0.0, "tileset": "spr_waroutsidetile2858", "autotile": 1.0 }, "1568_-288": { "coord": [ 3.0, 9.0 ], "autotile_index": 0.0, "tileset": "spr_waroutsidetile2858", "autotile": 1.0 }, "1472_-256": { "coord": [ 3.0, 9.0 ], "autotile_index": 0.0, "tileset": "spr_waroutsidetile2858", "autotile": 1.0 }, "1632_-64": { "coord": [ 3.0, 10.0 ], "autotile_index": 0.0, "tileset": "spr_waroutsidetile2858", "autotile": 1.0 }, "1568_-64": { "coord": [ 3.0, 10.0 ], "autotile_index": 0.0, "tileset": "spr_waroutsidetile2858", "autotile": 1.0 }, "1536_-160": { "coord": [ 3.0, 9.0 ], "autotile_index": 0.0, "tileset": "spr_waroutsidetile2858", "autotile": 1.0 }, "1536_-192": { "coord": [ 3.0, 9.0 ], "autotile_index": 0.0, "tileset": "spr_waroutsidetile2858", "autotile": 1.0 }, "1504_-288": { "coord": [ 3.0, 9.0 ], "autotile_index": 0.0, "tileset": "spr_waroutsidetile2858", "autotile": 1.0 }, "1408_-256": { "coord": [ 1.0, 10.0 ], "autotile_index": 0.0, "tileset": "spr_waroutsidetile2858", "autotile": 1.0 }, "1600_-128": { "coord": [ 3.0, 9.0 ], "autotile_index": 0.0, "tileset": "spr_waroutsidetile2858", "autotile": 1.0 }, "1472_-320": { "coord": [ 3.0, 9.0 ], "autotile_index": 0.0, "tileset": "spr_waroutsidetile2858", "autotile": 1.0 }, "1568_-128": { "coord": [ 3.0, 9.0 ], "autotile_index": 0.0, "tileset": "spr_waroutsidetile2858", "autotile": 1.0 }, "1408_-96": { "coord": [ 2.0, 8.0 ], "autotile_index": 0.0, "tileset": "spr_waroutsidetile2858", "autotile": 1.0 }, "1504_-224": { "coord": [ 3.0, 9.0 ], "autotile_index": 0.0, "tileset": "spr_waroutsidetile2858", "autotile": 1.0 }, "1440_-96": { "coord": [ 3.0, 10.0 ], "autotile_index": 0.0, "tileset": "spr_waroutsidetile2858", "autotile": 1.0 }, "1536_-320": { "coord": [ 3.0, 9.0 ], "autotile_index": 0.0, "tileset": "spr_waroutsidetile2858", "autotile": 1.0 }, "1504_-96": { "coord": [ 3.0, 9.0 ], "autotile_index": 0.0, "tileset": "spr_waroutsidetile2858", "autotile": 1.0 }, "1568_-320": { "coord": [ 3.0, 9.0 ], "autotile_index": 0.0, "tileset": "spr_waroutsidetile2858", "autotile": 1.0 }, "1440_-352": { "coord": [ 3.0, 9.0 ], "autotile_index": 0.0, "tileset": "spr_waroutsidetile2858", "autotile": 1.0 }, "1600_-320": { "coord": [ 3.0, 9.0 ], "autotile_index": 0.0, "tileset": "spr_waroutsidetile2858", "autotile": 1.0 }, "1600_-64": { "coord": [ 3.0, 10.0 ], "autotile_index": 0.0, "tileset": "spr_waroutsidetile2858", "autotile": 1.0 }, "1536_-64": { "coord": [ 3.0, 10.0 ], "autotile_index": 0.0, "tileset": "spr_waroutsidetile2858", "autotile": 1.0 }, "1504_-160": { "coord": [ 3.0, 9.0 ], "autotile_index": 0.0, "tileset": "spr_waroutsidetile2858", "autotile": 1.0 } } }, "backgrounds": { "4": { "x": 0.0, "scroll_x": 0.75, "tile_y": 1.0, "hspeed": 0.0, "scroll_y": 0.0, "y": 0.0, "sprite": "sky2", "tile_x": 1.0, "vspeed": 0.0, "image_speed": 15.0, "panic_sprite": -1.0 } }, "properties": { "songTransitionTime": 100.0, "roomX": 0.0, "levelWidth": 1696.0, "roomY": -384.0, "levelHeight": 540.0, "song": "Into_pizzaFaces's_City" } }