{ "editorVersion": 5.0, "instances": [ { "layer": 0.0, "deleted": 0.0, "variables": { "x": -576.0, "y": 0.0, "image_xscale": 48.0, "image_yscale": 2.0, "flipX": 0.0, "flipY": 0.0 }, "object": 517.0 }, { "layer": 0.0, "deleted": 0.0, "variables": { "x": 896.0, "y": 64.0, "image_xscale": 2.0, "image_yscale": 13.0, "flipX": 0.0, "flipY": 0.0 }, "object": 517.0 }, { "layer": 0.0, "deleted": 0.0, "variables": { "x": -576.0, "y": 480.0, "image_xscale": 48.0, "image_yscale": 2.0, "flipX": 0.0, "flipY": 0.0 }, "object": 517.0 }, { "layer": 0.0, "deleted": 0.0, "variables": { "x": -576.0, "y": 64.0, "image_xscale": 2.0, "image_yscale": 13.0, "flipX": 0.0, "flipY": 0.0 }, "object": 517.0 }, { "layer": 0.0, "deleted": 0.0, "variables": { "x": -400.0, "y": 448.0 }, "object": 804.0 }, { "layer": 0.0, "deleted": 0.0, "variables": { "x": -384.0, "flipX": 0.0, "y": 352.0, "flipY": 0.0 }, "object": 770.0 }, { "layer": 0.0, "deleted": 0.0, "variables": { "x": 736.0, "y": 336.5, "bgsprite": "pepperoni_door_bg", "image_xscale": 1.0, "image_yscale": 1.0, "flipX": 0.0, "flipY": 0.0, "sprite_index": "peppironi_moubt_doooor", "levelName": "cold pepperoni" }, "object": 799.0 }, { "layer": 0.0, "deleted": 0.0, "variables": { "x": 544.0, "y": 384.0, "image_xscale": 1.0, "image_yscale": 1.0, "level": "cold pepperoni", "flipX": 0.0, "flipY": 0.0, "treasurespr": "seceret_tresure_pepperoni" }, "object": 257.0 }, { "layer": 0.0, "deleted": 1.0, "variables": { "x": 416.0, "flipX": 0.0, "y": 434.0, "flipY": 0.0 }, "object": 1070.0 }, { "layer": 0.0, "deleted": 1.0, "variables": { "x": 288.0, "flipX": 0.0, "y": 416.0, "flipY": 0.0 }, "object": 148.0 }, { "layer": 0.0, "deleted": 1.0, "variables": { "x": 160.0, "y": 96.0, "image_xscale": 1.0, "image_yscale": 1.0, "flipX": 0.0, "flipY": 0.0 }, "object": 517.0 } ], "tile_data": { "5": { "-448_480": { "coord": [ 3.0, 1.0 ], "autotile_index": 0.0, "tileset": "spr_forestplaintile", "autotile": 1.0 }, "-576_160": { "coord": [ 9.0, 7.0 ], "autotile_index": 0.0, "tileset": "spr_forestplaintile", "autotile": 1.0 }, "160_32": { "autotile": 1.0, "autotile_index": 0.0, "tileset": "spr_forestplaintile", "coord": [ 5.0, 6.0 ] }, "800_32": { "autotile": 1.0, "autotile_index": 0.0, "tileset": "spr_forestplaintile", "coord": [ 6.0, 6.0 ] }, "32_32": { "coord": [ 2.0, 6.0 ], "autotile_index": 0.0, "tileset": "spr_forestplaintile", "autotile": 1.0 }, "-544_448": { "coord": [ 7.0, 3.0 ], "autotile_index": 0.0, "tileset": "spr_forestplaintile", "autotile": 1.0 }, "224_32": { "autotile": 1.0, "autotile_index": 0.0, "tileset": "spr_forestplaintile", "coord": [ 6.0, 6.0 ] }, "-544_0": { "coord": [ 9.0, 7.0 ], "autotile_index": 0.0, "tileset": "spr_forestplaintile", "autotile": 1.0 }, "192_512": { "autotile": 1.0, "autotile_index": 0.0, "tileset": "spr_forestplaintile", "coord": [ 9.0, 7.0 ] }, "96_32": { "coord": [ 6.0, 6.0 ], "autotile_index": 0.0, "tileset": "spr_forestplaintile", "autotile": 1.0 }, "768_32": { "autotile": 1.0, "autotile_index": 0.0, "tileset": "spr_forestplaintile", "coord": [ 5.0, 6.0 ] }, "-256_512": { "coord": [ 9.0, 7.0 ], "autotile_index": 0.0, "tileset": "spr_forestplaintile", "autotile": 1.0 }, "-576_544": { "coord": [ 0.0, 0.0 ], "autotile_index": 0.0, "tileset": "spr_forestplaintile", "autotile": 1.0 }, "704_32": { "autotile": 1.0, "autotile_index": 0.0, "tileset": "spr_forestplaintile", "coord": [ 5.0, 6.0 ] }, "-992_-512": { "coord": [ 0.0, 0.0 ], "autotile_index": 0.0, "tileset": "bg_tilefpepperiomoutation", "autotile": 0.0 }, "480_512": { "autotile": 1.0, "autotile_index": 0.0, "tileset": "spr_forestplaintile", "coord": [ 9.0, 7.0 ] }, "-544_64": { "coord": [ 7.0, 3.0 ], "autotile_index": 0.0, "tileset": "spr_forestplaintile", "autotile": 1.0 }, "-416_0": { "coord": [ 9.0, 7.0 ], "autotile_index": 0.0, "tileset": "spr_forestplaintile", "autotile": 1.0 }, "-448_32": { "coord": [ 6.0, 6.0 ], "autotile_index": 0.0, "tileset": "spr_forestplaintile", "autotile": 1.0 }, "928_384": { "autotile": 1.0, "autotile_index": 0.0, "tileset": "spr_forestplaintile", "coord": [ 9.0, 7.0 ] }, "704_512": { "autotile": 1.0, "autotile_index": 0.0, "tileset": "spr_forestplaintile", "coord": [ 9.0, 7.0 ] }, "-64_480": { "coord": [ 4.0, 1.0 ], "autotile_index": 0.0, "tileset": "spr_forestplaintile", "autotile": 1.0 }, "-96_480": { "coord": [ 4.0, 1.0 ], "autotile_index": 0.0, "tileset": "spr_forestplaintile", "autotile": 1.0 }, "480_32": { "autotile": 1.0, "autotile_index": 0.0, "tileset": "spr_forestplaintile", "coord": [ 5.0, 6.0 ] }, "-192_480": { "coord": [ 4.0, 1.0 ], "autotile_index": 0.0, "tileset": "spr_forestplaintile", "autotile": 1.0 }, "960_512": { "autotile": 1.0, "autotile_index": 0.0, "tileset": "spr_forestplaintile", "coord": [ 0.0, 0.0 ] }, "448_480": { "autotile": 1.0, "autotile_index": 0.0, "tileset": "spr_forestplaintile", "coord": [ 2.0, 1.0 ] }, "0_32": { "coord": [ 2.0, 6.0 ], "autotile_index": 0.0, "tileset": "spr_forestplaintile", "autotile": 1.0 }, "672_32": { "autotile": 1.0, "autotile_index": 0.0, "tileset": "spr_forestplaintile", "coord": [ 5.0, 6.0 ] }, "160_512": { "autotile": 1.0, "autotile_index": 0.0, "tileset": "spr_forestplaintile", "coord": [ 9.0, 7.0 ] }, "-576_224": { "coord": [ 9.0, 7.0 ], "autotile_index": 0.0, "tileset": "spr_forestplaintile", "autotile": 1.0 }, "480_480": { "autotile": 1.0, "autotile_index": 0.0, "tileset": "spr_forestplaintile", "coord": [ 4.0, 1.0 ] }, "-384_480": { "coord": [ 4.0, 1.0 ], "autotile_index": 0.0, "tileset": "spr_forestplaintile", "autotile": 1.0 }, "640_480": { "autotile": 1.0, "autotile_index": 0.0, "tileset": "spr_forestplaintile", "coord": [ 3.0, 1.0 ] }, "928_288": { "autotile": 1.0, "autotile_index": 0.0, "tileset": "spr_forestplaintile", "coord": [ 9.0, 7.0 ] }, "-512_512": { "coord": [ 9.0, 7.0 ], "autotile_index": 0.0, "tileset": "spr_forestplaintile", "autotile": 1.0 }, "768_480": { "autotile": 1.0, "autotile_index": 0.0, "tileset": "spr_forestplaintile", "coord": [ 2.0, 1.0 ] }, "928_96": { "autotile": 1.0, "autotile_index": 0.0, "tileset": "spr_forestplaintile", "coord": [ 9.0, 7.0 ] }, "160_480": { "autotile": 1.0, "autotile_index": 0.0, "tileset": "spr_forestplaintile", "coord": [ 4.0, 1.0 ] }, "256_512": { "autotile": 1.0, "autotile_index": 0.0, "tileset": "spr_forestplaintile", "coord": [ 9.0, 7.0 ] }, "256_0": { "autotile": 1.0, "autotile_index": 0.0, "tileset": "spr_forestplaintile", "coord": [ 9.0, 7.0 ] }, "-448_512": { "coord": [ 9.0, 7.0 ], "autotile_index": 0.0, "tileset": "spr_forestplaintile", "autotile": 1.0 }, "800_480": { "autotile": 1.0, "autotile_index": 0.0, "tileset": "spr_forestplaintile", "coord": [ 3.0, 1.0 ] }, "928_416": { "autotile": 1.0, "autotile_index": 0.0, "tileset": "spr_forestplaintile", "coord": [ 9.0, 7.0 ] }, "768_512": { "autotile": 1.0, "autotile_index": 0.0, "tileset": "spr_forestplaintile", "coord": [ 9.0, 7.0 ] }, "288_32": { "autotile": 1.0, "autotile_index": 0.0, "tileset": "spr_forestplaintile", "coord": [ 5.0, 6.0 ] }, "-576_288": { "coord": [ 9.0, 7.0 ], "autotile_index": 0.0, "tileset": "spr_forestplaintile", "autotile": 1.0 }, "896_416": { "autotile": 1.0, "autotile_index": 0.0, "tileset": "spr_forestplaintile", "coord": [ 1.0, 4.0 ] }, "480_0": { "autotile": 1.0, "autotile_index": 0.0, "tileset": "spr_forestplaintile", "coord": [ 9.0, 7.0 ] }, "-224_512": { "coord": [ 9.0, 7.0 ], "autotile_index": 0.0, "tileset": "spr_forestplaintile", "autotile": 1.0 }, "-576_32": { "coord": [ 9.0, 7.0 ], "autotile_index": 0.0, "tileset": "spr_forestplaintile", "autotile": 1.0 }, "-192_32": { "coord": [ 2.0, 6.0 ], "autotile_index": 0.0, "tileset": "spr_forestplaintile", "autotile": 1.0 }, "352_0": { "autotile": 1.0, "autotile_index": 0.0, "tileset": "spr_forestplaintile", "coord": [ 9.0, 7.0 ] }, "-384_32": { "coord": [ 6.0, 6.0 ], "autotile_index": 0.0, "tileset": "spr_forestplaintile", "autotile": 1.0 }, "224_512": { "autotile": 1.0, "autotile_index": 0.0, "tileset": "spr_forestplaintile", "coord": [ 9.0, 7.0 ] }, "128_576": { "coord": [ 0.0, 0.0 ], "autotile_index": 0.0, "tileset": "tile_freezer2", "autotile": 1.0 }, "928_352": { "autotile": 1.0, "autotile_index": 0.0, "tileset": "spr_forestplaintile", "coord": [ 9.0, 7.0 ] }, "-64_32": { "coord": [ 2.0, 6.0 ], "autotile_index": 0.0, "tileset": "spr_forestplaintile", "autotile": 1.0 }, "288_0": { "autotile": 1.0, "autotile_index": 0.0, "tileset": "spr_forestplaintile", "coord": [ 9.0, 7.0 ] }, "-576_320": { "coord": [ 9.0, 7.0 ], "autotile_index": 0.0, "tileset": "spr_forestplaintile", "autotile": 1.0 }, "-64_512": { "coord": [ 9.0, 7.0 ], "autotile_index": 0.0, "tileset": "spr_forestplaintile", "autotile": 1.0 }, "96_0": { "coord": [ 9.0, 7.0 ], "autotile_index": 0.0, "tileset": "spr_forestplaintile", "autotile": 1.0 }, "928_224": { "autotile": 1.0, "autotile_index": 0.0, "tileset": "spr_forestplaintile", "coord": [ 9.0, 7.0 ] }, "736_0": { "autotile": 1.0, "autotile_index": 0.0, "tileset": "spr_forestplaintile", "coord": [ 9.0, 7.0 ] }, "-128_512": { "coord": [ 9.0, 7.0 ], "autotile_index": 0.0, "tileset": "spr_forestplaintile", "autotile": 1.0 }, "192_480": { "autotile": 1.0, "autotile_index": 0.0, "tileset": "spr_forestplaintile", "coord": [ 3.0, 1.0 ] }, "384_512": { "autotile": 1.0, "autotile_index": 0.0, "tileset": "spr_forestplaintile", "coord": [ 9.0, 7.0 ] }, "224_0": { "autotile": 1.0, "autotile_index": 0.0, "tileset": "spr_forestplaintile", "coord": [ 9.0, 7.0 ] }, "736_480": { "autotile": 1.0, "autotile_index": 0.0, "tileset": "spr_forestplaintile", "coord": [ 4.0, 1.0 ] }, "-544_320": { "coord": [ 7.0, 2.0 ], "autotile_index": 0.0, "tileset": "spr_forestplaintile", "autotile": 1.0 }, "128_544": { "coord": [ 0.0, 0.0 ], "autotile_index": 0.0, "tileset": "tile_freezer2", "autotile": 1.0 }, "896_64": { "autotile": 1.0, "autotile_index": 0.0, "tileset": "spr_forestplaintile", "coord": [ 1.0, 4.0 ] }, "384_0": { "autotile": 1.0, "autotile_index": 0.0, "tileset": "spr_forestplaintile", "coord": [ 9.0, 7.0 ] }, "-160_32": { "coord": [ 5.0, 6.0 ], "autotile_index": 0.0, "tileset": "spr_forestplaintile", "autotile": 1.0 }, "-544_480": { "coord": [ 8.0, 2.0 ], "autotile_index": 0.0, "tileset": "spr_forestplaintile", "autotile": 1.0 }, "928_512": { "autotile": 1.0, "autotile_index": 0.0, "tileset": "spr_forestplaintile", "coord": [ 9.0, 7.0 ] }, "64_512": { "coord": [ 9.0, 7.0 ], "autotile_index": 0.0, "tileset": "spr_forestplaintile", "autotile": 1.0 }, "416_0": { "autotile": 1.0, "autotile_index": 0.0, "tileset": "spr_forestplaintile", "coord": [ 9.0, 7.0 ] }, "-320_32": { "coord": [ 2.0, 6.0 ], "autotile_index": 0.0, "tileset": "spr_forestplaintile", "autotile": 1.0 }, "736_512": { "autotile": 1.0, "autotile_index": 0.0, "tileset": "spr_forestplaintile", "coord": [ 9.0, 7.0 ] }, "320_0": { "autotile": 1.0, "autotile_index": 0.0, "tileset": "spr_forestplaintile", "coord": [ 9.0, 7.0 ] }, "-576_96": { "coord": [ 9.0, 7.0 ], "autotile_index": 0.0, "tileset": "spr_forestplaintile", "autotile": 1.0 }, "864_32": { "autotile": 1.0, "autotile_index": 0.0, "tileset": "spr_forestplaintile", "coord": [ 2.0, 6.0 ] }, "928_448": { "autotile": 1.0, "autotile_index": 0.0, "tileset": "spr_forestplaintile", "coord": [ 9.0, 7.0 ] }, "960_480": { "autotile": 1.0, "autotile_index": 0.0, "tileset": "spr_forestplaintile", "coord": [ 0.0, 0.0 ] }, "512_0": { "autotile": 1.0, "autotile_index": 0.0, "tileset": "spr_forestplaintile", "coord": [ 9.0, 7.0 ] }, "-320_0": { "coord": [ 9.0, 7.0 ], "autotile_index": 0.0, "tileset": "spr_forestplaintile", "autotile": 1.0 }, "544_32": { "autotile": 1.0, "autotile_index": 0.0, "tileset": "spr_forestplaintile", "coord": [ 6.0, 6.0 ] }, "-384_512": { "coord": [ 9.0, 7.0 ], "autotile_index": 0.0, "tileset": "spr_forestplaintile", "autotile": 1.0 }, "928_64": { "autotile": 1.0, "autotile_index": 0.0, "tileset": "spr_forestplaintile", "coord": [ 9.0, 7.0 ] }, "736_32": { "autotile": 1.0, "autotile_index": 0.0, "tileset": "spr_forestplaintile", "coord": [ 2.0, 6.0 ] }, "-288_32": { "coord": [ 6.0, 6.0 ], "autotile_index": 0.0, "tileset": "spr_forestplaintile", "autotile": 1.0 }, "-576_448": { "coord": [ 9.0, 7.0 ], "autotile_index": 0.0, "tileset": "spr_forestplaintile", "autotile": 1.0 }, "-576_512": { "coord": [ 9.0, 7.0 ], "autotile_index": 0.0, "tileset": "spr_forestplaintile", "autotile": 1.0 }, "608_0": { "autotile": 1.0, "autotile_index": 0.0, "tileset": "spr_forestplaintile", "coord": [ 9.0, 7.0 ] }, "-576_64": { "coord": [ 9.0, 7.0 ], "autotile_index": 0.0, "tileset": "spr_forestplaintile", "autotile": 1.0 }, "-288_480": { "coord": [ 2.0, 1.0 ], "autotile_index": 0.0, "tileset": "spr_forestplaintile", "autotile": 1.0 }, "-352_32": { "coord": [ 2.0, 6.0 ], "autotile_index": 0.0, "tileset": "spr_forestplaintile", "autotile": 1.0 }, "928_480": { "autotile": 1.0, "autotile_index": 0.0, "tileset": "spr_forestplaintile", "coord": [ 9.0, 7.0 ] }, "-480_0": { "coord": [ 9.0, 7.0 ], "autotile_index": 0.0, "tileset": "spr_forestplaintile", "autotile": 1.0 }, "-416_32": { "coord": [ 5.0, 6.0 ], "autotile_index": 0.0, "tileset": "spr_forestplaintile", "autotile": 1.0 }, "-576_384": { "coord": [ 9.0, 7.0 ], "autotile_index": 0.0, "tileset": "spr_forestplaintile", "autotile": 1.0 }, "-416_480": { "coord": [ 4.0, 1.0 ], "autotile_index": 0.0, "tileset": "spr_forestplaintile", "autotile": 1.0 }, "896_288": { "autotile": 1.0, "autotile_index": 0.0, "tileset": "spr_forestplaintile", "coord": [ 1.0, 2.0 ] }, "0_480": { "coord": [ 4.0, 1.0 ], "autotile_index": 0.0, "tileset": "spr_forestplaintile", "autotile": 1.0 }, "448_512": { "autotile": 1.0, "autotile_index": 0.0, "tileset": "spr_forestplaintile", "coord": [ 9.0, 7.0 ] }, "320_512": { "autotile": 1.0, "autotile_index": 0.0, "tileset": "spr_forestplaintile", "coord": [ 9.0, 7.0 ] }, "-192_0": { "coord": [ 9.0, 7.0 ], "autotile_index": 0.0, "tileset": "spr_forestplaintile", "autotile": 1.0 }, "-576_0": { "coord": [ 9.0, 7.0 ], "autotile_index": 0.0, "tileset": "spr_forestplaintile", "autotile": 1.0 }, "64_480": { "coord": [ 2.0, 1.0 ], "autotile_index": 0.0, "tileset": "spr_forestplaintile", "autotile": 1.0 }, "-576_416": { "coord": [ 9.0, 7.0 ], "autotile_index": 0.0, "tileset": "spr_forestplaintile", "autotile": 1.0 }, "896_160": { "autotile": 1.0, "autotile_index": 0.0, "tileset": "spr_forestplaintile", "coord": [ 1.0, 3.0 ] }, "-288_512": { "coord": [ 9.0, 7.0 ], "autotile_index": 0.0, "tileset": "spr_forestplaintile", "autotile": 1.0 }, "512_480": { "autotile": 1.0, "autotile_index": 0.0, "tileset": "spr_forestplaintile", "coord": [ 4.0, 1.0 ] }, "448_32": { "autotile": 1.0, "autotile_index": 0.0, "tileset": "spr_forestplaintile", "coord": [ 5.0, 6.0 ] }, "-544_96": { "coord": [ 7.0, 3.0 ], "autotile_index": 0.0, "tileset": "spr_forestplaintile", "autotile": 1.0 }, "0_544": { "autotile": 1.0, "autotile_index": 0.0, "tileset": "spr_forestplaintile", "coord": [ 0.0, 0.0 ] }, "-512_480": { "coord": [ 3.0, 1.0 ], "autotile_index": 0.0, "tileset": "spr_forestplaintile", "autotile": 1.0 }, "-32_32": { "coord": [ 5.0, 6.0 ], "autotile_index": 0.0, "tileset": "spr_forestplaintile", "autotile": 1.0 }, "832_512": { "autotile": 1.0, "autotile_index": 0.0, "tileset": "spr_forestplaintile", "coord": [ 9.0, 7.0 ] }, "-64_0": { "coord": [ 9.0, 7.0 ], "autotile_index": 0.0, "tileset": "spr_forestplaintile", "autotile": 1.0 }, "640_0": { "autotile": 1.0, "autotile_index": 0.0, "tileset": "spr_forestplaintile", "coord": [ 9.0, 7.0 ] }, "-544_352": { "coord": [ 7.0, 4.0 ], "autotile_index": 0.0, "tileset": "spr_forestplaintile", "autotile": 1.0 }, "896_192": { "autotile": 1.0, "autotile_index": 0.0, "tileset": "spr_forestplaintile", "coord": [ 1.0, 2.0 ] }, "-384_0": { "coord": [ 9.0, 7.0 ], "autotile_index": 0.0, "tileset": "spr_forestplaintile", "autotile": 1.0 }, "-544_192": { "coord": [ 7.0, 3.0 ], "autotile_index": 0.0, "tileset": "spr_forestplaintile", "autotile": 1.0 }, "32_480": { "coord": [ 3.0, 1.0 ], "autotile_index": 0.0, "tileset": "spr_forestplaintile", "autotile": 1.0 }, "800_0": { "autotile": 1.0, "autotile_index": 0.0, "tileset": "spr_forestplaintile", "coord": [ 9.0, 7.0 ] }, "-544_32": { "coord": [ 8.0, 0.0 ], "autotile_index": 0.0, "tileset": "spr_forestplaintile", "autotile": 1.0 }, "-32_480": { "coord": [ 3.0, 1.0 ], "autotile_index": 0.0, "tileset": "spr_forestplaintile", "autotile": 1.0 }, "-128_480": { "coord": [ 4.0, 1.0 ], "autotile_index": 0.0, "tileset": "spr_forestplaintile", "autotile": 1.0 }, "512_32": { "autotile": 1.0, "autotile_index": 0.0, "tileset": "spr_forestplaintile", "coord": [ 2.0, 6.0 ] }, "640_512": { "autotile": 1.0, "autotile_index": 0.0, "tileset": "spr_forestplaintile", "coord": [ 9.0, 7.0 ] }, "0_512": { "coord": [ 9.0, 7.0 ], "autotile_index": 0.0, "tileset": "spr_forestplaintile", "autotile": 1.0 }, "64_32": { "coord": [ 2.0, 6.0 ], "autotile_index": 0.0, "tileset": "spr_forestplaintile", "autotile": 1.0 }, "832_480": { "autotile": 1.0, "autotile_index": 0.0, "tileset": "spr_forestplaintile", "coord": [ 2.0, 1.0 ] }, "352_512": { "autotile": 1.0, "autotile_index": 0.0, "tileset": "spr_forestplaintile", "coord": [ 9.0, 7.0 ] }, "608_480": { "autotile": 1.0, "autotile_index": 0.0, "tileset": "spr_forestplaintile", "coord": [ 2.0, 1.0 ] }, "-544_256": { "coord": [ 7.0, 3.0 ], "autotile_index": 0.0, "tileset": "spr_forestplaintile", "autotile": 1.0 }, "896_96": { "autotile": 1.0, "autotile_index": 0.0, "tileset": "spr_forestplaintile", "coord": [ 1.0, 3.0 ] }, "928_32": { "autotile": 1.0, "autotile_index": 0.0, "tileset": "spr_forestplaintile", "coord": [ 9.0, 7.0 ] }, "160_544": { "coord": [ 0.0, 0.0 ], "autotile_index": 0.0, "tileset": "tile_freezer2", "autotile": 1.0 }, "960_64": { "coord": [ 0.0, 0.0 ], "autotile_index": 0.0, "tileset": "spr_towerentrancehall", "autotile": 1.0 }, "-192_512": { "coord": [ 9.0, 7.0 ], "autotile_index": 0.0, "tileset": "spr_forestplaintile", "autotile": 1.0 }, "928_0": { "autotile": 1.0, "autotile_index": 0.0, "tileset": "spr_forestplaintile", "coord": [ 9.0, 7.0 ] }, "928_128": { "autotile": 1.0, "autotile_index": 0.0, "tileset": "spr_forestplaintile", "coord": [ 9.0, 7.0 ] }, "-320_512": { "coord": [ 9.0, 7.0 ], "autotile_index": 0.0, "tileset": "spr_forestplaintile", "autotile": 1.0 }, "256_480": { "autotile": 1.0, "autotile_index": 0.0, "tileset": "spr_forestplaintile", "coord": [ 2.0, 1.0 ] }, "-576_352": { "coord": [ 9.0, 7.0 ], "autotile_index": 0.0, "tileset": "spr_forestplaintile", "autotile": 1.0 }, "64_0": { "coord": [ 9.0, 7.0 ], "autotile_index": 0.0, "tileset": "spr_forestplaintile", "autotile": 1.0 }, "-224_32": { "coord": [ 2.0, 6.0 ], "autotile_index": 0.0, "tileset": "spr_forestplaintile", "autotile": 1.0 }, "-320_480": { "coord": [ 3.0, 1.0 ], "autotile_index": 0.0, "tileset": "spr_forestplaintile", "autotile": 1.0 }, "800_512": { "autotile": 1.0, "autotile_index": 0.0, "tileset": "spr_forestplaintile", "coord": [ 9.0, 7.0 ] }, "-544_576": { "coord": [ 0.0, 0.0 ], "autotile_index": 0.0, "tileset": "spr_forestplaintile", "autotile": 1.0 }, "-576_480": { "coord": [ 9.0, 7.0 ], "autotile_index": 0.0, "tileset": "spr_forestplaintile", "autotile": 1.0 }, "-32_0": { "coord": [ 9.0, 7.0 ], "autotile_index": 0.0, "tileset": "spr_forestplaintile", "autotile": 1.0 }, "576_32": { "autotile": 1.0, "autotile_index": 0.0, "tileset": "spr_forestplaintile", "coord": [ 2.0, 6.0 ] }, "832_0": { "autotile": 1.0, "autotile_index": 0.0, "tileset": "spr_forestplaintile", "coord": [ 9.0, 7.0 ] }, "-544_160": { "coord": [ 7.0, 4.0 ], "autotile_index": 0.0, "tileset": "spr_forestplaintile", "autotile": 1.0 }, "160_0": { "autotile": 1.0, "autotile_index": 0.0, "tileset": "spr_forestplaintile", "coord": [ 9.0, 7.0 ] }, "-256_0": { "coord": [ 9.0, 7.0 ], "autotile_index": 0.0, "tileset": "spr_forestplaintile", "autotile": 1.0 }, "32_544": { "autotile": 1.0, "autotile_index": 0.0, "tileset": "spr_forestplaintile", "coord": [ 0.0, 0.0 ] }, "896_448": { "autotile": 1.0, "autotile_index": 0.0, "tileset": "spr_forestplaintile", "coord": [ 1.0, 4.0 ] }, "672_480": { "autotile": 1.0, "autotile_index": 0.0, "tileset": "spr_forestplaintile", "coord": [ 2.0, 1.0 ] }, "576_480": { "autotile": 1.0, "autotile_index": 0.0, "tileset": "spr_forestplaintile", "coord": [ 2.0, 1.0 ] }, "-576_192": { "coord": [ 9.0, 7.0 ], "autotile_index": 0.0, "tileset": "spr_forestplaintile", "autotile": 1.0 }, "704_0": { "autotile": 1.0, "autotile_index": 0.0, "tileset": "spr_forestplaintile", "coord": [ 9.0, 7.0 ] }, "832_32": { "autotile": 1.0, "autotile_index": 0.0, "tileset": "spr_forestplaintile", "coord": [ 2.0, 6.0 ] }, "-544_128": { "coord": [ 7.0, 2.0 ], "autotile_index": 0.0, "tileset": "spr_forestplaintile", "autotile": 1.0 }, "416_480": { "autotile": 1.0, "autotile_index": 0.0, "tileset": "spr_forestplaintile", "coord": [ 4.0, 1.0 ] }, "-480_512": { "coord": [ 9.0, 7.0 ], "autotile_index": 0.0, "tileset": "spr_forestplaintile", "autotile": 1.0 }, "608_32": { "autotile": 1.0, "autotile_index": 0.0, "tileset": "spr_forestplaintile", "coord": [ 5.0, 6.0 ] }, "128_480": { "coord": [ 4.0, 1.0 ], "autotile_index": 0.0, "tileset": "spr_forestplaintile", "autotile": 1.0 }, "864_512": { "autotile": 1.0, "autotile_index": 0.0, "tileset": "spr_forestplaintile", "coord": [ 9.0, 7.0 ] }, "-96_512": { "coord": [ 9.0, 7.0 ], "autotile_index": 0.0, "tileset": "spr_forestplaintile", "autotile": 1.0 }, "192_0": { "autotile": 1.0, "autotile_index": 0.0, "tileset": "spr_forestplaintile", "coord": [ 9.0, 7.0 ] }, "960_32": { "coord": [ 0.0, 0.0 ], "autotile_index": 0.0, "tileset": "spr_towerentrancehall", "autotile": 1.0 }, "192_544": { "coord": [ 0.0, 0.0 ], "autotile_index": 0.0, "tileset": "tile_freezer2", "autotile": 1.0 }, "928_192": { "autotile": 1.0, "autotile_index": 0.0, "tileset": "spr_forestplaintile", "coord": [ 9.0, 7.0 ] }, "864_480": { "autotile": 1.0, "autotile_index": 0.0, "tileset": "spr_forestplaintile", "coord": [ 3.0, 1.0 ] }, "-128_0": { "coord": [ 9.0, 7.0 ], "autotile_index": 0.0, "tileset": "spr_forestplaintile", "autotile": 1.0 }, "896_480": { "autotile": 1.0, "autotile_index": 0.0, "tileset": "spr_forestplaintile", "coord": [ 10.0, 2.0 ] }, "-512_0": { "coord": [ 9.0, 7.0 ], "autotile_index": 0.0, "tileset": "spr_forestplaintile", "autotile": 1.0 }, "-544_416": { "coord": [ 7.0, 3.0 ], "autotile_index": 0.0, "tileset": "spr_forestplaintile", "autotile": 1.0 }, "416_512": { "autotile": 1.0, "autotile_index": 0.0, "tileset": "spr_forestplaintile", "coord": [ 9.0, 7.0 ] }, "896_128": { "autotile": 1.0, "autotile_index": 0.0, "tileset": "spr_forestplaintile", "coord": [ 1.0, 2.0 ] }, "96_480": { "coord": [ 3.0, 1.0 ], "autotile_index": 0.0, "tileset": "spr_forestplaintile", "autotile": 1.0 }, "-576_256": { "coord": [ 9.0, 7.0 ], "autotile_index": 0.0, "tileset": "spr_forestplaintile", "autotile": 1.0 }, "544_0": { "autotile": 1.0, "autotile_index": 0.0, "tileset": "spr_forestplaintile", "coord": [ 9.0, 7.0 ] }, "-416_512": { "coord": [ 9.0, 7.0 ], "autotile_index": 0.0, "tileset": "spr_forestplaintile", "autotile": 1.0 }, "640_32": { "autotile": 1.0, "autotile_index": 0.0, "tileset": "spr_forestplaintile", "coord": [ 5.0, 6.0 ] }, "-576_576": { "coord": [ 0.0, 0.0 ], "autotile_index": 0.0, "tileset": "spr_forestplaintile", "autotile": 1.0 }, "448_0": { "autotile": 1.0, "autotile_index": 0.0, "tileset": "spr_forestplaintile", "coord": [ 9.0, 7.0 ] }, "-96_32": { "coord": [ 2.0, 6.0 ], "autotile_index": 0.0, "tileset": "spr_forestplaintile", "autotile": 1.0 }, "-32_512": { "coord": [ 9.0, 7.0 ], "autotile_index": 0.0, "tileset": "spr_forestplaintile", "autotile": 1.0 }, "704_480": { "autotile": 1.0, "autotile_index": 0.0, "tileset": "spr_forestplaintile", "coord": [ 3.0, 1.0 ] }, "896_0": { "autotile": 1.0, "autotile_index": 0.0, "tileset": "spr_forestplaintile", "coord": [ 9.0, 7.0 ] }, "-224_480": { "coord": [ 3.0, 1.0 ], "autotile_index": 0.0, "tileset": "spr_forestplaintile", "autotile": 1.0 }, "864_0": { "autotile": 1.0, "autotile_index": 0.0, "tileset": "spr_forestplaintile", "coord": [ 9.0, 7.0 ] }, "544_512": { "autotile": 1.0, "autotile_index": 0.0, "tileset": "spr_forestplaintile", "coord": [ 9.0, 7.0 ] }, "128_32": { "autotile": 1.0, "autotile_index": 0.0, "tileset": "spr_forestplaintile", "coord": [ 2.0, 6.0 ] }, "-352_480": { "coord": [ 4.0, 1.0 ], "autotile_index": 0.0, "tileset": "spr_forestplaintile", "autotile": 1.0 }, "-256_480": { "coord": [ 2.0, 1.0 ], "autotile_index": 0.0, "tileset": "spr_forestplaintile", "autotile": 1.0 }, "928_320": { "autotile": 1.0, "autotile_index": 0.0, "tileset": "spr_forestplaintile", "coord": [ 9.0, 7.0 ] }, "-544_512": { "coord": [ 9.0, 7.0 ], "autotile_index": 0.0, "tileset": "spr_forestplaintile", "autotile": 1.0 }, "352_480": { "autotile": 1.0, "autotile_index": 0.0, "tileset": "spr_forestplaintile", "coord": [ 3.0, 1.0 ] }, "-352_512": { "coord": [ 9.0, 7.0 ], "autotile_index": 0.0, "tileset": "spr_forestplaintile", "autotile": 1.0 }, "896_512": { "autotile": 1.0, "autotile_index": 0.0, "tileset": "spr_forestplaintile", "coord": [ 9.0, 7.0 ] }, "-544_224": { "coord": [ 7.0, 3.0 ], "autotile_index": 0.0, "tileset": "spr_forestplaintile", "autotile": 1.0 }, "928_160": { "autotile": 1.0, "autotile_index": 0.0, "tileset": "spr_forestplaintile", "coord": [ 9.0, 7.0 ] }, "-544_384": { "coord": [ 7.0, 4.0 ], "autotile_index": 0.0, "tileset": "spr_forestplaintile", "autotile": 1.0 }, "96_512": { "coord": [ 9.0, 7.0 ], "autotile_index": 0.0, "tileset": "spr_forestplaintile", "autotile": 1.0 }, "192_576": { "coord": [ 0.0, 0.0 ], "autotile_index": 0.0, "tileset": "tile_freezer2", "autotile": 1.0 }, "896_384": { "autotile": 1.0, "autotile_index": 0.0, "tileset": "spr_forestplaintile", "coord": [ 1.0, 4.0 ] }, "608_512": { "autotile": 1.0, "autotile_index": 0.0, "tileset": "spr_forestplaintile", "coord": [ 9.0, 7.0 ] }, "-480_32": { "coord": [ 5.0, 6.0 ], "autotile_index": 0.0, "tileset": "spr_forestplaintile", "autotile": 1.0 }, "288_480": { "autotile": 1.0, "autotile_index": 0.0, "tileset": "spr_forestplaintile", "coord": [ 2.0, 1.0 ] }, "896_32": { "autotile": 1.0, "autotile_index": 0.0, "tileset": "spr_forestplaintile", "coord": [ 10.0, 0.0 ] }, "32_0": { "coord": [ 9.0, 7.0 ], "autotile_index": 0.0, "tileset": "spr_forestplaintile", "autotile": 1.0 }, "224_480": { "autotile": 1.0, "autotile_index": 0.0, "tileset": "spr_forestplaintile", "coord": [ 2.0, 1.0 ] }, "-96_0": { "coord": [ 9.0, 7.0 ], "autotile_index": 0.0, "tileset": "spr_forestplaintile", "autotile": 1.0 }, "928_256": { "autotile": 1.0, "autotile_index": 0.0, "tileset": "spr_forestplaintile", "coord": [ 9.0, 7.0 ] }, "896_224": { "autotile": 1.0, "autotile_index": 0.0, "tileset": "spr_forestplaintile", "coord": [ 1.0, 3.0 ] }, "672_0": { "autotile": 1.0, "autotile_index": 0.0, "tileset": "spr_forestplaintile", "coord": [ 9.0, 7.0 ] }, "-128_32": { "coord": [ 2.0, 6.0 ], "autotile_index": 0.0, "tileset": "spr_forestplaintile", "autotile": 1.0 }, "-160_512": { "coord": [ 9.0, 7.0 ], "autotile_index": 0.0, "tileset": "spr_forestplaintile", "autotile": 1.0 }, "352_32": { "autotile": 1.0, "autotile_index": 0.0, "tileset": "spr_forestplaintile", "coord": [ 6.0, 6.0 ] }, "-544_288": { "coord": [ 7.0, 4.0 ], "autotile_index": 0.0, "tileset": "spr_forestplaintile", "autotile": 1.0 }, "672_512": { "autotile": 1.0, "autotile_index": 0.0, "tileset": "spr_forestplaintile", "coord": [ 9.0, 7.0 ] }, "160_576": { "coord": [ 0.0, 0.0 ], "autotile_index": 0.0, "tileset": "tile_freezer2", "autotile": 1.0 }, "128_0": { "autotile": 1.0, "autotile_index": 0.0, "tileset": "spr_forestplaintile", "coord": [ 9.0, 7.0 ] }, "576_512": { "autotile": 1.0, "autotile_index": 0.0, "tileset": "spr_forestplaintile", "coord": [ 9.0, 7.0 ] }, "-512_32": { "coord": [ 5.0, 6.0 ], "autotile_index": 0.0, "tileset": "spr_forestplaintile", "autotile": 1.0 }, "-544_544": { "coord": [ 0.0, 0.0 ], "autotile_index": 0.0, "tileset": "spr_forestplaintile", "autotile": 1.0 }, "-448_0": { "coord": [ 9.0, 7.0 ], "autotile_index": 0.0, "tileset": "spr_forestplaintile", "autotile": 1.0 }, "896_352": { "autotile": 1.0, "autotile_index": 0.0, "tileset": "spr_forestplaintile", "coord": [ 1.0, 2.0 ] }, "896_256": { "autotile": 1.0, "autotile_index": 0.0, "tileset": "spr_forestplaintile", "coord": [ 1.0, 4.0 ] }, "512_512": { "autotile": 1.0, "autotile_index": 0.0, "tileset": "spr_forestplaintile", "coord": [ 9.0, 7.0 ] }, "544_480": { "autotile": 1.0, "autotile_index": 0.0, "tileset": "spr_forestplaintile", "coord": [ 3.0, 1.0 ] }, "32_512": { "coord": [ 9.0, 7.0 ], "autotile_index": 0.0, "tileset": "spr_forestplaintile", "autotile": 1.0 }, "416_32": { "autotile": 1.0, "autotile_index": 0.0, "tileset": "spr_forestplaintile", "coord": [ 2.0, 6.0 ] }, "-576_128": { "coord": [ 9.0, 7.0 ], "autotile_index": 0.0, "tileset": "spr_forestplaintile", "autotile": 1.0 }, "-480_480": { "coord": [ 3.0, 1.0 ], "autotile_index": 0.0, "tileset": "spr_forestplaintile", "autotile": 1.0 }, "-256_32": { "coord": [ 2.0, 6.0 ], "autotile_index": 0.0, "tileset": "spr_forestplaintile", "autotile": 1.0 }, "256_32": { "autotile": 1.0, "autotile_index": 0.0, "tileset": "spr_forestplaintile", "coord": [ 6.0, 6.0 ] }, "576_0": { "autotile": 1.0, "autotile_index": 0.0, "tileset": "spr_forestplaintile", "coord": [ 9.0, 7.0 ] }, "-352_0": { "coord": [ 9.0, 7.0 ], "autotile_index": 0.0, "tileset": "spr_forestplaintile", "autotile": 1.0 }, "-288_0": { "coord": [ 9.0, 7.0 ], "autotile_index": 0.0, "tileset": "spr_forestplaintile", "autotile": 1.0 }, "384_480": { "autotile": 1.0, "autotile_index": 0.0, "tileset": "spr_forestplaintile", "coord": [ 3.0, 1.0 ] }, "-160_480": { "coord": [ 4.0, 1.0 ], "autotile_index": 0.0, "tileset": "spr_forestplaintile", "autotile": 1.0 }, "320_32": { "autotile": 1.0, "autotile_index": 0.0, "tileset": "spr_forestplaintile", "coord": [ 6.0, 6.0 ] }, "-224_0": { "coord": [ 9.0, 7.0 ], "autotile_index": 0.0, "tileset": "spr_forestplaintile", "autotile": 1.0 }, "128_512": { "coord": [ 9.0, 7.0 ], "autotile_index": 0.0, "tileset": "spr_forestplaintile", "autotile": 1.0 }, "896_320": { "autotile": 1.0, "autotile_index": 0.0, "tileset": "spr_forestplaintile", "coord": [ 1.0, 3.0 ] }, "384_32": { "autotile": 1.0, "autotile_index": 0.0, "tileset": "spr_forestplaintile", "coord": [ 6.0, 6.0 ] }, "192_32": { "autotile": 1.0, "autotile_index": 0.0, "tileset": "spr_forestplaintile", "coord": [ 5.0, 6.0 ] }, "0_0": { "coord": [ 9.0, 7.0 ], "autotile_index": 0.0, "tileset": "spr_forestplaintile", "autotile": 1.0 }, "768_0": { "autotile": 1.0, "autotile_index": 0.0, "tileset": "spr_forestplaintile", "coord": [ 9.0, 7.0 ] }, "96_544": { "coord": [ 0.0, 0.0 ], "autotile_index": 0.0, "tileset": "tile_freezer2", "autotile": 1.0 }, "320_480": { "autotile": 1.0, "autotile_index": 0.0, "tileset": "spr_forestplaintile", "coord": [ 2.0, 1.0 ] }, "-160_0": { "coord": [ 9.0, 7.0 ], "autotile_index": 0.0, "tileset": "spr_forestplaintile", "autotile": 1.0 }, "288_512": { "autotile": 1.0, "autotile_index": 0.0, "tileset": "spr_forestplaintile", "coord": [ 9.0, 7.0 ] } } }, "backgrounds": { "5": { "x": 0.0, "scroll_x": 0.75, "tile_y": 1.0, "hspeed": 0.0, "scroll_y": 0.75, "panic_sprite": -1.0, "y": 0.0, "sprite": "bg_foresttree", "tile_x": 1.0, "vspeed": 0.0, "image_speed": 15.0 }, "6": { "x": 0.0, "scroll_x": 0.010000000000000000208166817117217, "tile_y": 1.0, "hspeed": 0.0, "scroll_y": 0.010000000000000000208166817117217, "panic_sprite": -1.0, "y": 0.0, "sprite": "bg_forest2", "tile_x": 1.0, "vspeed": 0.0, "image_speed": 15.0 }, "-1": { "x": -8.0, "scroll_x": 1.5, "tile_y": 0.0, "hspeed": 0.0, "scroll_y": 1.1999999999999999555910790149937, "panic_sprite": -1.0, "y": 201.0, "sprite": "bg_forestfront", "tile_x": 1.0, "vspeed": 0.0, "image_speed": 15.0 } }, "properties": { "song": "event:\/music\/hub.2", "roomX": -576.0, "levelWidth": 960.0, "roomY": 0.0, "levelHeight": 540.0, "songTransitionTime": 100.0 } }