{ "editorVersion": 5.0, "instances": [ { "layer": 0.0, "deleted": 0.0, "variables": { "x": 0.0, "y": 0.0, "image_xscale": 30.0, "image_yscale": 2.0, "flipX": 0.0, "flipY": 0.0 }, "object": 517.0 }, { "layer": 0.0, "deleted": 0.0, "variables": { "x": 896.0, "y": 64.0, "image_xscale": 2.0, "image_yscale": 13.0, "flipX": 0.0, "flipY": 0.0 }, "object": 517.0 }, { "layer": 0.0, "deleted": 0.0, "variables": { "x": 0.0, "y": 480.0, "image_xscale": 30.0, "image_yscale": 2.0, "flipX": 0.0, "flipY": 0.0 }, "object": 517.0 }, { "layer": 0.0, "deleted": 0.0, "variables": { "x": 0.0, "y": 64.0, "image_xscale": 2.0, "image_yscale": 13.0, "flipX": 0.0, "flipY": 0.0 }, "object": 517.0 }, { "layer": 0.0, "deleted": 0.0, "variables": { "x": 176.0, "y": 448.0 }, "object": 804.0 }, { "layer": 0.0, "deleted": 0.0, "variables": { "x": 192.0, "flipX": 0.0, "y": 352.0, "flipY": 0.0 }, "object": 770.0 }, { "layer": 0.0, "deleted": 0.0, "variables": { "x": 736.0, "y": 336.5, "image_xscale": 1.0, "image_yscale": 1.0, "flipX": 0.0, "flipY": 0.0, "levelName": "cold pepperoni" }, "object": 799.0 }, { "layer": 0.0, "deleted": 0.0, "variables": { "x": 544.0, "y": 384.0, "image_xscale": 1.0, "image_yscale": 1.0, "level": "cold pepperoni", "flipX": 0.0, "flipY": 0.0 }, "object": 257.0 } ], "tile_data": { "5": { "928_416": { "coord": [ 10.0, 2.0 ], "autotile_index": 0.0, "tileset": "spr_towerentrancehall", "autotile": 1.0 }, "256_0": { "coord": [ 11.0, 4.0 ], "autotile_index": 0.0, "tileset": "spr_towerentrancehall", "autotile": 1.0 }, "0_128": { "coord": [ 13.0, 3.0 ], "autotile_index": 0.0, "tileset": "spr_towerentrancehall", "autotile": 1.0 }, "704_480": { "coord": [ 10.0, 0.0 ], "autotile_index": 0.0, "tileset": "spr_towerentrancehall", "autotile": 1.0 }, "896_288": { "coord": [ 9.0, 1.0 ], "autotile_index": 0.0, "tileset": "spr_towerentrancehall", "autotile": 1.0 }, "576_32": { "coord": [ 10.0, 5.0 ], "autotile_index": 0.0, "tileset": "spr_towerentrancehall", "autotile": 1.0 }, "512_32": { "coord": [ 10.0, 5.0 ], "autotile_index": 0.0, "tileset": "spr_towerentrancehall", "autotile": 1.0 }, "736_32": { "coord": [ 12.0, 5.0 ], "autotile_index": 0.0, "tileset": "spr_towerentrancehall", "autotile": 1.0 }, "192_32": { "coord": [ 12.0, 5.0 ], "autotile_index": 0.0, "tileset": "spr_towerentrancehall", "autotile": 1.0 }, "256_32": { "coord": [ 12.0, 5.0 ], "autotile_index": 0.0, "tileset": "spr_towerentrancehall", "autotile": 1.0 }, "352_32": { "coord": [ 12.0, 5.0 ], "autotile_index": 0.0, "tileset": "spr_towerentrancehall", "autotile": 1.0 }, "384_512": { "coord": [ 11.0, 1.0 ], "autotile_index": 0.0, "tileset": "spr_towerentrancehall", "autotile": 1.0 }, "-992_-512": { "coord": [ 0.0, 0.0 ], "autotile_index": 0.0, "tileset": "bg_tilefpepperiomoutation", "autotile": 0.0 }, "0_480": { "coord": [ 13.0, 3.0 ], "autotile_index": 0.0, "tileset": "spr_towerentrancehall", "autotile": 1.0 }, "0_224": { "coord": [ 13.0, 3.0 ], "autotile_index": 0.0, "tileset": "spr_towerentrancehall", "autotile": 1.0 }, "256_512": { "coord": [ 11.0, 1.0 ], "autotile_index": 0.0, "tileset": "spr_towerentrancehall", "autotile": 1.0 }, "288_512": { "coord": [ 11.0, 1.0 ], "autotile_index": 0.0, "tileset": "spr_towerentrancehall", "autotile": 1.0 }, "864_0": { "coord": [ 11.0, 4.0 ], "autotile_index": 0.0, "tileset": "spr_towerentrancehall", "autotile": 1.0 }, "416_480": { "coord": [ 10.0, 0.0 ], "autotile_index": 0.0, "tileset": "spr_towerentrancehall", "autotile": 1.0 }, "32_288": { "coord": [ 14.0, 3.0 ], "autotile_index": 0.0, "tileset": "spr_towerentrancehall", "autotile": 1.0 }, "928_96": { "coord": [ 10.0, 2.0 ], "autotile_index": 0.0, "tileset": "spr_towerentrancehall", "autotile": 1.0 }, "672_0": { "coord": [ 11.0, 4.0 ], "autotile_index": 0.0, "tileset": "spr_towerentrancehall", "autotile": 1.0 }, "32_416": { "coord": [ 14.0, 1.0 ], "autotile_index": 0.0, "tileset": "spr_towerentrancehall", "autotile": 1.0 }, "32_192": { "coord": [ 14.0, 1.0 ], "autotile_index": 0.0, "tileset": "spr_towerentrancehall", "autotile": 1.0 }, "896_256": { "coord": [ 9.0, 1.0 ], "autotile_index": 0.0, "tileset": "spr_towerentrancehall", "autotile": 1.0 }, "0_416": { "coord": [ 13.0, 3.0 ], "autotile_index": 0.0, "tileset": "spr_towerentrancehall", "autotile": 1.0 }, "32_64": { "coord": [ 14.0, 1.0 ], "autotile_index": 0.0, "tileset": "spr_towerentrancehall", "autotile": 1.0 }, "608_32": { "coord": [ 12.0, 5.0 ], "autotile_index": 0.0, "tileset": "spr_towerentrancehall", "autotile": 1.0 }, "64_0": { "coord": [ 11.0, 4.0 ], "autotile_index": 0.0, "tileset": "spr_towerentrancehall", "autotile": 1.0 }, "896_384": { "coord": [ 9.0, 1.0 ], "autotile_index": 0.0, "tileset": "spr_towerentrancehall", "autotile": 1.0 }, "544_0": { "coord": [ 11.0, 4.0 ], "autotile_index": 0.0, "tileset": "spr_towerentrancehall", "autotile": 1.0 }, "672_32": { "coord": [ 11.0, 5.0 ], "autotile_index": 0.0, "tileset": "spr_towerentrancehall", "autotile": 1.0 }, "0_448": { "coord": [ 13.0, 3.0 ], "autotile_index": 0.0, "tileset": "spr_towerentrancehall", "autotile": 1.0 }, "896_160": { "coord": [ 9.0, 3.0 ], "autotile_index": 0.0, "tileset": "spr_towerentrancehall", "autotile": 1.0 }, "160_512": { "coord": [ 11.0, 1.0 ], "autotile_index": 0.0, "tileset": "spr_towerentrancehall", "autotile": 1.0 }, "384_32": { "coord": [ 11.0, 5.0 ], "autotile_index": 0.0, "tileset": "spr_towerentrancehall", "autotile": 1.0 }, "128_480": { "coord": [ 10.0, 0.0 ], "autotile_index": 0.0, "tileset": "spr_towerentrancehall", "autotile": 1.0 }, "672_512": { "coord": [ 11.0, 1.0 ], "autotile_index": 0.0, "tileset": "spr_towerentrancehall", "autotile": 1.0 }, "192_480": { "coord": [ 11.0, 0.0 ], "autotile_index": 0.0, "tileset": "spr_towerentrancehall", "autotile": 1.0 }, "768_32": { "coord": [ 10.0, 5.0 ], "autotile_index": 0.0, "tileset": "spr_towerentrancehall", "autotile": 1.0 }, "800_512": { "coord": [ 11.0, 1.0 ], "autotile_index": 0.0, "tileset": "spr_towerentrancehall", "autotile": 1.0 }, "480_32": { "coord": [ 10.0, 5.0 ], "autotile_index": 0.0, "tileset": "spr_towerentrancehall", "autotile": 1.0 }, "0_32": { "coord": [ 13.0, 3.0 ], "autotile_index": 0.0, "tileset": "spr_towerentrancehall", "autotile": 1.0 }, "96_512": { "coord": [ 11.0, 1.0 ], "autotile_index": 0.0, "tileset": "spr_towerentrancehall", "autotile": 1.0 }, "64_32": { "coord": [ 12.0, 5.0 ], "autotile_index": 0.0, "tileset": "spr_towerentrancehall", "autotile": 1.0 }, "32_320": { "coord": [ 14.0, 2.0 ], "autotile_index": 0.0, "tileset": "spr_towerentrancehall", "autotile": 1.0 }, "32_384": { "coord": [ 14.0, 3.0 ], "autotile_index": 0.0, "tileset": "spr_towerentrancehall", "autotile": 1.0 }, "928_384": { "coord": [ 10.0, 2.0 ], "autotile_index": 0.0, "tileset": "spr_towerentrancehall", "autotile": 1.0 }, "896_0": { "coord": [ 11.0, 4.0 ], "autotile_index": 0.0, "tileset": "spr_towerentrancehall", "autotile": 1.0 }, "928_224": { "coord": [ 10.0, 2.0 ], "autotile_index": 0.0, "tileset": "spr_towerentrancehall", "autotile": 1.0 }, "640_512": { "coord": [ 11.0, 1.0 ], "autotile_index": 0.0, "tileset": "spr_towerentrancehall", "autotile": 1.0 }, "928_288": { "coord": [ 10.0, 2.0 ], "autotile_index": 0.0, "tileset": "spr_towerentrancehall", "autotile": 1.0 }, "896_480": { "coord": [ 7.0, 7.0 ], "autotile_index": 0.0, "tileset": "spr_towerentrancehall", "autotile": 1.0 }, "704_512": { "coord": [ 11.0, 1.0 ], "autotile_index": 0.0, "tileset": "spr_towerentrancehall", "autotile": 1.0 }, "448_32": { "coord": [ 11.0, 5.0 ], "autotile_index": 0.0, "tileset": "spr_towerentrancehall", "autotile": 1.0 }, "288_480": { "coord": [ 12.0, 0.0 ], "autotile_index": 0.0, "tileset": "spr_towerentrancehall", "autotile": 1.0 }, "800_480": { "coord": [ 10.0, 0.0 ], "autotile_index": 0.0, "tileset": "spr_towerentrancehall", "autotile": 1.0 }, "736_0": { "coord": [ 11.0, 4.0 ], "autotile_index": 0.0, "tileset": "spr_towerentrancehall", "autotile": 1.0 }, "320_0": { "coord": [ 11.0, 4.0 ], "autotile_index": 0.0, "tileset": "spr_towerentrancehall", "autotile": 1.0 }, "896_224": { "coord": [ 9.0, 1.0 ], "autotile_index": 0.0, "tileset": "spr_towerentrancehall", "autotile": 1.0 }, "224_480": { "coord": [ 12.0, 0.0 ], "autotile_index": 0.0, "tileset": "spr_towerentrancehall", "autotile": 1.0 }, "0_64": { "coord": [ 13.0, 3.0 ], "autotile_index": 0.0, "tileset": "spr_towerentrancehall", "autotile": 1.0 }, "320_480": { "coord": [ 11.0, 0.0 ], "autotile_index": 0.0, "tileset": "spr_towerentrancehall", "autotile": 1.0 }, "480_512": { "coord": [ 11.0, 1.0 ], "autotile_index": 0.0, "tileset": "spr_towerentrancehall", "autotile": 1.0 }, "768_512": { "coord": [ 11.0, 1.0 ], "autotile_index": 0.0, "tileset": "spr_towerentrancehall", "autotile": 1.0 }, "704_0": { "coord": [ 11.0, 4.0 ], "autotile_index": 0.0, "tileset": "spr_towerentrancehall", "autotile": 1.0 }, "0_352": { "coord": [ 13.0, 3.0 ], "autotile_index": 0.0, "tileset": "spr_towerentrancehall", "autotile": 1.0 }, "832_480": { "coord": [ 10.0, 0.0 ], "autotile_index": 0.0, "tileset": "spr_towerentrancehall", "autotile": 1.0 }, "608_480": { "coord": [ 10.0, 0.0 ], "autotile_index": 0.0, "tileset": "spr_towerentrancehall", "autotile": 1.0 }, "960_64": { "coord": [ 0.0, 0.0 ], "autotile_index": 0.0, "tileset": "spr_towerentrancehall", "autotile": 1.0 }, "928_448": { "coord": [ 10.0, 2.0 ], "autotile_index": 0.0, "tileset": "spr_towerentrancehall", "autotile": 1.0 }, "0_512": { "coord": [ 0.0, 8.0 ], "autotile_index": 0.0, "tileset": "spr_towerentrancehall", "autotile": 1.0 }, "864_512": { "coord": [ 11.0, 1.0 ], "autotile_index": 0.0, "tileset": "spr_towerentrancehall", "autotile": 1.0 }, "192_0": { "coord": [ 11.0, 4.0 ], "autotile_index": 0.0, "tileset": "spr_towerentrancehall", "autotile": 1.0 }, "896_512": { "coord": [ 11.0, 1.0 ], "autotile_index": 0.0, "tileset": "spr_towerentrancehall", "autotile": 1.0 }, "672_480": { "coord": [ 12.0, 0.0 ], "autotile_index": 0.0, "tileset": "spr_towerentrancehall", "autotile": 1.0 }, "256_480": { "coord": [ 10.0, 0.0 ], "autotile_index": 0.0, "tileset": "spr_towerentrancehall", "autotile": 1.0 }, "512_480": { "coord": [ 11.0, 0.0 ], "autotile_index": 0.0, "tileset": "spr_towerentrancehall", "autotile": 1.0 }, "896_96": { "coord": [ 9.0, 1.0 ], "autotile_index": 0.0, "tileset": "spr_towerentrancehall", "autotile": 1.0 }, "96_32": { "coord": [ 12.0, 5.0 ], "autotile_index": 0.0, "tileset": "spr_towerentrancehall", "autotile": 1.0 }, "192_512": { "coord": [ 11.0, 1.0 ], "autotile_index": 0.0, "tileset": "spr_towerentrancehall", "autotile": 1.0 }, "800_32": { "coord": [ 11.0, 5.0 ], "autotile_index": 0.0, "tileset": "spr_towerentrancehall", "autotile": 1.0 }, "448_480": { "coord": [ 10.0, 0.0 ], "autotile_index": 0.0, "tileset": "spr_towerentrancehall", "autotile": 1.0 }, "896_128": { "coord": [ 9.0, 3.0 ], "autotile_index": 0.0, "tileset": "spr_towerentrancehall", "autotile": 1.0 }, "384_480": { "coord": [ 10.0, 0.0 ], "autotile_index": 0.0, "tileset": "spr_towerentrancehall", "autotile": 1.0 }, "928_192": { "coord": [ 10.0, 2.0 ], "autotile_index": 0.0, "tileset": "spr_towerentrancehall", "autotile": 1.0 }, "224_0": { "coord": [ 11.0, 4.0 ], "autotile_index": 0.0, "tileset": "spr_towerentrancehall", "autotile": 1.0 }, "928_352": { "coord": [ 10.0, 2.0 ], "autotile_index": 0.0, "tileset": "spr_towerentrancehall", "autotile": 1.0 }, "896_416": { "coord": [ 9.0, 2.0 ], "autotile_index": 0.0, "tileset": "spr_towerentrancehall", "autotile": 1.0 }, "832_0": { "coord": [ 11.0, 4.0 ], "autotile_index": 0.0, "tileset": "spr_towerentrancehall", "autotile": 1.0 }, "32_96": { "coord": [ 14.0, 1.0 ], "autotile_index": 0.0, "tileset": "spr_towerentrancehall", "autotile": 1.0 }, "928_160": { "coord": [ 10.0, 2.0 ], "autotile_index": 0.0, "tileset": "spr_towerentrancehall", "autotile": 1.0 }, "512_512": { "coord": [ 11.0, 1.0 ], "autotile_index": 0.0, "tileset": "spr_towerentrancehall", "autotile": 1.0 }, "896_192": { "coord": [ 9.0, 1.0 ], "autotile_index": 0.0, "tileset": "spr_towerentrancehall", "autotile": 1.0 }, "896_32": { "coord": [ 7.0, 2.0 ], "autotile_index": 0.0, "tileset": "spr_towerentrancehall", "autotile": 1.0 }, "576_512": { "coord": [ 11.0, 1.0 ], "autotile_index": 0.0, "tileset": "spr_towerentrancehall", "autotile": 1.0 }, "0_256": { "coord": [ 13.0, 3.0 ], "autotile_index": 0.0, "tileset": "spr_towerentrancehall", "autotile": 1.0 }, "448_0": { "coord": [ 11.0, 4.0 ], "autotile_index": 0.0, "tileset": "spr_towerentrancehall", "autotile": 1.0 }, "32_544": { "coord": [ 0.0, 0.0 ], "autotile_index": 0.0, "tileset": "spr_towerentrancehall", "autotile": 1.0 }, "800_0": { "coord": [ 11.0, 4.0 ], "autotile_index": 0.0, "tileset": "spr_towerentrancehall", "autotile": 1.0 }, "832_32": { "coord": [ 10.0, 5.0 ], "autotile_index": 0.0, "tileset": "spr_towerentrancehall", "autotile": 1.0 }, "96_480": { "coord": [ 10.0, 0.0 ], "autotile_index": 0.0, "tileset": "spr_towerentrancehall", "autotile": 1.0 }, "544_480": { "coord": [ 11.0, 0.0 ], "autotile_index": 0.0, "tileset": "spr_towerentrancehall", "autotile": 1.0 }, "64_512": { "coord": [ 11.0, 1.0 ], "autotile_index": 0.0, "tileset": "spr_towerentrancehall", "autotile": 1.0 }, "32_0": { "coord": [ 11.0, 4.0 ], "autotile_index": 0.0, "tileset": "spr_towerentrancehall", "autotile": 1.0 }, "576_480": { "coord": [ 10.0, 0.0 ], "autotile_index": 0.0, "tileset": "spr_towerentrancehall", "autotile": 1.0 }, "960_32": { "coord": [ 0.0, 0.0 ], "autotile_index": 0.0, "tileset": "spr_towerentrancehall", "autotile": 1.0 }, "928_256": { "coord": [ 10.0, 2.0 ], "autotile_index": 0.0, "tileset": "spr_towerentrancehall", "autotile": 1.0 }, "96_0": { "coord": [ 11.0, 4.0 ], "autotile_index": 0.0, "tileset": "spr_towerentrancehall", "autotile": 1.0 }, "928_512": { "coord": [ 8.0, 8.0 ], "autotile_index": 0.0, "tileset": "spr_towerentrancehall", "autotile": 1.0 }, "736_512": { "coord": [ 11.0, 1.0 ], "autotile_index": 0.0, "tileset": "spr_towerentrancehall", "autotile": 1.0 }, "416_0": { "coord": [ 11.0, 4.0 ], "autotile_index": 0.0, "tileset": "spr_towerentrancehall", "autotile": 1.0 }, "32_480": { "coord": [ 1.0, 7.0 ], "autotile_index": 0.0, "tileset": "spr_towerentrancehall", "autotile": 1.0 }, "0_192": { "coord": [ 13.0, 3.0 ], "autotile_index": 0.0, "tileset": "spr_towerentrancehall", "autotile": 1.0 }, "928_128": { "coord": [ 10.0, 2.0 ], "autotile_index": 0.0, "tileset": "spr_towerentrancehall", "autotile": 1.0 }, "32_160": { "coord": [ 14.0, 1.0 ], "autotile_index": 0.0, "tileset": "spr_towerentrancehall", "autotile": 1.0 }, "352_480": { "coord": [ 12.0, 0.0 ], "autotile_index": 0.0, "tileset": "spr_towerentrancehall", "autotile": 1.0 }, "736_480": { "coord": [ 10.0, 0.0 ], "autotile_index": 0.0, "tileset": "spr_towerentrancehall", "autotile": 1.0 }, "832_512": { "coord": [ 11.0, 1.0 ], "autotile_index": 0.0, "tileset": "spr_towerentrancehall", "autotile": 1.0 }, "0_384": { "coord": [ 13.0, 3.0 ], "autotile_index": 0.0, "tileset": "spr_towerentrancehall", "autotile": 1.0 }, "928_0": { "coord": [ 8.0, 1.0 ], "autotile_index": 0.0, "tileset": "spr_towerentrancehall", "autotile": 1.0 }, "928_480": { "coord": [ 10.0, 2.0 ], "autotile_index": 0.0, "tileset": "spr_towerentrancehall", "autotile": 1.0 }, "32_224": { "coord": [ 14.0, 1.0 ], "autotile_index": 0.0, "tileset": "spr_towerentrancehall", "autotile": 1.0 }, "32_512": { "coord": [ 11.0, 1.0 ], "autotile_index": 0.0, "tileset": "spr_towerentrancehall", "autotile": 1.0 }, "320_32": { "coord": [ 12.0, 5.0 ], "autotile_index": 0.0, "tileset": "spr_towerentrancehall", "autotile": 1.0 }, "416_32": { "coord": [ 11.0, 5.0 ], "autotile_index": 0.0, "tileset": "spr_towerentrancehall", "autotile": 1.0 }, "32_32": { "coord": [ 1.0, 2.0 ], "autotile_index": 0.0, "tileset": "spr_towerentrancehall", "autotile": 1.0 }, "640_480": { "coord": [ 12.0, 0.0 ], "autotile_index": 0.0, "tileset": "spr_towerentrancehall", "autotile": 1.0 }, "128_0": { "coord": [ 11.0, 4.0 ], "autotile_index": 0.0, "tileset": "spr_towerentrancehall", "autotile": 1.0 }, "160_32": { "coord": [ 10.0, 5.0 ], "autotile_index": 0.0, "tileset": "spr_towerentrancehall", "autotile": 1.0 }, "480_480": { "coord": [ 10.0, 0.0 ], "autotile_index": 0.0, "tileset": "spr_towerentrancehall", "autotile": 1.0 }, "896_64": { "coord": [ 9.0, 3.0 ], "autotile_index": 0.0, "tileset": "spr_towerentrancehall", "autotile": 1.0 }, "224_512": { "coord": [ 11.0, 1.0 ], "autotile_index": 0.0, "tileset": "spr_towerentrancehall", "autotile": 1.0 }, "0_0": { "coord": [ 0.0, 1.0 ], "autotile_index": 0.0, "tileset": "spr_towerentrancehall", "autotile": 1.0 }, "448_512": { "coord": [ 11.0, 1.0 ], "autotile_index": 0.0, "tileset": "spr_towerentrancehall", "autotile": 1.0 }, "352_512": { "coord": [ 11.0, 1.0 ], "autotile_index": 0.0, "tileset": "spr_towerentrancehall", "autotile": 1.0 }, "224_32": { "coord": [ 10.0, 5.0 ], "autotile_index": 0.0, "tileset": "spr_towerentrancehall", "autotile": 1.0 }, "32_128": { "coord": [ 14.0, 2.0 ], "autotile_index": 0.0, "tileset": "spr_towerentrancehall", "autotile": 1.0 }, "0_544": { "coord": [ 0.0, 0.0 ], "autotile_index": 0.0, "tileset": "spr_towerentrancehall", "autotile": 1.0 }, "0_96": { "coord": [ 13.0, 3.0 ], "autotile_index": 0.0, "tileset": "spr_towerentrancehall", "autotile": 1.0 }, "0_320": { "coord": [ 13.0, 3.0 ], "autotile_index": 0.0, "tileset": "spr_towerentrancehall", "autotile": 1.0 }, "0_160": { "coord": [ 13.0, 3.0 ], "autotile_index": 0.0, "tileset": "spr_towerentrancehall", "autotile": 1.0 }, "32_448": { "coord": [ 14.0, 2.0 ], "autotile_index": 0.0, "tileset": "spr_towerentrancehall", "autotile": 1.0 }, "896_448": { "coord": [ 9.0, 1.0 ], "autotile_index": 0.0, "tileset": "spr_towerentrancehall", "autotile": 1.0 }, "896_320": { "coord": [ 9.0, 3.0 ], "autotile_index": 0.0, "tileset": "spr_towerentrancehall", "autotile": 1.0 }, "864_32": { "coord": [ 12.0, 5.0 ], "autotile_index": 0.0, "tileset": "spr_towerentrancehall", "autotile": 1.0 }, "0_288": { "coord": [ 13.0, 3.0 ], "autotile_index": 0.0, "tileset": "spr_towerentrancehall", "autotile": 1.0 }, "928_32": { "coord": [ 10.0, 2.0 ], "autotile_index": 0.0, "tileset": "spr_towerentrancehall", "autotile": 1.0 }, "896_352": { "coord": [ 9.0, 3.0 ], "autotile_index": 0.0, "tileset": "spr_towerentrancehall", "autotile": 1.0 }, "608_512": { "coord": [ 11.0, 1.0 ], "autotile_index": 0.0, "tileset": "spr_towerentrancehall", "autotile": 1.0 }, "160_480": { "coord": [ 12.0, 0.0 ], "autotile_index": 0.0, "tileset": "spr_towerentrancehall", "autotile": 1.0 }, "608_0": { "coord": [ 11.0, 4.0 ], "autotile_index": 0.0, "tileset": "spr_towerentrancehall", "autotile": 1.0 }, "544_32": { "coord": [ 12.0, 5.0 ], "autotile_index": 0.0, "tileset": "spr_towerentrancehall", "autotile": 1.0 }, "32_256": { "coord": [ 14.0, 2.0 ], "autotile_index": 0.0, "tileset": "spr_towerentrancehall", "autotile": 1.0 }, "288_32": { "coord": [ 12.0, 5.0 ], "autotile_index": 0.0, "tileset": "spr_towerentrancehall", "autotile": 1.0 }, "928_320": { "coord": [ 10.0, 2.0 ], "autotile_index": 0.0, "tileset": "spr_towerentrancehall", "autotile": 1.0 }, "768_480": { "coord": [ 11.0, 0.0 ], "autotile_index": 0.0, "tileset": "spr_towerentrancehall", "autotile": 1.0 }, "320_512": { "coord": [ 11.0, 1.0 ], "autotile_index": 0.0, "tileset": "spr_towerentrancehall", "autotile": 1.0 }, "640_32": { "coord": [ 10.0, 5.0 ], "autotile_index": 0.0, "tileset": "spr_towerentrancehall", "autotile": 1.0 }, "480_0": { "coord": [ 11.0, 4.0 ], "autotile_index": 0.0, "tileset": "spr_towerentrancehall", "autotile": 1.0 }, "32_352": { "coord": [ 14.0, 3.0 ], "autotile_index": 0.0, "tileset": "spr_towerentrancehall", "autotile": 1.0 }, "128_32": { "coord": [ 12.0, 5.0 ], "autotile_index": 0.0, "tileset": "spr_towerentrancehall", "autotile": 1.0 }, "704_32": { "coord": [ 10.0, 5.0 ], "autotile_index": 0.0, "tileset": "spr_towerentrancehall", "autotile": 1.0 }, "128_512": { "coord": [ 11.0, 1.0 ], "autotile_index": 0.0, "tileset": "spr_towerentrancehall", "autotile": 1.0 }, "544_512": { "coord": [ 11.0, 1.0 ], "autotile_index": 0.0, "tileset": "spr_towerentrancehall", "autotile": 1.0 }, "160_0": { "coord": [ 11.0, 4.0 ], "autotile_index": 0.0, "tileset": "spr_towerentrancehall", "autotile": 1.0 }, "576_0": { "coord": [ 11.0, 4.0 ], "autotile_index": 0.0, "tileset": "spr_towerentrancehall", "autotile": 1.0 }, "928_64": { "coord": [ 10.0, 2.0 ], "autotile_index": 0.0, "tileset": "spr_towerentrancehall", "autotile": 1.0 }, "864_480": { "coord": [ 10.0, 0.0 ], "autotile_index": 0.0, "tileset": "spr_towerentrancehall", "autotile": 1.0 }, "384_0": { "coord": [ 11.0, 4.0 ], "autotile_index": 0.0, "tileset": "spr_towerentrancehall", "autotile": 1.0 }, "768_0": { "coord": [ 11.0, 4.0 ], "autotile_index": 0.0, "tileset": "spr_towerentrancehall", "autotile": 1.0 }, "288_0": { "coord": [ 11.0, 4.0 ], "autotile_index": 0.0, "tileset": "spr_towerentrancehall", "autotile": 1.0 }, "416_512": { "coord": [ 11.0, 1.0 ], "autotile_index": 0.0, "tileset": "spr_towerentrancehall", "autotile": 1.0 }, "512_0": { "coord": [ 11.0, 4.0 ], "autotile_index": 0.0, "tileset": "spr_towerentrancehall", "autotile": 1.0 }, "64_480": { "coord": [ 10.0, 0.0 ], "autotile_index": 0.0, "tileset": "spr_towerentrancehall", "autotile": 1.0 }, "352_0": { "coord": [ 11.0, 4.0 ], "autotile_index": 0.0, "tileset": "spr_towerentrancehall", "autotile": 1.0 }, "640_0": { "coord": [ 11.0, 4.0 ], "autotile_index": 0.0, "tileset": "spr_towerentrancehall", "autotile": 1.0 } } }, "backgrounds": { "6": { "x": -2.0, "scroll_x": 0.75, "tile_y": 1.0, "hspeed": 0.0, "scroll_y": 0.75, "panic_sprite": -1.0, "y": 33.0, "sprite": "bg_tower", "tile_x": 1.0, "vspeed": 0.0, "image_speed": 0.0 }, "-1": { "x": -1.0, "scroll_x": 1.5, "tile_y": 0.0, "hspeed": 0.0, "scroll_y": 1.3000000000000000444089209850063, "panic_sprite": -1.0, "y": 211.0, "sprite": "fg_entrance1", "tile_x": 1.0, "vspeed": 0.0, "image_speed": 0.0 } }, "properties": { "song": "event:\/music\/hub", "roomX": 0.0, "levelWidth": 960.0, "roomY": 0.0, "levelHeight": 540.0, "songTransitionTime": 100.0 } }