{ "editorVersion": 5.0, "instances": [ { "layer": 0.0, "deleted": 0.0, "variables": { "x": -192.0, "y": 480.0, "image_xscale": 25.0, "image_yscale": 8.0, "flipX": 0.0, "flipY": 0.0 }, "object": 517.0 }, { "layer": 0.0, "deleted": 0.0, "variables": { "x": 448.0, "flipX": 0.0, "y": 352.0, "flipY": 0.0 }, "object": 770.0 }, { "layer": 0.0, "deleted": 0.0, "variables": { "x": 832.0, "y": -128.0, "image_xscale": 4.0, "image_yscale": 27.0, "flipX": 0.0, "flipY": 0.0 }, "object": 517.0 }, { "layer": 0.0, "deleted": 0.0, "variables": { "x": -672.0, "y": -128.0, "image_xscale": 2.0, "image_yscale": 27.0, "flipX": 0.0, "flipY": 0.0 }, "object": 517.0 }, { "layer": 0.0, "deleted": 0.0, "variables": { "x": -288.0, "y": -128.0, "image_xscale": 35.0, "image_yscale": 6.0, "flipX": 0.0, "flipY": 0.0 }, "object": 517.0 }, { "layer": 0.0, "deleted": 0.0, "variables": { "x": 256.0, "flipX": 1.0, "y": 448.0, "flipY": 0.0 }, "object": 516.0 }, { "layer": 0.0, "deleted": 0.0, "variables": { "x": -32.0, "y": 256.0, "image_xscale": 9.0, "image_yscale": 7.0, "flipX": 1.0, "flipY": 0.0 }, "object": 517.0 }, { "layer": 0.0, "deleted": 0.0, "variables": { "x": -256.0, "y": 256.0, "image_xscale": 7.0, "image_yscale": 7.0, "flipX": 0.0, "flipY": 0.0 }, "object": 516.0 }, { "layer": 0.0, "deleted": 0.0, "variables": { "x": -480.0, "y": 480.0, "image_xscale": 9.0, "image_yscale": 2.0, "flipX": 0.0, "flipY": 0.0 }, "object": 517.0 }, { "layer": 0.0, "deleted": 0.0, "variables": { "x": -608.0, "y": 640.0, "image_xscale": 13.0, "image_yscale": 3.0, "flipX": 0.0, "flipY": 0.0 }, "object": 517.0 }, { "layer": 0.0, "deleted": 0.0, "variables": { "x": -352.0, "y": 544.0, "targetRoom": "room13", "image_xscale": 1.0, "image_yscale": 1.0, "flipX": 0.0, "flipY": 0.0 }, "object": 795.0 }, { "layer": 0.0, "deleted": 0.0, "variables": { "x": 192.0, "y": 209.5, "image_xscale": 1.0, "image_yscale": 1.0, "escape": "true", "flipX": 1.0, "flipY": 0.0 }, "object": 445.0 }, { "layer": 0.0, "deleted": 0.0, "variables": { "x": -32.0, "flipX": 0.0, "y": 192.0, "flipY": 0.0 }, "object": 735.0 }, { "layer": 0.0, "deleted": 0.0, "variables": { "x": -608.0, "y": -128.0, "image_xscale": 6.0, "image_yscale": 6.0, "flipX": 1.0, "flipY": 0.0 }, "object": 517.0 }, { "layer": 0.0, "deleted": 0.0, "variables": { "x": -416.0, "y": -128.0, "image_xscale": 4.0, "image_yscale": 2.0, "flipX": 1.0, "flipY": 0.0 }, "object": 517.0 }, { "layer": 0.0, "deleted": 0.0, "variables": { "x": -416.0, "y": -64.0, "image_xscale": 2.0, "image_yscale": 2.0, "flipX": 0.0, "flipY": 0.0 }, "object": 733.0 }, { "layer": 0.0, "deleted": 0.0, "variables": { "x": -384.0, "flipX": 1.0, "y": 128.0, "flipY": 0.0 }, "object": 11.0 }, { "layer": 0.0, "deleted": 0.0, "variables": { "x": -352.0, "flipX": 1.0, "y": 192.0, "flipY": 0.0 }, "object": 11.0 }, { "layer": 0.0, "deleted": 0.0, "variables": { "x": -384.0, "flipX": 1.0, "y": 256.0, "flipY": 0.0 }, "object": 11.0 }, { "layer": 0.0, "deleted": 0.0, "variables": { "x": -352.0, "flipX": 1.0, "y": 320.0, "flipY": 0.0 }, "object": 11.0 }, { "layer": 0.0, "deleted": 0.0, "variables": { "x": -352.0, "flipX": 1.0, "y": 64.0, "flipY": 0.0 }, "object": 11.0 }, { "layer": 0.0, "deleted": 0.0, "variables": { "x": -320.0, "flipX": 0.0, "y": 608.0, "flipY": 0.0 }, "object": 804.0 }, { "layer": 0.0, "deleted": 0.0, "variables": { "x": -320.0, "y": 434.5, "image_xscale": 1.0, "image_yscale": 1.0, "escape": "true", "flipX": 1.0, "flipY": 0.0 }, "object": 377.0 }, { "layer": 0.0, "deleted": 0.0, "variables": { "x": -608.0, "y": 64.0, "image_xscale": 4.0, "image_yscale": 9.0, "flipX": 1.0, "flipY": 0.0 }, "object": 517.0 }, { "layer": 0.0, "deleted": 0.0, "variables": { "x": -608.0, "flipX": 1.0, "y": 608.0, "flipY": 0.0 }, "object": 516.0 }, { "layer": 0.0, "deleted": 0.0, "variables": { "x": -352.0, "flipX": 0.0, "y": 0.0, "flipY": 0.0 }, "object": 98.0 }, { "layer": 0.0, "deleted": 0.0, "variables": { "x": 608.0, "y": 480.0, "image_xscale": 5.0, "image_yscale": 2.0, "flipX": 0.0, "flipY": 0.0 }, "object": 517.0 }, { "layer": 0.0, "deleted": 0.0, "variables": { "x": 608.0, "y": 704.0, "image_xscale": 7.0, "image_yscale": 1.0, "flipX": 0.0, "flipY": 0.0 }, "object": 517.0 }, { "layer": 0.0, "deleted": 0.0, "variables": { "x": 768.0, "flipX": 0.0, "y": 480.0, "flipY": 0.0 }, "object": 733.0 }, { "layer": 0.0, "deleted": 0.0, "variables": { "x": 640.0, "y": 608.0, "targetRoom": "main", "image_xscale": 1.0, "image_yscale": 1.0, "flipX": 0.0, "flipY": 0.0 }, "object": 440.0 } ], "tile_data": { "5": { "-160_576": { "autotile": 1.0, "autotile_index": 0.0, "tileset": "tiles_911", "coord": [ 1.0, 2.0 ] }, "608_704": { "coord": [ 3.0, 0.0 ], "autotile_index": 0.0, "tileset": "tiles_911", "autotile": 1.0 }, "32_672": { "coord": [ 2.0, 2.0 ], "autotile_index": 0.0, "tileset": "tiles_911", "autotile": 1.0 }, "160_352": { "coord": [ 2.0, 2.0 ], "autotile_index": 0.0, "tileset": "tiles_911", "autotile": 1.0 }, "-256_640": { "coord": [ 1.0, 0.0 ], "autotile_index": 0.0, "tileset": "tiles_911", "autotile": 1.0 }, "-544_640": { "autotile": 1.0, "autotile_index": 0.0, "tileset": "tiles_911", "coord": [ 2.0, 0.0 ] }, "64_-64": { "autotile": 1.0, "autotile_index": 0.0, "tileset": "tiles_911", "coord": [ 2.0, 2.0 ] }, "-416_32": { "coord": [ 2.0, 1.0 ], "autotile_index": 0.0, "tileset": "tiles_911", "autotile": 1.0 }, "928_416": { "coord": [ 2.0, 2.0 ], "autotile_index": 0.0, "tileset": "tiles_911", "autotile": 1.0 }, "-640_640": { "coord": [ 2.0, 1.0 ], "autotile_index": 0.0, "tileset": "tiles_911", "autotile": 0.0 }, "-384_480": { "autotile": 1.0, "autotile_index": 0.0, "tileset": "tiles_911", "coord": [ 2.0, 0.0 ] }, "-608_288": { "coord": [ 2.0, 1.0 ], "autotile_index": 0.0, "tileset": "tiles_911", "autotile": 1.0 }, "-96_512": { "coord": [ 2.0, 2.0 ], "autotile_index": 0.0, "tileset": "tiles_911", "autotile": 1.0 }, "-96_-64": { "coord": [ 2.0, 2.0 ], "autotile_index": 0.0, "tileset": "tiles_911", "autotile": 1.0 }, "800_480": { "coord": [ 7.0, 0.0 ], "autotile_index": 0.0, "tileset": "tiles_911", "autotile": 0.0 }, "192_608": { "coord": [ 2.0, 2.0 ], "autotile_index": 0.0, "tileset": "tiles_911", "autotile": 1.0 }, "832_96": { "coord": [ 2.0, 1.0 ], "autotile_index": 0.0, "tileset": "tiles_911", "autotile": 1.0 }, "-352_-128": { "coord": [ 2.0, 2.0 ], "autotile_index": 0.0, "tileset": "tiles_911", "autotile": 1.0 }, "896_-32": { "autotile": 1.0, "autotile_index": 0.0, "tileset": "tiles_911", "coord": [ 2.0, 2.0 ] }, "640_384": { "autotile": 0.0, "autotile_index": 0.0, "tileset": "tiles_911", "coord": [ 6.0, 5.0 ] }, "864_-96": { "autotile": 1.0, "autotile_index": 0.0, "tileset": "tiles_911", "coord": [ 2.0, 2.0 ] }, "64_480": { "coord": [ 2.0, 2.0 ], "autotile_index": 0.0, "tileset": "tiles_911", "autotile": 1.0 }, "-640_416": { "autotile": 1.0, "autotile_index": 0.0, "tileset": "tiles_911", "coord": [ 3.0, 1.0 ] }, "256_-96": { "autotile": 1.0, "autotile_index": 0.0, "tileset": "tiles_911", "coord": [ 2.0, 2.0 ] }, "-544_320": { "coord": [ 2.0, 1.0 ], "autotile_index": 0.0, "tileset": "tiles_911", "autotile": 1.0 }, "-512_288": { "coord": [ 3.0, 1.0 ], "autotile_index": 0.0, "tileset": "tiles_911", "autotile": 1.0 }, "-544_-128": { "coord": [ 2.0, 2.0 ], "autotile_index": 0.0, "tileset": "tiles_911", "autotile": 1.0 }, "192_352": { "coord": [ 3.0, 2.0 ], "autotile_index": 0.0, "tileset": "tiles_911", "autotile": 1.0 }, "-32_704": { "coord": [ 2.0, 2.0 ], "autotile_index": 0.0, "tileset": "tiles_911", "autotile": 1.0 }, "352_480": { "coord": [ 3.0, 0.0 ], "autotile_index": 0.0, "tileset": "tiles_911", "autotile": 1.0 }, "-64_-96": { "coord": [ 2.0, 2.0 ], "autotile_index": 0.0, "tileset": "tiles_911", "autotile": 1.0 }, "640_-96": { "autotile": 1.0, "autotile_index": 0.0, "tileset": "tiles_911", "coord": [ 2.0, 2.0 ] }, "-128_480": { "coord": [ 2.0, 2.0 ], "autotile_index": 0.0, "tileset": "tiles_911", "autotile": 1.0 }, "-672_544": { "autotile": 1.0, "autotile_index": 0.0, "tileset": "tiles_911", "coord": [ 3.0, 2.0 ] }, "0_640": { "coord": [ 2.0, 2.0 ], "autotile_index": 0.0, "tileset": "tiles_911", "autotile": 1.0 }, "864_256": { "coord": [ 1.0, 2.0 ], "autotile_index": 0.0, "tileset": "tiles_911", "autotile": 1.0 }, "928_512": { "coord": [ 2.0, 2.0 ], "autotile_index": 0.0, "tileset": "tiles_911", "autotile": 1.0 }, "320_32": { "autotile": 1.0, "autotile_index": 0.0, "tileset": "tiles_911", "coord": [ 2.0, 1.0 ] }, "384_608": { "coord": [ 2.0, 2.0 ], "autotile_index": 0.0, "tileset": "tiles_911", "autotile": 1.0 }, "192_288": { "coord": [ 3.0, 1.0 ], "autotile_index": 0.0, "tileset": "tiles_911", "autotile": 1.0 }, "-512_32": { "coord": [ 4.0, 2.0 ], "autotile_index": 0.0, "tileset": "tiles_911", "autotile": 1.0 }, "0_672": { "coord": [ 2.0, 2.0 ], "autotile_index": 0.0, "tileset": "tiles_911", "autotile": 1.0 }, "128_256": { "coord": [ 2.0, 0.0 ], "autotile_index": 0.0, "tileset": "tiles_911", "autotile": 1.0 }, "-576_256": { "coord": [ 2.0, 2.0 ], "autotile_index": 0.0, "tileset": "tiles_911", "autotile": 1.0 }, "832_576": { "coord": [ 2.0, 1.0 ], "autotile_index": 0.0, "tileset": "tiles_911", "autotile": 1.0 }, "-448_512": { "autotile": 1.0, "autotile_index": 0.0, "tileset": "tiles_911", "coord": [ 2.0, 1.0 ] }, "-512_192": { "coord": [ 3.0, 1.0 ], "autotile_index": 0.0, "tileset": "tiles_911", "autotile": 1.0 }, "-480_-320": { "coord": [ 0.0, 0.0 ], "autotile_index": 0.0, "tileset": "tiles_911", "autotile": 1.0 }, "-128_320": { "coord": [ 0.0, 3.0 ], "autotile_index": 0.0, "tileset": "tiles_911", "autotile": 0.0 }, "-224_480": { "coord": [ 2.0, 1.0 ], "autotile_index": 0.0, "tileset": "tiles_911", "autotile": 0.0 }, "576_608": { "coord": [ 3.0, 1.0 ], "autotile_index": 0.0, "tileset": "tiles_911", "autotile": 1.0 }, "-160_416": { "coord": [ 2.0, 1.0 ], "autotile_index": 0.0, "tileset": "tiles_911", "autotile": 0.0 }, "416_0": { "autotile": 0.0, "autotile_index": 0.0, "tileset": "tiles_911", "coord": [ 1.0, 6.0 ] }, "-192_480": { "coord": [ 2.0, 1.0 ], "autotile_index": 0.0, "tileset": "tiles_911", "autotile": 0.0 }, "544_512": { "coord": [ 3.0, 1.0 ], "autotile_index": 0.0, "tileset": "tiles_911", "autotile": 1.0 }, "928_96": { "coord": [ 2.0, 2.0 ], "autotile_index": 0.0, "tileset": "tiles_911", "autotile": 1.0 }, "-640_128": { "coord": [ 2.0, 2.0 ], "autotile_index": 0.0, "tileset": "tiles_911", "autotile": 1.0 }, "864_32": { "autotile": 1.0, "autotile_index": 0.0, "tileset": "tiles_911", "coord": [ 1.0, 2.0 ] }, "256_672": { "coord": [ 2.0, 2.0 ], "autotile_index": 0.0, "tileset": "tiles_911", "autotile": 1.0 }, "-32_640": { "coord": [ 2.0, 2.0 ], "autotile_index": 0.0, "tileset": "tiles_911", "autotile": 1.0 }, "704_512": { "coord": [ 2.0, 1.0 ], "autotile_index": 0.0, "tileset": "tiles_911", "autotile": 1.0 }, "-608_704": { "autotile": 1.0, "autotile_index": 0.0, "tileset": "tiles_911", "coord": [ 2.0, 2.0 ] }, "448_576": { "coord": [ 2.0, 2.0 ], "autotile_index": 0.0, "tileset": "tiles_911", "autotile": 1.0 }, "-544_160": { "coord": [ 3.0, 2.0 ], "autotile_index": 0.0, "tileset": "tiles_911", "autotile": 1.0 }, "256_480": { "coord": [ 4.0, 4.0 ], "autotile_index": 0.0, "tileset": "tiles_911", "autotile": 0.0 }, "-544_0": { "coord": [ 4.0, 2.0 ], "autotile_index": 0.0, "tileset": "tiles_911", "autotile": 1.0 }, "352_-96": { "autotile": 1.0, "autotile_index": 0.0, "tileset": "tiles_911", "coord": [ 2.0, 2.0 ] }, "448_-64": { "autotile": 1.0, "autotile_index": 0.0, "tileset": "tiles_911", "coord": [ 2.0, 2.0 ] }, "480_32": { "autotile": 1.0, "autotile_index": 0.0, "tileset": "tiles_911", "coord": [ 2.0, 1.0 ] }, "864_672": { "coord": [ 1.0, 2.0 ], "autotile_index": 0.0, "tileset": "tiles_911", "autotile": 1.0 }, "832_512": { "coord": [ 6.0, 2.0 ], "autotile_index": 0.0, "tileset": "tiles_911", "autotile": 1.0 }, "736_-96": { "autotile": 1.0, "autotile_index": 0.0, "tileset": "tiles_911", "coord": [ 2.0, 2.0 ] }, "224_-32": { "autotile": 1.0, "autotile_index": 0.0, "tileset": "tiles_911", "coord": [ 2.0, 2.0 ] }, "-544_64": { "coord": [ 3.0, 2.0 ], "autotile_index": 0.0, "tileset": "tiles_911", "autotile": 1.0 }, "32_512": { "coord": [ 2.0, 2.0 ], "autotile_index": 0.0, "tileset": "tiles_911", "autotile": 1.0 }, "-544_288": { "coord": [ 2.0, 1.0 ], "autotile_index": 0.0, "tileset": "tiles_911", "autotile": 1.0 }, "-480_-96": { "coord": [ 2.0, 2.0 ], "autotile_index": 0.0, "tileset": "tiles_911", "autotile": 1.0 }, "224_320": { "coord": [ 3.0, 1.0 ], "autotile_index": 0.0, "tileset": "tiles_911", "autotile": 1.0 }, "864_448": { "coord": [ 1.0, 2.0 ], "autotile_index": 0.0, "tileset": "tiles_911", "autotile": 1.0 }, "-32_-64": { "coord": [ 2.0, 2.0 ], "autotile_index": 0.0, "tileset": "tiles_911", "autotile": 1.0 }, "576_480": { "coord": [ 1.0, 0.0 ], "autotile_index": 0.0, "tileset": "tiles_911", "autotile": 1.0 }, "-96_32": { "autotile": 1.0, "autotile_index": 0.0, "tileset": "tiles_911", "coord": [ 2.0, 1.0 ] }, "320_640": { "coord": [ 2.0, 2.0 ], "autotile_index": 0.0, "tileset": "tiles_911", "autotile": 1.0 }, "-480_480": { "autotile": 1.0, "autotile_index": 0.0, "tileset": "tiles_911", "coord": [ 1.0, 0.0 ] }, "-256_-96": { "coord": [ 2.0, 2.0 ], "autotile_index": 0.0, "tileset": "tiles_911", "autotile": 1.0 }, "832_320": { "coord": [ 2.0, 1.0 ], "autotile_index": 0.0, "tileset": "tiles_911", "autotile": 1.0 }, "672_-64": { "autotile": 1.0, "autotile_index": 0.0, "tileset": "tiles_911", "coord": [ 2.0, 2.0 ] }, "288_672": { "coord": [ 2.0, 2.0 ], "autotile_index": 0.0, "tileset": "tiles_911", "autotile": 1.0 }, "256_704": { "coord": [ 2.0, 2.0 ], "autotile_index": 0.0, "tileset": "tiles_911", "autotile": 1.0 }, "448_0": { "autotile": 0.0, "autotile_index": 0.0, "tileset": "tiles_911", "coord": [ 2.0, 6.0 ] }, "544_672": { "coord": [ 3.0, 2.0 ], "autotile_index": 0.0, "tileset": "tiles_911", "autotile": 1.0 }, "704_-32": { "autotile": 1.0, "autotile_index": 0.0, "tileset": "tiles_911", "coord": [ 2.0, 2.0 ] }, "-416_704": { "autotile": 1.0, "autotile_index": 0.0, "tileset": "tiles_911", "coord": [ 2.0, 2.0 ] }, "-640_352": { "coord": [ 3.0, 1.0 ], "autotile_index": 0.0, "tileset": "tiles_911", "autotile": 1.0 }, "832_-32": { "autotile": 1.0, "autotile_index": 0.0, "tileset": "tiles_911", "coord": [ 2.0, 2.0 ] }, "864_224": { "coord": [ 1.0, 2.0 ], "autotile_index": 0.0, "tileset": "tiles_911", "autotile": 1.0 }, "384_672": { "coord": [ 2.0, 2.0 ], "autotile_index": 0.0, "tileset": "tiles_911", "autotile": 1.0 }, "-192_384": { "coord": [ 0.0, 3.0 ], "autotile_index": 0.0, "tileset": "tiles_911", "autotile": 0.0 }, "96_-96": { "autotile": 1.0, "autotile_index": 0.0, "tileset": "tiles_911", "coord": [ 2.0, 2.0 ] }, "-384_0": { "coord": [ 2.0, 1.0 ], "autotile_index": 0.0, "tileset": "tiles_911", "autotile": 1.0 }, "32_0": { "autotile": 1.0, "autotile_index": 0.0, "tileset": "tiles_911", "coord": [ 2.0, 1.0 ] }, "-512_0": { "coord": [ 2.0, 1.0 ], "autotile_index": 0.0, "tileset": "tiles_911", "autotile": 1.0 }, "928_672": { "coord": [ 2.0, 2.0 ], "autotile_index": 0.0, "tileset": "tiles_911", "autotile": 1.0 }, "832_416": { "coord": [ 2.0, 1.0 ], "autotile_index": 0.0, "tileset": "tiles_911", "autotile": 1.0 }, "416_704": { "coord": [ 2.0, 2.0 ], "autotile_index": 0.0, "tileset": "tiles_911", "autotile": 1.0 }, "544_0": { "autotile": 1.0, "autotile_index": 0.0, "tileset": "tiles_911", "coord": [ 2.0, 1.0 ] }, "-640_320": { "coord": [ 4.0, 2.0 ], "autotile_index": 0.0, "tileset": "tiles_911", "autotile": 1.0 }, "512_672": { "coord": [ 2.0, 2.0 ], "autotile_index": 0.0, "tileset": "tiles_911", "autotile": 1.0 }, "0_-32": { "coord": [ 2.0, 2.0 ], "autotile_index": 0.0, "tileset": "tiles_911", "autotile": 1.0 }, "-64_704": { "coord": [ 2.0, 2.0 ], "autotile_index": 0.0, "tileset": "tiles_911", "autotile": 1.0 }, "-608_0": { "coord": [ 2.0, 2.0 ], "autotile_index": 0.0, "tileset": "tiles_911", "autotile": 1.0 }, "416_544": { "coord": [ 2.0, 2.0 ], "autotile_index": 0.0, "tileset": "tiles_911", "autotile": 1.0 }, "608_-96": { "autotile": 1.0, "autotile_index": 0.0, "tileset": "tiles_911", "coord": [ 2.0, 2.0 ] }, "-640_-64": { "coord": [ 2.0, 2.0 ], "autotile_index": 0.0, "tileset": "tiles_911", "autotile": 1.0 }, "-512_96": { "coord": [ 3.0, 1.0 ], "autotile_index": 0.0, "tileset": "tiles_911", "autotile": 1.0 }, "96_512": { "coord": [ 2.0, 2.0 ], "autotile_index": 0.0, "tileset": "tiles_911", "autotile": 1.0 }, "832_128": { "coord": [ 2.0, 1.0 ], "autotile_index": 0.0, "tileset": "tiles_911", "autotile": 1.0 }, "-96_288": { "coord": [ 0.0, 3.0 ], "autotile_index": 0.0, "tileset": "tiles_911", "autotile": 0.0 }, "-32_352": { "coord": [ 4.0, 2.0 ], "autotile_index": 0.0, "tileset": "tiles_911", "autotile": 1.0 }, "672_512": { "coord": [ 2.0, 1.0 ], "autotile_index": 0.0, "tileset": "tiles_911", "autotile": 1.0 }, "-192_448": { "coord": [ 2.0, 1.0 ], "autotile_index": 0.0, "tileset": "tiles_911", "autotile": 0.0 }, "-160_704": { "coord": [ 2.0, 2.0 ], "autotile_index": 0.0, "tileset": "tiles_911", "autotile": 1.0 }, "-672_160": { "coord": [ 2.0, 2.0 ], "autotile_index": 0.0, "tileset": "tiles_911", "autotile": 1.0 }, "128_448": { "coord": [ 2.0, 2.0 ], "autotile_index": 0.0, "tileset": "tiles_911", "autotile": 1.0 }, "128_416": { "coord": [ 2.0, 2.0 ], "autotile_index": 0.0, "tileset": "tiles_911", "autotile": 1.0 }, "192_480": { "coord": [ 4.0, 2.0 ], "autotile_index": 0.0, "tileset": "tiles_911", "autotile": 1.0 }, "448_-96": { "autotile": 1.0, "autotile_index": 0.0, "tileset": "tiles_911", "coord": [ 2.0, 2.0 ] }, "-480_-32": { "coord": [ 2.0, 2.0 ], "autotile_index": 0.0, "tileset": "tiles_911", "autotile": 1.0 }, "192_416": { "coord": [ 3.0, 2.0 ], "autotile_index": 0.0, "tileset": "tiles_911", "autotile": 1.0 }, "160_544": { "coord": [ 2.0, 2.0 ], "autotile_index": 0.0, "tileset": "tiles_911", "autotile": 1.0 }, "-480_704": { "autotile": 1.0, "autotile_index": 0.0, "tileset": "tiles_911", "coord": [ 2.0, 2.0 ] }, "768_-64": { "autotile": 1.0, "autotile_index": 0.0, "tileset": "tiles_911", "coord": [ 2.0, 2.0 ] }, "-224_0": { "autotile": 1.0, "autotile_index": 0.0, "tileset": "tiles_911", "coord": [ 2.0, 1.0 ] }, "864_544": { "coord": [ 1.0, 2.0 ], "autotile_index": 0.0, "tileset": "tiles_911", "autotile": 1.0 }, "-224_416": { "coord": [ 0.0, 3.0 ], "autotile_index": 0.0, "tileset": "tiles_911", "autotile": 0.0 }, "0_0": { "autotile": 1.0, "autotile_index": 0.0, "tileset": "tiles_911", "coord": [ 2.0, 1.0 ] }, "-544_-64": { "coord": [ 2.0, 2.0 ], "autotile_index": 0.0, "tileset": "tiles_911", "autotile": 1.0 }, "-160_352": { "coord": [ 0.0, 3.0 ], "autotile_index": 0.0, "tileset": "tiles_911", "autotile": 0.0 }, "224_256": { "coord": [ 1.0, 0.0 ], "autotile_index": 0.0, "tileset": "tiles_911", "autotile": 1.0 }, "832_352": { "coord": [ 2.0, 1.0 ], "autotile_index": 0.0, "tileset": "tiles_911", "autotile": 1.0 }, "-160_-32": { "coord": [ 2.0, 2.0 ], "autotile_index": 0.0, "tileset": "tiles_911", "autotile": 1.0 }, "-608_672": { "coord": [ 2.0, 1.0 ], "autotile_index": 0.0, "tileset": "tiles_911", "autotile": 0.0 }, "864_64": { "coord": [ 1.0, 2.0 ], "autotile_index": 0.0, "tileset": "tiles_911", "autotile": 1.0 }, "-352_-64": { "coord": [ 2.0, 2.0 ], "autotile_index": 0.0, "tileset": "tiles_911", "autotile": 1.0 }, "192_640": { "coord": [ 2.0, 2.0 ], "autotile_index": 0.0, "tileset": "tiles_911", "autotile": 1.0 }, "32_544": { "coord": [ 2.0, 2.0 ], "autotile_index": 0.0, "tileset": "tiles_911", "autotile": 1.0 }, "-416_640": { "autotile": 1.0, "autotile_index": 0.0, "tileset": "tiles_911", "coord": [ 3.0, 0.0 ] }, "-160_-128": { "coord": [ 2.0, 2.0 ], "autotile_index": 0.0, "tileset": "tiles_911", "autotile": 1.0 }, "-384_704": { "autotile": 1.0, "autotile_index": 0.0, "tileset": "tiles_911", "coord": [ 2.0, 2.0 ] }, "0_-128": { "coord": [ 2.0, 2.0 ], "autotile_index": 0.0, "tileset": "tiles_911", "autotile": 1.0 }, "-576_160": { "coord": [ 2.0, 2.0 ], "autotile_index": 0.0, "tileset": "tiles_911", "autotile": 1.0 }, "320_704": { "coord": [ 2.0, 2.0 ], "autotile_index": 0.0, "tileset": "tiles_911", "autotile": 1.0 }, "-320_32": { "coord": [ 2.0, 1.0 ], "autotile_index": 0.0, "tileset": "tiles_911", "autotile": 1.0 }, "864_704": { "coord": [ 1.0, 2.0 ], "autotile_index": 0.0, "tileset": "tiles_911", "autotile": 1.0 }, "960_544": { "coord": [ 0.0, 0.0 ], "autotile_index": 0.0, "tileset": "tiles_911", "autotile": 1.0 }, "896_544": { "coord": [ 2.0, 2.0 ], "autotile_index": 0.0, "tileset": "tiles_911", "autotile": 1.0 }, "-640_192": { "coord": [ 2.0, 2.0 ], "autotile_index": 0.0, "tileset": "tiles_911", "autotile": 1.0 }, "-576_0": { "coord": [ 2.0, 2.0 ], "autotile_index": 0.0, "tileset": "tiles_911", "autotile": 1.0 }, "672_448": { "autotile": 0.0, "autotile_index": 0.0, "tileset": "tiles_911", "coord": [ 7.0, 7.0 ] }, "224_576": { "coord": [ 2.0, 2.0 ], "autotile_index": 0.0, "tileset": "tiles_911", "autotile": 1.0 }, "-544_672": { "autotile": 1.0, "autotile_index": 0.0, "tileset": "tiles_911", "coord": [ 2.0, 1.0 ] }, "-64_608": { "coord": [ 2.0, 2.0 ], "autotile_index": 0.0, "tileset": "tiles_911", "autotile": 1.0 }, "768_-32": { "autotile": 1.0, "autotile_index": 0.0, "tileset": "tiles_911", "coord": [ 2.0, 2.0 ] }, "512_480": { "coord": [ 3.0, 0.0 ], "autotile_index": 0.0, "tileset": "tiles_911", "autotile": 1.0 }, "224_0": { "autotile": 1.0, "autotile_index": 0.0, "tileset": "tiles_911", "coord": [ 2.0, 1.0 ] }, "-512_64": { "coord": [ 3.0, 1.0 ], "autotile_index": 0.0, "tileset": "tiles_911", "autotile": 1.0 }, "-608_-128": { "coord": [ 2.0, 2.0 ], "autotile_index": 0.0, "tileset": "tiles_911", "autotile": 1.0 }, "-480_672": { "autotile": 1.0, "autotile_index": 0.0, "tileset": "tiles_911", "coord": [ 2.0, 1.0 ] }, "224_-128": { "autotile": 1.0, "autotile_index": 0.0, "tileset": "tiles_911", "coord": [ 2.0, 2.0 ] }, "-416_-32": { "coord": [ 2.0, 2.0 ], "autotile_index": 0.0, "tileset": "tiles_911", "autotile": 1.0 }, "576_-96": { "autotile": 1.0, "autotile_index": 0.0, "tileset": "tiles_911", "coord": [ 2.0, 2.0 ] }, "864_576": { "coord": [ 1.0, 2.0 ], "autotile_index": 0.0, "tileset": "tiles_911", "autotile": 1.0 }, "-576_32": { "coord": [ 2.0, 2.0 ], "autotile_index": 0.0, "tileset": "tiles_911", "autotile": 1.0 }, "192_544": { "coord": [ 2.0, 2.0 ], "autotile_index": 0.0, "tileset": "tiles_911", "autotile": 1.0 }, "-160_0": { "autotile": 1.0, "autotile_index": 0.0, "tileset": "tiles_911", "coord": [ 2.0, 1.0 ] }, "-288_640": { "coord": [ 1.0, 0.0 ], "autotile_index": 0.0, "tileset": "tiles_911", "autotile": 1.0 }, "0_384": { "coord": [ 2.0, 2.0 ], "autotile_index": 0.0, "tileset": "tiles_911", "autotile": 1.0 }, "576_640": { "coord": [ 3.0, 1.0 ], "autotile_index": 0.0, "tileset": "tiles_911", "autotile": 1.0 }, "352_544": { "coord": [ 2.0, 2.0 ], "autotile_index": 0.0, "tileset": "tiles_911", "autotile": 1.0 }, "-160_480": { "autotile": 1.0, "autotile_index": 0.0, "tileset": "tiles_911", "coord": [ 4.0, 2.0 ] }, "416_480": { "coord": [ 1.0, 0.0 ], "autotile_index": 0.0, "tileset": "tiles_911", "autotile": 1.0 }, "608_512": { "coord": [ 2.0, 1.0 ], "autotile_index": 0.0, "tileset": "tiles_911", "autotile": 1.0 }, "96_320": { "coord": [ 2.0, 2.0 ], "autotile_index": 0.0, "tileset": "tiles_911", "autotile": 1.0 }, "-576_-32": { "coord": [ 2.0, 2.0 ], "autotile_index": 0.0, "tileset": "tiles_911", "autotile": 1.0 }, "-672_384": { "coord": [ 3.0, 2.0 ], "autotile_index": 0.0, "tileset": "tiles_911", "autotile": 1.0 }, "-128_-128": { "coord": [ 2.0, 2.0 ], "autotile_index": 0.0, "tileset": "tiles_911", "autotile": 1.0 }, "-640_256": { "coord": [ 2.0, 2.0 ], "autotile_index": 0.0, "tileset": "tiles_911", "autotile": 1.0 }, "64_704": { "coord": [ 2.0, 2.0 ], "autotile_index": 0.0, "tileset": "tiles_911", "autotile": 1.0 }, "160_640": { "coord": [ 2.0, 2.0 ], "autotile_index": 0.0, "tileset": "tiles_911", "autotile": 1.0 }, "-96_704": { "coord": [ 2.0, 2.0 ], "autotile_index": 0.0, "tileset": "tiles_911", "autotile": 1.0 }, "-672_288": { "coord": [ 4.0, 2.0 ], "autotile_index": 0.0, "tileset": "tiles_911", "autotile": 1.0 }, "352_-64": { "autotile": 1.0, "autotile_index": 0.0, "tileset": "tiles_911", "coord": [ 2.0, 2.0 ] }, "192_-64": { "autotile": 1.0, "autotile_index": 0.0, "tileset": "tiles_911", "coord": [ 2.0, 2.0 ] }, "64_32": { "autotile": 1.0, "autotile_index": 0.0, "tileset": "tiles_911", "coord": [ 2.0, 1.0 ] }, "672_32": { "autotile": 1.0, "autotile_index": 0.0, "tileset": "tiles_911", "coord": [ 2.0, 1.0 ] }, "736_480": { "coord": [ 1.0, 0.0 ], "autotile_index": 0.0, "tileset": "tiles_911", "autotile": 1.0 }, "-672_672": { "autotile": 1.0, "autotile_index": 0.0, "tileset": "tiles_911", "coord": [ 4.0, 2.0 ] }, "512_512": { "coord": [ 2.0, 1.0 ], "autotile_index": 0.0, "tileset": "tiles_911", "autotile": 1.0 }, "32_576": { "coord": [ 2.0, 2.0 ], "autotile_index": 0.0, "tileset": "tiles_911", "autotile": 1.0 }, "352_-32": { "autotile": 1.0, "autotile_index": 0.0, "tileset": "tiles_911", "coord": [ 2.0, 2.0 ] }, "-32_480": { "coord": [ 2.0, 2.0 ], "autotile_index": 0.0, "tileset": "tiles_911", "autotile": 1.0 }, "-320_-128": { "coord": [ 2.0, 2.0 ], "autotile_index": 0.0, "tileset": "tiles_911", "autotile": 1.0 }, "832_160": { "coord": [ 2.0, 1.0 ], "autotile_index": 0.0, "tileset": "tiles_911", "autotile": 1.0 }, "96_704": { "coord": [ 2.0, 2.0 ], "autotile_index": 0.0, "tileset": "tiles_911", "autotile": 1.0 }, "-64_32": { "autotile": 1.0, "autotile_index": 0.0, "tileset": "tiles_911", "coord": [ 2.0, 1.0 ] }, "-672_608": { "autotile": 1.0, "autotile_index": 0.0, "tileset": "tiles_911", "coord": [ 3.0, 2.0 ] }, "-512_160": { "coord": [ 3.0, 1.0 ], "autotile_index": 0.0, "tileset": "tiles_911", "autotile": 1.0 }, "896_-96": { "autotile": 1.0, "autotile_index": 0.0, "tileset": "tiles_911", "coord": [ 2.0, 2.0 ] }, "-576_64": { "coord": [ 2.0, 2.0 ], "autotile_index": 0.0, "tileset": "tiles_911", "autotile": 1.0 }, "832_192": { "coord": [ 2.0, 1.0 ], "autotile_index": 0.0, "tileset": "tiles_911", "autotile": 1.0 }, "-160_-96": { "coord": [ 2.0, 2.0 ], "autotile_index": 0.0, "tileset": "tiles_911", "autotile": 1.0 }, "896_576": { "coord": [ 2.0, 2.0 ], "autotile_index": 0.0, "tileset": "tiles_911", "autotile": 1.0 }, "608_-128": { "autotile": 1.0, "autotile_index": 0.0, "tileset": "tiles_911", "coord": [ 2.0, 2.0 ] }, "-32_256": { "coord": [ 1.0, 0.0 ], "autotile_index": 0.0, "tileset": "tiles_911", "autotile": 1.0 }, "-128_448": { "coord": [ 2.0, 1.0 ], "autotile_index": 0.0, "tileset": "tiles_911", "autotile": 0.0 }, "672_416": { "autotile": 0.0, "autotile_index": 0.0, "tileset": "tiles_911", "coord": [ 7.0, 6.0 ] }, "-128_32": { "autotile": 1.0, "autotile_index": 0.0, "tileset": "tiles_911", "coord": [ 2.0, 1.0 ] }, "-672_576": { "autotile": 1.0, "autotile_index": 0.0, "tileset": "tiles_911", "coord": [ 3.0, 2.0 ] }, "128_672": { "coord": [ 2.0, 2.0 ], "autotile_index": 0.0, "tileset": "tiles_911", "autotile": 1.0 }, "-96_448": { "coord": [ 2.0, 2.0 ], "autotile_index": 0.0, "tileset": "tiles_911", "autotile": 1.0 }, "-320_512": { "autotile": 1.0, "autotile_index": 0.0, "tileset": "tiles_911", "coord": [ 2.0, 1.0 ] }, "-544_-96": { "coord": [ 2.0, 2.0 ], "autotile_index": 0.0, "tileset": "tiles_911", "autotile": 1.0 }, "-224_704": { "coord": [ 2.0, 2.0 ], "autotile_index": 0.0, "tileset": "tiles_911", "autotile": 1.0 }, "-352_480": { "autotile": 1.0, "autotile_index": 0.0, "tileset": "tiles_911", "coord": [ 3.0, 0.0 ] }, "0_608": { "coord": [ 2.0, 2.0 ], "autotile_index": 0.0, "tileset": "tiles_911", "autotile": 1.0 }, "-448_480": { "autotile": 1.0, "autotile_index": 0.0, "tileset": "tiles_911", "coord": [ 1.0, 0.0 ] }, "544_480": { "coord": [ 1.0, 0.0 ], "autotile_index": 0.0, "tileset": "tiles_911", "autotile": 1.0 }, "768_704": { "coord": [ 3.0, 0.0 ], "autotile_index": 0.0, "tileset": "tiles_911", "autotile": 1.0 }, "-32_576": { "coord": [ 2.0, 2.0 ], "autotile_index": 0.0, "tileset": "tiles_911", "autotile": 1.0 }, "-256_448": { "coord": [ 0.0, 3.0 ], "autotile_index": 0.0, "tileset": "tiles_911", "autotile": 0.0 }, "160_288": { "coord": [ 2.0, 1.0 ], "autotile_index": 0.0, "tileset": "tiles_911", "autotile": 1.0 }, "224_608": { "coord": [ 2.0, 2.0 ], "autotile_index": 0.0, "tileset": "tiles_911", "autotile": 1.0 }, "-512_256": { "coord": [ 3.0, 1.0 ], "autotile_index": 0.0, "tileset": "tiles_911", "autotile": 1.0 }, "64_416": { "coord": [ 2.0, 2.0 ], "autotile_index": 0.0, "tileset": "tiles_911", "autotile": 1.0 }, "256_-128": { "autotile": 1.0, "autotile_index": 0.0, "tileset": "tiles_911", "coord": [ 2.0, 2.0 ] }, "96_0": { "autotile": 1.0, "autotile_index": 0.0, "tileset": "tiles_911", "coord": [ 2.0, 1.0 ] }, "-64_640": { "coord": [ 2.0, 2.0 ], "autotile_index": 0.0, "tileset": "tiles_911", "autotile": 1.0 }, "704_-128": { "autotile": 1.0, "autotile_index": 0.0, "tileset": "tiles_911", "coord": [ 2.0, 2.0 ] }, "0_256": { "coord": [ 1.0, 0.0 ], "autotile_index": 0.0, "tileset": "tiles_911", "autotile": 1.0 }, "-608_256": { "coord": [ 2.0, 2.0 ], "autotile_index": 0.0, "tileset": "tiles_911", "autotile": 1.0 }, "224_32": { "autotile": 1.0, "autotile_index": 0.0, "tileset": "tiles_911", "coord": [ 2.0, 1.0 ] }, "896_256": { "coord": [ 2.0, 2.0 ], "autotile_index": 0.0, "tileset": "tiles_911", "autotile": 1.0 }, "-128_640": { "coord": [ 2.0, 2.0 ], "autotile_index": 0.0, "tileset": "tiles_911", "autotile": 1.0 }, "-416_-128": { "coord": [ 2.0, 2.0 ], "autotile_index": 0.0, "tileset": "tiles_911", "autotile": 1.0 }, "-288_480": { "autotile": 1.0, "autotile_index": 0.0, "tileset": "tiles_911", "coord": [ 2.0, 0.0 ] }, "320_-128": { "autotile": 1.0, "autotile_index": 0.0, "tileset": "tiles_911", "coord": [ 2.0, 2.0 ] }, "928_-128": { "autotile": 1.0, "autotile_index": 0.0, "tileset": "tiles_911", "coord": [ 2.0, 2.0 ] }, "-160_384": { "coord": [ 6.0, 4.0 ], "autotile_index": 0.0, "tileset": "tiles_911", "autotile": 0.0 }, "64_0": { "autotile": 1.0, "autotile_index": 0.0, "tileset": "tiles_911", "coord": [ 2.0, 1.0 ] }, "512_640": { "coord": [ 2.0, 2.0 ], "autotile_index": 0.0, "tileset": "tiles_911", "autotile": 1.0 }, "-640_96": { "coord": [ 2.0, 2.0 ], "autotile_index": 0.0, "tileset": "tiles_911", "autotile": 1.0 }, "320_-96": { "autotile": 1.0, "autotile_index": 0.0, "tileset": "tiles_911", "coord": [ 2.0, 2.0 ] }, "96_416": { "coord": [ 2.0, 2.0 ], "autotile_index": 0.0, "tileset": "tiles_911", "autotile": 1.0 }, "288_-128": { "autotile": 1.0, "autotile_index": 0.0, "tileset": "tiles_911", "coord": [ 2.0, 2.0 ] }, "256_-64": { "autotile": 1.0, "autotile_index": 0.0, "tileset": "tiles_911", "coord": [ 2.0, 2.0 ] }, "832_224": { "coord": [ 2.0, 1.0 ], "autotile_index": 0.0, "tileset": "tiles_911", "autotile": 1.0 }, "320_-64": { "autotile": 1.0, "autotile_index": 0.0, "tileset": "tiles_911", "coord": [ 2.0, 2.0 ] }, "928_-64": { "autotile": 1.0, "autotile_index": 0.0, "tileset": "tiles_911", "coord": [ 2.0, 2.0 ] }, "-512_224": { "coord": [ 3.0, 1.0 ], "autotile_index": 0.0, "tileset": "tiles_911", "autotile": 1.0 }, "160_512": { "coord": [ 2.0, 2.0 ], "autotile_index": 0.0, "tileset": "tiles_911", "autotile": 1.0 }, "-640_224": { "coord": [ 2.0, 2.0 ], "autotile_index": 0.0, "tileset": "tiles_911", "autotile": 1.0 }, "-608_160": { "coord": [ 2.0, 2.0 ], "autotile_index": 0.0, "tileset": "tiles_911", "autotile": 1.0 }, "64_640": { "coord": [ 2.0, 2.0 ], "autotile_index": 0.0, "tileset": "tiles_911", "autotile": 1.0 }, "-448_-128": { "coord": [ 2.0, 2.0 ], "autotile_index": 0.0, "tileset": "tiles_911", "autotile": 1.0 }, "-320_704": { "autotile": 1.0, "autotile_index": 0.0, "tileset": "tiles_911", "coord": [ 2.0, 2.0 ] }, "32_480": { "coord": [ 2.0, 2.0 ], "autotile_index": 0.0, "tileset": "tiles_911", "autotile": 1.0 }, "160_480": { "coord": [ 2.0, 2.0 ], "autotile_index": 0.0, "tileset": "tiles_911", "autotile": 1.0 }, "288_512": { "coord": [ 2.0, 1.0 ], "autotile_index": 0.0, "tileset": "tiles_911", "autotile": 1.0 }, "128_384": { "coord": [ 2.0, 2.0 ], "autotile_index": 0.0, "tileset": "tiles_911", "autotile": 1.0 }, "416_640": { "coord": [ 2.0, 2.0 ], "autotile_index": 0.0, "tileset": "tiles_911", "autotile": 1.0 }, "-288_-96": { "coord": [ 2.0, 2.0 ], "autotile_index": 0.0, "tileset": "tiles_911", "autotile": 1.0 }, "-96_608": { "coord": [ 2.0, 2.0 ], "autotile_index": 0.0, "tileset": "tiles_911", "autotile": 1.0 }, "-128_672": { "coord": [ 2.0, 2.0 ], "autotile_index": 0.0, "tileset": "tiles_911", "autotile": 1.0 }, "-672_0": { "coord": [ 2.0, 2.0 ], "autotile_index": 0.0, "tileset": "tiles_911", "autotile": 1.0 }, "32_-96": { "coord": [ 2.0, 2.0 ], "autotile_index": 0.0, "tileset": "tiles_911", "autotile": 1.0 }, "160_32": { "autotile": 1.0, "autotile_index": 0.0, "tileset": "tiles_911", "coord": [ 2.0, 1.0 ] }, "-544_256": { "coord": [ 3.0, 2.0 ], "autotile_index": 0.0, "tileset": "tiles_911", "autotile": 1.0 }, "224_288": { "coord": [ 3.0, 1.0 ], "autotile_index": 0.0, "tileset": "tiles_911", "autotile": 1.0 }, "224_672": { "coord": [ 2.0, 2.0 ], "autotile_index": 0.0, "tileset": "tiles_911", "autotile": 1.0 }, "-352_0": { "coord": [ 2.0, 1.0 ], "autotile_index": 0.0, "tileset": "tiles_911", "autotile": 1.0 }, "960_576": { "coord": [ 0.0, 0.0 ], "autotile_index": 0.0, "tileset": "tiles_911", "autotile": 1.0 }, "576_-128": { "autotile": 1.0, "autotile_index": 0.0, "tileset": "tiles_911", "coord": [ 2.0, 2.0 ] }, "-192_544": { "autotile": 1.0, "autotile_index": 0.0, "tileset": "tiles_911", "coord": [ 2.0, 1.0 ] }, "-96_672": { "coord": [ 2.0, 2.0 ], "autotile_index": 0.0, "tileset": "tiles_911", "autotile": 1.0 }, "192_-32": { "autotile": 1.0, "autotile_index": 0.0, "tileset": "tiles_911", "coord": [ 2.0, 2.0 ] }, "-640_672": { "coord": [ 2.0, 1.0 ], "autotile_index": 0.0, "tileset": "tiles_911", "autotile": 0.0 }, "128_0": { "autotile": 1.0, "autotile_index": 0.0, "tileset": "tiles_911", "coord": [ 2.0, 1.0 ] }, "928_288": { "coord": [ 2.0, 2.0 ], "autotile_index": 0.0, "tileset": "tiles_911", "autotile": 1.0 }, "416_-96": { "autotile": 1.0, "autotile_index": 0.0, "tileset": "tiles_911", "coord": [ 2.0, 2.0 ] }, "0_-64": { "coord": [ 2.0, 2.0 ], "autotile_index": 0.0, "tileset": "tiles_911", "autotile": 1.0 }, "896_288": { "coord": [ 2.0, 2.0 ], "autotile_index": 0.0, "tileset": "tiles_911", "autotile": 1.0 }, "448_-128": { "autotile": 1.0, "autotile_index": 0.0, "tileset": "tiles_911", "coord": [ 2.0, 2.0 ] }, "-32_672": { "coord": [ 2.0, 2.0 ], "autotile_index": 0.0, "tileset": "tiles_911", "autotile": 1.0 }, "32_384": { "coord": [ 2.0, 2.0 ], "autotile_index": 0.0, "tileset": "tiles_911", "autotile": 1.0 }, "864_480": { "coord": [ 1.0, 2.0 ], "autotile_index": 0.0, "tileset": "tiles_911", "autotile": 1.0 }, "-672_-96": { "coord": [ 2.0, 2.0 ], "autotile_index": 0.0, "tileset": "tiles_911", "autotile": 1.0 }, "-672_64": { "coord": [ 2.0, 2.0 ], "autotile_index": 0.0, "tileset": "tiles_911", "autotile": 1.0 }, "-192_416": { "coord": [ 6.0, 4.0 ], "autotile_index": 0.0, "tileset": "tiles_911", "autotile": 0.0 }, "-192_32": { "autotile": 1.0, "autotile_index": 0.0, "tileset": "tiles_911", "coord": [ 2.0, 1.0 ] }, "224_512": { "coord": [ 4.0, 2.0 ], "autotile_index": 0.0, "tileset": "tiles_911", "autotile": 1.0 }, "-192_640": { "coord": [ 6.0, 4.0 ], "autotile_index": 0.0, "tileset": "tiles_911", "autotile": 1.0 }, "896_-128": { "autotile": 1.0, "autotile_index": 0.0, "tileset": "tiles_911", "coord": [ 2.0, 2.0 ] }, "32_-32": { "coord": [ 2.0, 2.0 ], "autotile_index": 0.0, "tileset": "tiles_911", "autotile": 1.0 }, "448_32": { "autotile": 0.0, "autotile_index": 0.0, "tileset": "tiles_911", "coord": [ 2.0, 7.0 ] }, "-160_672": { "coord": [ 4.0, 2.0 ], "autotile_index": 0.0, "tileset": "tiles_911", "autotile": 1.0 }, "-96_640": { "coord": [ 2.0, 2.0 ], "autotile_index": 0.0, "tileset": "tiles_911", "autotile": 1.0 }, "-512_672": { "autotile": 1.0, "autotile_index": 0.0, "tileset": "tiles_911", "coord": [ 2.0, 1.0 ] }, "864_-64": { "autotile": 1.0, "autotile_index": 0.0, "tileset": "tiles_911", "coord": [ 2.0, 2.0 ] }, "768_0": { "autotile": 1.0, "autotile_index": 0.0, "tileset": "tiles_911", "coord": [ 2.0, 1.0 ] }, "-448_-32": { "coord": [ 2.0, 2.0 ], "autotile_index": 0.0, "tileset": "tiles_911", "autotile": 1.0 }, "-256_-64": { "coord": [ 2.0, 2.0 ], "autotile_index": 0.0, "tileset": "tiles_911", "autotile": 1.0 }, "32_288": { "autotile": 1.0, "autotile_index": 0.0, "tileset": "tiles_911", "coord": [ 2.0, 1.0 ] }, "-96_320": { "coord": [ 6.0, 4.0 ], "autotile_index": 0.0, "tileset": "tiles_911", "autotile": 0.0 }, "-32_320": { "coord": [ 1.0, 1.0 ], "autotile_index": 0.0, "tileset": "tiles_911", "autotile": 1.0 }, "-544_32": { "coord": [ 3.0, 2.0 ], "autotile_index": 0.0, "tileset": "tiles_911", "autotile": 1.0 }, "800_-128": { "autotile": 1.0, "autotile_index": 0.0, "tileset": "tiles_911", "coord": [ 2.0, 2.0 ] }, "832_640": { "coord": [ 2.0, 1.0 ], "autotile_index": 0.0, "tileset": "tiles_911", "autotile": 1.0 }, "64_512": { "coord": [ 2.0, 2.0 ], "autotile_index": 0.0, "tileset": "tiles_911", "autotile": 1.0 }, "480_608": { "coord": [ 2.0, 2.0 ], "autotile_index": 0.0, "tileset": "tiles_911", "autotile": 1.0 }, "896_640": { "coord": [ 2.0, 2.0 ], "autotile_index": 0.0, "tileset": "tiles_911", "autotile": 1.0 }, "-512_-64": { "coord": [ 2.0, 2.0 ], "autotile_index": 0.0, "tileset": "tiles_911", "autotile": 1.0 }, "512_608": { "coord": [ 2.0, 2.0 ], "autotile_index": 0.0, "tileset": "tiles_911", "autotile": 1.0 }, "-640_480": { "autotile": 1.0, "autotile_index": 0.0, "tileset": "tiles_911", "coord": [ 3.0, 1.0 ] }, "896_192": { "coord": [ 2.0, 2.0 ], "autotile_index": 0.0, "tileset": "tiles_911", "autotile": 1.0 }, "-448_0": { "coord": [ 2.0, 1.0 ], "autotile_index": 0.0, "tileset": "tiles_911", "autotile": 1.0 }, "416_32": { "autotile": 0.0, "autotile_index": 0.0, "tileset": "tiles_911", "coord": [ 1.0, 7.0 ] }, "896_608": { "coord": [ 2.0, 2.0 ], "autotile_index": 0.0, "tileset": "tiles_911", "autotile": 1.0 }, "-608_608": { "coord": [ 1.0, 3.0 ], "autotile_index": 0.0, "tileset": "tiles_911", "autotile": 0.0 }, "-480_32": { "coord": [ 2.0, 1.0 ], "autotile_index": 0.0, "tileset": "tiles_911", "autotile": 1.0 }, "32_-128": { "coord": [ 2.0, 2.0 ], "autotile_index": 0.0, "tileset": "tiles_911", "autotile": 1.0 }, "0_288": { "coord": [ 1.0, 1.0 ], "autotile_index": 0.0, "tileset": "tiles_911", "autotile": 1.0 }, "0_704": { "coord": [ 2.0, 2.0 ], "autotile_index": 0.0, "tileset": "tiles_911", "autotile": 1.0 }, "352_32": { "autotile": 1.0, "autotile_index": 0.0, "tileset": "tiles_911", "coord": [ 2.0, 1.0 ] }, "-128_576": { "coord": [ 2.0, 2.0 ], "autotile_index": 0.0, "tileset": "tiles_911", "autotile": 1.0 }, "640_-32": { "autotile": 1.0, "autotile_index": 0.0, "tileset": "tiles_911", "coord": [ 2.0, 2.0 ] }, "192_0": { "autotile": 1.0, "autotile_index": 0.0, "tileset": "tiles_911", "coord": [ 2.0, 1.0 ] }, "928_32": { "autotile": 1.0, "autotile_index": 0.0, "tileset": "tiles_911", "coord": [ 2.0, 2.0 ] }, "736_704": { "coord": [ 1.0, 0.0 ], "autotile_index": 0.0, "tileset": "tiles_911", "autotile": 1.0 }, "640_512": { "coord": [ 2.0, 1.0 ], "autotile_index": 0.0, "tileset": "tiles_911", "autotile": 1.0 }, "-608_224": { "coord": [ 2.0, 2.0 ], "autotile_index": 0.0, "tileset": "tiles_911", "autotile": 1.0 }, "-128_-96": { "coord": [ 2.0, 2.0 ], "autotile_index": 0.0, "tileset": "tiles_911", "autotile": 1.0 }, "160_0": { "autotile": 1.0, "autotile_index": 0.0, "tileset": "tiles_911", "coord": [ 2.0, 1.0 ] }, "-608_-96": { "coord": [ 2.0, 2.0 ], "autotile_index": 0.0, "tileset": "tiles_911", "autotile": 1.0 }, "576_704": { "coord": [ 4.0, 4.0 ], "autotile_index": 0.0, "tileset": "tiles_911", "autotile": 1.0 }, "-64_512": { "coord": [ 2.0, 2.0 ], "autotile_index": 0.0, "tileset": "tiles_911", "autotile": 1.0 }, "480_0": { "autotile": 1.0, "autotile_index": 0.0, "tileset": "tiles_911", "coord": [ 2.0, 1.0 ] }, "-480_512": { "autotile": 1.0, "autotile_index": 0.0, "tileset": "tiles_911", "coord": [ 2.0, 1.0 ] }, "-416_-64": { "coord": [ 2.0, 2.0 ], "autotile_index": 0.0, "tileset": "tiles_911", "autotile": 1.0 }, "-32_-32": { "coord": [ 2.0, 2.0 ], "autotile_index": 0.0, "tileset": "tiles_911", "autotile": 1.0 }, "-64_-128": { "coord": [ 2.0, 2.0 ], "autotile_index": 0.0, "tileset": "tiles_911", "autotile": 1.0 }, "384_0": { "autotile": 0.0, "autotile_index": 0.0, "tileset": "tiles_911", "coord": [ 0.0, 6.0 ] }, "96_480": { "coord": [ 2.0, 2.0 ], "autotile_index": 0.0, "tileset": "tiles_911", "autotile": 1.0 }, "896_448": { "coord": [ 2.0, 2.0 ], "autotile_index": 0.0, "tileset": "tiles_911", "autotile": 1.0 }, "-128_512": { "coord": [ 2.0, 2.0 ], "autotile_index": 0.0, "tileset": "tiles_911", "autotile": 1.0 }, "128_288": { "coord": [ 2.0, 1.0 ], "autotile_index": 0.0, "tileset": "tiles_911", "autotile": 1.0 }, "512_0": { "autotile": 1.0, "autotile_index": 0.0, "tileset": "tiles_911", "coord": [ 2.0, 1.0 ] }, "928_704": { "coord": [ 2.0, 2.0 ], "autotile_index": 0.0, "tileset": "tiles_911", "autotile": 1.0 }, "-608_96": { "coord": [ 2.0, 2.0 ], "autotile_index": 0.0, "tileset": "tiles_911", "autotile": 1.0 }, "96_384": { "coord": [ 2.0, 2.0 ], "autotile_index": 0.0, "tileset": "tiles_911", "autotile": 1.0 }, "-128_608": { "coord": [ 2.0, 2.0 ], "autotile_index": 0.0, "tileset": "tiles_911", "autotile": 1.0 }, "32_416": { "coord": [ 2.0, 2.0 ], "autotile_index": 0.0, "tileset": "tiles_911", "autotile": 1.0 }, "-576_288": { "coord": [ 2.0, 1.0 ], "autotile_index": 0.0, "tileset": "tiles_911", "autotile": 1.0 }, "-128_544": { "coord": [ 2.0, 2.0 ], "autotile_index": 0.0, "tileset": "tiles_911", "autotile": 1.0 }, "544_-128": { "autotile": 1.0, "autotile_index": 0.0, "tileset": "tiles_911", "coord": [ 2.0, 2.0 ] }, "-672_352": { "coord": [ 3.0, 2.0 ], "autotile_index": 0.0, "tileset": "tiles_911", "autotile": 1.0 }, "192_320": { "coord": [ 3.0, 2.0 ], "autotile_index": 0.0, "tileset": "tiles_911", "autotile": 1.0 }, "480_544": { "coord": [ 2.0, 2.0 ], "autotile_index": 0.0, "tileset": "tiles_911", "autotile": 1.0 }, "-352_704": { "autotile": 1.0, "autotile_index": 0.0, "tileset": "tiles_911", "coord": [ 2.0, 2.0 ] }, "-224_-64": { "coord": [ 2.0, 2.0 ], "autotile_index": 0.0, "tileset": "tiles_911", "autotile": 1.0 }, "256_544": { "coord": [ 2.0, 2.0 ], "autotile_index": 0.0, "tileset": "tiles_911", "autotile": 1.0 }, "288_544": { "coord": [ 2.0, 2.0 ], "autotile_index": 0.0, "tileset": "tiles_911", "autotile": 1.0 }, "320_512": { "coord": [ 2.0, 1.0 ], "autotile_index": 0.0, "tileset": "tiles_911", "autotile": 1.0 }, "416_512": { "coord": [ 2.0, 1.0 ], "autotile_index": 0.0, "tileset": "tiles_911", "autotile": 1.0 }, "256_640": { "coord": [ 2.0, 2.0 ], "autotile_index": 0.0, "tileset": "tiles_911", "autotile": 1.0 }, "0_480": { "coord": [ 2.0, 2.0 ], "autotile_index": 0.0, "tileset": "tiles_911", "autotile": 1.0 }, "-672_640": { "autotile": 1.0, "autotile_index": 0.0, "tileset": "tiles_911", "coord": [ 3.0, 2.0 ] }, "224_352": { "coord": [ 3.0, 1.0 ], "autotile_index": 0.0, "tileset": "tiles_911", "autotile": 1.0 }, "192_672": { "coord": [ 2.0, 2.0 ], "autotile_index": 0.0, "tileset": "tiles_911", "autotile": 1.0 }, "800_0": { "autotile": 1.0, "autotile_index": 0.0, "tileset": "tiles_911", "coord": [ 2.0, 1.0 ] }, "-96_480": { "coord": [ 2.0, 2.0 ], "autotile_index": 0.0, "tileset": "tiles_911", "autotile": 1.0 }, "832_-64": { "autotile": 1.0, "autotile_index": 0.0, "tileset": "tiles_911", "coord": [ 2.0, 2.0 ] }, "416_-64": { "autotile": 1.0, "autotile_index": 0.0, "tileset": "tiles_911", "coord": [ 2.0, 2.0 ] }, "480_-32": { "autotile": 1.0, "autotile_index": 0.0, "tileset": "tiles_911", "coord": [ 2.0, 2.0 ] }, "928_224": { "coord": [ 2.0, 2.0 ], "autotile_index": 0.0, "tileset": "tiles_911", "autotile": 1.0 }, "768_-128": { "autotile": 1.0, "autotile_index": 0.0, "tileset": "tiles_911", "coord": [ 2.0, 2.0 ] }, "640_-64": { "autotile": 1.0, "autotile_index": 0.0, "tileset": "tiles_911", "coord": [ 2.0, 2.0 ] }, "288_608": { "coord": [ 2.0, 2.0 ], "autotile_index": 0.0, "tileset": "tiles_911", "autotile": 1.0 }, "-512_-128": { "coord": [ 2.0, 2.0 ], "autotile_index": 0.0, "tileset": "tiles_911", "autotile": 1.0 }, "-96_352": { "coord": [ 2.0, 1.0 ], "autotile_index": 0.0, "tileset": "tiles_911", "autotile": 0.0 }, "-512_320": { "coord": [ 3.0, 1.0 ], "autotile_index": 0.0, "tileset": "tiles_911", "autotile": 1.0 }, "224_480": { "coord": [ 2.0, 1.0 ], "autotile_index": 0.0, "tileset": "tiles_911", "autotile": 0.0 }, "864_608": { "coord": [ 1.0, 2.0 ], "autotile_index": 0.0, "tileset": "tiles_911", "autotile": 1.0 }, "64_-96": { "autotile": 1.0, "autotile_index": 0.0, "tileset": "tiles_911", "coord": [ 2.0, 2.0 ] }, "96_544": { "coord": [ 2.0, 2.0 ], "autotile_index": 0.0, "tileset": "tiles_911", "autotile": 1.0 }, "-64_256": { "coord": [ 0.0, 3.0 ], "autotile_index": 0.0, "tileset": "tiles_911", "autotile": 0.0 }, "576_576": { "coord": [ 3.0, 1.0 ], "autotile_index": 0.0, "tileset": "tiles_911", "autotile": 1.0 }, "896_160": { "coord": [ 2.0, 2.0 ], "autotile_index": 0.0, "tileset": "tiles_911", "autotile": 1.0 }, "-640_448": { "autotile": 1.0, "autotile_index": 0.0, "tileset": "tiles_911", "coord": [ 3.0, 1.0 ] }, "32_704": { "coord": [ 2.0, 2.0 ], "autotile_index": 0.0, "tileset": "tiles_911", "autotile": 1.0 }, "160_320": { "coord": [ 2.0, 2.0 ], "autotile_index": 0.0, "tileset": "tiles_911", "autotile": 1.0 }, "576_-32": { "autotile": 1.0, "autotile_index": 0.0, "tileset": "tiles_911", "coord": [ 2.0, 2.0 ] }, "-160_32": { "autotile": 1.0, "autotile_index": 0.0, "tileset": "tiles_911", "coord": [ 2.0, 1.0 ] }, "-192_672": { "coord": [ 2.0, 1.0 ], "autotile_index": 0.0, "tileset": "tiles_911", "autotile": 1.0 }, "672_704": { "coord": [ 2.0, 0.0 ], "autotile_index": 0.0, "tileset": "tiles_911", "autotile": 1.0 }, "-128_-64": { "coord": [ 2.0, 2.0 ], "autotile_index": 0.0, "tileset": "tiles_911", "autotile": 1.0 }, "896_512": { "coord": [ 2.0, 2.0 ], "autotile_index": 0.0, "tileset": "tiles_911", "autotile": 1.0 }, "800_-64": { "autotile": 1.0, "autotile_index": 0.0, "tileset": "tiles_911", "coord": [ 2.0, 2.0 ] }, "736_32": { "autotile": 1.0, "autotile_index": 0.0, "tileset": "tiles_911", "coord": [ 2.0, 1.0 ] }, "896_416": { "coord": [ 2.0, 2.0 ], "autotile_index": 0.0, "tileset": "tiles_911", "autotile": 1.0 }, "-672_416": { "autotile": 1.0, "autotile_index": 0.0, "tileset": "tiles_911", "coord": [ 3.0, 2.0 ] }, "-64_448": { "coord": [ 2.0, 2.0 ], "autotile_index": 0.0, "tileset": "tiles_911", "autotile": 1.0 }, "704_32": { "autotile": 1.0, "autotile_index": 0.0, "tileset": "tiles_911", "coord": [ 2.0, 1.0 ] }, "-192_512": { "autotile": 1.0, "autotile_index": 0.0, "tileset": "tiles_911", "coord": [ 6.0, 2.0 ] }, "640_704": { "coord": [ 1.0, 0.0 ], "autotile_index": 0.0, "tileset": "tiles_911", "autotile": 1.0 }, "-64_384": { "coord": [ 4.0, 2.0 ], "autotile_index": 0.0, "tileset": "tiles_911", "autotile": 1.0 }, "-64_320": { "coord": [ 2.0, 1.0 ], "autotile_index": 0.0, "tileset": "tiles_911", "autotile": 0.0 }, "32_-64": { "coord": [ 2.0, 2.0 ], "autotile_index": 0.0, "tileset": "tiles_911", "autotile": 1.0 }, "-576_320": { "coord": [ 2.0, 1.0 ], "autotile_index": 0.0, "tileset": "tiles_911", "autotile": 1.0 }, "128_352": { "coord": [ 2.0, 2.0 ], "autotile_index": 0.0, "tileset": "tiles_911", "autotile": 1.0 }, "928_128": { "coord": [ 2.0, 2.0 ], "autotile_index": 0.0, "tileset": "tiles_911", "autotile": 1.0 }, "160_-32": { "autotile": 1.0, "autotile_index": 0.0, "tileset": "tiles_911", "coord": [ 2.0, 2.0 ] }, "-992_608": { "coord": [ 0.0, 0.0 ], "autotile_index": 0.0, "tileset": "tile_pinball3", "autotile": 0.0 }, "-320_-96": { "coord": [ 2.0, 2.0 ], "autotile_index": 0.0, "tileset": "tiles_911", "autotile": 1.0 }, "608_0": { "autotile": 1.0, "autotile_index": 0.0, "tileset": "tiles_911", "coord": [ 2.0, 1.0 ] }, "384_-128": { "autotile": 1.0, "autotile_index": 0.0, "tileset": "tiles_911", "coord": [ 2.0, 2.0 ] }, "-672_-32": { "coord": [ 2.0, 2.0 ], "autotile_index": 0.0, "tileset": "tiles_911", "autotile": 1.0 }, "224_544": { "coord": [ 2.0, 2.0 ], "autotile_index": 0.0, "tileset": "tiles_911", "autotile": 1.0 }, "288_480": { "coord": [ 2.0, 0.0 ], "autotile_index": 0.0, "tileset": "tiles_911", "autotile": 1.0 }, "320_480": { "coord": [ 1.0, 0.0 ], "autotile_index": 0.0, "tileset": "tiles_911", "autotile": 1.0 }, "384_640": { "coord": [ 2.0, 2.0 ], "autotile_index": 0.0, "tileset": "tiles_911", "autotile": 1.0 }, "-224_640": { "coord": [ 3.0, 0.0 ], "autotile_index": 0.0, "tileset": "tiles_911", "autotile": 1.0 }, "-640_160": { "coord": [ 2.0, 2.0 ], "autotile_index": 0.0, "tileset": "tiles_911", "autotile": 1.0 }, "-288_-32": { "coord": [ 2.0, 2.0 ], "autotile_index": 0.0, "tileset": "tiles_911", "autotile": 1.0 }, "-64_480": { "coord": [ 2.0, 2.0 ], "autotile_index": 0.0, "tileset": "tiles_911", "autotile": 1.0 }, "32_256": { "autotile": 1.0, "autotile_index": 0.0, "tileset": "tiles_911", "coord": [ 2.0, 0.0 ] }, "832_288": { "coord": [ 2.0, 1.0 ], "autotile_index": 0.0, "tileset": "tiles_911", "autotile": 1.0 }, "0_448": { "coord": [ 2.0, 2.0 ], "autotile_index": 0.0, "tileset": "tiles_911", "autotile": 1.0 }, "-1056_640": { "coord": [ 0.0, 0.0 ], "autotile_index": 0.0, "tileset": "spr_exittile", "autotile": 1.0 }, "224_704": { "coord": [ 2.0, 2.0 ], "autotile_index": 0.0, "tileset": "tiles_911", "autotile": 1.0 }, "-192_608": { "coord": [ 2.0, 1.0 ], "autotile_index": 0.0, "tileset": "tiles_911", "autotile": 1.0 }, "-448_-96": { "coord": [ 2.0, 2.0 ], "autotile_index": 0.0, "tileset": "tiles_911", "autotile": 1.0 }, "864_-128": { "autotile": 1.0, "autotile_index": 0.0, "tileset": "tiles_911", "coord": [ 2.0, 2.0 ] }, "-448_640": { "autotile": 1.0, "autotile_index": 0.0, "tileset": "tiles_911", "coord": [ 2.0, 0.0 ] }, "-352_640": { "autotile": 1.0, "autotile_index": 0.0, "tileset": "tiles_911", "coord": [ 2.0, 0.0 ] }, "928_480": { "coord": [ 2.0, 2.0 ], "autotile_index": 0.0, "tileset": "tiles_911", "autotile": 1.0 }, "-640_384": { "coord": [ 3.0, 1.0 ], "autotile_index": 0.0, "tileset": "tiles_911", "autotile": 1.0 }, "-32_448": { "coord": [ 2.0, 2.0 ], "autotile_index": 0.0, "tileset": "tiles_911", "autotile": 1.0 }, "320_576": { "coord": [ 2.0, 2.0 ], "autotile_index": 0.0, "tileset": "tiles_911", "autotile": 1.0 }, "960_608": { "coord": [ 0.0, 0.0 ], "autotile_index": 0.0, "tileset": "tiles_911", "autotile": 1.0 }, "576_-64": { "autotile": 1.0, "autotile_index": 0.0, "tileset": "tiles_911", "coord": [ 2.0, 2.0 ] }, "-256_0": { "coord": [ 2.0, 1.0 ], "autotile_index": 0.0, "tileset": "tiles_911", "autotile": 1.0 }, "128_512": { "coord": [ 2.0, 2.0 ], "autotile_index": 0.0, "tileset": "tiles_911", "autotile": 1.0 }, "-544_224": { "coord": [ 3.0, 2.0 ], "autotile_index": 0.0, "tileset": "tiles_911", "autotile": 1.0 }, "864_96": { "coord": [ 1.0, 2.0 ], "autotile_index": 0.0, "tileset": "tiles_911", "autotile": 1.0 }, "896_352": { "coord": [ 2.0, 2.0 ], "autotile_index": 0.0, "tileset": "tiles_911", "autotile": 1.0 }, "864_160": { "coord": [ 1.0, 2.0 ], "autotile_index": 0.0, "tileset": "tiles_911", "autotile": 1.0 }, "768_480": { "coord": [ 6.0, 0.0 ], "autotile_index": 0.0, "tileset": "tiles_911", "autotile": 0.0 }, "-384_-32": { "coord": [ 2.0, 2.0 ], "autotile_index": 0.0, "tileset": "tiles_911", "autotile": 1.0 }, "192_576": { "coord": [ 2.0, 2.0 ], "autotile_index": 0.0, "tileset": "tiles_911", "autotile": 1.0 }, "544_640": { "coord": [ 3.0, 2.0 ], "autotile_index": 0.0, "tileset": "tiles_911", "autotile": 1.0 }, "384_544": { "coord": [ 2.0, 2.0 ], "autotile_index": 0.0, "tileset": "tiles_911", "autotile": 1.0 }, "-544_704": { "autotile": 1.0, "autotile_index": 0.0, "tileset": "tiles_911", "coord": [ 2.0, 2.0 ] }, "864_0": { "autotile": 1.0, "autotile_index": 0.0, "tileset": "tiles_911", "coord": [ 4.0, 2.0 ] }, "-640_0": { "coord": [ 2.0, 2.0 ], "autotile_index": 0.0, "tileset": "tiles_911", "autotile": 1.0 }, "352_512": { "coord": [ 2.0, 1.0 ], "autotile_index": 0.0, "tileset": "tiles_911", "autotile": 1.0 }, "192_512": { "coord": [ 2.0, 2.0 ], "autotile_index": 0.0, "tileset": "tiles_911", "autotile": 1.0 }, "896_-64": { "autotile": 1.0, "autotile_index": 0.0, "tileset": "tiles_911", "coord": [ 2.0, 2.0 ] }, "544_608": { "coord": [ 3.0, 2.0 ], "autotile_index": 0.0, "tileset": "tiles_911", "autotile": 1.0 }, "800_-96": { "autotile": 1.0, "autotile_index": 0.0, "tileset": "tiles_911", "coord": [ 2.0, 2.0 ] }, "928_608": { "coord": [ 2.0, 2.0 ], "autotile_index": 0.0, "tileset": "tiles_911", "autotile": 1.0 }, "160_416": { "coord": [ 2.0, 2.0 ], "autotile_index": 0.0, "tileset": "tiles_911", "autotile": 1.0 }, "0_576": { "coord": [ 2.0, 2.0 ], "autotile_index": 0.0, "tileset": "tiles_911", "autotile": 1.0 }, "-640_-96": { "coord": [ 2.0, 2.0 ], "autotile_index": 0.0, "tileset": "tiles_911", "autotile": 1.0 }, "192_256": { "coord": [ 3.0, 0.0 ], "autotile_index": 0.0, "tileset": "tiles_911", "autotile": 1.0 }, "-640_544": { "autotile": 1.0, "autotile_index": 0.0, "tileset": "tiles_911", "coord": [ 3.0, 1.0 ] }, "480_512": { "coord": [ 2.0, 1.0 ], "autotile_index": 0.0, "tileset": "tiles_911", "autotile": 1.0 }, "96_-64": { "autotile": 1.0, "autotile_index": 0.0, "tileset": "tiles_911", "coord": [ 2.0, 2.0 ] }, "736_-128": { "autotile": 1.0, "autotile_index": 0.0, "tileset": "tiles_911", "coord": [ 2.0, 2.0 ] }, "96_640": { "coord": [ 2.0, 2.0 ], "autotile_index": 0.0, "tileset": "tiles_911", "autotile": 1.0 }, "-672_320": { "coord": [ 3.0, 2.0 ], "autotile_index": 0.0, "tileset": "tiles_911", "autotile": 1.0 }, "640_0": { "autotile": 1.0, "autotile_index": 0.0, "tileset": "tiles_911", "coord": [ 2.0, 1.0 ] }, "352_672": { "coord": [ 2.0, 2.0 ], "autotile_index": 0.0, "tileset": "tiles_911", "autotile": 1.0 }, "256_512": { "coord": [ 2.0, 1.0 ], "autotile_index": 0.0, "tileset": "tiles_911", "autotile": 1.0 }, "96_-32": { "autotile": 1.0, "autotile_index": 0.0, "tileset": "tiles_911", "coord": [ 2.0, 2.0 ] }, "-576_128": { "coord": [ 2.0, 2.0 ], "autotile_index": 0.0, "tileset": "tiles_911", "autotile": 1.0 }, "928_384": { "coord": [ 2.0, 2.0 ], "autotile_index": 0.0, "tileset": "tiles_911", "autotile": 1.0 }, "64_-128": { "autotile": 1.0, "autotile_index": 0.0, "tileset": "tiles_911", "coord": [ 2.0, 2.0 ] }, "896_0": { "autotile": 1.0, "autotile_index": 0.0, "tileset": "tiles_911", "coord": [ 2.0, 2.0 ] }, "-640_64": { "coord": [ 2.0, 2.0 ], "autotile_index": 0.0, "tileset": "tiles_911", "autotile": 1.0 }, "480_672": { "coord": [ 2.0, 2.0 ], "autotile_index": 0.0, "tileset": "tiles_911", "autotile": 1.0 }, "0_-96": { "coord": [ 2.0, 2.0 ], "autotile_index": 0.0, "tileset": "tiles_911", "autotile": 1.0 }, "64_288": { "autotile": 1.0, "autotile_index": 0.0, "tileset": "tiles_911", "coord": [ 2.0, 1.0 ] }, "-224_32": { "autotile": 1.0, "autotile_index": 0.0, "tileset": "tiles_911", "coord": [ 2.0, 1.0 ] }, "-608_-64": { "coord": [ 2.0, 2.0 ], "autotile_index": 0.0, "tileset": "tiles_911", "autotile": 1.0 }, "-128_-32": { "coord": [ 2.0, 2.0 ], "autotile_index": 0.0, "tileset": "tiles_911", "autotile": 1.0 }, "-288_0": { "coord": [ 2.0, 1.0 ], "autotile_index": 0.0, "tileset": "tiles_911", "autotile": 1.0 }, "928_192": { "coord": [ 2.0, 2.0 ], "autotile_index": 0.0, "tileset": "tiles_911", "autotile": 1.0 }, "704_-64": { "autotile": 1.0, "autotile_index": 0.0, "tileset": "tiles_911", "coord": [ 2.0, 2.0 ] }, "256_0": { "autotile": 1.0, "autotile_index": 0.0, "tileset": "tiles_911", "coord": [ 2.0, 1.0 ] }, "320_608": { "coord": [ 2.0, 2.0 ], "autotile_index": 0.0, "tileset": "tiles_911", "autotile": 1.0 }, "-448_704": { "autotile": 1.0, "autotile_index": 0.0, "tileset": "tiles_911", "coord": [ 2.0, 2.0 ] }, "192_384": { "coord": [ 3.0, 2.0 ], "autotile_index": 0.0, "tileset": "tiles_911", "autotile": 1.0 }, "544_-64": { "autotile": 1.0, "autotile_index": 0.0, "tileset": "tiles_911", "coord": [ 2.0, 2.0 ] }, "32_448": { "coord": [ 2.0, 2.0 ], "autotile_index": 0.0, "tileset": "tiles_911", "autotile": 1.0 }, "480_-128": { "autotile": 1.0, "autotile_index": 0.0, "tileset": "tiles_911", "coord": [ 2.0, 2.0 ] }, "-672_192": { "coord": [ 2.0, 2.0 ], "autotile_index": 0.0, "tileset": "tiles_911", "autotile": 1.0 }, "-512_704": { "autotile": 1.0, "autotile_index": 0.0, "tileset": "tiles_911", "coord": [ 2.0, 2.0 ] }, "-64_288": { "coord": [ 6.0, 4.0 ], "autotile_index": 0.0, "tileset": "tiles_911", "autotile": 0.0 }, "768_512": { "coord": [ 6.0, 1.0 ], "autotile_index": 0.0, "tileset": "tiles_911", "autotile": 0.0 }, "-448_32": { "coord": [ 2.0, 1.0 ], "autotile_index": 0.0, "tileset": "tiles_911", "autotile": 1.0 }, "128_32": { "autotile": 1.0, "autotile_index": 0.0, "tileset": "tiles_911", "coord": [ 2.0, 1.0 ] }, "-192_576": { "autotile": 1.0, "autotile_index": 0.0, "tileset": "tiles_911", "coord": [ 2.0, 1.0 ] }, "-608_640": { "coord": [ 4.0, 4.0 ], "autotile_index": 0.0, "tileset": "tiles_911", "autotile": 0.0 }, "32_352": { "coord": [ 2.0, 2.0 ], "autotile_index": 0.0, "tileset": "tiles_911", "autotile": 1.0 }, "832_480": { "coord": [ 6.0, 4.0 ], "autotile_index": 0.0, "tileset": "tiles_911", "autotile": 1.0 }, "-480_-288": { "coord": [ 0.0, 0.0 ], "autotile_index": 0.0, "tileset": "tiles_911", "autotile": 1.0 }, "-256_32": { "coord": [ 2.0, 1.0 ], "autotile_index": 0.0, "tileset": "tiles_911", "autotile": 1.0 }, "736_0": { "autotile": 1.0, "autotile_index": 0.0, "tileset": "tiles_911", "coord": [ 2.0, 1.0 ] }, "864_128": { "coord": [ 1.0, 2.0 ], "autotile_index": 0.0, "tileset": "tiles_911", "autotile": 1.0 }, "928_256": { "coord": [ 2.0, 2.0 ], "autotile_index": 0.0, "tileset": "tiles_911", "autotile": 1.0 }, "576_512": { "coord": [ 4.0, 2.0 ], "autotile_index": 0.0, "tileset": "tiles_911", "autotile": 1.0 }, "288_576": { "coord": [ 2.0, 2.0 ], "autotile_index": 0.0, "tileset": "tiles_911", "autotile": 1.0 }, "96_352": { "coord": [ 2.0, 2.0 ], "autotile_index": 0.0, "tileset": "tiles_911", "autotile": 1.0 }, "-416_672": { "autotile": 1.0, "autotile_index": 0.0, "tileset": "tiles_911", "coord": [ 2.0, 1.0 ] }, "-32_-96": { "coord": [ 2.0, 2.0 ], "autotile_index": 0.0, "tileset": "tiles_911", "autotile": 1.0 }, "-64_352": { "coord": [ 1.0, 1.0 ], "autotile_index": 0.0, "tileset": "tiles_911", "autotile": 1.0 }, "-672_224": { "coord": [ 2.0, 2.0 ], "autotile_index": 0.0, "tileset": "tiles_911", "autotile": 1.0 }, "352_0": { "autotile": 1.0, "autotile_index": 0.0, "tileset": "tiles_911", "coord": [ 2.0, 1.0 ] }, "896_64": { "coord": [ 2.0, 2.0 ], "autotile_index": 0.0, "tileset": "tiles_911", "autotile": 1.0 }, "-576_-128": { "coord": [ 2.0, 2.0 ], "autotile_index": 0.0, "tileset": "tiles_911", "autotile": 1.0 }, "-32_416": { "coord": [ 2.0, 2.0 ], "autotile_index": 0.0, "tileset": "tiles_911", "autotile": 1.0 }, "0_512": { "coord": [ 2.0, 2.0 ], "autotile_index": 0.0, "tileset": "tiles_911", "autotile": 1.0 }, "-160_512": { "autotile": 1.0, "autotile_index": 0.0, "tileset": "tiles_911", "coord": [ 1.0, 2.0 ] }, "-640_512": { "autotile": 1.0, "autotile_index": 0.0, "tileset": "tiles_911", "coord": [ 3.0, 1.0 ] }, "128_608": { "coord": [ 2.0, 2.0 ], "autotile_index": 0.0, "tileset": "tiles_911", "autotile": 1.0 }, "832_32": { "autotile": 1.0, "autotile_index": 0.0, "tileset": "tiles_911", "coord": [ 6.0, 2.0 ] }, "96_-128": { "autotile": 1.0, "autotile_index": 0.0, "tileset": "tiles_911", "coord": [ 2.0, 2.0 ] }, "-32_288": { "coord": [ 2.0, 1.0 ], "autotile_index": 0.0, "tileset": "tiles_911", "autotile": 0.0 }, "160_672": { "coord": [ 2.0, 2.0 ], "autotile_index": 0.0, "tileset": "tiles_911", "autotile": 1.0 }, "-288_-64": { "coord": [ 2.0, 2.0 ], "autotile_index": 0.0, "tileset": "tiles_911", "autotile": 1.0 }, "832_256": { "coord": [ 2.0, 1.0 ], "autotile_index": 0.0, "tileset": "tiles_911", "autotile": 1.0 }, "-96_416": { "coord": [ 4.0, 2.0 ], "autotile_index": 0.0, "tileset": "tiles_911", "autotile": 1.0 }, "-32_544": { "coord": [ 2.0, 2.0 ], "autotile_index": 0.0, "tileset": "tiles_911", "autotile": 1.0 }, "-672_256": { "coord": [ 2.0, 2.0 ], "autotile_index": 0.0, "tileset": "tiles_911", "autotile": 1.0 }, "128_320": { "coord": [ 2.0, 2.0 ], "autotile_index": 0.0, "tileset": "tiles_911", "autotile": 1.0 }, "352_576": { "coord": [ 2.0, 2.0 ], "autotile_index": 0.0, "tileset": "tiles_911", "autotile": 1.0 }, "-128_704": { "coord": [ 2.0, 2.0 ], "autotile_index": 0.0, "tileset": "tiles_911", "autotile": 1.0 }, "-608_128": { "coord": [ 2.0, 2.0 ], "autotile_index": 0.0, "tileset": "tiles_911", "autotile": 1.0 }, "896_32": { "autotile": 1.0, "autotile_index": 0.0, "tileset": "tiles_911", "coord": [ 2.0, 2.0 ] }, "832_-128": { "autotile": 1.0, "autotile_index": 0.0, "tileset": "tiles_911", "coord": [ 2.0, 2.0 ] }, "384_-32": { "autotile": 1.0, "autotile_index": 0.0, "tileset": "tiles_911", "coord": [ 2.0, 2.0 ] }, "576_0": { "autotile": 1.0, "autotile_index": 0.0, "tileset": "tiles_911", "coord": [ 2.0, 1.0 ] }, "288_-96": { "autotile": 1.0, "autotile_index": 0.0, "tileset": "tiles_911", "coord": [ 2.0, 2.0 ] }, "288_640": { "coord": [ 2.0, 2.0 ], "autotile_index": 0.0, "tileset": "tiles_911", "autotile": 1.0 }, "704_-96": { "autotile": 1.0, "autotile_index": 0.0, "tileset": "tiles_911", "coord": [ 2.0, 2.0 ] }, "352_-128": { "autotile": 1.0, "autotile_index": 0.0, "tileset": "tiles_911", "coord": [ 2.0, 2.0 ] }, "544_544": { "coord": [ 3.0, 2.0 ], "autotile_index": 0.0, "tileset": "tiles_911", "autotile": 1.0 }, "-1024_608": { "coord": [ 0.0, 0.0 ], "autotile_index": 0.0, "tileset": "spr_exittile", "autotile": 1.0 }, "-672_32": { "coord": [ 2.0, 2.0 ], "autotile_index": 0.0, "tileset": "tiles_911", "autotile": 1.0 }, "608_-64": { "autotile": 1.0, "autotile_index": 0.0, "tileset": "tiles_911", "coord": [ 2.0, 2.0 ] }, "96_608": { "coord": [ 2.0, 2.0 ], "autotile_index": 0.0, "tileset": "tiles_911", "autotile": 1.0 }, "-256_672": { "coord": [ 2.0, 1.0 ], "autotile_index": 0.0, "tileset": "tiles_911", "autotile": 1.0 }, "-224_-32": { "coord": [ 2.0, 2.0 ], "autotile_index": 0.0, "tileset": "tiles_911", "autotile": 1.0 }, "544_32": { "autotile": 1.0, "autotile_index": 0.0, "tileset": "tiles_911", "coord": [ 2.0, 1.0 ] }, "832_608": { "coord": [ 2.0, 1.0 ], "autotile_index": 0.0, "tileset": "tiles_911", "autotile": 1.0 }, "224_-96": { "autotile": 1.0, "autotile_index": 0.0, "tileset": "tiles_911", "coord": [ 2.0, 2.0 ] }, "-288_-128": { "coord": [ 2.0, 2.0 ], "autotile_index": 0.0, "tileset": "tiles_911", "autotile": 1.0 }, "-192_-64": { "coord": [ 2.0, 2.0 ], "autotile_index": 0.0, "tileset": "tiles_911", "autotile": 1.0 }, "160_576": { "coord": [ 2.0, 2.0 ], "autotile_index": 0.0, "tileset": "tiles_911", "autotile": 1.0 }, "160_608": { "coord": [ 2.0, 2.0 ], "autotile_index": 0.0, "tileset": "tiles_911", "autotile": 1.0 }, "832_384": { "coord": [ 2.0, 1.0 ], "autotile_index": 0.0, "tileset": "tiles_911", "autotile": 1.0 }, "-576_704": { "autotile": 1.0, "autotile_index": 0.0, "tileset": "tiles_911", "coord": [ 2.0, 2.0 ] }, "-608_320": { "coord": [ 2.0, 1.0 ], "autotile_index": 0.0, "tileset": "tiles_911", "autotile": 1.0 }, "352_704": { "coord": [ 2.0, 2.0 ], "autotile_index": 0.0, "tileset": "tiles_911", "autotile": 1.0 }, "544_576": { "coord": [ 3.0, 2.0 ], "autotile_index": 0.0, "tileset": "tiles_911", "autotile": 1.0 }, "-512_-96": { "coord": [ 2.0, 2.0 ], "autotile_index": 0.0, "tileset": "tiles_911", "autotile": 1.0 }, "-416_512": { "autotile": 1.0, "autotile_index": 0.0, "tileset": "tiles_911", "coord": [ 2.0, 1.0 ] }, "-96_-128": { "coord": [ 2.0, 2.0 ], "autotile_index": 0.0, "tileset": "tiles_911", "autotile": 1.0 }, "-448_672": { "autotile": 1.0, "autotile_index": 0.0, "tileset": "tiles_911", "coord": [ 2.0, 1.0 ] }, "-128_416": { "coord": [ 2.0, 1.0 ], "autotile_index": 0.0, "tileset": "tiles_911", "autotile": 0.0 }, "864_-32": { "autotile": 1.0, "autotile_index": 0.0, "tileset": "tiles_911", "coord": [ 2.0, 2.0 ] }, "448_608": { "coord": [ 2.0, 2.0 ], "autotile_index": 0.0, "tileset": "tiles_911", "autotile": 1.0 }, "-384_640": { "autotile": 1.0, "autotile_index": 0.0, "tileset": "tiles_911", "coord": [ 3.0, 0.0 ] }, "-608_64": { "coord": [ 2.0, 2.0 ], "autotile_index": 0.0, "tileset": "tiles_911", "autotile": 1.0 }, "480_-96": { "autotile": 1.0, "autotile_index": 0.0, "tileset": "tiles_911", "coord": [ 2.0, 2.0 ] }, "128_480": { "coord": [ 2.0, 2.0 ], "autotile_index": 0.0, "tileset": "tiles_911", "autotile": 1.0 }, "64_576": { "coord": [ 2.0, 2.0 ], "autotile_index": 0.0, "tileset": "tiles_911", "autotile": 1.0 }, "128_-64": { "autotile": 1.0, "autotile_index": 0.0, "tileset": "tiles_911", "coord": [ 2.0, 2.0 ] }, "160_256": { "coord": [ 2.0, 0.0 ], "autotile_index": 0.0, "tileset": "tiles_911", "autotile": 1.0 }, "-512_-288": { "coord": [ 0.0, 0.0 ], "autotile_index": 0.0, "tileset": "tiles_911", "autotile": 1.0 }, "-384_512": { "autotile": 1.0, "autotile_index": 0.0, "tileset": "tiles_911", "coord": [ 2.0, 1.0 ] }, "-544_128": { "coord": [ 3.0, 2.0 ], "autotile_index": 0.0, "tileset": "tiles_911", "autotile": 1.0 }, "-384_32": { "coord": [ 2.0, 1.0 ], "autotile_index": 0.0, "tileset": "tiles_911", "autotile": 1.0 }, "64_544": { "coord": [ 2.0, 2.0 ], "autotile_index": 0.0, "tileset": "tiles_911", "autotile": 1.0 }, "128_640": { "coord": [ 2.0, 2.0 ], "autotile_index": 0.0, "tileset": "tiles_911", "autotile": 1.0 }, "352_608": { "coord": [ 2.0, 2.0 ], "autotile_index": 0.0, "tileset": "tiles_911", "autotile": 1.0 }, "160_-96": { "autotile": 1.0, "autotile_index": 0.0, "tileset": "tiles_911", "coord": [ 2.0, 2.0 ] }, "832_704": { "coord": [ 6.0, 4.0 ], "autotile_index": 0.0, "tileset": "tiles_911", "autotile": 1.0 }, "-672_448": { "autotile": 1.0, "autotile_index": 0.0, "tileset": "tiles_911", "coord": [ 3.0, 2.0 ] }, "480_-64": { "autotile": 1.0, "autotile_index": 0.0, "tileset": "tiles_911", "coord": [ 2.0, 2.0 ] }, "544_-32": { "autotile": 1.0, "autotile_index": 0.0, "tileset": "tiles_911", "coord": [ 2.0, 2.0 ] }, "-192_-128": { "coord": [ 2.0, 2.0 ], "autotile_index": 0.0, "tileset": "tiles_911", "autotile": 1.0 }, "-640_-32": { "coord": [ 2.0, 2.0 ], "autotile_index": 0.0, "tileset": "tiles_911", "autotile": 1.0 }, "-160_640": { "coord": [ 1.0, 2.0 ], "autotile_index": 0.0, "tileset": "tiles_911", "autotile": 1.0 }, "448_672": { "coord": [ 2.0, 2.0 ], "autotile_index": 0.0, "tileset": "tiles_911", "autotile": 1.0 }, "-608_192": { "coord": [ 2.0, 2.0 ], "autotile_index": 0.0, "tileset": "tiles_911", "autotile": 1.0 }, "448_512": { "coord": [ 2.0, 1.0 ], "autotile_index": 0.0, "tileset": "tiles_911", "autotile": 1.0 }, "-224_448": { "coord": [ 6.0, 4.0 ], "autotile_index": 0.0, "tileset": "tiles_911", "autotile": 0.0 }, "256_32": { "autotile": 1.0, "autotile_index": 0.0, "tileset": "tiles_911", "coord": [ 2.0, 1.0 ] }, "672_-128": { "autotile": 1.0, "autotile_index": 0.0, "tileset": "tiles_911", "coord": [ 2.0, 2.0 ] }, "736_-32": { "autotile": 1.0, "autotile_index": 0.0, "tileset": "tiles_911", "coord": [ 2.0, 2.0 ] }, "-96_-32": { "coord": [ 2.0, 2.0 ], "autotile_index": 0.0, "tileset": "tiles_911", "autotile": 1.0 }, "32_320": { "coord": [ 2.0, 2.0 ], "autotile_index": 0.0, "tileset": "tiles_911", "autotile": 1.0 }, "672_-96": { "autotile": 1.0, "autotile_index": 0.0, "tileset": "tiles_911", "coord": [ 2.0, 2.0 ] }, "416_576": { "coord": [ 2.0, 2.0 ], "autotile_index": 0.0, "tileset": "tiles_911", "autotile": 1.0 }, "192_32": { "autotile": 1.0, "autotile_index": 0.0, "tileset": "tiles_911", "coord": [ 2.0, 1.0 ] }, "224_448": { "coord": [ 3.0, 1.0 ], "autotile_index": 0.0, "tileset": "tiles_911", "autotile": 1.0 }, "-256_480": { "coord": [ 6.0, 4.0 ], "autotile_index": 0.0, "tileset": "tiles_911", "autotile": 0.0 }, "-128_352": { "coord": [ 6.0, 4.0 ], "autotile_index": 0.0, "tileset": "tiles_911", "autotile": 0.0 }, "-192_-32": { "coord": [ 2.0, 2.0 ], "autotile_index": 0.0, "tileset": "tiles_911", "autotile": 1.0 }, "256_576": { "coord": [ 2.0, 2.0 ], "autotile_index": 0.0, "tileset": "tiles_911", "autotile": 1.0 }, "-480_-64": { "coord": [ 2.0, 2.0 ], "autotile_index": 0.0, "tileset": "tiles_911", "autotile": 1.0 }, "-576_640": { "autotile": 1.0, "autotile_index": 0.0, "tileset": "tiles_911", "coord": [ 3.0, 0.0 ] }, "832_448": { "coord": [ 2.0, 1.0 ], "autotile_index": 0.0, "tileset": "tiles_911", "autotile": 1.0 }, "192_-128": { "autotile": 1.0, "autotile_index": 0.0, "tileset": "tiles_911", "coord": [ 2.0, 2.0 ] }, "640_480": { "coord": [ 2.0, 0.0 ], "autotile_index": 0.0, "tileset": "tiles_911", "autotile": 0.0 }, "64_384": { "coord": [ 2.0, 2.0 ], "autotile_index": 0.0, "tileset": "tiles_911", "autotile": 1.0 }, "160_448": { "coord": [ 2.0, 2.0 ], "autotile_index": 0.0, "tileset": "tiles_911", "autotile": 1.0 }, "544_-96": { "autotile": 1.0, "autotile_index": 0.0, "tileset": "tiles_911", "coord": [ 2.0, 2.0 ] }, "-64_576": { "coord": [ 2.0, 2.0 ], "autotile_index": 0.0, "tileset": "tiles_911", "autotile": 1.0 }, "128_544": { "coord": [ 2.0, 2.0 ], "autotile_index": 0.0, "tileset": "tiles_911", "autotile": 1.0 }, "-320_-32": { "coord": [ 2.0, 2.0 ], "autotile_index": 0.0, "tileset": "tiles_911", "autotile": 1.0 }, "64_672": { "coord": [ 2.0, 2.0 ], "autotile_index": 0.0, "tileset": "tiles_911", "autotile": 1.0 }, "32_640": { "coord": [ 2.0, 2.0 ], "autotile_index": 0.0, "tileset": "tiles_911", "autotile": 1.0 }, "832_0": { "autotile": 1.0, "autotile_index": 0.0, "tileset": "tiles_911", "coord": [ 2.0, 1.0 ] }, "864_384": { "coord": [ 1.0, 2.0 ], "autotile_index": 0.0, "tileset": "tiles_911", "autotile": 1.0 }, "-96_384": { "coord": [ 2.0, 1.0 ], "autotile_index": 0.0, "tileset": "tiles_911", "autotile": 0.0 }, "864_512": { "coord": [ 1.0, 2.0 ], "autotile_index": 0.0, "tileset": "tiles_911", "autotile": 1.0 }, "64_256": { "autotile": 1.0, "autotile_index": 0.0, "tileset": "tiles_911", "coord": [ 1.0, 0.0 ] }, "-544_-32": { "coord": [ 2.0, 2.0 ], "autotile_index": 0.0, "tileset": "tiles_911", "autotile": 1.0 }, "160_-64": { "autotile": 1.0, "autotile_index": 0.0, "tileset": "tiles_911", "coord": [ 2.0, 2.0 ] }, "-576_96": { "coord": [ 2.0, 2.0 ], "autotile_index": 0.0, "tileset": "tiles_911", "autotile": 1.0 }, "-352_-32": { "coord": [ 2.0, 2.0 ], "autotile_index": 0.0, "tileset": "tiles_911", "autotile": 1.0 }, "-32_608": { "coord": [ 2.0, 2.0 ], "autotile_index": 0.0, "tileset": "tiles_911", "autotile": 1.0 }, "0_352": { "coord": [ 2.0, 2.0 ], "autotile_index": 0.0, "tileset": "tiles_911", "autotile": 1.0 }, "-512_640": { "autotile": 1.0, "autotile_index": 0.0, "tileset": "tiles_911", "coord": [ 3.0, 0.0 ] }, "32_32": { "autotile": 1.0, "autotile_index": 0.0, "tileset": "tiles_911", "coord": [ 2.0, 1.0 ] }, "928_576": { "coord": [ 2.0, 2.0 ], "autotile_index": 0.0, "tileset": "tiles_911", "autotile": 1.0 }, "736_-64": { "autotile": 1.0, "autotile_index": 0.0, "tileset": "tiles_911", "coord": [ 2.0, 2.0 ] }, "480_640": { "coord": [ 2.0, 2.0 ], "autotile_index": 0.0, "tileset": "tiles_911", "autotile": 1.0 }, "928_0": { "autotile": 1.0, "autotile_index": 0.0, "tileset": "tiles_911", "coord": [ 2.0, 2.0 ] }, "-352_-96": { "coord": [ 2.0, 2.0 ], "autotile_index": 0.0, "tileset": "tiles_911", "autotile": 1.0 }, "928_448": { "coord": [ 2.0, 2.0 ], "autotile_index": 0.0, "tileset": "tiles_911", "autotile": 1.0 }, "-576_672": { "autotile": 1.0, "autotile_index": 0.0, "tileset": "tiles_911", "coord": [ 2.0, 1.0 ] }, "640_-128": { "autotile": 1.0, "autotile_index": 0.0, "tileset": "tiles_911", "coord": [ 2.0, 2.0 ] }, "-224_-96": { "coord": [ 2.0, 2.0 ], "autotile_index": 0.0, "tileset": "tiles_911", "autotile": 1.0 }, "672_480": { "coord": [ 2.0, 0.0 ], "autotile_index": 0.0, "tileset": "tiles_911", "autotile": 0.0 }, "288_0": { "autotile": 1.0, "autotile_index": 0.0, "tileset": "tiles_911", "coord": [ 2.0, 1.0 ] }, "-672_-128": { "coord": [ 2.0, 2.0 ], "autotile_index": 0.0, "tileset": "tiles_911", "autotile": 1.0 }, "256_448": { "coord": [ 1.0, 3.0 ], "autotile_index": 0.0, "tileset": "tiles_911", "autotile": 0.0 }, "928_352": { "coord": [ 2.0, 2.0 ], "autotile_index": 0.0, "tileset": "tiles_911", "autotile": 1.0 }, "-640_704": { "autotile": 1.0, "autotile_index": 0.0, "tileset": "tiles_911", "coord": [ 2.0, 2.0 ] }, "832_64": { "coord": [ 2.0, 1.0 ], "autotile_index": 0.0, "tileset": "tiles_911", "autotile": 1.0 }, "928_640": { "coord": [ 2.0, 2.0 ], "autotile_index": 0.0, "tileset": "tiles_911", "autotile": 1.0 }, "512_576": { "coord": [ 2.0, 2.0 ], "autotile_index": 0.0, "tileset": "tiles_911", "autotile": 1.0 }, "96_448": { "coord": [ 2.0, 2.0 ], "autotile_index": 0.0, "tileset": "tiles_911", "autotile": 1.0 }, "-160_448": { "coord": [ 2.0, 1.0 ], "autotile_index": 0.0, "tileset": "tiles_911", "autotile": 0.0 }, "-608_32": { "coord": [ 2.0, 2.0 ], "autotile_index": 0.0, "tileset": "tiles_911", "autotile": 1.0 }, "384_480": { "coord": [ 2.0, 0.0 ], "autotile_index": 0.0, "tileset": "tiles_911", "autotile": 1.0 }, "448_480": { "coord": [ 2.0, 0.0 ], "autotile_index": 0.0, "tileset": "tiles_911", "autotile": 1.0 }, "-256_-128": { "coord": [ 2.0, 2.0 ], "autotile_index": 0.0, "tileset": "tiles_911", "autotile": 1.0 }, "-640_32": { "coord": [ 2.0, 2.0 ], "autotile_index": 0.0, "tileset": "tiles_911", "autotile": 1.0 }, "64_320": { "coord": [ 2.0, 2.0 ], "autotile_index": 0.0, "tileset": "tiles_911", "autotile": 1.0 }, "704_0": { "autotile": 1.0, "autotile_index": 0.0, "tileset": "tiles_911", "coord": [ 2.0, 1.0 ] }, "-608_-32": { "coord": [ 2.0, 2.0 ], "autotile_index": 0.0, "tileset": "tiles_911", "autotile": 1.0 }, "-480_0": { "coord": [ 2.0, 1.0 ], "autotile_index": 0.0, "tileset": "tiles_911", "autotile": 1.0 }, "512_544": { "coord": [ 2.0, 2.0 ], "autotile_index": 0.0, "tileset": "tiles_911", "autotile": 1.0 }, "448_704": { "coord": [ 2.0, 2.0 ], "autotile_index": 0.0, "tileset": "tiles_911", "autotile": 1.0 }, "192_448": { "coord": [ 3.0, 2.0 ], "autotile_index": 0.0, "tileset": "tiles_911", "autotile": 1.0 }, "416_672": { "coord": [ 2.0, 2.0 ], "autotile_index": 0.0, "tileset": "tiles_911", "autotile": 1.0 }, "0_544": { "coord": [ 2.0, 2.0 ], "autotile_index": 0.0, "tileset": "tiles_911", "autotile": 1.0 }, "480_704": { "coord": [ 2.0, 2.0 ], "autotile_index": 0.0, "tileset": "tiles_911", "autotile": 1.0 }, "-480_640": { "autotile": 1.0, "autotile_index": 0.0, "tileset": "tiles_911", "coord": [ 1.0, 0.0 ] }, "544_704": { "coord": [ 3.0, 2.0 ], "autotile_index": 0.0, "tileset": "tiles_911", "autotile": 1.0 }, "320_544": { "coord": [ 2.0, 2.0 ], "autotile_index": 0.0, "tileset": "tiles_911", "autotile": 1.0 }, "384_576": { "coord": [ 2.0, 2.0 ], "autotile_index": 0.0, "tileset": "tiles_911", "autotile": 1.0 }, "288_-32": { "autotile": 1.0, "autotile_index": 0.0, "tileset": "tiles_911", "coord": [ 2.0, 2.0 ] }, "416_608": { "coord": [ 2.0, 2.0 ], "autotile_index": 0.0, "tileset": "tiles_911", "autotile": 1.0 }, "928_-96": { "autotile": 1.0, "autotile_index": 0.0, "tileset": "tiles_911", "coord": [ 2.0, 2.0 ] }, "64_352": { "coord": [ 2.0, 2.0 ], "autotile_index": 0.0, "tileset": "tiles_911", "autotile": 1.0 }, "704_480": { "coord": [ 2.0, 0.0 ], "autotile_index": 0.0, "tileset": "tiles_911", "autotile": 0.0 }, "608_-32": { "autotile": 1.0, "autotile_index": 0.0, "tileset": "tiles_911", "coord": [ 2.0, 2.0 ] }, "-416_0": { "coord": [ 2.0, 1.0 ], "autotile_index": 0.0, "tileset": "tiles_911", "autotile": 1.0 }, "448_640": { "coord": [ 2.0, 2.0 ], "autotile_index": 0.0, "tileset": "tiles_911", "autotile": 1.0 }, "-640_608": { "autotile": 1.0, "autotile_index": 0.0, "tileset": "tiles_911", "coord": [ 3.0, 1.0 ] }, "320_672": { "coord": [ 2.0, 2.0 ], "autotile_index": 0.0, "tileset": "tiles_911", "autotile": 1.0 }, "832_544": { "coord": [ 2.0, 1.0 ], "autotile_index": 0.0, "tileset": "tiles_911", "autotile": 1.0 }, "64_-32": { "autotile": 1.0, "autotile_index": 0.0, "tileset": "tiles_911", "coord": [ 2.0, 2.0 ] }, "928_160": { "coord": [ 2.0, 2.0 ], "autotile_index": 0.0, "tileset": "tiles_911", "autotile": 1.0 }, "256_-32": { "autotile": 1.0, "autotile_index": 0.0, "tileset": "tiles_911", "coord": [ 2.0, 2.0 ] }, "-64_0": { "autotile": 1.0, "autotile_index": 0.0, "tileset": "tiles_911", "coord": [ 2.0, 1.0 ] }, "64_608": { "coord": [ 2.0, 2.0 ], "autotile_index": 0.0, "tileset": "tiles_911", "autotile": 1.0 }, "-288_512": { "autotile": 1.0, "autotile_index": 0.0, "tileset": "tiles_911", "coord": [ 2.0, 1.0 ] }, "-96_576": { "coord": [ 2.0, 2.0 ], "autotile_index": 0.0, "tileset": "tiles_911", "autotile": 1.0 }, "448_-32": { "autotile": 1.0, "autotile_index": 0.0, "tileset": "tiles_911", "coord": [ 2.0, 2.0 ] }, "-416_-96": { "coord": [ 2.0, 2.0 ], "autotile_index": 0.0, "tileset": "tiles_911", "autotile": 1.0 }, "-384_672": { "autotile": 1.0, "autotile_index": 0.0, "tileset": "tiles_911", "coord": [ 2.0, 1.0 ] }, "768_-96": { "autotile": 1.0, "autotile_index": 0.0, "tileset": "tiles_911", "coord": [ 2.0, 2.0 ] }, "-160_-64": { "coord": [ 2.0, 2.0 ], "autotile_index": 0.0, "tileset": "tiles_911", "autotile": 1.0 }, "-64_-32": { "coord": [ 2.0, 2.0 ], "autotile_index": 0.0, "tileset": "tiles_911", "autotile": 1.0 }, "800_-32": { "autotile": 1.0, "autotile_index": 0.0, "tileset": "tiles_911", "coord": [ 2.0, 2.0 ] }, "480_576": { "coord": [ 2.0, 2.0 ], "autotile_index": 0.0, "tileset": "tiles_911", "autotile": 1.0 }, "-576_-96": { "coord": [ 2.0, 2.0 ], "autotile_index": 0.0, "tileset": "tiles_911", "autotile": 1.0 }, "64_448": { "coord": [ 2.0, 2.0 ], "autotile_index": 0.0, "tileset": "tiles_911", "autotile": 1.0 }, "-672_480": { "autotile": 1.0, "autotile_index": 0.0, "tileset": "tiles_911", "coord": [ 3.0, 2.0 ] }, "512_-64": { "autotile": 1.0, "autotile_index": 0.0, "tileset": "tiles_911", "coord": [ 2.0, 2.0 ] }, "96_576": { "coord": [ 2.0, 2.0 ], "autotile_index": 0.0, "tileset": "tiles_911", "autotile": 1.0 }, "-320_480": { "autotile": 1.0, "autotile_index": 0.0, "tileset": "tiles_911", "coord": [ 1.0, 0.0 ] }, "128_-128": { "autotile": 1.0, "autotile_index": 0.0, "tileset": "tiles_911", "coord": [ 2.0, 2.0 ] }, "800_32": { "autotile": 1.0, "autotile_index": 0.0, "tileset": "tiles_911", "coord": [ 2.0, 1.0 ] }, "-320_672": { "autotile": 1.0, "autotile_index": 0.0, "tileset": "tiles_911", "coord": [ 2.0, 1.0 ] }, "-544_96": { "coord": [ 3.0, 2.0 ], "autotile_index": 0.0, "tileset": "tiles_911", "autotile": 1.0 }, "384_-96": { "autotile": 1.0, "autotile_index": 0.0, "tileset": "tiles_911", "coord": [ 2.0, 2.0 ] }, "96_256": { "autotile": 1.0, "autotile_index": 0.0, "tileset": "tiles_911", "coord": [ 3.0, 0.0 ] }, "288_32": { "autotile": 1.0, "autotile_index": 0.0, "tileset": "tiles_911", "coord": [ 2.0, 1.0 ] }, "896_704": { "coord": [ 2.0, 2.0 ], "autotile_index": 0.0, "tileset": "tiles_911", "autotile": 1.0 }, "-576_224": { "coord": [ 2.0, 2.0 ], "autotile_index": 0.0, "tileset": "tiles_911", "autotile": 1.0 }, "-352_512": { "autotile": 1.0, "autotile_index": 0.0, "tileset": "tiles_911", "coord": [ 2.0, 1.0 ] }, "832_-96": { "autotile": 1.0, "autotile_index": 0.0, "tileset": "tiles_911", "coord": [ 2.0, 2.0 ] }, "-96_544": { "coord": [ 2.0, 2.0 ], "autotile_index": 0.0, "tileset": "tiles_911", "autotile": 1.0 }, "0_320": { "coord": [ 4.0, 2.0 ], "autotile_index": 0.0, "tileset": "tiles_911", "autotile": 1.0 }, "96_672": { "coord": [ 2.0, 2.0 ], "autotile_index": 0.0, "tileset": "tiles_911", "autotile": 1.0 }, "-320_0": { "coord": [ 2.0, 1.0 ], "autotile_index": 0.0, "tileset": "tiles_911", "autotile": 1.0 }, "864_416": { "coord": [ 1.0, 2.0 ], "autotile_index": 0.0, "tileset": "tiles_911", "autotile": 1.0 }, "224_-64": { "autotile": 1.0, "autotile_index": 0.0, "tileset": "tiles_911", "coord": [ 2.0, 2.0 ] }, "0_416": { "coord": [ 2.0, 2.0 ], "autotile_index": 0.0, "tileset": "tiles_911", "autotile": 1.0 }, "224_640": { "coord": [ 2.0, 2.0 ], "autotile_index": 0.0, "tileset": "tiles_911", "autotile": 1.0 }, "160_384": { "coord": [ 2.0, 2.0 ], "autotile_index": 0.0, "tileset": "tiles_911", "autotile": 1.0 }, "416_-32": { "autotile": 1.0, "autotile_index": 0.0, "tileset": "tiles_911", "coord": [ 2.0, 2.0 ] }, "224_416": { "coord": [ 3.0, 1.0 ], "autotile_index": 0.0, "tileset": "tiles_911", "autotile": 1.0 }, "-544_192": { "coord": [ 3.0, 2.0 ], "autotile_index": 0.0, "tileset": "tiles_911", "autotile": 1.0 }, "160_704": { "coord": [ 2.0, 2.0 ], "autotile_index": 0.0, "tileset": "tiles_911", "autotile": 1.0 }, "-416_480": { "autotile": 1.0, "autotile_index": 0.0, "tileset": "tiles_911", "coord": [ 2.0, 0.0 ] }, "864_320": { "coord": [ 1.0, 2.0 ], "autotile_index": 0.0, "tileset": "tiles_911", "autotile": 1.0 }, "-32_32": { "autotile": 1.0, "autotile_index": 0.0, "tileset": "tiles_911", "coord": [ 2.0, 1.0 ] }, "928_64": { "coord": [ 2.0, 2.0 ], "autotile_index": 0.0, "tileset": "tiles_911", "autotile": 1.0 }, "-64_-64": { "coord": [ 2.0, 2.0 ], "autotile_index": 0.0, "tileset": "tiles_911", "autotile": 1.0 }, "672_-32": { "autotile": 1.0, "autotile_index": 0.0, "tileset": "tiles_911", "coord": [ 2.0, 2.0 ] }, "-128_0": { "autotile": 1.0, "autotile_index": 0.0, "tileset": "tiles_911", "coord": [ 2.0, 1.0 ] }, "928_-32": { "autotile": 1.0, "autotile_index": 0.0, "tileset": "tiles_911", "coord": [ 2.0, 2.0 ] }, "384_32": { "autotile": 0.0, "autotile_index": 0.0, "tileset": "tiles_911", "coord": [ 0.0, 7.0 ] }, "-160_608": { "coord": [ 1.0, 2.0 ], "autotile_index": 0.0, "tileset": "tiles_911", "autotile": 1.0 }, "512_704": { "coord": [ 2.0, 2.0 ], "autotile_index": 0.0, "tileset": "tiles_911", "autotile": 1.0 }, "-672_512": { "autotile": 1.0, "autotile_index": 0.0, "tileset": "tiles_911", "coord": [ 3.0, 2.0 ] }, "384_704": { "coord": [ 2.0, 2.0 ], "autotile_index": 0.0, "tileset": "tiles_911", "autotile": 1.0 }, "512_32": { "autotile": 1.0, "autotile_index": 0.0, "tileset": "tiles_911", "coord": [ 2.0, 1.0 ] }, "-480_-128": { "coord": [ 2.0, 2.0 ], "autotile_index": 0.0, "tileset": "tiles_911", "autotile": 1.0 }, "-256_512": { "autotile": 1.0, "autotile_index": 0.0, "tileset": "tiles_911", "coord": [ 2.0, 1.0 ] }, "896_128": { "coord": [ 2.0, 2.0 ], "autotile_index": 0.0, "tileset": "tiles_911", "autotile": 1.0 }, "-672_704": { "autotile": 1.0, "autotile_index": 0.0, "tileset": "tiles_911", "coord": [ 2.0, 2.0 ] }, "-192_704": { "coord": [ 2.0, 2.0 ], "autotile_index": 0.0, "tileset": "tiles_911", "autotile": 1.0 }, "-96_-96": { "coord": [ 2.0, 2.0 ], "autotile_index": 0.0, "tileset": "tiles_911", "autotile": 1.0 }, "-288_32": { "coord": [ 2.0, 1.0 ], "autotile_index": 0.0, "tileset": "tiles_911", "autotile": 1.0 }, "-224_512": { "autotile": 1.0, "autotile_index": 0.0, "tileset": "tiles_911", "coord": [ 2.0, 1.0 ] }, "288_-64": { "autotile": 1.0, "autotile_index": 0.0, "tileset": "tiles_911", "coord": [ 2.0, 2.0 ] }, "928_544": { "coord": [ 2.0, 2.0 ], "autotile_index": 0.0, "tileset": "tiles_911", "autotile": 1.0 }, "896_96": { "coord": [ 2.0, 2.0 ], "autotile_index": 0.0, "tileset": "tiles_911", "autotile": 1.0 }, "640_416": { "autotile": 0.0, "autotile_index": 0.0, "tileset": "tiles_911", "coord": [ 6.0, 6.0 ] }, "-160_544": { "autotile": 1.0, "autotile_index": 0.0, "tileset": "tiles_911", "coord": [ 1.0, 2.0 ] }, "128_704": { "coord": [ 2.0, 2.0 ], "autotile_index": 0.0, "tileset": "tiles_911", "autotile": 1.0 }, "-288_672": { "coord": [ 2.0, 1.0 ], "autotile_index": 0.0, "tileset": "tiles_911", "autotile": 1.0 }, "-288_704": { "coord": [ 2.0, 2.0 ], "autotile_index": 0.0, "tileset": "tiles_911", "autotile": 1.0 }, "-384_-96": { "coord": [ 2.0, 2.0 ], "autotile_index": 0.0, "tileset": "tiles_911", "autotile": 1.0 }, "-352_32": { "coord": [ 2.0, 1.0 ], "autotile_index": 0.0, "tileset": "tiles_911", "autotile": 1.0 }, "640_448": { "autotile": 0.0, "autotile_index": 0.0, "tileset": "tiles_911", "coord": [ 6.0, 7.0 ] }, "-64_672": { "coord": [ 2.0, 2.0 ], "autotile_index": 0.0, "tileset": "tiles_911", "autotile": 1.0 }, "384_512": { "coord": [ 2.0, 1.0 ], "autotile_index": 0.0, "tileset": "tiles_911", "autotile": 1.0 }, "576_544": { "coord": [ 3.0, 1.0 ], "autotile_index": 0.0, "tileset": "tiles_911", "autotile": 1.0 }, "-512_-320": { "coord": [ 0.0, 0.0 ], "autotile_index": 0.0, "tileset": "tiles_911", "autotile": 1.0 }, "192_704": { "coord": [ 2.0, 2.0 ], "autotile_index": 0.0, "tileset": "tiles_911", "autotile": 1.0 }, "672_384": { "autotile": 0.0, "autotile_index": 0.0, "tileset": "tiles_911", "coord": [ 7.0, 5.0 ] }, "224_384": { "coord": [ 3.0, 1.0 ], "autotile_index": 0.0, "tileset": "tiles_911", "autotile": 1.0 }, "-1024_640": { "coord": [ 0.0, 0.0 ], "autotile_index": 0.0, "tileset": "spr_exittile", "autotile": 1.0 }, "160_-128": { "autotile": 1.0, "autotile_index": 0.0, "tileset": "tiles_911", "coord": [ 2.0, 2.0 ] }, "-640_576": { "autotile": 1.0, "autotile_index": 0.0, "tileset": "tiles_911", "coord": [ 3.0, 1.0 ] }, "-32_0": { "autotile": 1.0, "autotile_index": 0.0, "tileset": "tiles_911", "coord": [ 2.0, 1.0 ] }, "-352_672": { "autotile": 1.0, "autotile_index": 0.0, "tileset": "tiles_911", "coord": [ 2.0, 1.0 ] }, "384_-64": { "autotile": 1.0, "autotile_index": 0.0, "tileset": "tiles_911", "coord": [ 2.0, 2.0 ] }, "864_640": { "coord": [ 1.0, 2.0 ], "autotile_index": 0.0, "tileset": "tiles_911", "autotile": 1.0 }, "-640_288": { "coord": [ 2.0, 1.0 ], "autotile_index": 0.0, "tileset": "tiles_911", "autotile": 1.0 }, "288_704": { "coord": [ 2.0, 2.0 ], "autotile_index": 0.0, "tileset": "tiles_911", "autotile": 1.0 }, "256_608": { "coord": [ 2.0, 2.0 ], "autotile_index": 0.0, "tileset": "tiles_911", "autotile": 1.0 }, "-672_-64": { "coord": [ 2.0, 2.0 ], "autotile_index": 0.0, "tileset": "tiles_911", "autotile": 1.0 }, "800_704": { "coord": [ 3.0, 0.0 ], "autotile_index": 0.0, "tileset": "tiles_911", "autotile": 1.0 }, "672_0": { "autotile": 1.0, "autotile_index": 0.0, "tileset": "tiles_911", "coord": [ 2.0, 1.0 ] }, "128_576": { "coord": [ 2.0, 2.0 ], "autotile_index": 0.0, "tileset": "tiles_911", "autotile": 1.0 }, "768_32": { "autotile": 1.0, "autotile_index": 0.0, "tileset": "tiles_911", "coord": [ 2.0, 1.0 ] }, "576_32": { "autotile": 1.0, "autotile_index": 0.0, "tileset": "tiles_911", "coord": [ 2.0, 1.0 ] }, "416_-128": { "autotile": 1.0, "autotile_index": 0.0, "tileset": "tiles_911", "coord": [ 2.0, 2.0 ] }, "128_-96": { "autotile": 1.0, "autotile_index": 0.0, "tileset": "tiles_911", "coord": [ 2.0, 2.0 ] }, "-32_512": { "coord": [ 2.0, 2.0 ], "autotile_index": 0.0, "tileset": "tiles_911", "autotile": 1.0 }, "896_672": { "coord": [ 2.0, 2.0 ], "autotile_index": 0.0, "tileset": "tiles_911", "autotile": 1.0 }, "896_224": { "coord": [ 2.0, 2.0 ], "autotile_index": 0.0, "tileset": "tiles_911", "autotile": 1.0 }, "-512_128": { "coord": [ 3.0, 1.0 ], "autotile_index": 0.0, "tileset": "tiles_911", "autotile": 1.0 }, "608_480": { "coord": [ 2.0, 0.0 ], "autotile_index": 0.0, "tileset": "tiles_911", "autotile": 0.0 }, "320_-32": { "autotile": 1.0, "autotile_index": 0.0, "tileset": "tiles_911", "coord": [ 2.0, 2.0 ] }, "-448_-64": { "coord": [ 2.0, 2.0 ], "autotile_index": 0.0, "tileset": "tiles_911", "autotile": 1.0 }, "640_32": { "autotile": 1.0, "autotile_index": 0.0, "tileset": "tiles_911", "coord": [ 2.0, 1.0 ] }, "-576_192": { "coord": [ 2.0, 2.0 ], "autotile_index": 0.0, "tileset": "tiles_911", "autotile": 1.0 }, "-96_0": { "autotile": 1.0, "autotile_index": 0.0, "tileset": "tiles_911", "coord": [ 2.0, 1.0 ] }, "512_-128": { "autotile": 1.0, "autotile_index": 0.0, "tileset": "tiles_911", "coord": [ 2.0, 2.0 ] }, "320_0": { "autotile": 1.0, "autotile_index": 0.0, "tileset": "tiles_911", "coord": [ 2.0, 1.0 ] }, "-320_640": { "autotile": 1.0, "autotile_index": 0.0, "tileset": "tiles_911", "coord": [ 2.0, 0.0 ] }, "-224_672": { "coord": [ 2.0, 1.0 ], "autotile_index": 0.0, "tileset": "tiles_911", "autotile": 1.0 }, "-64_544": { "coord": [ 2.0, 2.0 ], "autotile_index": 0.0, "tileset": "tiles_911", "autotile": 1.0 }, "-256_-32": { "coord": [ 2.0, 2.0 ], "autotile_index": 0.0, "tileset": "tiles_911", "autotile": 1.0 }, "-384_-128": { "coord": [ 2.0, 2.0 ], "autotile_index": 0.0, "tileset": "tiles_911", "autotile": 1.0 }, "-192_0": { "autotile": 1.0, "autotile_index": 0.0, "tileset": "tiles_911", "coord": [ 2.0, 1.0 ] }, "-512_-32": { "coord": [ 2.0, 2.0 ], "autotile_index": 0.0, "tileset": "tiles_911", "autotile": 1.0 }, "704_704": { "coord": [ 3.0, 0.0 ], "autotile_index": 0.0, "tileset": "tiles_911", "autotile": 1.0 }, "448_544": { "coord": [ 2.0, 2.0 ], "autotile_index": 0.0, "tileset": "tiles_911", "autotile": 1.0 }, "-384_-64": { "coord": [ 2.0, 2.0 ], "autotile_index": 0.0, "tileset": "tiles_911", "autotile": 1.0 }, "608_32": { "autotile": 1.0, "autotile_index": 0.0, "tileset": "tiles_911", "coord": [ 2.0, 1.0 ] }, "896_480": { "coord": [ 2.0, 2.0 ], "autotile_index": 0.0, "tileset": "tiles_911", "autotile": 1.0 }, "864_352": { "coord": [ 1.0, 2.0 ], "autotile_index": 0.0, "tileset": "tiles_911", "autotile": 1.0 }, "864_192": { "coord": [ 1.0, 2.0 ], "autotile_index": 0.0, "tileset": "tiles_911", "autotile": 1.0 }, "-224_-128": { "coord": [ 2.0, 2.0 ], "autotile_index": 0.0, "tileset": "tiles_911", "autotile": 1.0 }, "-320_-64": { "coord": [ 2.0, 2.0 ], "autotile_index": 0.0, "tileset": "tiles_911", "autotile": 1.0 }, "-672_96": { "coord": [ 2.0, 2.0 ], "autotile_index": 0.0, "tileset": "tiles_911", "autotile": 1.0 }, "32_608": { "coord": [ 2.0, 2.0 ], "autotile_index": 0.0, "tileset": "tiles_911", "autotile": 1.0 }, "96_32": { "autotile": 1.0, "autotile_index": 0.0, "tileset": "tiles_911", "coord": [ 2.0, 1.0 ] }, "-256_704": { "coord": [ 2.0, 2.0 ], "autotile_index": 0.0, "tileset": "tiles_911", "autotile": 1.0 }, "928_320": { "coord": [ 2.0, 2.0 ], "autotile_index": 0.0, "tileset": "tiles_911", "autotile": 1.0 }, "-32_384": { "coord": [ 2.0, 2.0 ], "autotile_index": 0.0, "tileset": "tiles_911", "autotile": 1.0 }, "-64_416": { "coord": [ 2.0, 2.0 ], "autotile_index": 0.0, "tileset": "tiles_911", "autotile": 1.0 }, "800_512": { "coord": [ 7.0, 1.0 ], "autotile_index": 0.0, "tileset": "tiles_911", "autotile": 0.0 }, "-32_-128": { "coord": [ 2.0, 2.0 ], "autotile_index": 0.0, "tileset": "tiles_911", "autotile": 1.0 }, "0_32": { "autotile": 1.0, "autotile_index": 0.0, "tileset": "tiles_911", "coord": [ 2.0, 1.0 ] }, "-640_-128": { "coord": [ 2.0, 2.0 ], "autotile_index": 0.0, "tileset": "tiles_911", "autotile": 1.0 }, "192_-96": { "autotile": 1.0, "autotile_index": 0.0, "tileset": "tiles_911", "coord": [ 2.0, 2.0 ] }, "576_672": { "coord": [ 3.0, 1.0 ], "autotile_index": 0.0, "tileset": "tiles_911", "autotile": 1.0 }, "512_-96": { "autotile": 1.0, "autotile_index": 0.0, "tileset": "tiles_911", "coord": [ 2.0, 2.0 ] }, "480_480": { "coord": [ 2.0, 0.0 ], "autotile_index": 0.0, "tileset": "tiles_911", "autotile": 1.0 }, "512_-32": { "autotile": 1.0, "autotile_index": 0.0, "tileset": "tiles_911", "coord": [ 2.0, 2.0 ] }, "352_640": { "coord": [ 2.0, 2.0 ], "autotile_index": 0.0, "tileset": "tiles_911", "autotile": 1.0 }, "896_384": { "coord": [ 2.0, 2.0 ], "autotile_index": 0.0, "tileset": "tiles_911", "autotile": 1.0 }, "-128_384": { "coord": [ 2.0, 1.0 ], "autotile_index": 0.0, "tileset": "tiles_911", "autotile": 0.0 }, "96_288": { "autotile": 1.0, "autotile_index": 0.0, "tileset": "tiles_911", "coord": [ 2.0, 1.0 ] }, "896_320": { "coord": [ 2.0, 2.0 ], "autotile_index": 0.0, "tileset": "tiles_911", "autotile": 1.0 }, "-576_-64": { "coord": [ 2.0, 2.0 ], "autotile_index": 0.0, "tileset": "tiles_911", "autotile": 1.0 }, "736_512": { "coord": [ 2.0, 1.0 ], "autotile_index": 0.0, "tileset": "tiles_911", "autotile": 1.0 }, "832_672": { "coord": [ 2.0, 1.0 ], "autotile_index": 0.0, "tileset": "tiles_911", "autotile": 1.0 }, "-1056_608": { "coord": [ 0.0, 0.0 ], "autotile_index": 0.0, "tileset": "spr_exittile", "autotile": 1.0 }, "-192_-96": { "coord": [ 2.0, 2.0 ], "autotile_index": 0.0, "tileset": "tiles_911", "autotile": 1.0 }, "864_288": { "coord": [ 1.0, 2.0 ], "autotile_index": 0.0, "tileset": "tiles_911", "autotile": 1.0 }, "128_-32": { "autotile": 1.0, "autotile_index": 0.0, "tileset": "tiles_911", "coord": [ 2.0, 2.0 ] }, "-672_128": { "coord": [ 2.0, 2.0 ], "autotile_index": 0.0, "tileset": "tiles_911", "autotile": 1.0 } } }, "backgrounds": { "8": { "x": 0.0, "scroll_x": 0.5, "tile_y": 1.0, "hspeed": 0.10000000000000000555111512312578, "scroll_y": 0.0, "panic_sprite": -1.0, "y": 0.0, "sprite": "bg_city7", "tile_x": 1.0, "vspeed": 0.0, "image_speed": 15.0 }, "5": { "x": 0.0, "scroll_x": 0.69999999999999995559107901499374, "tile_y": 1.0, "hspeed": 1.0, "scroll_y": 0.10000000000000000555111512312578, "panic_sprite": -1.0, "y": 0.0, "sprite": "bg_city1cloud", "tile_x": 1.0, "vspeed": 0.0, "image_speed": 15.0 }, "6": { "x": 0.0, "scroll_x": 0.75, "tile_y": 1.0, "hspeed": 0.0, "scroll_y": 0.0, "panic_sprite": -1.0, "y": 0.0, "sprite": "bg_city6", "tile_x": 1.0, "vspeed": 0.0, "image_speed": 15.0 }, "7": { "x": 0.0, "scroll_x": 0.69999999999999995559107901499374, "tile_y": 1.0, "hspeed": 0.0, "scroll_y": 0.0, "panic_sprite": -1.0, "y": 0.0, "sprite": "bg_city1", "tile_x": 1.0, "vspeed": 0.0, "image_speed": 15.0 } }, "properties": { "songTransitionTime": 100.0, "roomX": -672.0, "levelWidth": 960.0, "roomY": -128.0, "levelHeight": 732.0, "song": "" } }