{ "editorVersion": 5.0, "instances": [ { "layer": 0.0, "deleted": 0.0, "variables": { "x": 0.0, "y": 448.0, "image_xscale": 30.0, "image_yscale": 2.0, "flipX": 0.0, "flipY": 0.0 }, "object": 517.0 }, { "layer": 0.0, "deleted": 0.0, "variables": { "x": 256.0, "y": 192.0, "image_xscale": 12.0, "image_yscale": 2.0, "flipX": 0.0, "flipY": 0.0 }, "object": 517.0 }, { "layer": 0.0, "deleted": 0.0, "variables": { "x": 576.0, "y": 256.0, "image_xscale": 12.0, "image_yscale": 2.0, "flipX": 0.0, "flipY": 0.0 }, "object": 517.0 }, { "layer": 0.0, "deleted": 1.0, "variables": { "x": 384.0, "y": 384.0, "image_xscale": 4.0, "image_yscale": 2.0, "flipX": 0.0, "flipY": 0.0 }, "object": 517.0 }, { "layer": 0.0, "deleted": 0.0, "variables": { "x": 288.0, "y": 401.0, "image_xscale": 1.0, "image_yscale": 1.0, "escape": "true", "flipX": 1.0, "flipY": 0.0 }, "object": 665.0 }, { "layer": 0.0, "deleted": 0.0, "variables": { "x": -32.0, "y": 320.0, "targetRoom": "room1", "image_xscale": 1.0, "image_yscale": 2.0, "flipX": 0.0, "flipY": 0.0, "targetDoor": "C" }, "object": 801.0 }, { "layer": 0.0, "deleted": 0.0, "variables": { "x": 32.0, "flipX": 0.0, "y": 416.0, "flipY": 0.0 }, "object": 806.0 }, { "layer": 0.0, "deleted": 1.0, "variables": { "x": 416.0, "flipX": 0.0, "y": 288.0, "flipY": 0.0 }, "object": 551.0 }, { "layer": 0.0, "deleted": 1.0, "variables": { "x": 384.0, "flipX": 0.0, "y": 352.0, "flipY": 0.0 }, "object": 517.0 }, { "layer": 0.0, "deleted": 1.0, "variables": { "x": 416.0, "flipX": 0.0, "y": 352.0, "flipY": 0.0 }, "object": 517.0 }, { "layer": 0.0, "deleted": 1.0, "variables": { "x": 448.0, "flipX": 0.0, "y": 352.0, "flipY": 0.0 }, "object": 517.0 }, { "layer": 0.0, "deleted": 0.0, "variables": { "x": 384.0, "y": 352.0, "image_xscale": 4.0, "image_yscale": 3.0, "flipX": 0.0, "flipY": 0.0 }, "object": 517.0 }, { "layer": 0.0, "deleted": 1.0, "variables": { "x": 288.0, "flipX": 0.0, "y": 402.0, "flipY": 0.0 }, "object": 10.0 }, { "layer": 0.0, "deleted": 1.0, "variables": { "x": 288.0, "flipX": 1.0, "y": 402.0, "flipY": 0.0 }, "object": 10.0 }, { "layer": 0.0, "deleted": 1.0, "variables": { "x": 288.0, "flipX": 1.0, "y": 402.0, "flipY": 0.0 }, "object": 10.0 }, { "layer": 0.0, "deleted": 1.0, "variables": { "x": 256.0, "flipX": 1.0, "y": 371.0, "flipY": 0.0 }, "object": 10.0 }, { "layer": 0.0, "deleted": 1.0, "variables": { "x": 224.0, "flipX": 1.0, "y": 371.0, "flipY": 0.0 }, "object": 10.0 }, { "layer": 0.0, "deleted": 1.0, "variables": { "x": 256.0, "flipX": 1.0, "y": 371.0, "flipY": 0.0 }, "object": 10.0 }, { "layer": 0.0, "deleted": 1.0, "variables": { "x": 288.0, "flipX": 1.0, "y": 371.0, "flipY": 0.0 }, "object": 10.0 }, { "layer": 0.0, "deleted": 1.0, "variables": { "x": 224.0, "flipX": 1.0, "y": 402.0, "flipY": 0.0 }, "object": 10.0 }, { "layer": 0.0, "deleted": 1.0, "variables": { "x": 192.0, "flipX": 1.0, "y": 402.0, "flipY": 0.0 }, "object": 10.0 }, { "layer": 0.0, "deleted": 1.0, "variables": { "x": 224.0, "flipX": 1.0, "y": 402.0, "flipY": 0.0 }, "object": 10.0 }, { "layer": 0.0, "deleted": 1.0, "variables": { "x": 288.0, "flipX": 1.0, "y": 371.0, "flipY": 0.0 }, "object": 10.0 }, { "layer": 0.0, "deleted": 1.0, "variables": { "x": 320.0, "flipX": 1.0, "y": 338.0, "flipY": 0.0 }, "object": 10.0 }, { "layer": 0.0, "deleted": 1.0, "variables": { "x": 288.0, "flipX": 1.0, "y": 338.0, "flipY": 0.0 }, "object": 10.0 }, { "layer": 0.0, "deleted": 1.0, "variables": { "x": 288.0, "flipX": 1.0, "y": 371.0, "flipY": 0.0 }, "object": 10.0 }, { "layer": 0.0, "deleted": 1.0, "variables": { "x": 352.0, "flipX": 1.0, "y": 434.0, "flipY": 0.0 }, "object": 10.0 }, { "layer": 0.0, "deleted": 1.0, "variables": { "x": 384.0, "flipX": 1.0, "y": 434.0, "flipY": 0.0 }, "object": 10.0 }, { "layer": 0.0, "deleted": 1.0, "variables": { "x": 448.0, "flipX": 1.0, "y": 371.0, "flipY": 0.0 }, "object": 10.0 }, { "layer": 0.0, "deleted": 1.0, "variables": { "x": 512.0, "flipX": 1.0, "y": 274.0, "flipY": 0.0 }, "object": 10.0 }, { "layer": 0.0, "deleted": 1.0, "variables": { "x": 480.0, "flipX": 1.0, "y": 242.0, "flipY": 0.0 }, "object": 10.0 }, { "layer": 0.0, "deleted": 1.0, "variables": { "x": 416.0, "flipX": 1.0, "y": 178.0, "flipY": 0.0 }, "object": 10.0 }, { "layer": 0.0, "deleted": 1.0, "variables": { "x": 352.0, "flipX": 1.0, "y": 210.0, "flipY": 0.0 }, "object": 10.0 }, { "layer": 0.0, "deleted": 1.0, "variables": { "x": 320.0, "flipX": 1.0, "y": 338.0, "flipY": 0.0 }, "object": 10.0 }, { "layer": 0.0, "deleted": 1.0, "variables": { "x": 320.0, "flipX": 1.0, "y": 402.0, "flipY": 0.0 }, "object": 10.0 }, { "layer": 0.0, "deleted": 1.0, "variables": { "x": 352.0, "flipX": 1.0, "y": 402.0, "flipY": 0.0 }, "object": 10.0 }, { "layer": 0.0, "deleted": 1.0, "variables": { "x": 416.0, "flipX": 1.0, "y": 339.0, "flipY": 0.0 }, "object": 10.0 }, { "layer": 0.0, "deleted": 1.0, "variables": { "x": 448.0, "flipX": 1.0, "y": 274.0, "flipY": 0.0 }, "object": 10.0 }, { "layer": 0.0, "deleted": 1.0, "variables": { "x": 480.0, "flipX": 1.0, "y": 242.0, "flipY": 0.0 }, "object": 10.0 }, { "layer": 0.0, "deleted": 1.0, "variables": { "x": 448.0, "flipX": 1.0, "y": 210.0, "flipY": 0.0 }, "object": 10.0 }, { "layer": 0.0, "deleted": 1.0, "variables": { "x": 320.0, "flipX": 1.0, "y": 178.0, "flipY": 0.0 }, "object": 10.0 }, { "layer": 0.0, "deleted": 1.0, "variables": { "x": 256.0, "flipX": 1.0, "y": 178.0, "flipY": 0.0 }, "object": 10.0 }, { "layer": 0.0, "deleted": 1.0, "variables": { "x": 224.0, "flipX": 1.0, "y": 242.0, "flipY": 0.0 }, "object": 10.0 }, { "layer": 0.0, "deleted": 1.0, "variables": { "x": 224.0, "flipX": 1.0, "y": 306.0, "flipY": 0.0 }, "object": 10.0 }, { "layer": 0.0, "deleted": 1.0, "variables": { "x": 256.0, "flipX": 1.0, "y": 402.0, "flipY": 0.0 }, "object": 10.0 }, { "layer": 0.0, "deleted": 1.0, "variables": { "x": 320.0, "flipX": 1.0, "y": 466.0, "flipY": 0.0 }, "object": 10.0 }, { "layer": 0.0, "deleted": 1.0, "variables": { "x": 320.0, "flipX": 1.0, "y": 434.0, "flipY": 0.0 }, "object": 10.0 }, { "layer": 0.0, "deleted": 1.0, "variables": { "x": 352.0, "flipX": 1.0, "y": 402.0, "flipY": 0.0 }, "object": 10.0 }, { "layer": 0.0, "deleted": 1.0, "variables": { "x": 384.0, "flipX": 1.0, "y": 402.0, "flipY": 0.0 }, "object": 10.0 }, { "layer": 0.0, "deleted": 1.0, "variables": { "x": 448.0, "flipX": 1.0, "y": 339.0, "flipY": 0.0 }, "object": 10.0 }, { "layer": 0.0, "deleted": 1.0, "variables": { "x": 480.0, "flipX": 1.0, "y": 339.0, "flipY": 0.0 }, "object": 10.0 }, { "layer": 0.0, "deleted": 1.0, "variables": { "x": 384.0, "flipX": 1.0, "y": 274.0, "flipY": 0.0 }, "object": 10.0 }, { "layer": 0.0, "deleted": 1.0, "variables": { "x": 322.0, "flipX": 1.0, "y": 293.0, "flipY": 0.0 }, "object": 10.0 }, { "layer": 0.0, "deleted": 1.0, "variables": { "x": 298.0, "flipX": 1.0, "y": 305.0, "flipY": 0.0 }, "object": 10.0 }, { "layer": 0.0, "deleted": 1.0, "variables": { "x": 273.0, "flipX": 1.0, "y": 297.0, "flipY": 0.0 }, "object": 10.0 }, { "layer": 0.0, "deleted": 1.0, "variables": { "x": 249.0, "flipX": 1.0, "y": 283.0, "flipY": 0.0 }, "object": 10.0 }, { "layer": 0.0, "deleted": 1.0, "variables": { "x": 232.0, "flipX": 1.0, "y": 242.0, "flipY": 0.0 }, "object": 10.0 }, { "layer": 0.0, "deleted": 1.0, "variables": { "x": 257.0, "flipX": 1.0, "y": 208.0, "flipY": 0.0 }, "object": 10.0 }, { "layer": 0.0, "deleted": 1.0, "variables": { "x": 273.0, "flipX": 1.0, "y": 226.0, "flipY": 0.0 }, "object": 10.0 }, { "layer": 0.0, "deleted": 1.0, "variables": { "x": 272.0, "flipX": 1.0, "y": 262.0, "flipY": 0.0 }, "object": 10.0 }, { "layer": 0.0, "deleted": 1.0, "variables": { "x": 260.0, "flipX": 1.0, "y": 295.0, "flipY": 0.0 }, "object": 10.0 }, { "layer": 0.0, "deleted": 1.0, "variables": { "x": 241.0, "flipX": 1.0, "y": 283.0, "flipY": 0.0 }, "object": 10.0 }, { "layer": 0.0, "deleted": 1.0, "variables": { "x": 209.0, "flipX": 1.0, "y": 251.0, "flipY": 0.0 }, "object": 10.0 }, { "layer": 0.0, "deleted": 1.0, "variables": { "x": 164.0, "flipX": 1.0, "y": 239.0, "flipY": 0.0 }, "object": 10.0 }, { "layer": 0.0, "deleted": 1.0, "variables": { "x": 141.0, "flipX": 1.0, "y": 278.0, "flipY": 0.0 }, "object": 10.0 }, { "layer": 0.0, "deleted": 1.0, "variables": { "x": 135.0, "flipX": 1.0, "y": 289.0, "flipY": 0.0 }, "object": 10.0 }, { "layer": 0.0, "deleted": 1.0, "variables": { "x": 123.0, "flipX": 1.0, "y": 306.0, "flipY": 0.0 }, "object": 10.0 }, { "layer": 0.0, "deleted": 1.0, "variables": { "x": 136.0, "flipX": 1.0, "y": 312.0, "flipY": 0.0 }, "object": 10.0 }, { "layer": 0.0, "deleted": 1.0, "variables": { "x": 196.0, "flipX": 1.0, "y": 298.0, "flipY": 0.0 }, "object": 10.0 }, { "layer": 0.0, "deleted": 1.0, "variables": { "x": 229.0, "flipX": 1.0, "y": 283.0, "flipY": 0.0 }, "object": 10.0 }, { "layer": 0.0, "deleted": 0.0, "variables": { "x": 416.0, "flipX": 0.0, "y": 288.0, "flipY": 0.0 }, "object": 551.0 }, { "layer": 0.0, "deleted": 1.0, "variables": { "x": 307.0, "flipX": 1.0, "y": 229.0, "flipY": 0.0 }, "object": 10.0 }, { "layer": 0.0, "deleted": 1.0, "variables": { "x": 341.0, "flipX": 1.0, "y": 206.0, "flipY": 0.0 }, "object": 10.0 }, { "layer": 0.0, "deleted": 1.0, "variables": { "x": 365.0, "flipX": 1.0, "y": 184.0, "flipY": 0.0 }, "object": 10.0 }, { "layer": 0.0, "deleted": 1.0, "variables": { "x": 387.0, "flipX": 1.0, "y": 160.0, "flipY": 0.0 }, "object": 10.0 }, { "layer": 0.0, "deleted": 1.0, "variables": { "x": 409.0, "flipX": 1.0, "y": 129.0, "flipY": 0.0 }, "object": 10.0 }, { "layer": 0.0, "deleted": 1.0, "variables": { "x": 428.0, "flipX": 1.0, "y": 101.0, "flipY": 0.0 }, "object": 10.0 }, { "layer": 0.0, "deleted": 1.0, "variables": { "x": 444.0, "flipX": 1.0, "y": 52.0, "flipY": 0.0 }, "object": 10.0 }, { "layer": 0.0, "deleted": 1.0, "variables": { "x": 455.0, "flipX": 1.0, "y": 14.0, "flipY": 0.0 }, "object": 10.0 }, { "layer": 0.0, "deleted": 1.0, "variables": { "x": 456.0, "flipX": 1.0, "y": -34.0, "flipY": 0.0 }, "object": 10.0 }, { "layer": 0.0, "deleted": 1.0, "variables": { "x": 440.0, "flipX": 1.0, "y": -26.0, "flipY": 0.0 }, "object": 10.0 }, { "layer": 0.0, "deleted": 1.0, "variables": { "x": 394.0, "flipX": 1.0, "y": 28.0, "flipY": 0.0 }, "object": 10.0 }, { "layer": 0.0, "deleted": 1.0, "variables": { "x": 366.0, "flipX": 1.0, "y": 59.0, "flipY": 0.0 }, "object": 10.0 }, { "layer": 0.0, "deleted": 1.0, "variables": { "x": 310.0, "flipX": 1.0, "y": 104.0, "flipY": 0.0 }, "object": 10.0 }, { "layer": 0.0, "deleted": 1.0, "variables": { "x": 276.0, "flipX": 1.0, "y": 116.0, "flipY": 0.0 }, "object": 10.0 }, { "layer": 0.0, "deleted": 1.0, "variables": { "x": 245.0, "flipX": 1.0, "y": 122.0, "flipY": 0.0 }, "object": 10.0 }, { "layer": 0.0, "deleted": 1.0, "variables": { "x": 229.0, "flipX": 1.0, "y": 80.0, "flipY": 0.0 }, "object": 10.0 }, { "layer": 0.0, "deleted": 1.0, "variables": { "x": 208.0, "flipX": 1.0, "y": 37.0, "flipY": 0.0 }, "object": 10.0 }, { "layer": 0.0, "deleted": 1.0, "variables": { "x": 180.0, "flipX": 1.0, "y": 30.0, "flipY": 0.0 }, "object": 10.0 }, { "layer": 0.0, "deleted": 1.0, "variables": { "x": 136.0, "flipX": 1.0, "y": 25.0, "flipY": 0.0 }, "object": 10.0 }, { "layer": 0.0, "deleted": 1.0, "variables": { "x": 119.0, "flipX": 1.0, "y": 41.0, "flipY": 0.0 }, "object": 10.0 }, { "layer": 0.0, "deleted": 1.0, "variables": { "x": 118.0, "flipX": 1.0, "y": 78.0, "flipY": 0.0 }, "object": 10.0 }, { "layer": 0.0, "deleted": 1.0, "variables": { "x": 161.0, "flipX": 1.0, "y": 154.0, "flipY": 0.0 }, "object": 10.0 }, { "layer": 0.0, "deleted": 1.0, "variables": { "x": 182.0, "flipX": 1.0, "y": 188.0, "flipY": 0.0 }, "object": 10.0 }, { "layer": 0.0, "deleted": 1.0, "variables": { "x": 203.0, "flipX": 1.0, "y": 219.0, "flipY": 0.0 }, "object": 10.0 }, { "layer": 0.0, "deleted": 1.0, "variables": { "x": 210.0, "flipX": 1.0, "y": 241.0, "flipY": 0.0 }, "object": 10.0 }, { "layer": 0.0, "deleted": 1.0, "variables": { "x": 210.0, "flipX": 1.0, "y": 257.0, "flipY": 0.0 }, "object": 10.0 }, { "layer": 0.0, "deleted": 1.0, "variables": { "x": 226.0, "flipX": 1.0, "y": 289.0, "flipY": 0.0 }, "object": 10.0 }, { "layer": 0.0, "deleted": 1.0, "variables": { "x": 246.0, "flipX": 1.0, "y": 286.0, "flipY": 0.0 }, "object": 10.0 }, { "layer": 0.0, "deleted": 0.0, "variables": { "x": 704.0, "y": 401.0, "image_xscale": 1.0, "image_yscale": 1.0, "escape": "true", "flipX": 1.0, "flipY": 0.0 }, "object": 670.0 }, { "layer": 0.0, "deleted": 1.0, "variables": { "x": 313.0, "flipX": 1.0, "y": 245.0, "flipY": 0.0 }, "object": 10.0 }, { "layer": 0.0, "deleted": 1.0, "variables": { "x": 332.0, "flipX": 1.0, "y": 241.0, "flipY": 0.0 }, "object": 10.0 }, { "layer": 0.0, "deleted": 1.0, "variables": { "x": 372.0, "flipX": 1.0, "y": 246.0, "flipY": 0.0 }, "object": 10.0 }, { "layer": 0.0, "deleted": 1.0, "variables": { "x": 410.0, "flipX": 1.0, "y": 302.0, "flipY": 0.0 }, "object": 10.0 }, { "layer": 0.0, "deleted": 1.0, "variables": { "x": 444.0, "flipX": 1.0, "y": 314.0, "flipY": 0.0 }, "object": 10.0 }, { "layer": 0.0, "deleted": 1.0, "variables": { "x": 462.0, "flipX": 1.0, "y": 299.0, "flipY": 0.0 }, "object": 10.0 }, { "layer": 0.0, "deleted": 1.0, "variables": { "x": 478.0, "flipX": 1.0, "y": 283.0, "flipY": 0.0 }, "object": 10.0 }, { "layer": 0.0, "deleted": 1.0, "variables": { "x": 494.0, "flipX": 1.0, "y": 267.0, "flipY": 0.0 }, "object": 10.0 }, { "layer": 0.0, "deleted": 1.0, "variables": { "x": 510.0, "flipX": 1.0, "y": 251.0, "flipY": 0.0 }, "object": 10.0 }, { "layer": 0.0, "deleted": 1.0, "variables": { "x": 524.0, "flipX": 1.0, "y": 235.0, "flipY": 0.0 }, "object": 10.0 }, { "layer": 0.0, "deleted": 1.0, "variables": { "x": 545.0, "flipX": 1.0, "y": 210.0, "flipY": 0.0 }, "object": 10.0 }, { "layer": 0.0, "deleted": 1.0, "variables": { "x": 567.0, "flipX": 1.0, "y": 189.0, "flipY": 0.0 }, "object": 10.0 }, { "layer": 0.0, "deleted": 1.0, "variables": { "x": 592.0, "flipX": 1.0, "y": 168.0, "flipY": 0.0 }, "object": 10.0 }, { "layer": 0.0, "deleted": 1.0, "variables": { "x": 614.0, "flipX": 1.0, "y": 152.0, "flipY": 0.0 }, "object": 10.0 }, { "layer": 0.0, "deleted": 1.0, "variables": { "x": 649.0, "flipX": 1.0, "y": 120.0, "flipY": 0.0 }, "object": 10.0 }, { "layer": 0.0, "deleted": 1.0, "variables": { "x": 681.0, "flipX": 1.0, "y": 88.0, "flipY": 0.0 }, "object": 10.0 }, { "layer": 0.0, "deleted": 1.0, "variables": { "x": 720.0, "flipX": 1.0, "y": 44.0, "flipY": 0.0 }, "object": 10.0 }, { "layer": 0.0, "deleted": 1.0, "variables": { "x": 742.0, "flipX": 1.0, "y": 17.0, "flipY": 0.0 }, "object": 10.0 }, { "layer": 0.0, "deleted": 1.0, "variables": { "x": 729.0, "flipX": 1.0, "y": -16.0, "flipY": 0.0 }, "object": 10.0 }, { "layer": 0.0, "deleted": 1.0, "variables": { "x": 685.0, "flipX": 1.0, "y": -16.0, "flipY": 0.0 }, "object": 10.0 }, { "layer": 0.0, "deleted": 1.0, "variables": { "x": 651.0, "flipX": 1.0, "y": 9.0, "flipY": 0.0 }, "object": 10.0 }, { "layer": 0.0, "deleted": 1.0, "variables": { "x": 625.0, "flipX": 1.0, "y": 30.0, "flipY": 0.0 }, "object": 10.0 }, { "layer": 0.0, "deleted": 1.0, "variables": { "x": 595.0, "flipX": 1.0, "y": 60.0, "flipY": 0.0 }, "object": 10.0 }, { "layer": 0.0, "deleted": 1.0, "variables": { "x": 575.0, "flipX": 1.0, "y": 85.0, "flipY": 0.0 }, "object": 10.0 }, { "layer": 0.0, "deleted": 1.0, "variables": { "x": 559.0, "flipX": 1.0, "y": 117.0, "flipY": 0.0 }, "object": 10.0 }, { "layer": 0.0, "deleted": 1.0, "variables": { "x": 543.0, "flipX": 1.0, "y": 139.0, "flipY": 0.0 }, "object": 10.0 }, { "layer": 0.0, "deleted": 1.0, "variables": { "x": 528.0, "flipX": 1.0, "y": 164.0, "flipY": 0.0 }, "object": 10.0 }, { "layer": 0.0, "deleted": 1.0, "variables": { "x": 518.0, "flipX": 1.0, "y": 192.0, "flipY": 0.0 }, "object": 10.0 }, { "layer": 0.0, "deleted": 1.0, "variables": { "x": 524.0, "flipX": 1.0, "y": 233.0, "flipY": 0.0 }, "object": 10.0 }, { "layer": 0.0, "deleted": 1.0, "variables": { "x": 515.0, "flipX": 1.0, "y": 261.0, "flipY": 0.0 }, "object": 10.0 }, { "layer": 0.0, "deleted": 1.0, "variables": { "x": 475.0, "flipX": 1.0, "y": 240.0, "flipY": 0.0 }, "object": 10.0 }, { "layer": 0.0, "deleted": 1.0, "variables": { "x": 443.0, "flipX": 1.0, "y": 255.0, "flipY": 0.0 }, "object": 10.0 }, { "layer": 0.0, "deleted": 1.0, "variables": { "x": 443.0, "flipX": 1.0, "y": 271.0, "flipY": 0.0 }, "object": 10.0 }, { "layer": 0.0, "deleted": 1.0, "variables": { "x": 443.0, "flipX": 1.0, "y": 303.0, "flipY": 0.0 }, "object": 10.0 }, { "layer": 0.0, "deleted": 1.0, "variables": { "x": 427.0, "flipX": 1.0, "y": 335.0, "flipY": 0.0 }, "object": 10.0 }, { "layer": 0.0, "deleted": 1.0, "variables": { "x": 414.0, "flipX": 1.0, "y": 365.0, "flipY": 0.0 }, "object": 10.0 }, { "layer": 0.0, "deleted": 1.0, "variables": { "x": 410.0, "flipX": 1.0, "y": 417.0, "flipY": 0.0 }, "object": 10.0 }, { "layer": 0.0, "deleted": 1.0, "variables": { "x": 382.0, "flipX": 1.0, "y": 456.0, "flipY": 0.0 }, "object": 10.0 }, { "layer": 0.0, "deleted": 1.0, "variables": { "x": 351.0, "flipX": 1.0, "y": 441.0, "flipY": 0.0 }, "object": 10.0 }, { "layer": 0.0, "deleted": 1.0, "variables": { "x": 306.0, "flipX": 1.0, "y": 430.0, "flipY": 0.0 }, "object": 10.0 }, { "layer": 0.0, "deleted": 1.0, "variables": { "x": 274.0, "flipX": 1.0, "y": 414.0, "flipY": 0.0 }, "object": 10.0 }, { "layer": 0.0, "deleted": 1.0, "variables": { "x": 244.0, "flipX": 1.0, "y": 378.0, "flipY": 0.0 }, "object": 10.0 }, { "layer": 0.0, "deleted": 1.0, "variables": { "x": 229.0, "flipX": 1.0, "y": 341.0, "flipY": 0.0 }, "object": 10.0 }, { "layer": 0.0, "deleted": 1.0, "variables": { "x": 261.0, "flipX": 1.0, "y": 309.0, "flipY": 0.0 }, "object": 10.0 }, { "layer": 0.0, "deleted": 0.0, "variables": { "x": 896.0, "flipX": 0.0, "y": 416.0, "flipY": 0.0 }, "object": 807.0 }, { "layer": 0.0, "deleted": 0.0, "variables": { "x": 0.0, "y": 256.0, "image_xscale": 10.0, "image_yscale": 2.0, "flipX": 0.0, "flipY": 0.0 }, "object": 517.0 }, { "layer": 0.0, "deleted": 0.0, "variables": { "x": 960.0, "y": 320.0, "targetRoom": "room3", "image_xscale": 1.0, "image_yscale": 2.0, "flipX": 1.0, "flipY": 0.0, "targetDoor": "D" }, "object": 801.0 } ], "tile_data": { "5": { "672_64": { "coord": [ 2.0, 1.0 ], "autotile_index": 0.0, "tileset": "tiles_911", "autotile": 1.0 }, "192_160": { "coord": [ 2.0, 1.0 ], "autotile_index": 0.0, "tileset": "tiles_911", "autotile": 1.0 }, "352_192": { "coord": [ 2.0, 1.0 ], "autotile_index": 0.0, "tileset": "tiles_911", "autotile": 1.0 }, "768_0": { "coord": [ 2.0, 1.0 ], "autotile_index": 0.0, "tileset": "tiles_911", "autotile": 1.0 }, "320_448": { "coord": [ 3.0, 0.0 ], "autotile_index": 0.0, "tileset": "tiles_911", "autotile": 1.0 }, "480_32": { "autotile": 1.0, "autotile_index": 0.0, "tileset": "tiles_911", "coord": [ 6.0, 2.0 ] }, "352_160": { "autotile": 1.0, "autotile_index": 0.0, "tileset": "tiles_911", "coord": [ 2.0, 1.0 ] }, "256_512": { "autotile": 0.0, "autotile_index": 0.0, "tileset": "tiles_911", "coord": [ 2.0, 1.0 ] }, "928_128": { "coord": [ 2.0, 2.0 ], "autotile_index": 0.0, "tileset": "tiles_911", "autotile": 1.0 }, "320_0": { "coord": [ 2.0, 1.0 ], "autotile_index": 0.0, "tileset": "tiles_911", "autotile": 1.0 }, "480_128": { "autotile": 1.0, "autotile_index": 0.0, "tileset": "tiles_911", "coord": [ 6.0, 4.0 ] }, "192_288": { "coord": [ 2.0, 1.0 ], "autotile_index": 0.0, "tileset": "tiles_911", "autotile": 1.0 }, "0_256": { "coord": [ 2.0, 1.0 ], "autotile_index": 0.0, "tileset": "tiles_911", "autotile": 1.0 }, "832_160": { "coord": [ 4.0, 2.0 ], "autotile_index": 0.0, "tileset": "tiles_911", "autotile": 1.0 }, "288_224": { "coord": [ 4.0, 2.0 ], "autotile_index": 0.0, "tileset": "tiles_911", "autotile": 1.0 }, "800_0": { "coord": [ 2.0, 1.0 ], "autotile_index": 0.0, "tileset": "tiles_911", "autotile": 1.0 }, "800_32": { "coord": [ 6.0, 2.0 ], "autotile_index": 0.0, "tileset": "tiles_911", "autotile": 1.0 }, "768_160": { "coord": [ 2.0, 1.0 ], "autotile_index": 0.0, "tileset": "tiles_911", "autotile": 1.0 }, "608_128": { "autotile": 1.0, "autotile_index": 0.0, "tileset": "tiles_911", "coord": [ 2.0, 0.0 ] }, "384_0": { "autotile": 1.0, "autotile_index": 0.0, "tileset": "tiles_911", "coord": [ 2.0, 1.0 ] }, "896_448": { "coord": [ 1.0, 0.0 ], "autotile_index": 0.0, "tileset": "tiles_911", "autotile": 1.0 }, "288_448": { "coord": [ 1.0, 0.0 ], "autotile_index": 0.0, "tileset": "tiles_911", "autotile": 1.0 }, "832_256": { "coord": [ 2.0, 1.0 ], "autotile_index": 0.0, "tileset": "tiles_911", "autotile": 1.0 }, "608_64": { "autotile": 0.0, "autotile_index": 0.0, "tileset": "tiles_911", "coord": [ 7.0, 0.0 ] }, "640_128": { "autotile": 1.0, "autotile_index": 0.0, "tileset": "tiles_911", "coord": [ 6.0, 4.0 ] }, "224_0": { "coord": [ 2.0, 1.0 ], "autotile_index": 0.0, "tileset": "tiles_911", "autotile": 1.0 }, "928_160": { "coord": [ 2.0, 2.0 ], "autotile_index": 0.0, "tileset": "tiles_911", "autotile": 1.0 }, "96_448": { "coord": [ 1.0, 0.0 ], "autotile_index": 0.0, "tileset": "tiles_911", "autotile": 1.0 }, "32_480": { "coord": [ 2.0, 1.0 ], "autotile_index": 0.0, "tileset": "tiles_911", "autotile": 1.0 }, "800_288": { "coord": [ 2.0, 1.0 ], "autotile_index": 0.0, "tileset": "tiles_911", "autotile": 1.0 }, "352_448": { "coord": [ 2.0, 0.0 ], "autotile_index": 0.0, "tileset": "tiles_911", "autotile": 1.0 }, "384_192": { "coord": [ 2.0, 1.0 ], "autotile_index": 0.0, "tileset": "tiles_911", "autotile": 1.0 }, "832_512": { "autotile": 0.0, "autotile_index": 0.0, "tileset": "tiles_911", "coord": [ 2.0, 1.0 ] }, "192_96": { "coord": [ 2.0, 1.0 ], "autotile_index": 0.0, "tileset": "tiles_911", "autotile": 1.0 }, "896_64": { "coord": [ 2.0, 2.0 ], "autotile_index": 0.0, "tileset": "tiles_911", "autotile": 1.0 }, "928_256": { "coord": [ 2.0, 1.0 ], "autotile_index": 0.0, "tileset": "tiles_911", "autotile": 1.0 }, "832_96": { "coord": [ 1.0, 2.0 ], "autotile_index": 0.0, "tileset": "tiles_911", "autotile": 1.0 }, "448_416": { "coord": [ 3.0, 2.0 ], "autotile_index": 0.0, "tileset": "tiles_911", "autotile": 1.0 }, "224_32": { "coord": [ 4.0, 2.0 ], "autotile_index": 0.0, "tileset": "tiles_911", "autotile": 1.0 }, "256_192": { "coord": [ 4.0, 2.0 ], "autotile_index": 0.0, "tileset": "tiles_911", "autotile": 1.0 }, "96_128": { "coord": [ 2.0, 0.0 ], "autotile_index": 0.0, "tileset": "tiles_911", "autotile": 1.0 }, "256_480": { "coord": [ 2.0, 1.0 ], "autotile_index": 0.0, "tileset": "tiles_911", "autotile": 1.0 }, "672_512": { "autotile": 0.0, "autotile_index": 0.0, "tileset": "tiles_911", "coord": [ 2.0, 1.0 ] }, "448_64": { "autotile": 0.0, "autotile_index": 0.0, "tileset": "tiles_911", "coord": [ 7.0, 0.0 ] }, "96_480": { "coord": [ 2.0, 1.0 ], "autotile_index": 0.0, "tileset": "tiles_911", "autotile": 1.0 }, "512_160": { "autotile": 1.0, "autotile_index": 0.0, "tileset": "tiles_911", "coord": [ 2.0, 1.0 ] }, "192_480": { "coord": [ 2.0, 1.0 ], "autotile_index": 0.0, "tileset": "tiles_911", "autotile": 1.0 }, "864_288": { "coord": [ 2.0, 1.0 ], "autotile_index": 0.0, "tileset": "tiles_911", "autotile": 1.0 }, "480_448": { "coord": [ 4.0, 4.0 ], "autotile_index": 0.0, "tileset": "tiles_911", "autotile": 1.0 }, "32_512": { "autotile": 0.0, "autotile_index": 0.0, "tileset": "tiles_911", "coord": [ 2.0, 1.0 ] }, "128_256": { "coord": [ 2.0, 1.0 ], "autotile_index": 0.0, "tileset": "tiles_911", "autotile": 1.0 }, "928_96": { "coord": [ 2.0, 2.0 ], "autotile_index": 0.0, "tileset": "tiles_911", "autotile": 1.0 }, "704_0": { "coord": [ 2.0, 1.0 ], "autotile_index": 0.0, "tileset": "tiles_911", "autotile": 1.0 }, "544_128": { "autotile": 1.0, "autotile_index": 0.0, "tileset": "tiles_911", "coord": [ 4.0, 4.0 ] }, "448_224": { "coord": [ 2.0, 1.0 ], "autotile_index": 0.0, "tileset": "tiles_911", "autotile": 1.0 }, "0_288": { "coord": [ 2.0, 1.0 ], "autotile_index": 0.0, "tileset": "tiles_911", "autotile": 1.0 }, "0_96": { "coord": [ 2.0, 2.0 ], "autotile_index": 0.0, "tileset": "tiles_911", "autotile": 1.0 }, "96_288": { "coord": [ 2.0, 1.0 ], "autotile_index": 0.0, "tileset": "tiles_911", "autotile": 1.0 }, "896_512": { "autotile": 0.0, "autotile_index": 0.0, "tileset": "tiles_911", "coord": [ 2.0, 1.0 ] }, "544_96": { "autotile": 1.0, "autotile_index": 0.0, "tileset": "tiles_911", "coord": [ 3.0, 1.0 ] }, "256_256": { "coord": [ 2.0, 1.0 ], "autotile_index": 0.0, "tileset": "tiles_911", "autotile": 1.0 }, "608_224": { "coord": [ 1.0, 2.0 ], "autotile_index": 0.0, "tileset": "tiles_911", "autotile": 1.0 }, "0_32": { "coord": [ 2.0, 2.0 ], "autotile_index": 0.0, "tileset": "tiles_911", "autotile": 1.0 }, "64_96": { "coord": [ 3.0, 1.0 ], "autotile_index": 0.0, "tileset": "tiles_911", "autotile": 1.0 }, "96_160": { "coord": [ 2.0, 1.0 ], "autotile_index": 0.0, "tileset": "tiles_911", "autotile": 1.0 }, "32_256": { "coord": [ 2.0, 1.0 ], "autotile_index": 0.0, "tileset": "tiles_911", "autotile": 1.0 }, "512_512": { "autotile": 0.0, "autotile_index": 0.0, "tileset": "tiles_911", "coord": [ 2.0, 1.0 ] }, "288_480": { "coord": [ 2.0, 1.0 ], "autotile_index": 0.0, "tileset": "tiles_911", "autotile": 1.0 }, "320_128": { "coord": [ 6.0, 4.0 ], "autotile_index": 0.0, "tileset": "tiles_911", "autotile": 1.0 }, "512_224": { "coord": [ 2.0, 1.0 ], "autotile_index": 0.0, "tileset": "tiles_911", "autotile": 1.0 }, "512_32": { "autotile": 1.0, "autotile_index": 0.0, "tileset": "tiles_911", "coord": [ 2.0, 1.0 ] }, "480_160": { "autotile": 1.0, "autotile_index": 0.0, "tileset": "tiles_911", "coord": [ 2.0, 1.0 ] }, "800_160": { "coord": [ 2.0, 1.0 ], "autotile_index": 0.0, "tileset": "tiles_911", "autotile": 1.0 }, "608_0": { "autotile": 1.0, "autotile_index": 0.0, "tileset": "tiles_911", "coord": [ 2.0, 1.0 ] }, "192_32": { "coord": [ 2.0, 1.0 ], "autotile_index": 0.0, "tileset": "tiles_911", "autotile": 1.0 }, "736_288": { "coord": [ 2.0, 1.0 ], "autotile_index": 0.0, "tileset": "tiles_911", "autotile": 1.0 }, "64_0": { "coord": [ 2.0, 1.0 ], "autotile_index": 0.0, "tileset": "tiles_911", "autotile": 1.0 }, "704_128": { "coord": [ 4.0, 4.0 ], "autotile_index": 0.0, "tileset": "tiles_911", "autotile": 1.0 }, "64_192": { "coord": [ 2.0, 2.0 ], "autotile_index": 0.0, "tileset": "tiles_911", "autotile": 1.0 }, "384_512": { "autotile": 0.0, "autotile_index": 0.0, "tileset": "tiles_911", "coord": [ 2.0, 1.0 ] }, "928_0": { "coord": [ 2.0, 2.0 ], "autotile_index": 0.0, "tileset": "tiles_911", "autotile": 1.0 }, "768_480": { "coord": [ 2.0, 1.0 ], "autotile_index": 0.0, "tileset": "tiles_911", "autotile": 1.0 }, "544_32": { "autotile": 1.0, "autotile_index": 0.0, "tileset": "tiles_911", "coord": [ 4.0, 2.0 ] }, "32_448": { "coord": [ 3.0, 0.0 ], "autotile_index": 0.0, "tileset": "tiles_911", "autotile": 1.0 }, "736_192": { "coord": [ 2.0, 2.0 ], "autotile_index": 0.0, "tileset": "tiles_911", "autotile": 1.0 }, "-32_256": { "coord": [ 0.0, 0.0 ], "autotile_index": 0.0, "tileset": "tile_medieval", "autotile": 1.0 }, "256_32": { "coord": [ 2.0, 1.0 ], "autotile_index": 0.0, "tileset": "tiles_911", "autotile": 1.0 }, "288_288": { "coord": [ 3.0, 1.0 ], "autotile_index": 0.0, "tileset": "tiles_911", "autotile": 1.0 }, "544_192": { "coord": [ 2.0, 1.0 ], "autotile_index": 0.0, "tileset": "tiles_911", "autotile": 1.0 }, "896_224": { "coord": [ 2.0, 2.0 ], "autotile_index": 0.0, "tileset": "tiles_911", "autotile": 1.0 }, "608_192": { "coord": [ 4.0, 2.0 ], "autotile_index": 0.0, "tileset": "tiles_911", "autotile": 1.0 }, "864_64": { "coord": [ 2.0, 2.0 ], "autotile_index": 0.0, "tileset": "tiles_911", "autotile": 1.0 }, "736_480": { "coord": [ 2.0, 1.0 ], "autotile_index": 0.0, "tileset": "tiles_911", "autotile": 1.0 }, "928_64": { "coord": [ 2.0, 2.0 ], "autotile_index": 0.0, "tileset": "tiles_911", "autotile": 1.0 }, "160_0": { "coord": [ 2.0, 1.0 ], "autotile_index": 0.0, "tileset": "tiles_911", "autotile": 1.0 }, "768_192": { "coord": [ 2.0, 2.0 ], "autotile_index": 0.0, "tileset": "tiles_911", "autotile": 1.0 }, "384_96": { "autotile": 1.0, "autotile_index": 0.0, "tileset": "tiles_911", "coord": [ 3.0, 1.0 ] }, "768_512": { "autotile": 0.0, "autotile_index": 0.0, "tileset": "tiles_911", "coord": [ 2.0, 1.0 ] }, "768_96": { "autotile": 0.0, "autotile_index": 0.0, "tileset": "tiles_911", "coord": [ 7.0, 1.0 ] }, "768_64": { "autotile": 0.0, "autotile_index": 0.0, "tileset": "tiles_911", "coord": [ 7.0, 0.0 ] }, "576_192": { "coord": [ 2.0, 1.0 ], "autotile_index": 0.0, "tileset": "tiles_911", "autotile": 1.0 }, "416_0": { "autotile": 1.0, "autotile_index": 0.0, "tileset": "tiles_911", "coord": [ 2.0, 1.0 ] }, "288_128": { "coord": [ 2.0, 0.0 ], "autotile_index": 0.0, "tileset": "tiles_911", "autotile": 1.0 }, "512_64": { "autotile": 1.0, "autotile_index": 0.0, "tileset": "tiles_911", "coord": [ 2.0, 1.0 ] }, "128_0": { "coord": [ 2.0, 1.0 ], "autotile_index": 0.0, "tileset": "tiles_911", "autotile": 1.0 }, "608_448": { "coord": [ 3.0, 0.0 ], "autotile_index": 0.0, "tileset": "tiles_911", "autotile": 1.0 }, "224_96": { "coord": [ 3.0, 1.0 ], "autotile_index": 0.0, "tileset": "tiles_911", "autotile": 1.0 }, "416_480": { "coord": [ 2.0, 1.0 ], "autotile_index": 0.0, "tileset": "tiles_911", "autotile": 1.0 }, "352_96": { "autotile": 1.0, "autotile_index": 0.0, "tileset": "tiles_911", "coord": [ 2.0, 1.0 ] }, "832_128": { "coord": [ 1.0, 2.0 ], "autotile_index": 0.0, "tileset": "tiles_911", "autotile": 1.0 }, "0_0": { "coord": [ 2.0, 2.0 ], "autotile_index": 0.0, "tileset": "tiles_911", "autotile": 1.0 }, "448_448": { "coord": [ 2.0, 1.0 ], "autotile_index": 0.0, "tileset": "tiles_911", "autotile": 1.0 }, "96_192": { "coord": [ 2.0, 2.0 ], "autotile_index": 0.0, "tileset": "tiles_911", "autotile": 1.0 }, "640_64": { "autotile": 1.0, "autotile_index": 0.0, "tileset": "tiles_911", "coord": [ 2.0, 1.0 ] }, "832_288": { "coord": [ 2.0, 1.0 ], "autotile_index": 0.0, "tileset": "tiles_911", "autotile": 1.0 }, "416_128": { "autotile": 1.0, "autotile_index": 0.0, "tileset": "tiles_911", "coord": [ 2.0, 0.0 ] }, "64_64": { "coord": [ 3.0, 1.0 ], "autotile_index": 0.0, "tileset": "tiles_911", "autotile": 1.0 }, "864_512": { "autotile": 0.0, "autotile_index": 0.0, "tileset": "tiles_911", "coord": [ 2.0, 1.0 ] }, "32_192": { "coord": [ 2.0, 2.0 ], "autotile_index": 0.0, "tileset": "tiles_911", "autotile": 1.0 }, "512_96": { "autotile": 1.0, "autotile_index": 0.0, "tileset": "tiles_911", "coord": [ 2.0, 1.0 ] }, "64_256": { "coord": [ 2.0, 1.0 ], "autotile_index": 0.0, "tileset": "tiles_911", "autotile": 1.0 }, "128_64": { "coord": [ 7.0, 0.0 ], "autotile_index": 0.0, "tileset": "tiles_911", "autotile": 0.0 }, "224_64": { "coord": [ 3.0, 1.0 ], "autotile_index": 0.0, "tileset": "tiles_911", "autotile": 1.0 }, "160_160": { "coord": [ 2.0, 1.0 ], "autotile_index": 0.0, "tileset": "tiles_911", "autotile": 1.0 }, "96_256": { "coord": [ 2.0, 1.0 ], "autotile_index": 0.0, "tileset": "tiles_911", "autotile": 1.0 }, "416_384": { "coord": [ 1.0, 1.0 ], "autotile_index": 0.0, "tileset": "tiles_911", "autotile": 1.0 }, "288_32": { "coord": [ 2.0, 1.0 ], "autotile_index": 0.0, "tileset": "tiles_911", "autotile": 1.0 }, "160_480": { "coord": [ 2.0, 1.0 ], "autotile_index": 0.0, "tileset": "tiles_911", "autotile": 1.0 }, "320_192": { "coord": [ 2.0, 1.0 ], "autotile_index": 0.0, "tileset": "tiles_911", "autotile": 1.0 }, "800_224": { "coord": [ 2.0, 2.0 ], "autotile_index": 0.0, "tileset": "tiles_911", "autotile": 1.0 }, "128_128": { "coord": [ 1.0, 0.0 ], "autotile_index": 0.0, "tileset": "tiles_911", "autotile": 1.0 }, "832_192": { "coord": [ 2.0, 2.0 ], "autotile_index": 0.0, "tileset": "tiles_911", "autotile": 1.0 }, "416_352": { "coord": [ 1.0, 0.0 ], "autotile_index": 0.0, "tileset": "tiles_911", "autotile": 1.0 }, "192_448": { "coord": [ 2.0, 0.0 ], "autotile_index": 0.0, "tileset": "tiles_911", "autotile": 1.0 }, "512_448": { "coord": [ 1.0, 0.0 ], "autotile_index": 0.0, "tileset": "tiles_911", "autotile": 1.0 }, "704_288": { "coord": [ 2.0, 1.0 ], "autotile_index": 0.0, "tileset": "tiles_911", "autotile": 1.0 }, "832_64": { "coord": [ 1.0, 2.0 ], "autotile_index": 0.0, "tileset": "tiles_911", "autotile": 1.0 }, "576_160": { "autotile": 1.0, "autotile_index": 0.0, "tileset": "tiles_911", "coord": [ 2.0, 1.0 ] }, "288_64": { "coord": [ 7.0, 0.0 ], "autotile_index": 0.0, "tileset": "tiles_911", "autotile": 0.0 }, "640_256": { "coord": [ 2.0, 1.0 ], "autotile_index": 0.0, "tileset": "tiles_911", "autotile": 1.0 }, "576_288": { "coord": [ 2.0, 1.0 ], "autotile_index": 0.0, "tileset": "tiles_911", "autotile": 1.0 }, "64_288": { "coord": [ 2.0, 1.0 ], "autotile_index": 0.0, "tileset": "tiles_911", "autotile": 1.0 }, "608_160": { "autotile": 1.0, "autotile_index": 0.0, "tileset": "tiles_911", "coord": [ 2.0, 1.0 ] }, "128_96": { "coord": [ 7.0, 1.0 ], "autotile_index": 0.0, "tileset": "tiles_911", "autotile": 0.0 }, "416_224": { "coord": [ 2.0, 1.0 ], "autotile_index": 0.0, "tileset": "tiles_911", "autotile": 1.0 }, "384_32": { "autotile": 1.0, "autotile_index": 0.0, "tileset": "tiles_911", "coord": [ 4.0, 2.0 ] }, "96_32": { "coord": [ 2.0, 1.0 ], "autotile_index": 0.0, "tileset": "tiles_911", "autotile": 1.0 }, "256_96": { "coord": [ 6.0, 1.0 ], "autotile_index": 0.0, "tileset": "tiles_911", "autotile": 0.0 }, "640_160": { "autotile": 1.0, "autotile_index": 0.0, "tileset": "tiles_911", "coord": [ 2.0, 1.0 ] }, "864_480": { "coord": [ 2.0, 1.0 ], "autotile_index": 0.0, "tileset": "tiles_911", "autotile": 1.0 }, "480_192": { "coord": [ 2.0, 1.0 ], "autotile_index": 0.0, "tileset": "tiles_911", "autotile": 1.0 }, "640_288": { "coord": [ 2.0, 1.0 ], "autotile_index": 0.0, "tileset": "tiles_911", "autotile": 1.0 }, "160_192": { "coord": [ 2.0, 2.0 ], "autotile_index": 0.0, "tileset": "tiles_911", "autotile": 1.0 }, "352_32": { "autotile": 1.0, "autotile_index": 0.0, "tileset": "tiles_911", "coord": [ 2.0, 1.0 ] }, "288_192": { "coord": [ 2.0, 1.0 ], "autotile_index": 0.0, "tileset": "tiles_911", "autotile": 1.0 }, "480_384": { "coord": [ 3.0, 1.0 ], "autotile_index": 0.0, "tileset": "tiles_911", "autotile": 1.0 }, "576_128": { "autotile": 1.0, "autotile_index": 0.0, "tileset": "tiles_911", "coord": [ 3.0, 0.0 ] }, "704_192": { "coord": [ 2.0, 2.0 ], "autotile_index": 0.0, "tileset": "tiles_911", "autotile": 1.0 }, "288_512": { "autotile": 0.0, "autotile_index": 0.0, "tileset": "tiles_911", "coord": [ 2.0, 1.0 ] }, "768_448": { "coord": [ 2.0, 0.0 ], "autotile_index": 0.0, "tileset": "tiles_911", "autotile": 1.0 }, "512_480": { "coord": [ 2.0, 1.0 ], "autotile_index": 0.0, "tileset": "tiles_911", "autotile": 1.0 }, "736_224": { "coord": [ 2.0, 2.0 ], "autotile_index": 0.0, "tileset": "tiles_911", "autotile": 1.0 }, "192_256": { "coord": [ 2.0, 1.0 ], "autotile_index": 0.0, "tileset": "tiles_911", "autotile": 1.0 }, "160_64": { "coord": [ 2.0, 1.0 ], "autotile_index": 0.0, "tileset": "tiles_911", "autotile": 1.0 }, "544_224": { "coord": [ 2.0, 1.0 ], "autotile_index": 0.0, "tileset": "tiles_911", "autotile": 1.0 }, "704_480": { "coord": [ 2.0, 1.0 ], "autotile_index": 0.0, "tileset": "tiles_911", "autotile": 1.0 }, "416_448": { "coord": [ 2.0, 1.0 ], "autotile_index": 0.0, "tileset": "tiles_911", "autotile": 1.0 }, "576_32": { "autotile": 1.0, "autotile_index": 0.0, "tileset": "tiles_911", "coord": [ 2.0, 1.0 ] }, "544_64": { "autotile": 1.0, "autotile_index": 0.0, "tileset": "tiles_911", "coord": [ 3.0, 1.0 ] }, "800_256": { "coord": [ 2.0, 1.0 ], "autotile_index": 0.0, "tileset": "tiles_911", "autotile": 1.0 }, "224_448": { "coord": [ 1.0, 0.0 ], "autotile_index": 0.0, "tileset": "tiles_911", "autotile": 1.0 }, "672_160": { "coord": [ 2.0, 1.0 ], "autotile_index": 0.0, "tileset": "tiles_911", "autotile": 1.0 }, "864_160": { "coord": [ 2.0, 2.0 ], "autotile_index": 0.0, "tileset": "tiles_911", "autotile": 1.0 }, "0_128": { "coord": [ 2.0, 2.0 ], "autotile_index": 0.0, "tileset": "tiles_911", "autotile": 1.0 }, "128_32": { "coord": [ 2.0, 1.0 ], "autotile_index": 0.0, "tileset": "tiles_911", "autotile": 1.0 }, "288_256": { "coord": [ 3.0, 1.0 ], "autotile_index": 0.0, "tileset": "tiles_911", "autotile": 1.0 }, "448_512": { "autotile": 0.0, "autotile_index": 0.0, "tileset": "tiles_911", "coord": [ 2.0, 1.0 ] }, "448_480": { "coord": [ 2.0, 1.0 ], "autotile_index": 0.0, "tileset": "tiles_911", "autotile": 1.0 }, "704_256": { "coord": [ 2.0, 1.0 ], "autotile_index": 0.0, "tileset": "tiles_911", "autotile": 1.0 }, "288_160": { "coord": [ 2.0, 1.0 ], "autotile_index": 0.0, "tileset": "tiles_911", "autotile": 1.0 }, "160_32": { "coord": [ 6.0, 2.0 ], "autotile_index": 0.0, "tileset": "tiles_911", "autotile": 1.0 }, "128_160": { "coord": [ 2.0, 1.0 ], "autotile_index": 0.0, "tileset": "tiles_911", "autotile": 1.0 }, "928_288": { "coord": [ 2.0, 1.0 ], "autotile_index": 0.0, "tileset": "tiles_911", "autotile": 1.0 }, "608_32": { "autotile": 1.0, "autotile_index": 0.0, "tileset": "tiles_911", "coord": [ 2.0, 1.0 ] }, "448_128": { "autotile": 1.0, "autotile_index": 0.0, "tileset": "tiles_911", "coord": [ 1.0, 0.0 ] }, "224_288": { "coord": [ 2.0, 1.0 ], "autotile_index": 0.0, "tileset": "tiles_911", "autotile": 1.0 }, "704_96": { "coord": [ 3.0, 1.0 ], "autotile_index": 0.0, "tileset": "tiles_911", "autotile": 1.0 }, "768_32": { "coord": [ 2.0, 1.0 ], "autotile_index": 0.0, "tileset": "tiles_911", "autotile": 1.0 }, "64_224": { "coord": [ 2.0, 2.0 ], "autotile_index": 0.0, "tileset": "tiles_911", "autotile": 1.0 }, "480_64": { "autotile": 1.0, "autotile_index": 0.0, "tileset": "tiles_911", "coord": [ 2.0, 1.0 ] }, "672_288": { "coord": [ 2.0, 1.0 ], "autotile_index": 0.0, "tileset": "tiles_911", "autotile": 1.0 }, "864_32": { "coord": [ 2.0, 2.0 ], "autotile_index": 0.0, "tileset": "tiles_911", "autotile": 1.0 }, "416_512": { "autotile": 0.0, "autotile_index": 0.0, "tileset": "tiles_911", "coord": [ 2.0, 1.0 ] }, "736_32": { "coord": [ 2.0, 1.0 ], "autotile_index": 0.0, "tileset": "tiles_911", "autotile": 1.0 }, "896_96": { "coord": [ 2.0, 2.0 ], "autotile_index": 0.0, "tileset": "tiles_911", "autotile": 1.0 }, "768_224": { "coord": [ 2.0, 2.0 ], "autotile_index": 0.0, "tileset": "tiles_911", "autotile": 1.0 }, "0_448": { "coord": [ 2.0, 0.0 ], "autotile_index": 0.0, "tileset": "tiles_911", "autotile": 1.0 }, "480_480": { "coord": [ 2.0, 1.0 ], "autotile_index": 0.0, "tileset": "tiles_911", "autotile": 1.0 }, "64_32": { "coord": [ 4.0, 2.0 ], "autotile_index": 0.0, "tileset": "tiles_911", "autotile": 1.0 }, "544_160": { "autotile": 1.0, "autotile_index": 0.0, "tileset": "tiles_911", "coord": [ 2.0, 1.0 ] }, "704_32": { "coord": [ 4.0, 2.0 ], "autotile_index": 0.0, "tileset": "tiles_911", "autotile": 1.0 }, "640_480": { "coord": [ 2.0, 1.0 ], "autotile_index": 0.0, "tileset": "tiles_911", "autotile": 1.0 }, "576_512": { "autotile": 0.0, "autotile_index": 0.0, "tileset": "tiles_911", "coord": [ 2.0, 1.0 ] }, "32_96": { "coord": [ 3.0, 2.0 ], "autotile_index": 0.0, "tileset": "tiles_911", "autotile": 1.0 }, "864_256": { "coord": [ 2.0, 1.0 ], "autotile_index": 0.0, "tileset": "tiles_911", "autotile": 1.0 }, "672_448": { "coord": [ 1.0, 0.0 ], "autotile_index": 0.0, "tileset": "tiles_911", "autotile": 1.0 }, "512_0": { "autotile": 1.0, "autotile_index": 0.0, "tileset": "tiles_911", "coord": [ 2.0, 1.0 ] }, "32_224": { "coord": [ 2.0, 2.0 ], "autotile_index": 0.0, "tileset": "tiles_911", "autotile": 1.0 }, "64_448": { "coord": [ 2.0, 0.0 ], "autotile_index": 0.0, "tileset": "tiles_911", "autotile": 1.0 }, "192_128": { "coord": [ 2.0, 1.0 ], "autotile_index": 0.0, "tileset": "tiles_911", "autotile": 1.0 }, "96_96": { "coord": [ 6.0, 1.0 ], "autotile_index": 0.0, "tileset": "tiles_911", "autotile": 0.0 }, "416_192": { "coord": [ 2.0, 1.0 ], "autotile_index": 0.0, "tileset": "tiles_911", "autotile": 1.0 }, "800_448": { "coord": [ 3.0, 0.0 ], "autotile_index": 0.0, "tileset": "tiles_911", "autotile": 1.0 }, "448_32": { "autotile": 1.0, "autotile_index": 0.0, "tileset": "tiles_911", "coord": [ 2.0, 1.0 ] }, "800_64": { "coord": [ 2.0, 1.0 ], "autotile_index": 0.0, "tileset": "tiles_911", "autotile": 1.0 }, "128_480": { "coord": [ 2.0, 1.0 ], "autotile_index": 0.0, "tileset": "tiles_911", "autotile": 1.0 }, "448_160": { "autotile": 1.0, "autotile_index": 0.0, "tileset": "tiles_911", "coord": [ 2.0, 1.0 ] }, "704_160": { "coord": [ 2.0, 1.0 ], "autotile_index": 0.0, "tileset": "tiles_911", "autotile": 1.0 }, "480_0": { "autotile": 1.0, "autotile_index": 0.0, "tileset": "tiles_911", "coord": [ 2.0, 1.0 ] }, "416_64": { "autotile": 0.0, "autotile_index": 0.0, "tileset": "tiles_911", "coord": [ 6.0, 0.0 ] }, "128_288": { "coord": [ 2.0, 1.0 ], "autotile_index": 0.0, "tileset": "tiles_911", "autotile": 1.0 }, "448_352": { "coord": [ 2.0, 0.0 ], "autotile_index": 0.0, "tileset": "tiles_911", "autotile": 1.0 }, "224_256": { "coord": [ 2.0, 1.0 ], "autotile_index": 0.0, "tileset": "tiles_911", "autotile": 1.0 }, "384_128": { "autotile": 1.0, "autotile_index": 0.0, "tileset": "tiles_911", "coord": [ 4.0, 4.0 ] }, "256_224": { "coord": [ 3.0, 2.0 ], "autotile_index": 0.0, "tileset": "tiles_911", "autotile": 1.0 }, "640_32": { "autotile": 1.0, "autotile_index": 0.0, "tileset": "tiles_911", "coord": [ 6.0, 2.0 ] }, "608_512": { "autotile": 0.0, "autotile_index": 0.0, "tileset": "tiles_911", "coord": [ 2.0, 1.0 ] }, "480_96": { "autotile": 1.0, "autotile_index": 0.0, "tileset": "tiles_911", "coord": [ 2.0, 1.0 ] }, "320_480": { "coord": [ 2.0, 1.0 ], "autotile_index": 0.0, "tileset": "tiles_911", "autotile": 1.0 }, "672_128": { "coord": [ 2.0, 1.0 ], "autotile_index": 0.0, "tileset": "tiles_911", "autotile": 1.0 }, "736_160": { "coord": [ 2.0, 1.0 ], "autotile_index": 0.0, "tileset": "tiles_911", "autotile": 1.0 }, "736_512": { "autotile": 0.0, "autotile_index": 0.0, "tileset": "tiles_911", "coord": [ 2.0, 1.0 ] }, "928_224": { "coord": [ 2.0, 2.0 ], "autotile_index": 0.0, "tileset": "tiles_911", "autotile": 1.0 }, "896_0": { "coord": [ 2.0, 2.0 ], "autotile_index": 0.0, "tileset": "tiles_911", "autotile": 1.0 }, "576_96": { "autotile": 0.0, "autotile_index": 0.0, "tileset": "tiles_911", "coord": [ 6.0, 1.0 ] }, "640_0": { "autotile": 1.0, "autotile_index": 0.0, "tileset": "tiles_911", "coord": [ 2.0, 1.0 ] }, "896_192": { "coord": [ 2.0, 2.0 ], "autotile_index": 0.0, "tileset": "tiles_911", "autotile": 1.0 }, "384_160": { "autotile": 1.0, "autotile_index": 0.0, "tileset": "tiles_911", "coord": [ 2.0, 1.0 ] }, "640_512": { "autotile": 0.0, "autotile_index": 0.0, "tileset": "tiles_911", "coord": [ 2.0, 1.0 ] }, "160_224": { "coord": [ 2.0, 2.0 ], "autotile_index": 0.0, "tileset": "tiles_911", "autotile": 1.0 }, "448_0": { "autotile": 1.0, "autotile_index": 0.0, "tileset": "tiles_911", "coord": [ 2.0, 1.0 ] }, "128_224": { "coord": [ 2.0, 2.0 ], "autotile_index": 0.0, "tileset": "tiles_911", "autotile": 1.0 }, "480_416": { "coord": [ 3.0, 1.0 ], "autotile_index": 0.0, "tileset": "tiles_911", "autotile": 1.0 }, "800_480": { "coord": [ 2.0, 1.0 ], "autotile_index": 0.0, "tileset": "tiles_911", "autotile": 1.0 }, "320_64": { "coord": [ 2.0, 1.0 ], "autotile_index": 0.0, "tileset": "tiles_911", "autotile": 1.0 }, "736_448": { "coord": [ 3.0, 0.0 ], "autotile_index": 0.0, "tileset": "tiles_911", "autotile": 1.0 }, "544_480": { "coord": [ 2.0, 1.0 ], "autotile_index": 0.0, "tileset": "tiles_911", "autotile": 1.0 }, "128_192": { "coord": [ 2.0, 2.0 ], "autotile_index": 0.0, "tileset": "tiles_911", "autotile": 1.0 }, "0_192": { "coord": [ 2.0, 2.0 ], "autotile_index": 0.0, "tileset": "tiles_911", "autotile": 1.0 }, "128_512": { "autotile": 0.0, "autotile_index": 0.0, "tileset": "tiles_911", "coord": [ 2.0, 1.0 ] }, "32_64": { "coord": [ 3.0, 2.0 ], "autotile_index": 0.0, "tileset": "tiles_911", "autotile": 1.0 }, "192_0": { "coord": [ 2.0, 1.0 ], "autotile_index": 0.0, "tileset": "tiles_911", "autotile": 1.0 }, "544_0": { "autotile": 1.0, "autotile_index": 0.0, "tileset": "tiles_911", "coord": [ 2.0, 1.0 ] }, "384_224": { "coord": [ 2.0, 1.0 ], "autotile_index": 0.0, "tileset": "tiles_911", "autotile": 1.0 }, "160_512": { "autotile": 0.0, "autotile_index": 0.0, "tileset": "tiles_911", "coord": [ 2.0, 1.0 ] }, "800_512": { "autotile": 0.0, "autotile_index": 0.0, "tileset": "tiles_911", "coord": [ 2.0, 1.0 ] }, "576_480": { "coord": [ 2.0, 1.0 ], "autotile_index": 0.0, "tileset": "tiles_911", "autotile": 1.0 }, "832_480": { "coord": [ 2.0, 1.0 ], "autotile_index": 0.0, "tileset": "tiles_911", "autotile": 1.0 }, "832_448": { "coord": [ 1.0, 0.0 ], "autotile_index": 0.0, "tileset": "tiles_911", "autotile": 1.0 }, "352_64": { "autotile": 1.0, "autotile_index": 0.0, "tileset": "tiles_911", "coord": [ 2.0, 1.0 ] }, "896_480": { "coord": [ 2.0, 1.0 ], "autotile_index": 0.0, "tileset": "tiles_911", "autotile": 1.0 }, "96_0": { "coord": [ 2.0, 1.0 ], "autotile_index": 0.0, "tileset": "tiles_911", "autotile": 1.0 }, "640_96": { "autotile": 1.0, "autotile_index": 0.0, "tileset": "tiles_911", "coord": [ 2.0, 1.0 ] }, "192_192": { "coord": [ 2.0, 2.0 ], "autotile_index": 0.0, "tileset": "tiles_911", "autotile": 1.0 }, "416_160": { "autotile": 1.0, "autotile_index": 0.0, "tileset": "tiles_911", "coord": [ 2.0, 1.0 ] }, "480_224": { "coord": [ 2.0, 1.0 ], "autotile_index": 0.0, "tileset": "tiles_911", "autotile": 1.0 }, "640_192": { "coord": [ 2.0, 2.0 ], "autotile_index": 0.0, "tileset": "tiles_911", "autotile": 1.0 }, "832_0": { "coord": [ 4.0, 2.0 ], "autotile_index": 0.0, "tileset": "tiles_911", "autotile": 1.0 }, "384_64": { "autotile": 1.0, "autotile_index": 0.0, "tileset": "tiles_911", "coord": [ 3.0, 1.0 ] }, "704_64": { "coord": [ 3.0, 1.0 ], "autotile_index": 0.0, "tileset": "tiles_911", "autotile": 1.0 }, "736_256": { "coord": [ 2.0, 1.0 ], "autotile_index": 0.0, "tileset": "tiles_911", "autotile": 1.0 }, "96_64": { "coord": [ 6.0, 0.0 ], "autotile_index": 0.0, "tileset": "tiles_911", "autotile": 0.0 }, "800_192": { "coord": [ 2.0, 2.0 ], "autotile_index": 0.0, "tileset": "tiles_911", "autotile": 1.0 }, "704_224": { "coord": [ 2.0, 2.0 ], "autotile_index": 0.0, "tileset": "tiles_911", "autotile": 1.0 }, "64_160": { "coord": [ 2.0, 1.0 ], "autotile_index": 0.0, "tileset": "tiles_911", "autotile": 1.0 }, "608_96": { "autotile": 0.0, "autotile_index": 0.0, "tileset": "tiles_911", "coord": [ 7.0, 1.0 ] }, "768_256": { "coord": [ 2.0, 1.0 ], "autotile_index": 0.0, "tileset": "tiles_911", "autotile": 1.0 }, "96_224": { "coord": [ 2.0, 2.0 ], "autotile_index": 0.0, "tileset": "tiles_911", "autotile": 1.0 }, "928_480": { "coord": [ 2.0, 1.0 ], "autotile_index": 0.0, "tileset": "tiles_911", "autotile": 1.0 }, "320_32": { "coord": [ 6.0, 2.0 ], "autotile_index": 0.0, "tileset": "tiles_911", "autotile": 1.0 }, "224_128": { "coord": [ 4.0, 4.0 ], "autotile_index": 0.0, "tileset": "tiles_911", "autotile": 1.0 }, "160_128": { "coord": [ 6.0, 4.0 ], "autotile_index": 0.0, "tileset": "tiles_911", "autotile": 1.0 }, "672_224": { "coord": [ 2.0, 2.0 ], "autotile_index": 0.0, "tileset": "tiles_911", "autotile": 1.0 }, "160_96": { "coord": [ 2.0, 1.0 ], "autotile_index": 0.0, "tileset": "tiles_911", "autotile": 1.0 }, "864_192": { "coord": [ 2.0, 2.0 ], "autotile_index": 0.0, "tileset": "tiles_911", "autotile": 1.0 }, "256_448": { "coord": [ 3.0, 0.0 ], "autotile_index": 0.0, "tileset": "tiles_911", "autotile": 1.0 }, "768_128": { "coord": [ 1.0, 0.0 ], "autotile_index": 0.0, "tileset": "tiles_911", "autotile": 1.0 }, "448_384": { "coord": [ 3.0, 1.0 ], "autotile_index": 0.0, "tileset": "tiles_911", "autotile": 1.0 }, "320_96": { "coord": [ 2.0, 1.0 ], "autotile_index": 0.0, "tileset": "tiles_911", "autotile": 1.0 }, "0_512": { "autotile": 0.0, "autotile_index": 0.0, "tileset": "tiles_911", "coord": [ 2.0, 1.0 ] }, "160_288": { "coord": [ 2.0, 1.0 ], "autotile_index": 0.0, "tileset": "tiles_911", "autotile": 1.0 }, "352_0": { "autotile": 1.0, "autotile_index": 0.0, "tileset": "tiles_911", "coord": [ 2.0, 1.0 ] }, "160_448": { "coord": [ 3.0, 0.0 ], "autotile_index": 0.0, "tileset": "tiles_911", "autotile": 1.0 }, "0_480": { "coord": [ 2.0, 1.0 ], "autotile_index": 0.0, "tileset": "tiles_911", "autotile": 1.0 }, "800_128": { "coord": [ 6.0, 4.0 ], "autotile_index": 0.0, "tileset": "tiles_911", "autotile": 1.0 }, "192_224": { "coord": [ 2.0, 2.0 ], "autotile_index": 0.0, "tileset": "tiles_911", "autotile": 1.0 }, "0_160": { "coord": [ 2.0, 2.0 ], "autotile_index": 0.0, "tileset": "tiles_911", "autotile": 1.0 }, "32_32": { "coord": [ 3.0, 2.0 ], "autotile_index": 0.0, "tileset": "tiles_911", "autotile": 1.0 }, "704_448": { "coord": [ 2.0, 0.0 ], "autotile_index": 0.0, "tileset": "tiles_911", "autotile": 1.0 }, "672_32": { "coord": [ 2.0, 1.0 ], "autotile_index": 0.0, "tileset": "tiles_911", "autotile": 1.0 }, "896_288": { "coord": [ 2.0, 1.0 ], "autotile_index": 0.0, "tileset": "tiles_911", "autotile": 1.0 }, "576_448": { "coord": [ 3.0, 0.0 ], "autotile_index": 0.0, "tileset": "tiles_911", "autotile": 1.0 }, "896_256": { "coord": [ 2.0, 1.0 ], "autotile_index": 0.0, "tileset": "tiles_911", "autotile": 1.0 }, "64_512": { "autotile": 0.0, "autotile_index": 0.0, "tileset": "tiles_911", "coord": [ 2.0, 1.0 ] }, "0_64": { "coord": [ 2.0, 2.0 ], "autotile_index": 0.0, "tileset": "tiles_911", "autotile": 1.0 }, "224_480": { "coord": [ 2.0, 1.0 ], "autotile_index": 0.0, "tileset": "tiles_911", "autotile": 1.0 }, "0_224": { "coord": [ 2.0, 2.0 ], "autotile_index": 0.0, "tileset": "tiles_911", "autotile": 1.0 }, "896_128": { "coord": [ 2.0, 2.0 ], "autotile_index": 0.0, "tileset": "tiles_911", "autotile": 1.0 }, "640_448": { "coord": [ 3.0, 0.0 ], "autotile_index": 0.0, "tileset": "tiles_911", "autotile": 1.0 }, "256_160": { "coord": [ 2.0, 1.0 ], "autotile_index": 0.0, "tileset": "tiles_911", "autotile": 1.0 }, "224_224": { "coord": [ 2.0, 2.0 ], "autotile_index": 0.0, "tileset": "tiles_911", "autotile": 1.0 }, "736_96": { "autotile": 0.0, "autotile_index": 0.0, "tileset": "tiles_911", "coord": [ 6.0, 1.0 ] }, "736_128": { "coord": [ 2.0, 0.0 ], "autotile_index": 0.0, "tileset": "tiles_911", "autotile": 1.0 }, "448_96": { "autotile": 0.0, "autotile_index": 0.0, "tileset": "tiles_911", "coord": [ 7.0, 1.0 ] }, "896_160": { "coord": [ 2.0, 2.0 ], "autotile_index": 0.0, "tileset": "tiles_911", "autotile": 1.0 }, "928_448": { "coord": [ 2.0, 0.0 ], "autotile_index": 0.0, "tileset": "tiles_911", "autotile": 1.0 }, "672_192": { "coord": [ 2.0, 2.0 ], "autotile_index": 0.0, "tileset": "tiles_911", "autotile": 1.0 }, "224_160": { "coord": [ 2.0, 1.0 ], "autotile_index": 0.0, "tileset": "tiles_911", "autotile": 1.0 }, "480_352": { "coord": [ 1.0, 0.0 ], "autotile_index": 0.0, "tileset": "tiles_911", "autotile": 1.0 }, "256_0": { "coord": [ 2.0, 1.0 ], "autotile_index": 0.0, "tileset": "tiles_911", "autotile": 1.0 }, "160_256": { "coord": [ 2.0, 1.0 ], "autotile_index": 0.0, "tileset": "tiles_911", "autotile": 1.0 }, "32_128": { "coord": [ 3.0, 2.0 ], "autotile_index": 0.0, "tileset": "tiles_911", "autotile": 1.0 }, "736_64": { "autotile": 0.0, "autotile_index": 0.0, "tileset": "tiles_911", "coord": [ 6.0, 0.0 ] }, "64_128": { "coord": [ 4.0, 4.0 ], "autotile_index": 0.0, "tileset": "tiles_911", "autotile": 1.0 }, "928_32": { "coord": [ 2.0, 2.0 ], "autotile_index": 0.0, "tileset": "tiles_911", "autotile": 1.0 }, "896_32": { "coord": [ 2.0, 2.0 ], "autotile_index": 0.0, "tileset": "tiles_911", "autotile": 1.0 }, "928_512": { "autotile": 0.0, "autotile_index": 0.0, "tileset": "tiles_911", "coord": [ 2.0, 1.0 ] }, "736_0": { "coord": [ 2.0, 1.0 ], "autotile_index": 0.0, "tileset": "tiles_911", "autotile": 1.0 }, "352_480": { "coord": [ 2.0, 1.0 ], "autotile_index": 0.0, "tileset": "tiles_911", "autotile": 1.0 }, "384_352": { "coord": [ 1.0, 0.0 ], "autotile_index": 0.0, "tileset": "tiles_911", "autotile": 1.0 }, "608_480": { "coord": [ 2.0, 1.0 ], "autotile_index": 0.0, "tileset": "tiles_911", "autotile": 1.0 }, "32_160": { "coord": [ 4.0, 2.0 ], "autotile_index": 0.0, "tileset": "tiles_911", "autotile": 1.0 }, "512_128": { "autotile": 1.0, "autotile_index": 0.0, "tileset": "tiles_911", "coord": [ 2.0, 1.0 ] }, "864_448": { "coord": [ 2.0, 0.0 ], "autotile_index": 0.0, "tileset": "tiles_911", "autotile": 1.0 }, "128_448": { "coord": [ 2.0, 0.0 ], "autotile_index": 0.0, "tileset": "tiles_911", "autotile": 1.0 }, "512_192": { "coord": [ 2.0, 1.0 ], "autotile_index": 0.0, "tileset": "tiles_911", "autotile": 1.0 }, "192_64": { "coord": [ 2.0, 1.0 ], "autotile_index": 0.0, "tileset": "tiles_911", "autotile": 1.0 }, "864_128": { "coord": [ 2.0, 2.0 ], "autotile_index": 0.0, "tileset": "tiles_911", "autotile": 1.0 }, "352_128": { "autotile": 1.0, "autotile_index": 0.0, "tileset": "tiles_911", "coord": [ 2.0, 1.0 ] }, "288_0": { "coord": [ 2.0, 1.0 ], "autotile_index": 0.0, "tileset": "tiles_911", "autotile": 1.0 }, "192_512": { "autotile": 0.0, "autotile_index": 0.0, "tileset": "tiles_911", "coord": [ 2.0, 1.0 ] }, "928_192": { "coord": [ 2.0, 2.0 ], "autotile_index": 0.0, "tileset": "tiles_911", "autotile": 1.0 }, "544_448": { "coord": [ 2.0, 0.0 ], "autotile_index": 0.0, "tileset": "tiles_911", "autotile": 1.0 }, "576_256": { "coord": [ 2.0, 1.0 ], "autotile_index": 0.0, "tileset": "tiles_911", "autotile": 1.0 }, "320_224": { "coord": [ 2.0, 1.0 ], "autotile_index": 0.0, "tileset": "tiles_911", "autotile": 1.0 }, "416_416": { "coord": [ 1.0, 2.0 ], "autotile_index": 0.0, "tileset": "tiles_911", "autotile": 1.0 }, "864_96": { "coord": [ 2.0, 2.0 ], "autotile_index": 0.0, "tileset": "tiles_911", "autotile": 1.0 }, "384_480": { "coord": [ 2.0, 1.0 ], "autotile_index": 0.0, "tileset": "tiles_911", "autotile": 1.0 }, "384_384": { "coord": [ 2.0, 1.0 ], "autotile_index": 0.0, "tileset": "tiles_911", "autotile": 1.0 }, "832_224": { "coord": [ 2.0, 2.0 ], "autotile_index": 0.0, "tileset": "tiles_911", "autotile": 1.0 }, "448_192": { "coord": [ 2.0, 1.0 ], "autotile_index": 0.0, "tileset": "tiles_911", "autotile": 1.0 }, "832_32": { "coord": [ 1.0, 2.0 ], "autotile_index": 0.0, "tileset": "tiles_911", "autotile": 1.0 }, "320_160": { "coord": [ 2.0, 1.0 ], "autotile_index": 0.0, "tileset": "tiles_911", "autotile": 1.0 }, "224_192": { "coord": [ 2.0, 2.0 ], "autotile_index": 0.0, "tileset": "tiles_911", "autotile": 1.0 }, "800_96": { "coord": [ 2.0, 1.0 ], "autotile_index": 0.0, "tileset": "tiles_911", "autotile": 1.0 }, "256_288": { "coord": [ 2.0, 1.0 ], "autotile_index": 0.0, "tileset": "tiles_911", "autotile": 1.0 }, "768_288": { "coord": [ 2.0, 1.0 ], "autotile_index": 0.0, "tileset": "tiles_911", "autotile": 1.0 }, "704_512": { "autotile": 0.0, "autotile_index": 0.0, "tileset": "tiles_911", "coord": [ 2.0, 1.0 ] }, "544_512": { "autotile": 0.0, "autotile_index": 0.0, "tileset": "tiles_911", "coord": [ 2.0, 1.0 ] }, "864_224": { "coord": [ 2.0, 2.0 ], "autotile_index": 0.0, "tileset": "tiles_911", "autotile": 1.0 }, "256_64": { "coord": [ 6.0, 0.0 ], "autotile_index": 0.0, "tileset": "tiles_911", "autotile": 0.0 }, "352_512": { "autotile": 0.0, "autotile_index": 0.0, "tileset": "tiles_911", "coord": [ 2.0, 1.0 ] }, "608_256": { "coord": [ 2.0, 1.0 ], "autotile_index": 0.0, "tileset": "tiles_911", "autotile": 1.0 }, "288_96": { "coord": [ 7.0, 1.0 ], "autotile_index": 0.0, "tileset": "tiles_911", "autotile": 0.0 }, "32_288": { "coord": [ 2.0, 1.0 ], "autotile_index": 0.0, "tileset": "tiles_911", "autotile": 1.0 }, "224_512": { "autotile": 0.0, "autotile_index": 0.0, "tileset": "tiles_911", "coord": [ 2.0, 1.0 ] }, "672_96": { "coord": [ 2.0, 1.0 ], "autotile_index": 0.0, "tileset": "tiles_911", "autotile": 1.0 }, "64_480": { "coord": [ 2.0, 1.0 ], "autotile_index": 0.0, "tileset": "tiles_911", "autotile": 1.0 }, "384_448": { "coord": [ 6.0, 4.0 ], "autotile_index": 0.0, "tileset": "tiles_911", "autotile": 1.0 }, "480_512": { "autotile": 0.0, "autotile_index": 0.0, "tileset": "tiles_911", "coord": [ 2.0, 1.0 ] }, "576_0": { "autotile": 1.0, "autotile_index": 0.0, "tileset": "tiles_911", "coord": [ 2.0, 1.0 ] }, "576_64": { "autotile": 0.0, "autotile_index": 0.0, "tileset": "tiles_911", "coord": [ 6.0, 0.0 ] }, "672_256": { "coord": [ 2.0, 1.0 ], "autotile_index": 0.0, "tileset": "tiles_911", "autotile": 1.0 }, "640_224": { "coord": [ 2.0, 2.0 ], "autotile_index": 0.0, "tileset": "tiles_911", "autotile": 1.0 }, "32_0": { "coord": [ 4.0, 2.0 ], "autotile_index": 0.0, "tileset": "tiles_911", "autotile": 1.0 }, "672_0": { "coord": [ 2.0, 1.0 ], "autotile_index": 0.0, "tileset": "tiles_911", "autotile": 1.0 }, "352_224": { "coord": [ 2.0, 1.0 ], "autotile_index": 0.0, "tileset": "tiles_911", "autotile": 1.0 }, "96_512": { "autotile": 0.0, "autotile_index": 0.0, "tileset": "tiles_911", "coord": [ 2.0, 1.0 ] }, "-32_288": { "coord": [ 0.0, 0.0 ], "autotile_index": 0.0, "tileset": "tile_medieval", "autotile": 1.0 }, "864_0": { "coord": [ 2.0, 2.0 ], "autotile_index": 0.0, "tileset": "tiles_911", "autotile": 1.0 }, "672_480": { "coord": [ 2.0, 1.0 ], "autotile_index": 0.0, "tileset": "tiles_911", "autotile": 1.0 }, "416_96": { "autotile": 0.0, "autotile_index": 0.0, "tileset": "tiles_911", "coord": [ 6.0, 1.0 ] }, "576_224": { "coord": [ 6.0, 2.0 ], "autotile_index": 0.0, "tileset": "tiles_911", "autotile": 1.0 }, "320_512": { "autotile": 0.0, "autotile_index": 0.0, "tileset": "tiles_911", "coord": [ 2.0, 1.0 ] }, "384_416": { "coord": [ 2.0, 1.0 ], "autotile_index": 0.0, "tileset": "tiles_911", "autotile": 1.0 }, "416_32": { "autotile": 1.0, "autotile_index": 0.0, "tileset": "tiles_911", "coord": [ 2.0, 1.0 ] }, "256_128": { "coord": [ 2.0, 0.0 ], "autotile_index": 0.0, "tileset": "tiles_911", "autotile": 1.0 }, "608_288": { "coord": [ 2.0, 1.0 ], "autotile_index": 0.0, "tileset": "tiles_911", "autotile": 1.0 } } }, "backgrounds": { "5": { "x": 0.0, "scroll_x": 0.0, "tile_y": 1.0, "hspeed": 0.0, "scroll_y": 0.0, "y": 0.0, "sprite": "9_11_background", "tile_x": 1.0, "vspeed": 0.0, "image_speed": 15.0, "panic_sprite": -1.0 } }, "properties": { "song": "", "roomX": 0.0, "levelWidth": 960.0, "roomY": 0.0, "levelHeight": 540.0, "songTransitionTime": 100.0 } }