{ "editorVersion": 5.0, "instances": [ { "layer": 0.0, "deleted": 0.0, "variables": { "x": 416.0, "flipX": 0.0, "y": -224.0, "flipY": 0.0 }, "object": 722.0 }, { "layer": 0.0, "deleted": 0.0, "variables": { "x": 448.0, "flipX": 0.0, "y": -224.0, "flipY": 0.0 }, "object": 722.0 }, { "layer": 0.0, "deleted": 0.0, "variables": { "x": 480.0, "flipX": 0.0, "y": -224.0, "flipY": 0.0 }, "object": 722.0 }, { "layer": 0.0, "deleted": 0.0, "variables": { "x": 384.0, "flipX": 0.0, "y": -224.0, "flipY": 0.0 }, "object": 722.0 }, { "layer": 0.0, "deleted": 0.0, "variables": { "x": 512.0, "flipX": 0.0, "y": -224.0, "flipY": 0.0 }, "object": 722.0 }, { "layer": 0.0, "deleted": 0.0, "variables": { "x": 96.0, "flipX": 0.0, "y": -96.0, "flipY": 0.0 }, "object": 517.0 }, { "layer": 0.0, "deleted": 0.0, "variables": { "x": 64.0, "flipX": 0.0, "y": -96.0, "flipY": 0.0 }, "object": 517.0 }, { "layer": 0.0, "deleted": 0.0, "variables": { "x": 64.0, "flipX": 0.0, "y": -64.0, "flipY": 0.0 }, "object": 517.0 }, { "layer": 0.0, "deleted": 0.0, "variables": { "x": 64.0, "flipX": 0.0, "y": -32.0, "flipY": 0.0 }, "object": 517.0 }, { "layer": 0.0, "deleted": 0.0, "variables": { "x": 64.0, "flipX": 0.0, "y": 0.0, "flipY": 0.0 }, "object": 517.0 }, { "layer": 0.0, "deleted": 0.0, "variables": { "x": 96.0, "flipX": 0.0, "y": 0.0, "flipY": 0.0 }, "object": 517.0 }, { "layer": 0.0, "deleted": 0.0, "variables": { "x": 128.0, "flipX": 0.0, "y": 0.0, "flipY": 0.0 }, "object": 517.0 }, { "layer": 0.0, "deleted": 1.0, "variables": { "x": 704.0, "flipX": 0.0, "y": 480.0, "flipY": 0.0 }, "object": 517.0 }, { "layer": 0.0, "deleted": 1.0, "variables": { "x": 672.0, "flipX": 0.0, "y": 480.0, "flipY": 0.0 }, "object": 517.0 }, { "layer": 0.0, "deleted": 1.0, "variables": { "x": 640.0, "flipX": 0.0, "y": 480.0, "flipY": 0.0 }, "object": 517.0 }, { "layer": 0.0, "deleted": 1.0, "variables": { "x": 608.0, "flipX": 0.0, "y": 480.0, "flipY": 0.0 }, "object": 517.0 }, { "layer": 0.0, "deleted": 1.0, "variables": { "x": 576.0, "flipX": 0.0, "y": 480.0, "flipY": 0.0 }, "object": 517.0 }, { "layer": 0.0, "deleted": 1.0, "variables": { "x": 544.0, "flipX": 0.0, "y": 480.0, "flipY": 0.0 }, "object": 517.0 }, { "layer": 0.0, "deleted": 0.0, "variables": { "x": 352.0, "flipX": 0.0, "y": 0.0, "flipY": 0.0 }, "object": 517.0 }, { "layer": 0.0, "deleted": 0.0, "variables": { "x": 384.0, "flipX": 0.0, "y": 0.0, "flipY": 0.0 }, "object": 517.0 }, { "layer": 0.0, "deleted": 0.0, "variables": { "x": 416.0, "flipX": 0.0, "y": 0.0, "flipY": 0.0 }, "object": 517.0 }, { "layer": 0.0, "deleted": 0.0, "variables": { "x": 448.0, "flipX": 0.0, "y": 0.0, "flipY": 0.0 }, "object": 517.0 }, { "layer": 0.0, "deleted": 0.0, "variables": { "x": 480.0, "flipX": 0.0, "y": 0.0, "flipY": 0.0 }, "object": 517.0 }, { "layer": 0.0, "deleted": 0.0, "variables": { "x": 512.0, "flipX": 0.0, "y": 0.0, "flipY": 0.0 }, "object": 517.0 }, { "layer": 0.0, "deleted": 0.0, "variables": { "x": 544.0, "flipX": 0.0, "y": 0.0, "flipY": 0.0 }, "object": 517.0 }, { "layer": 0.0, "deleted": 0.0, "variables": { "x": 576.0, "flipX": 0.0, "y": 0.0, "flipY": 0.0 }, "object": 517.0 }, { "layer": 0.0, "deleted": 0.0, "variables": { "x": 608.0, "flipX": 0.0, "y": 0.0, "flipY": 0.0 }, "object": 517.0 }, { "layer": 0.0, "deleted": 0.0, "variables": { "x": 832.0, "flipX": 0.0, "y": 384.0, "flipY": 0.0 }, "object": 517.0 }, { "layer": 0.0, "deleted": 0.0, "variables": { "x": 832.0, "flipX": 0.0, "y": 160.0, "flipY": 0.0 }, "object": 517.0 }, { "layer": 0.0, "deleted": 0.0, "variables": { "x": 832.0, "flipX": 0.0, "y": 192.0, "flipY": 0.0 }, "object": 517.0 }, { "layer": 0.0, "deleted": 0.0, "variables": { "x": 832.0, "flipX": 0.0, "y": 224.0, "flipY": 0.0 }, "object": 517.0 }, { "layer": 0.0, "deleted": 0.0, "variables": { "x": 832.0, "flipX": 0.0, "y": 256.0, "flipY": 0.0 }, "object": 517.0 }, { "layer": 0.0, "deleted": 0.0, "variables": { "x": 832.0, "flipX": 0.0, "y": 32.0, "flipY": 0.0 }, "object": 517.0 }, { "layer": 0.0, "deleted": 0.0, "variables": { "x": 832.0, "flipX": 0.0, "y": 0.0, "flipY": 0.0 }, "object": 517.0 }, { "layer": 0.0, "deleted": 0.0, "variables": { "x": 864.0, "flipX": 0.0, "y": 0.0, "flipY": 0.0 }, "object": 517.0 }, { "layer": 0.0, "deleted": 0.0, "variables": { "x": 896.0, "flipX": 0.0, "y": 0.0, "flipY": 0.0 }, "object": 517.0 }, { "layer": 0.0, "deleted": 0.0, "variables": { "x": 896.0, "flipX": 0.0, "y": -32.0, "flipY": 0.0 }, "object": 517.0 }, { "layer": 0.0, "deleted": 0.0, "variables": { "x": 896.0, "flipX": 0.0, "y": -64.0, "flipY": 0.0 }, "object": 517.0 }, { "layer": 0.0, "deleted": 0.0, "variables": { "x": 896.0, "flipX": 0.0, "y": -96.0, "flipY": 0.0 }, "object": 517.0 }, { "layer": 0.0, "deleted": 0.0, "variables": { "x": 864.0, "flipX": 0.0, "y": -64.0, "flipY": 0.0 }, "object": 517.0 }, { "layer": 0.0, "deleted": 0.0, "variables": { "x": 864.0, "flipX": 0.0, "y": -96.0, "flipY": 0.0 }, "object": 517.0 }, { "layer": 0.0, "deleted": 0.0, "variables": { "x": 864.0, "flipX": 0.0, "y": -32.0, "flipY": 0.0 }, "object": 517.0 }, { "layer": 0.0, "deleted": 0.0, "variables": { "x": 832.0, "flipX": 0.0, "y": -32.0, "flipY": 0.0 }, "object": 517.0 }, { "layer": 0.0, "deleted": 0.0, "variables": { "x": 832.0, "flipX": 0.0, "y": 288.0, "flipY": 0.0 }, "object": 517.0 }, { "layer": 0.0, "deleted": 0.0, "variables": { "x": 832.0, "flipX": 0.0, "y": 320.0, "flipY": 0.0 }, "object": 517.0 }, { "layer": 0.0, "deleted": 0.0, "variables": { "x": 832.0, "flipX": 0.0, "y": 64.0, "flipY": 0.0 }, "object": 517.0 }, { "layer": 0.0, "deleted": 0.0, "variables": { "x": 832.0, "flipX": 0.0, "y": 96.0, "flipY": 0.0 }, "object": 517.0 }, { "layer": 0.0, "deleted": 0.0, "variables": { "x": 832.0, "flipX": 0.0, "y": 128.0, "flipY": 0.0 }, "object": 517.0 }, { "layer": 0.0, "deleted": 0.0, "variables": { "x": 832.0, "flipX": 0.0, "y": 352.0, "flipY": 0.0 }, "object": 517.0 }, { "layer": 0.0, "deleted": 0.0, "variables": { "x": 608.0, "flipX": 0.0, "y": -32.0, "flipY": 0.0 }, "object": 517.0 }, { "layer": 0.0, "deleted": 0.0, "variables": { "x": 576.0, "flipX": 0.0, "y": -32.0, "flipY": 0.0 }, "object": 517.0 }, { "layer": 0.0, "deleted": 0.0, "variables": { "x": 544.0, "flipX": 0.0, "y": -32.0, "flipY": 0.0 }, "object": 517.0 }, { "layer": 0.0, "deleted": 0.0, "variables": { "x": 512.0, "flipX": 0.0, "y": -32.0, "flipY": 0.0 }, "object": 517.0 }, { "layer": 0.0, "deleted": 0.0, "variables": { "x": 480.0, "flipX": 0.0, "y": -32.0, "flipY": 0.0 }, "object": 517.0 }, { "layer": 0.0, "deleted": 0.0, "variables": { "x": 448.0, "flipX": 0.0, "y": -32.0, "flipY": 0.0 }, "object": 517.0 }, { "layer": 0.0, "deleted": 0.0, "variables": { "x": 416.0, "flipX": 0.0, "y": -32.0, "flipY": 0.0 }, "object": 517.0 }, { "layer": 0.0, "deleted": 0.0, "variables": { "x": 384.0, "flipX": 0.0, "y": -32.0, "flipY": 0.0 }, "object": 517.0 }, { "layer": 0.0, "deleted": 0.0, "variables": { "x": 352.0, "flipX": 0.0, "y": -32.0, "flipY": 0.0 }, "object": 517.0 }, { "layer": 0.0, "deleted": 0.0, "variables": { "x": 832.0, "flipX": 0.0, "y": 416.0, "flipY": 0.0 }, "object": 517.0 }, { "layer": 0.0, "deleted": 0.0, "variables": { "x": 832.0, "flipX": 0.0, "y": 448.0, "flipY": 0.0 }, "object": 517.0 }, { "layer": 0.0, "deleted": 0.0, "variables": { "x": 832.0, "flipX": 0.0, "y": 480.0, "flipY": 0.0 }, "object": 517.0 }, { "layer": 0.0, "deleted": 1.0, "variables": { "x": 256.0, "flipX": 0.0, "y": 480.0, "flipY": 0.0 }, "object": 722.0 }, { "layer": 0.0, "deleted": 1.0, "variables": { "x": 768.0, "flipX": 0.0, "y": 480.0, "flipY": 0.0 }, "object": 517.0 }, { "layer": 0.0, "deleted": 1.0, "variables": { "x": 736.0, "flipX": 0.0, "y": 480.0, "flipY": 0.0 }, "object": 517.0 }, { "layer": 0.0, "deleted": 0.0, "variables": { "x": 128.0, "flipX": 0.0, "y": -32.0, "flipY": 0.0 }, "object": 517.0 }, { "layer": 0.0, "deleted": 0.0, "variables": { "x": 96.0, "flipX": 0.0, "y": -32.0, "flipY": 0.0 }, "object": 517.0 }, { "layer": 0.0, "deleted": 0.0, "variables": { "x": 96.0, "flipX": 0.0, "y": -64.0, "flipY": 0.0 }, "object": 517.0 }, { "layer": 0.0, "deleted": 0.0, "variables": { "x": 352.0, "flipX": 0.0, "y": -224.0, "flipY": 0.0 }, "object": 722.0 }, { "layer": 0.0, "deleted": 0.0, "variables": { "x": 544.0, "flipX": 0.0, "y": -224.0, "flipY": 0.0 }, "object": 722.0 }, { "layer": 0.0, "deleted": 0.0, "variables": { "x": 464.0, "y": -256.0 }, "object": 804.0 }, { "layer": 0.0, "deleted": 0.0, "variables": { "x": 480.0, "flipX": 0.0, "y": -352.0, "flipY": 0.0 }, "object": 770.0 }, { "layer": 0.0, "deleted": 1.0, "variables": { "x": 512.0, "flipX": 0.0, "y": 480.0, "flipY": 0.0 }, "object": 517.0 }, { "layer": 0.0, "deleted": 0.0, "variables": { "x": 576.0, "flipX": 0.0, "y": -224.0, "flipY": 0.0 }, "object": 722.0 }, { "layer": 0.0, "deleted": 0.0, "variables": { "x": 608.0, "flipX": 0.0, "y": -224.0, "flipY": 0.0 }, "object": 722.0 }, { "layer": 0.0, "deleted": 1.0, "variables": { "x": 480.0, "flipX": 0.0, "y": 480.0, "flipY": 0.0 }, "object": 517.0 }, { "layer": 0.0, "deleted": 1.0, "variables": { "x": 448.0, "flipX": 0.0, "y": 480.0, "flipY": 0.0 }, "object": 517.0 }, { "layer": 0.0, "deleted": 1.0, "variables": { "x": 416.0, "flipX": 0.0, "y": 480.0, "flipY": 0.0 }, "object": 517.0 }, { "layer": 0.0, "deleted": 1.0, "variables": { "x": 384.0, "flipX": 0.0, "y": 480.0, "flipY": 0.0 }, "object": 517.0 }, { "layer": 0.0, "deleted": 1.0, "variables": { "x": 352.0, "flipX": 0.0, "y": 480.0, "flipY": 0.0 }, "object": 517.0 }, { "layer": 0.0, "deleted": 1.0, "variables": { "x": 320.0, "flipX": 0.0, "y": 480.0, "flipY": 0.0 }, "object": 517.0 }, { "layer": 0.0, "deleted": 1.0, "variables": { "x": 288.0, "flipX": 0.0, "y": 480.0, "flipY": 0.0 }, "object": 517.0 }, { "layer": 0.0, "deleted": 1.0, "variables": { "x": 256.0, "flipX": 0.0, "y": 480.0, "flipY": 0.0 }, "object": 517.0 }, { "layer": 0.0, "deleted": 1.0, "variables": { "x": 224.0, "flipX": 0.0, "y": 480.0, "flipY": 0.0 }, "object": 517.0 }, { "layer": 0.0, "deleted": 1.0, "variables": { "x": 192.0, "flipX": 0.0, "y": 480.0, "flipY": 0.0 }, "object": 517.0 }, { "layer": 0.0, "deleted": 1.0, "variables": { "x": 160.0, "flipX": 0.0, "y": 480.0, "flipY": 0.0 }, "object": 517.0 }, { "layer": 0.0, "deleted": 0.0, "variables": { "x": 128.0, "flipX": 0.0, "y": 480.0, "flipY": 0.0 }, "object": 517.0 }, { "layer": 0.0, "deleted": 0.0, "variables": { "x": 128.0, "flipX": 0.0, "y": 448.0, "flipY": 0.0 }, "object": 517.0 }, { "layer": 0.0, "deleted": 0.0, "variables": { "x": 128.0, "flipX": 0.0, "y": 416.0, "flipY": 0.0 }, "object": 517.0 }, { "layer": 0.0, "deleted": 0.0, "variables": { "x": 128.0, "flipX": 0.0, "y": 384.0, "flipY": 0.0 }, "object": 517.0 }, { "layer": 0.0, "deleted": 0.0, "variables": { "x": 128.0, "flipX": 0.0, "y": 352.0, "flipY": 0.0 }, "object": 517.0 }, { "layer": 0.0, "deleted": 0.0, "variables": { "x": 128.0, "flipX": 0.0, "y": 320.0, "flipY": 0.0 }, "object": 517.0 }, { "layer": 0.0, "deleted": 0.0, "variables": { "x": 128.0, "flipX": 0.0, "y": 288.0, "flipY": 0.0 }, "object": 517.0 }, { "layer": 0.0, "deleted": 0.0, "variables": { "x": 128.0, "flipX": 0.0, "y": 256.0, "flipY": 0.0 }, "object": 517.0 }, { "layer": 0.0, "deleted": 0.0, "variables": { "x": 128.0, "flipX": 0.0, "y": 224.0, "flipY": 0.0 }, "object": 517.0 }, { "layer": 0.0, "deleted": 0.0, "variables": { "x": 128.0, "flipX": 0.0, "y": 192.0, "flipY": 0.0 }, "object": 517.0 }, { "layer": 0.0, "deleted": 0.0, "variables": { "x": 128.0, "flipX": 0.0, "y": 160.0, "flipY": 0.0 }, "object": 517.0 }, { "layer": 0.0, "deleted": 0.0, "variables": { "x": 128.0, "flipX": 0.0, "y": 128.0, "flipY": 0.0 }, "object": 517.0 }, { "layer": 0.0, "deleted": 0.0, "variables": { "x": 128.0, "flipX": 0.0, "y": 96.0, "flipY": 0.0 }, "object": 517.0 }, { "layer": 0.0, "deleted": 0.0, "variables": { "x": 128.0, "flipX": 0.0, "y": 64.0, "flipY": 0.0 }, "object": 517.0 }, { "layer": 0.0, "deleted": 0.0, "variables": { "x": 128.0, "flipX": 0.0, "y": 32.0, "flipY": 0.0 }, "object": 517.0 }, { "layer": 0.0, "deleted": 0.0, "variables": { "x": 96.0, "flipX": 0.0, "y": 32.0, "flipY": 0.0 }, "object": 517.0 }, { "layer": 0.0, "deleted": 0.0, "variables": { "x": 64.0, "flipX": 0.0, "y": 32.0, "flipY": 0.0 }, "object": 517.0 }, { "layer": 0.0, "deleted": 0.0, "variables": { "x": 64.0, "flipX": 0.0, "y": 64.0, "flipY": 0.0 }, "object": 517.0 }, { "layer": 0.0, "deleted": 0.0, "variables": { "x": 64.0, "flipX": 0.0, "y": 96.0, "flipY": 0.0 }, "object": 517.0 }, { "layer": 0.0, "deleted": 0.0, "variables": { "x": 64.0, "flipX": 0.0, "y": 128.0, "flipY": 0.0 }, "object": 517.0 }, { "layer": 0.0, "deleted": 0.0, "variables": { "x": 64.0, "flipX": 0.0, "y": 160.0, "flipY": 0.0 }, "object": 517.0 }, { "layer": 0.0, "deleted": 0.0, "variables": { "x": 64.0, "flipX": 0.0, "y": 192.0, "flipY": 0.0 }, "object": 517.0 }, { "layer": 0.0, "deleted": 0.0, "variables": { "x": 64.0, "flipX": 0.0, "y": 224.0, "flipY": 0.0 }, "object": 517.0 }, { "layer": 0.0, "deleted": 0.0, "variables": { "x": 64.0, "flipX": 0.0, "y": 256.0, "flipY": 0.0 }, "object": 517.0 }, { "layer": 0.0, "deleted": 0.0, "variables": { "x": 64.0, "flipX": 0.0, "y": 288.0, "flipY": 0.0 }, "object": 517.0 }, { "layer": 0.0, "deleted": 0.0, "variables": { "x": 64.0, "flipX": 0.0, "y": 320.0, "flipY": 0.0 }, "object": 517.0 }, { "layer": 0.0, "deleted": 0.0, "variables": { "x": 64.0, "flipX": 0.0, "y": 352.0, "flipY": 0.0 }, "object": 517.0 }, { "layer": 0.0, "deleted": 0.0, "variables": { "x": 64.0, "flipX": 0.0, "y": 384.0, "flipY": 0.0 }, "object": 517.0 }, { "layer": 0.0, "deleted": 0.0, "variables": { "x": 64.0, "flipX": 0.0, "y": 416.0, "flipY": 0.0 }, "object": 517.0 }, { "layer": 0.0, "deleted": 0.0, "variables": { "x": 64.0, "flipX": 0.0, "y": 448.0, "flipY": 0.0 }, "object": 517.0 }, { "layer": 0.0, "deleted": 0.0, "variables": { "x": 64.0, "flipX": 0.0, "y": 480.0, "flipY": 0.0 }, "object": 517.0 }, { "layer": 0.0, "deleted": 0.0, "variables": { "x": 64.0, "flipX": 0.0, "y": 512.0, "flipY": 0.0 }, "object": 517.0 }, { "layer": 0.0, "deleted": 0.0, "variables": { "x": 96.0, "flipX": 0.0, "y": 512.0, "flipY": 0.0 }, "object": 517.0 }, { "layer": 0.0, "deleted": 0.0, "variables": { "x": 128.0, "flipX": 0.0, "y": 512.0, "flipY": 0.0 }, "object": 517.0 }, { "layer": 0.0, "deleted": 0.0, "variables": { "x": 192.0, "flipX": 0.0, "y": -96.0, "flipY": 0.0 }, "object": 752.0 }, { "layer": 0.0, "deleted": 1.0, "variables": { "x": 160.0, "flipX": 0.0, "y": -96.0, "flipY": 0.0 }, "object": 752.0 }, { "layer": 0.0, "deleted": 0.0, "variables": { "x": 768.0, "flipX": 0.0, "y": -64.0, "flipY": 0.0 }, "object": 752.0 }, { "layer": 0.0, "deleted": 1.0, "variables": { "x": 192.0, "flipX": 0.0, "y": -64.0, "flipY": 0.0 }, "object": 752.0 }, { "layer": 0.0, "deleted": 0.0, "variables": { "x": 160.0, "y": 480.0, "image_xscale": 10.0, "image_yscale": 2.0, "flipX": 0.0, "flipY": 0.0 }, "object": 517.0 }, { "layer": 0.0, "deleted": 1.0, "variables": { "x": 416.0, "flipX": 0.0, "y": 384.0, "flipY": 0.0 }, "object": 722.0 }, { "layer": 0.0, "deleted": 0.0, "variables": { "x": 160.0, "flipX": 0.0, "y": 352.0, "flipY": 0.0 }, "object": 551.0 }, { "layer": 0.0, "deleted": 0.0, "variables": { "x": 768.0, "flipX": 0.0, "y": 352.0, "flipY": 0.0 }, "object": 551.0 }, { "layer": 0.0, "deleted": 0.0, "variables": { "x": 512.0, "y": 512.0, "targetRoom": "room1", "image_xscale": 1.0, "image_yscale": 1.0, "flipX": 0.0, "flipY": 0.0 }, "object": 800.0 }, { "layer": 0.0, "deleted": 0.0, "variables": { "x": 512.0, "y": 448.0, "image_xscale": 1.0, "image_yscale": 1.0, "flipX": 0.0, "flipY": 0.0 }, "object": 805.0 }, { "layer": 0.0, "deleted": 0.0, "variables": { "x": 800.0, "flipX": 0.0, "y": -96.0, "flipY": 0.0 }, "object": 752.0 }, { "layer": 0.0, "deleted": 0.0, "variables": { "x": 160.0, "flipX": 0.0, "y": -64.0, "flipY": 0.0 }, "object": 752.0 }, { "layer": 0.0, "deleted": 0.0, "variables": { "x": 832.0, "flipX": 0.0, "y": -64.0, "flipY": 0.0 }, "object": 752.0 }, { "layer": 0.0, "deleted": 0.0, "variables": { "x": 128.0, "flipX": 0.0, "y": -96.0, "flipY": 0.0 }, "object": 752.0 }, { "layer": 0.0, "deleted": 1.0, "variables": { "x": 128.0, "flipX": 0.0, "y": -64.0, "flipY": 0.0 }, "object": 752.0 }, { "layer": 0.0, "deleted": 0.0, "variables": { "x": 544.0, "y": 480.0, "image_xscale": 9.0, "image_yscale": 2.0, "flipX": 0.0, "flipY": 0.0 }, "object": 517.0 }, { "layer": 0.0, "deleted": 1.0, "variables": { "x": 160.0, "flipX": 0.0, "y": 192.0, "flipY": 0.0 }, "object": 722.0 }, { "layer": 0.0, "deleted": 0.0, "variables": { "x": 512.0, "flipX": 0.0, "y": 384.0, "flipY": 0.0 }, "object": 722.0 }, { "layer": 0.0, "deleted": 1.0, "variables": { "x": 480.0, "flipX": 0.0, "y": -144.0, "flipY": 0.0 }, "object": 769.0 }, { "layer": 0.0, "deleted": 0.0, "variables": { "x": 448.0, "flipX": 0.0, "y": 384.0, "flipY": 0.0 }, "object": 722.0 }, { "layer": 0.0, "deleted": 0.0, "variables": { "x": 480.0, "flipX": 0.0, "y": 384.0, "flipY": 0.0 }, "object": 722.0 }, { "layer": 0.0, "deleted": 0.0, "variables": { "x": 832.0, "flipX": 0.0, "y": 512.0, "flipY": 0.0 }, "object": 517.0 }, { "layer": 0.0, "deleted": 0.0, "variables": { "x": 864.0, "flipX": 0.0, "y": 512.0, "flipY": 0.0 }, "object": 517.0 }, { "layer": 0.0, "deleted": 0.0, "variables": { "x": 896.0, "flipX": 0.0, "y": 512.0, "flipY": 0.0 }, "object": 517.0 }, { "layer": 0.0, "deleted": 0.0, "variables": { "x": 896.0, "flipX": 0.0, "y": 480.0, "flipY": 0.0 }, "object": 517.0 }, { "layer": 0.0, "deleted": 0.0, "variables": { "x": 896.0, "flipX": 0.0, "y": 448.0, "flipY": 0.0 }, "object": 517.0 }, { "layer": 0.0, "deleted": 0.0, "variables": { "x": 896.0, "flipX": 0.0, "y": 416.0, "flipY": 0.0 }, "object": 517.0 }, { "layer": 0.0, "deleted": 0.0, "variables": { "x": 896.0, "flipX": 0.0, "y": 384.0, "flipY": 0.0 }, "object": 517.0 }, { "layer": 0.0, "deleted": 0.0, "variables": { "x": 896.0, "flipX": 0.0, "y": 352.0, "flipY": 0.0 }, "object": 517.0 }, { "layer": 0.0, "deleted": 0.0, "variables": { "x": 896.0, "flipX": 0.0, "y": 320.0, "flipY": 0.0 }, "object": 517.0 }, { "layer": 0.0, "deleted": 0.0, "variables": { "x": 896.0, "flipX": 0.0, "y": 288.0, "flipY": 0.0 }, "object": 517.0 }, { "layer": 0.0, "deleted": 0.0, "variables": { "x": 896.0, "flipX": 0.0, "y": 256.0, "flipY": 0.0 }, "object": 517.0 }, { "layer": 0.0, "deleted": 0.0, "variables": { "x": 896.0, "flipX": 0.0, "y": 224.0, "flipY": 0.0 }, "object": 517.0 }, { "layer": 0.0, "deleted": 0.0, "variables": { "x": 896.0, "flipX": 0.0, "y": 192.0, "flipY": 0.0 }, "object": 517.0 }, { "layer": 0.0, "deleted": 0.0, "variables": { "x": 896.0, "flipX": 0.0, "y": 160.0, "flipY": 0.0 }, "object": 517.0 }, { "layer": 0.0, "deleted": 0.0, "variables": { "x": 896.0, "flipX": 0.0, "y": 128.0, "flipY": 0.0 }, "object": 517.0 }, { "layer": 0.0, "deleted": 0.0, "variables": { "x": 896.0, "flipX": 0.0, "y": 96.0, "flipY": 0.0 }, "object": 517.0 }, { "layer": 0.0, "deleted": 0.0, "variables": { "x": 896.0, "flipX": 0.0, "y": 64.0, "flipY": 0.0 }, "object": 517.0 }, { "layer": 0.0, "deleted": 0.0, "variables": { "x": 896.0, "flipX": 0.0, "y": 32.0, "flipY": 0.0 }, "object": 517.0 }, { "layer": 0.0, "deleted": 0.0, "variables": { "x": 864.0, "flipX": 0.0, "y": 32.0, "flipY": 0.0 }, "object": 517.0 }, { "layer": 0.0, "deleted": 0.0, "variables": { "x": 864.0, "flipX": 0.0, "y": 64.0, "flipY": 0.0 }, "object": 517.0 }, { "layer": 0.0, "deleted": 0.0, "variables": { "x": 864.0, "flipX": 0.0, "y": 96.0, "flipY": 0.0 }, "object": 517.0 }, { "layer": 0.0, "deleted": 0.0, "variables": { "x": 864.0, "flipX": 0.0, "y": 128.0, "flipY": 0.0 }, "object": 517.0 }, { "layer": 0.0, "deleted": 0.0, "variables": { "x": 864.0, "flipX": 0.0, "y": 160.0, "flipY": 0.0 }, "object": 517.0 }, { "layer": 0.0, "deleted": 0.0, "variables": { "x": 864.0, "flipX": 0.0, "y": 192.0, "flipY": 0.0 }, "object": 517.0 }, { "layer": 0.0, "deleted": 0.0, "variables": { "x": 864.0, "flipX": 0.0, "y": 224.0, "flipY": 0.0 }, "object": 517.0 }, { "layer": 0.0, "deleted": 0.0, "variables": { "x": 864.0, "flipX": 0.0, "y": 256.0, "flipY": 0.0 }, "object": 517.0 }, { "layer": 0.0, "deleted": 0.0, "variables": { "x": 864.0, "flipX": 0.0, "y": 288.0, "flipY": 0.0 }, "object": 517.0 }, { "layer": 0.0, "deleted": 0.0, "variables": { "x": 864.0, "flipX": 0.0, "y": 320.0, "flipY": 0.0 }, "object": 517.0 }, { "layer": 0.0, "deleted": 0.0, "variables": { "x": 864.0, "flipX": 0.0, "y": 352.0, "flipY": 0.0 }, "object": 517.0 }, { "layer": 0.0, "deleted": 0.0, "variables": { "x": 864.0, "flipX": 0.0, "y": 384.0, "flipY": 0.0 }, "object": 517.0 }, { "layer": 0.0, "deleted": 0.0, "variables": { "x": 864.0, "flipX": 0.0, "y": 416.0, "flipY": 0.0 }, "object": 517.0 }, { "layer": 0.0, "deleted": 0.0, "variables": { "x": 864.0, "flipX": 0.0, "y": 448.0, "flipY": 0.0 }, "object": 517.0 }, { "layer": 0.0, "deleted": 0.0, "variables": { "x": 864.0, "flipX": 0.0, "y": 480.0, "flipY": 0.0 }, "object": 517.0 }, { "layer": 0.0, "deleted": 0.0, "variables": { "x": 608.0, "flipX": 0.0, "y": 32.0, "flipY": 0.0 }, "object": 517.0 }, { "layer": 0.0, "deleted": 0.0, "variables": { "x": 576.0, "flipX": 0.0, "y": 32.0, "flipY": 0.0 }, "object": 517.0 }, { "layer": 0.0, "deleted": 0.0, "variables": { "x": 544.0, "flipX": 0.0, "y": 32.0, "flipY": 0.0 }, "object": 517.0 }, { "layer": 0.0, "deleted": 0.0, "variables": { "x": 512.0, "flipX": 0.0, "y": 32.0, "flipY": 0.0 }, "object": 517.0 }, { "layer": 0.0, "deleted": 0.0, "variables": { "x": 480.0, "flipX": 0.0, "y": 32.0, "flipY": 0.0 }, "object": 517.0 }, { "layer": 0.0, "deleted": 0.0, "variables": { "x": 448.0, "flipX": 0.0, "y": 32.0, "flipY": 0.0 }, "object": 517.0 }, { "layer": 0.0, "deleted": 0.0, "variables": { "x": 416.0, "flipX": 0.0, "y": 32.0, "flipY": 0.0 }, "object": 517.0 }, { "layer": 0.0, "deleted": 0.0, "variables": { "x": 384.0, "flipX": 0.0, "y": 32.0, "flipY": 0.0 }, "object": 517.0 }, { "layer": 0.0, "deleted": 0.0, "variables": { "x": 352.0, "flipX": 0.0, "y": 32.0, "flipY": 0.0 }, "object": 517.0 }, { "layer": 0.0, "deleted": 0.0, "variables": { "x": 96.0, "flipX": 0.0, "y": 64.0, "flipY": 0.0 }, "object": 517.0 }, { "layer": 0.0, "deleted": 0.0, "variables": { "x": 96.0, "flipX": 0.0, "y": 96.0, "flipY": 0.0 }, "object": 517.0 }, { "layer": 0.0, "deleted": 0.0, "variables": { "x": 96.0, "flipX": 0.0, "y": 128.0, "flipY": 0.0 }, "object": 517.0 }, { "layer": 0.0, "deleted": 0.0, "variables": { "x": 96.0, "flipX": 0.0, "y": 160.0, "flipY": 0.0 }, "object": 517.0 }, { "layer": 0.0, "deleted": 0.0, "variables": { "x": 96.0, "flipX": 0.0, "y": 192.0, "flipY": 0.0 }, "object": 517.0 }, { "layer": 0.0, "deleted": 0.0, "variables": { "x": 96.0, "flipX": 0.0, "y": 224.0, "flipY": 0.0 }, "object": 517.0 }, { "layer": 0.0, "deleted": 0.0, "variables": { "x": 96.0, "flipX": 0.0, "y": 256.0, "flipY": 0.0 }, "object": 517.0 }, { "layer": 0.0, "deleted": 0.0, "variables": { "x": 96.0, "flipX": 0.0, "y": 288.0, "flipY": 0.0 }, "object": 517.0 }, { "layer": 0.0, "deleted": 0.0, "variables": { "x": 96.0, "flipX": 0.0, "y": 320.0, "flipY": 0.0 }, "object": 517.0 }, { "layer": 0.0, "deleted": 0.0, "variables": { "x": 96.0, "flipX": 0.0, "y": 352.0, "flipY": 0.0 }, "object": 517.0 }, { "layer": 0.0, "deleted": 0.0, "variables": { "x": 96.0, "flipX": 0.0, "y": 384.0, "flipY": 0.0 }, "object": 517.0 }, { "layer": 0.0, "deleted": 0.0, "variables": { "x": 96.0, "flipX": 0.0, "y": 416.0, "flipY": 0.0 }, "object": 517.0 }, { "layer": 0.0, "deleted": 0.0, "variables": { "x": 96.0, "flipX": 0.0, "y": 448.0, "flipY": 0.0 }, "object": 517.0 }, { "layer": 0.0, "deleted": 0.0, "variables": { "x": 96.0, "flipX": 0.0, "y": 480.0, "flipY": 0.0 }, "object": 517.0 }, { "layer": 0.0, "deleted": 0.0, "variables": { "x": 160.0, "flipX": 0.0, "y": -32.0, "flipY": 0.0 }, "object": 722.0 }, { "layer": 0.0, "deleted": 0.0, "variables": { "x": 800.0, "flipX": 0.0, "y": -32.0, "flipY": 0.0 }, "object": 722.0 }, { "layer": 0.0, "deleted": 0.0, "variables": { "x": 192.0, "flipX": 0.0, "y": -32.0, "flipY": 0.0 }, "object": 722.0 }, { "layer": 0.0, "deleted": 0.0, "variables": { "x": 768.0, "flipX": 0.0, "y": -32.0, "flipY": 0.0 }, "object": 722.0 }, { "layer": 0.0, "deleted": 0.0, "variables": { "x": 160.0, "flipX": 0.0, "y": 224.0, "flipY": 0.0 }, "object": 517.0 }, { "layer": 0.0, "deleted": 0.0, "variables": { "x": 192.0, "flipX": 0.0, "y": 224.0, "flipY": 0.0 }, "object": 517.0 }, { "layer": 0.0, "deleted": 0.0, "variables": { "x": 224.0, "flipX": 0.0, "y": 224.0, "flipY": 0.0 }, "object": 517.0 }, { "layer": 0.0, "deleted": 0.0, "variables": { "x": 256.0, "flipX": 0.0, "y": 224.0, "flipY": 0.0 }, "object": 517.0 }, { "layer": 0.0, "deleted": 0.0, "variables": { "x": 288.0, "flipX": 0.0, "y": 224.0, "flipY": 0.0 }, "object": 517.0 }, { "layer": 0.0, "deleted": 0.0, "variables": { "x": 320.0, "flipX": 0.0, "y": 224.0, "flipY": 0.0 }, "object": 517.0 }, { "layer": 0.0, "deleted": 0.0, "variables": { "x": 320.0, "flipX": 0.0, "y": 256.0, "flipY": 0.0 }, "object": 517.0 }, { "layer": 0.0, "deleted": 0.0, "variables": { "x": 320.0, "flipX": 0.0, "y": 288.0, "flipY": 0.0 }, "object": 517.0 }, { "layer": 0.0, "deleted": 0.0, "variables": { "x": 288.0, "flipX": 0.0, "y": 288.0, "flipY": 0.0 }, "object": 517.0 }, { "layer": 0.0, "deleted": 0.0, "variables": { "x": 256.0, "flipX": 0.0, "y": 288.0, "flipY": 0.0 }, "object": 517.0 }, { "layer": 0.0, "deleted": 0.0, "variables": { "x": 224.0, "flipX": 0.0, "y": 288.0, "flipY": 0.0 }, "object": 517.0 }, { "layer": 0.0, "deleted": 0.0, "variables": { "x": 192.0, "flipX": 0.0, "y": 288.0, "flipY": 0.0 }, "object": 517.0 }, { "layer": 0.0, "deleted": 0.0, "variables": { "x": 160.0, "flipX": 0.0, "y": 288.0, "flipY": 0.0 }, "object": 517.0 }, { "layer": 0.0, "deleted": 0.0, "variables": { "x": 160.0, "flipX": 0.0, "y": 256.0, "flipY": 0.0 }, "object": 517.0 }, { "layer": 0.0, "deleted": 0.0, "variables": { "x": 192.0, "flipX": 0.0, "y": 256.0, "flipY": 0.0 }, "object": 517.0 }, { "layer": 0.0, "deleted": 0.0, "variables": { "x": 224.0, "flipX": 0.0, "y": 256.0, "flipY": 0.0 }, "object": 517.0 }, { "layer": 0.0, "deleted": 0.0, "variables": { "x": 256.0, "flipX": 0.0, "y": 256.0, "flipY": 0.0 }, "object": 517.0 }, { "layer": 0.0, "deleted": 0.0, "variables": { "x": 288.0, "flipX": 0.0, "y": 256.0, "flipY": 0.0 }, "object": 517.0 }, { "layer": 0.0, "deleted": 0.0, "variables": { "x": 640.0, "flipX": 0.0, "y": 224.0, "flipY": 0.0 }, "object": 517.0 }, { "layer": 0.0, "deleted": 0.0, "variables": { "x": 640.0, "flipX": 0.0, "y": 256.0, "flipY": 0.0 }, "object": 517.0 }, { "layer": 0.0, "deleted": 0.0, "variables": { "x": 672.0, "flipX": 0.0, "y": 256.0, "flipY": 0.0 }, "object": 517.0 }, { "layer": 0.0, "deleted": 0.0, "variables": { "x": 672.0, "flipX": 0.0, "y": 288.0, "flipY": 0.0 }, "object": 517.0 }, { "layer": 0.0, "deleted": 0.0, "variables": { "x": 640.0, "flipX": 0.0, "y": 288.0, "flipY": 0.0 }, "object": 517.0 }, { "layer": 0.0, "deleted": 0.0, "variables": { "x": 704.0, "flipX": 0.0, "y": 288.0, "flipY": 0.0 }, "object": 517.0 }, { "layer": 0.0, "deleted": 0.0, "variables": { "x": 736.0, "flipX": 0.0, "y": 288.0, "flipY": 0.0 }, "object": 517.0 }, { "layer": 0.0, "deleted": 0.0, "variables": { "x": 768.0, "flipX": 0.0, "y": 288.0, "flipY": 0.0 }, "object": 517.0 }, { "layer": 0.0, "deleted": 0.0, "variables": { "x": 800.0, "flipX": 0.0, "y": 288.0, "flipY": 0.0 }, "object": 517.0 }, { "layer": 0.0, "deleted": 0.0, "variables": { "x": 800.0, "flipX": 0.0, "y": 256.0, "flipY": 0.0 }, "object": 517.0 }, { "layer": 0.0, "deleted": 0.0, "variables": { "x": 800.0, "flipX": 0.0, "y": 224.0, "flipY": 0.0 }, "object": 517.0 }, { "layer": 0.0, "deleted": 0.0, "variables": { "x": 768.0, "flipX": 0.0, "y": 224.0, "flipY": 0.0 }, "object": 517.0 }, { "layer": 0.0, "deleted": 0.0, "variables": { "x": 736.0, "flipX": 0.0, "y": 224.0, "flipY": 0.0 }, "object": 517.0 }, { "layer": 0.0, "deleted": 0.0, "variables": { "x": 704.0, "flipX": 0.0, "y": 224.0, "flipY": 0.0 }, "object": 517.0 }, { "layer": 0.0, "deleted": 0.0, "variables": { "x": 672.0, "flipX": 0.0, "y": 224.0, "flipY": 0.0 }, "object": 517.0 }, { "layer": 0.0, "deleted": 0.0, "variables": { "x": 704.0, "flipX": 0.0, "y": 256.0, "flipY": 0.0 }, "object": 517.0 }, { "layer": 0.0, "deleted": 0.0, "variables": { "x": 736.0, "flipX": 0.0, "y": 256.0, "flipY": 0.0 }, "object": 517.0 }, { "layer": 0.0, "deleted": 0.0, "variables": { "x": 768.0, "flipX": 0.0, "y": 256.0, "flipY": 0.0 }, "object": 517.0 }, { "layer": 0.0, "deleted": 0.0, "variables": { "x": 512.0, "flipX": 0.0, "y": 177.0, "flipY": 0.0 }, "object": 769.0 }, { "layer": 0.0, "deleted": 0.0, "variables": { "x": 352.0, "flipX": 0.0, "y": 224.0, "flipY": 0.0 }, "object": 517.0 }, { "layer": 0.0, "deleted": 0.0, "variables": { "x": 352.0, "flipX": 0.0, "y": 256.0, "flipY": 0.0 }, "object": 517.0 }, { "layer": 0.0, "deleted": 0.0, "variables": { "x": 352.0, "flipX": 0.0, "y": 288.0, "flipY": 0.0 }, "object": 517.0 }, { "layer": 0.0, "deleted": 0.0, "variables": { "x": 608.0, "flipX": 0.0, "y": 288.0, "flipY": 0.0 }, "object": 517.0 }, { "layer": 0.0, "deleted": 0.0, "variables": { "x": 608.0, "flipX": 0.0, "y": 256.0, "flipY": 0.0 }, "object": 517.0 }, { "layer": 0.0, "deleted": 0.0, "variables": { "x": 608.0, "flipX": 0.0, "y": 224.0, "flipY": 0.0 }, "object": 517.0 }, { "layer": 0.0, "deleted": 0.0, "variables": { "x": 608.0, "flipX": 0.0, "y": 192.0, "flipY": 0.0 }, "object": 739.0 }, { "layer": 0.0, "deleted": 0.0, "variables": { "x": 608.0, "flipX": 0.0, "y": 160.0, "flipY": 0.0 }, "object": 739.0 }, { "layer": 0.0, "deleted": 0.0, "variables": { "x": 608.0, "flipX": 0.0, "y": 128.0, "flipY": 0.0 }, "object": 739.0 }, { "layer": 0.0, "deleted": 0.0, "variables": { "x": 608.0, "flipX": 0.0, "y": 96.0, "flipY": 0.0 }, "object": 739.0 }, { "layer": 0.0, "deleted": 0.0, "variables": { "x": 608.0, "flipX": 0.0, "y": 64.0, "flipY": 0.0 }, "object": 739.0 }, { "layer": 0.0, "deleted": 0.0, "variables": { "x": 352.0, "flipX": 0.0, "y": 192.0, "flipY": 0.0 }, "object": 739.0 }, { "layer": 0.0, "deleted": 0.0, "variables": { "x": 352.0, "flipX": 0.0, "y": 160.0, "flipY": 0.0 }, "object": 739.0 }, { "layer": 0.0, "deleted": 0.0, "variables": { "x": 352.0, "flipX": 0.0, "y": 128.0, "flipY": 0.0 }, "object": 739.0 }, { "layer": 0.0, "deleted": 0.0, "variables": { "x": 352.0, "flipX": 0.0, "y": 96.0, "flipY": 0.0 }, "object": 739.0 }, { "layer": 0.0, "deleted": 0.0, "variables": { "x": 352.0, "flipX": 0.0, "y": 64.0, "flipY": 0.0 }, "object": 739.0 }, { "layer": 0.0, "deleted": 0.0, "variables": { "x": 384.0, "flipX": 0.0, "y": 288.0, "flipY": 0.0 }, "object": 738.0 }, { "layer": 0.0, "deleted": 0.0, "variables": { "x": 416.0, "flipX": 0.0, "y": 288.0, "flipY": 0.0 }, "object": 738.0 }, { "layer": 0.0, "deleted": 0.0, "variables": { "x": 448.0, "flipX": 0.0, "y": 288.0, "flipY": 0.0 }, "object": 738.0 }, { "layer": 0.0, "deleted": 0.0, "variables": { "x": 480.0, "flipX": 0.0, "y": 288.0, "flipY": 0.0 }, "object": 738.0 }, { "layer": 0.0, "deleted": 0.0, "variables": { "x": 512.0, "flipX": 0.0, "y": 288.0, "flipY": 0.0 }, "object": 738.0 }, { "layer": 0.0, "deleted": 0.0, "variables": { "x": 544.0, "flipX": 0.0, "y": 288.0, "flipY": 0.0 }, "object": 738.0 }, { "layer": 0.0, "deleted": 0.0, "variables": { "x": 576.0, "flipX": 0.0, "y": 288.0, "flipY": 0.0 }, "object": 738.0 }, { "layer": 0.0, "deleted": 0.0, "variables": { "x": 736.0, "y": 434.0, "image_xscale": 1.0, "image_yscale": 1.0, "escape": "true", "flipX": 1.0, "flipY": 0.0 }, "object": 667.0 }, { "layer": 0.0, "deleted": 0.0, "variables": { "x": 256.0, "y": 434.0, "image_xscale": 1.0, "image_yscale": 1.0, "escape": "true", "flipX": 0.0, "flipY": 0.0 }, "object": 667.0 } ], "tile_data": { "5": { "832_224": { "coord": [ 3.0, 7.0 ], "autotile_index": 0.0, "tileset": "tile_medieval", "autotile": 1.0 }, "544_480": { "autotile": 1.0, "autotile_index": 0.0, "tileset": "tile_medieval", "coord": [ 1.0, 1.0 ] }, "64_320": { "autotile": 1.0, "autotile_index": 0.0, "tileset": "tile_medieval", "coord": [ 1.0, 2.0 ] }, "896_480": { "coord": [ 3.0, 2.0 ], "autotile_index": 0.0, "tileset": "tile_medieval", "autotile": 1.0 }, "544_-32": { "autotile": 1.0, "autotile_index": 0.0, "tileset": "tile_medieval", "coord": [ 2.0, 1.0 ] }, "448_384": { "autotile": 0.0, "autotile_index": 0.0, "tileset": "tile_medieval", "coord": [ 1.0, 9.0 ] }, "128_0": { "coord": [ 3.0, 2.0 ], "autotile_index": 0.0, "tileset": "tile_medieval", "autotile": 1.0 }, "224_224": { "coord": [ 2.0, 1.0 ], "autotile_index": 0.0, "tileset": "tile_medieval", "autotile": 1.0 }, "608_-224": { "coord": [ 3.0, 9.0 ], "autotile_index": 0.0, "tileset": "tile_medieval", "autotile": 0.0 }, "352_224": { "autotile": 1.0, "autotile_index": 0.0, "tileset": "tile_medieval", "coord": [ 3.0, 1.0 ] }, "672_288": { "autotile": 1.0, "autotile_index": 0.0, "tileset": "tile_medieval", "coord": [ 2.0, 3.0 ] }, "64_448": { "autotile": 1.0, "autotile_index": 0.0, "tileset": "tile_medieval", "coord": [ 1.0, 2.0 ] }, "672_224": { "autotile": 1.0, "autotile_index": 0.0, "tileset": "tile_medieval", "coord": [ 2.0, 1.0 ] }, "160_480": { "coord": [ 2.0, 1.0 ], "autotile_index": 0.0, "tileset": "tile_medieval", "autotile": 1.0 }, "352_480": { "autotile": 1.0, "autotile_index": 0.0, "tileset": "tile_medieval", "coord": [ 2.0, 1.0 ] }, "320_512": { "coord": [ 2.0, 2.0 ], "autotile_index": 0.0, "tileset": "tile_medieval", "autotile": 1.0 }, "64_480": { "autotile": 1.0, "autotile_index": 0.0, "tileset": "tile_medieval", "coord": [ 1.0, 2.0 ] }, "96_128": { "coord": [ 2.0, 2.0 ], "autotile_index": 0.0, "tileset": "tile_medieval", "autotile": 1.0 }, "864_96": { "coord": [ 2.0, 2.0 ], "autotile_index": 0.0, "tileset": "tile_medieval", "autotile": 1.0 }, "768_288": { "coord": [ 2.0, 3.0 ], "autotile_index": 0.0, "tileset": "tile_medieval", "autotile": 1.0 }, "64_96": { "coord": [ 1.0, 2.0 ], "autotile_index": 0.0, "tileset": "tile_medieval", "autotile": 1.0 }, "768_-32": { "autotile": 0.0, "autotile_index": 0.0, "tileset": "tile_medieval", "coord": [ 1.0, 9.0 ] }, "864_352": { "coord": [ 2.0, 2.0 ], "autotile_index": 0.0, "tileset": "tile_medieval", "autotile": 1.0 }, "864_448": { "coord": [ 2.0, 2.0 ], "autotile_index": 0.0, "tileset": "tile_medieval", "autotile": 1.0 }, "832_480": { "coord": [ 3.0, 7.0 ], "autotile_index": 0.0, "tileset": "tile_medieval", "autotile": 1.0 }, "768_256": { "coord": [ 2.0, 2.0 ], "autotile_index": 0.0, "tileset": "tile_medieval", "autotile": 1.0 }, "320_224": { "autotile": 1.0, "autotile_index": 0.0, "tileset": "tile_medieval", "coord": [ 2.0, 1.0 ] }, "96_-32": { "coord": [ 1.0, 7.0 ], "autotile_index": 0.0, "tileset": "tile_medieval", "autotile": 1.0 }, "832_192": { "coord": [ 1.0, 2.0 ], "autotile_index": 0.0, "tileset": "tile_medieval", "autotile": 1.0 }, "96_96": { "coord": [ 2.0, 2.0 ], "autotile_index": 0.0, "tileset": "tile_medieval", "autotile": 1.0 }, "512_-224": { "coord": [ 2.0, 9.0 ], "autotile_index": 0.0, "tileset": "tile_medieval", "autotile": 0.0 }, "832_0": { "coord": [ 1.0, 2.0 ], "autotile_index": 0.0, "tileset": "tile_medieval", "autotile": 1.0 }, "736_224": { "coord": [ 2.0, 1.0 ], "autotile_index": 0.0, "tileset": "tile_medieval", "autotile": 1.0 }, "896_224": { "autotile": 1.0, "autotile_index": 0.0, "tileset": "tile_medieval", "coord": [ 3.0, 2.0 ] }, "896_-32": { "coord": [ 3.0, 2.0 ], "autotile_index": 0.0, "tileset": "tile_medieval", "autotile": 1.0 }, "64_160": { "coord": [ 1.0, 2.0 ], "autotile_index": 0.0, "tileset": "tile_medieval", "autotile": 1.0 }, "96_480": { "coord": [ 2.0, 2.0 ], "autotile_index": 0.0, "tileset": "tile_medieval", "autotile": 1.0 }, "864_288": { "coord": [ 2.0, 2.0 ], "autotile_index": 0.0, "tileset": "tile_medieval", "autotile": 1.0 }, "480_384": { "coord": [ 2.0, 9.0 ], "autotile_index": 0.0, "tileset": "tile_medieval", "autotile": 0.0 }, "64_32": { "coord": [ 1.0, 2.0 ], "autotile_index": 0.0, "tileset": "tile_medieval", "autotile": 1.0 }, "864_192": { "coord": [ 2.0, 2.0 ], "autotile_index": 0.0, "tileset": "tile_medieval", "autotile": 1.0 }, "864_512": { "coord": [ 2.0, 2.0 ], "autotile_index": 0.0, "tileset": "tile_medieval", "autotile": 1.0 }, "96_512": { "coord": [ 2.0, 2.0 ], "autotile_index": 0.0, "tileset": "tile_medieval", "autotile": 1.0 }, "416_32": { "coord": [ 2.0, 3.0 ], "autotile_index": 0.0, "tileset": "tile_medieval", "autotile": 1.0 }, "736_512": { "coord": [ 2.0, 2.0 ], "autotile_index": 0.0, "tileset": "tile_medieval", "autotile": 1.0 }, "800_224": { "coord": [ 2.0, 1.0 ], "autotile_index": 0.0, "tileset": "tile_medieval", "autotile": 1.0 }, "256_512": { "coord": [ 2.0, 2.0 ], "autotile_index": 0.0, "tileset": "tile_medieval", "autotile": 1.0 }, "512_0": { "autotile": 1.0, "autotile_index": 0.0, "tileset": "tile_medieval", "coord": [ 2.0, 2.0 ] }, "160_-32": { "autotile": 0.0, "autotile_index": 0.0, "tileset": "tile_medieval", "coord": [ 2.0, 9.0 ] }, "352_32": { "coord": [ 1.0, 3.0 ], "autotile_index": 0.0, "tileset": "tile_medieval", "autotile": 1.0 }, "352_0": { "coord": [ 1.0, 2.0 ], "autotile_index": 0.0, "tileset": "tile_medieval", "autotile": 1.0 }, "896_288": { "autotile": 1.0, "autotile_index": 0.0, "tileset": "tile_medieval", "coord": [ 3.0, 2.0 ] }, "352_-32": { "coord": [ 1.0, 1.0 ], "autotile_index": 0.0, "tileset": "tile_medieval", "autotile": 1.0 }, "896_512": { "coord": [ 3.0, 2.0 ], "autotile_index": 0.0, "tileset": "tile_medieval", "autotile": 1.0 }, "896_32": { "coord": [ 3.0, 2.0 ], "autotile_index": 0.0, "tileset": "tile_medieval", "autotile": 1.0 }, "864_-96": { "coord": [ 1.0, 1.0 ], "autotile_index": 0.0, "tileset": "tile_medieval", "autotile": 1.0 }, "288_256": { "autotile": 1.0, "autotile_index": 0.0, "tileset": "tile_medieval", "coord": [ 2.0, 2.0 ] }, "224_288": { "coord": [ 2.0, 3.0 ], "autotile_index": 0.0, "tileset": "tile_medieval", "autotile": 1.0 }, "512_32": { "autotile": 1.0, "autotile_index": 0.0, "tileset": "tile_medieval", "coord": [ 2.0, 3.0 ] }, "800_288": { "coord": [ 2.0, 3.0 ], "autotile_index": 0.0, "tileset": "tile_medieval", "autotile": 1.0 }, "832_256": { "coord": [ 2.0, 2.0 ], "autotile_index": 0.0, "tileset": "tile_medieval", "autotile": 1.0 }, "96_320": { "coord": [ 2.0, 2.0 ], "autotile_index": 0.0, "tileset": "tile_medieval", "autotile": 1.0 }, "896_416": { "coord": [ 3.0, 2.0 ], "autotile_index": 0.0, "tileset": "tile_medieval", "autotile": 1.0 }, "640_480": { "coord": [ 2.0, 1.0 ], "autotile_index": 0.0, "tileset": "tile_medieval", "autotile": 1.0 }, "384_0": { "coord": [ 2.0, 2.0 ], "autotile_index": 0.0, "tileset": "tile_medieval", "autotile": 1.0 }, "832_288": { "coord": [ 3.0, 5.0 ], "autotile_index": 0.0, "tileset": "tile_medieval", "autotile": 1.0 }, "480_-224": { "coord": [ 2.0, 9.0 ], "autotile_index": 0.0, "tileset": "tile_medieval", "autotile": 0.0 }, "864_320": { "coord": [ 2.0, 2.0 ], "autotile_index": 0.0, "tileset": "tile_medieval", "autotile": 1.0 }, "448_0": { "coord": [ 2.0, 2.0 ], "autotile_index": 0.0, "tileset": "tile_medieval", "autotile": 1.0 }, "384_32": { "coord": [ 2.0, 3.0 ], "autotile_index": 0.0, "tileset": "tile_medieval", "autotile": 1.0 }, "192_480": { "coord": [ 2.0, 1.0 ], "autotile_index": 0.0, "tileset": "tile_medieval", "autotile": 1.0 }, "544_32": { "autotile": 1.0, "autotile_index": 0.0, "tileset": "tile_medieval", "coord": [ 2.0, 3.0 ] }, "800_480": { "coord": [ 2.0, 1.0 ], "autotile_index": 0.0, "tileset": "tile_medieval", "autotile": 1.0 }, "128_64": { "coord": [ 3.0, 2.0 ], "autotile_index": 0.0, "tileset": "tile_medieval", "autotile": 1.0 }, "160_256": { "coord": [ 2.0, 2.0 ], "autotile_index": 0.0, "tileset": "tile_medieval", "autotile": 1.0 }, "608_256": { "autotile": 1.0, "autotile_index": 0.0, "tileset": "tile_medieval", "coord": [ 1.0, 2.0 ] }, "352_256": { "autotile": 1.0, "autotile_index": 0.0, "tileset": "tile_medieval", "coord": [ 3.0, 2.0 ] }, "288_288": { "autotile": 1.0, "autotile_index": 0.0, "tileset": "tile_medieval", "coord": [ 2.0, 3.0 ] }, "160_512": { "coord": [ 2.0, 2.0 ], "autotile_index": 0.0, "tileset": "tile_medieval", "autotile": 1.0 }, "160_224": { "coord": [ 2.0, 1.0 ], "autotile_index": 0.0, "tileset": "tile_medieval", "autotile": 1.0 }, "896_-64": { "coord": [ 3.0, 2.0 ], "autotile_index": 0.0, "tileset": "tile_medieval", "autotile": 1.0 }, "544_0": { "autotile": 1.0, "autotile_index": 0.0, "tileset": "tile_medieval", "coord": [ 2.0, 2.0 ] }, "128_288": { "coord": [ 1.0, 5.0 ], "autotile_index": 0.0, "tileset": "tile_medieval", "autotile": 1.0 }, "864_64": { "coord": [ 2.0, 2.0 ], "autotile_index": 0.0, "tileset": "tile_medieval", "autotile": 1.0 }, "224_256": { "coord": [ 2.0, 2.0 ], "autotile_index": 0.0, "tileset": "tile_medieval", "autotile": 1.0 }, "256_224": { "autotile": 1.0, "autotile_index": 0.0, "tileset": "tile_medieval", "coord": [ 2.0, 1.0 ] }, "608_32": { "coord": [ 3.0, 3.0 ], "autotile_index": 0.0, "tileset": "tile_medieval", "autotile": 1.0 }, "288_480": { "coord": [ 2.0, 1.0 ], "autotile_index": 0.0, "tileset": "tile_medieval", "autotile": 1.0 }, "736_480": { "coord": [ 2.0, 1.0 ], "autotile_index": 0.0, "tileset": "tile_medieval", "autotile": 1.0 }, "96_352": { "coord": [ 2.0, 2.0 ], "autotile_index": 0.0, "tileset": "tile_medieval", "autotile": 1.0 }, "96_-64": { "coord": [ 3.0, 2.0 ], "autotile_index": 0.0, "tileset": "tile_medieval", "autotile": 1.0 }, "896_128": { "autotile": 1.0, "autotile_index": 0.0, "tileset": "tile_medieval", "coord": [ 3.0, 2.0 ] }, "576_32": { "coord": [ 2.0, 3.0 ], "autotile_index": 0.0, "tileset": "tile_medieval", "autotile": 1.0 }, "416_512": { "autotile": 1.0, "autotile_index": 0.0, "tileset": "tile_medieval", "coord": [ 2.0, 2.0 ] }, "800_512": { "coord": [ 2.0, 2.0 ], "autotile_index": 0.0, "tileset": "tile_medieval", "autotile": 1.0 }, "288_512": { "coord": [ 2.0, 2.0 ], "autotile_index": 0.0, "tileset": "tile_medieval", "autotile": 1.0 }, "896_160": { "autotile": 1.0, "autotile_index": 0.0, "tileset": "tile_medieval", "coord": [ 3.0, 2.0 ] }, "832_-32": { "coord": [ 1.0, 1.0 ], "autotile_index": 0.0, "tileset": "tile_medieval", "autotile": 1.0 }, "512_384": { "autotile": 0.0, "autotile_index": 0.0, "tileset": "tile_medieval", "coord": [ 3.0, 9.0 ] }, "608_224": { "autotile": 1.0, "autotile_index": 0.0, "tileset": "tile_medieval", "coord": [ 1.0, 1.0 ] }, "704_512": { "coord": [ 2.0, 2.0 ], "autotile_index": 0.0, "tileset": "tile_medieval", "autotile": 1.0 }, "192_-32": { "autotile": 0.0, "autotile_index": 0.0, "tileset": "tile_medieval", "coord": [ 3.0, 9.0 ] }, "576_512": { "autotile": 1.0, "autotile_index": 0.0, "tileset": "tile_medieval", "coord": [ 2.0, 2.0 ] }, "768_224": { "coord": [ 2.0, 1.0 ], "autotile_index": 0.0, "tileset": "tile_medieval", "autotile": 1.0 }, "576_-224": { "coord": [ 2.0, 9.0 ], "autotile_index": 0.0, "tileset": "tile_medieval", "autotile": 0.0 }, "640_224": { "autotile": 1.0, "autotile_index": 0.0, "tileset": "tile_medieval", "coord": [ 2.0, 1.0 ] }, "864_0": { "coord": [ 2.0, 2.0 ], "autotile_index": 0.0, "tileset": "tile_medieval", "autotile": 1.0 }, "192_224": { "coord": [ 2.0, 1.0 ], "autotile_index": 0.0, "tileset": "tile_medieval", "autotile": 1.0 }, "864_480": { "coord": [ 2.0, 2.0 ], "autotile_index": 0.0, "tileset": "tile_medieval", "autotile": 1.0 }, "896_320": { "autotile": 1.0, "autotile_index": 0.0, "tileset": "tile_medieval", "coord": [ 3.0, 2.0 ] }, "256_480": { "coord": [ 2.0, 1.0 ], "autotile_index": 0.0, "tileset": "tile_medieval", "autotile": 1.0 }, "896_352": { "autotile": 1.0, "autotile_index": 0.0, "tileset": "tile_medieval", "coord": [ 3.0, 2.0 ] }, "96_32": { "coord": [ 2.0, 2.0 ], "autotile_index": 0.0, "tileset": "tile_medieval", "autotile": 1.0 }, "896_-96": { "coord": [ 3.0, 1.0 ], "autotile_index": 0.0, "tileset": "tile_medieval", "autotile": 1.0 }, "896_192": { "autotile": 1.0, "autotile_index": 0.0, "tileset": "tile_medieval", "coord": [ 3.0, 2.0 ] }, "672_256": { "autotile": 1.0, "autotile_index": 0.0, "tileset": "tile_medieval", "coord": [ 2.0, 2.0 ] }, "64_416": { "autotile": 1.0, "autotile_index": 0.0, "tileset": "tile_medieval", "coord": [ 1.0, 2.0 ] }, "96_224": { "coord": [ 2.0, 2.0 ], "autotile_index": 0.0, "tileset": "tile_medieval", "autotile": 1.0 }, "64_-32": { "coord": [ 1.0, 2.0 ], "autotile_index": 0.0, "tileset": "tile_medieval", "autotile": 1.0 }, "864_160": { "coord": [ 2.0, 2.0 ], "autotile_index": 0.0, "tileset": "tile_medieval", "autotile": 1.0 }, "800_-32": { "autotile": 0.0, "autotile_index": 0.0, "tileset": "tile_medieval", "coord": [ 2.0, 9.0 ] }, "96_0": { "coord": [ 2.0, 2.0 ], "autotile_index": 0.0, "tileset": "tile_medieval", "autotile": 1.0 }, "320_288": { "autotile": 1.0, "autotile_index": 0.0, "tileset": "tile_medieval", "coord": [ 2.0, 3.0 ] }, "128_480": { "coord": [ 1.0, 7.0 ], "autotile_index": 0.0, "tileset": "tile_medieval", "autotile": 1.0 }, "416_0": { "coord": [ 2.0, 2.0 ], "autotile_index": 0.0, "tileset": "tile_medieval", "autotile": 1.0 }, "128_96": { "coord": [ 3.0, 2.0 ], "autotile_index": 0.0, "tileset": "tile_medieval", "autotile": 1.0 }, "704_256": { "autotile": 1.0, "autotile_index": 0.0, "tileset": "tile_medieval", "coord": [ 2.0, 2.0 ] }, "608_0": { "coord": [ 3.0, 2.0 ], "autotile_index": 0.0, "tileset": "tile_medieval", "autotile": 1.0 }, "832_160": { "coord": [ 1.0, 2.0 ], "autotile_index": 0.0, "tileset": "tile_medieval", "autotile": 1.0 }, "832_64": { "coord": [ 1.0, 2.0 ], "autotile_index": 0.0, "tileset": "tile_medieval", "autotile": 1.0 }, "704_224": { "autotile": 1.0, "autotile_index": 0.0, "tileset": "tile_medieval", "coord": [ 2.0, 1.0 ] }, "64_128": { "coord": [ 1.0, 2.0 ], "autotile_index": 0.0, "tileset": "tile_medieval", "autotile": 1.0 }, "832_416": { "coord": [ 1.0, 2.0 ], "autotile_index": 0.0, "tileset": "tile_medieval", "autotile": 1.0 }, "256_288": { "autotile": 1.0, "autotile_index": 0.0, "tileset": "tile_medieval", "coord": [ 2.0, 3.0 ] }, "384_-224": { "coord": [ 2.0, 9.0 ], "autotile_index": 0.0, "tileset": "tile_medieval", "autotile": 0.0 }, "544_-224": { "coord": [ 2.0, 9.0 ], "autotile_index": 0.0, "tileset": "tile_medieval", "autotile": 0.0 }, "448_-32": { "autotile": 1.0, "autotile_index": 0.0, "tileset": "tile_medieval", "coord": [ 2.0, 1.0 ] }, "192_512": { "coord": [ 2.0, 2.0 ], "autotile_index": 0.0, "tileset": "tile_medieval", "autotile": 1.0 }, "704_480": { "coord": [ 2.0, 1.0 ], "autotile_index": 0.0, "tileset": "tile_medieval", "autotile": 1.0 }, "320_480": { "coord": [ 2.0, 1.0 ], "autotile_index": 0.0, "tileset": "tile_medieval", "autotile": 1.0 }, "832_320": { "coord": [ 1.0, 2.0 ], "autotile_index": 0.0, "tileset": "tile_medieval", "autotile": 1.0 }, "672_480": { "coord": [ 2.0, 1.0 ], "autotile_index": 0.0, "tileset": "tile_medieval", "autotile": 1.0 }, "96_448": { "coord": [ 2.0, 2.0 ], "autotile_index": 0.0, "tileset": "tile_medieval", "autotile": 1.0 }, "704_288": { "autotile": 1.0, "autotile_index": 0.0, "tileset": "tile_medieval", "coord": [ 2.0, 3.0 ] }, "832_96": { "coord": [ 1.0, 2.0 ], "autotile_index": 0.0, "tileset": "tile_medieval", "autotile": 1.0 }, "736_256": { "coord": [ 2.0, 2.0 ], "autotile_index": 0.0, "tileset": "tile_medieval", "autotile": 1.0 }, "832_448": { "coord": [ 1.0, 2.0 ], "autotile_index": 0.0, "tileset": "tile_medieval", "autotile": 1.0 }, "832_512": { "coord": [ 2.0, 2.0 ], "autotile_index": 0.0, "tileset": "tile_medieval", "autotile": 1.0 }, "96_416": { "coord": [ 2.0, 2.0 ], "autotile_index": 0.0, "tileset": "tile_medieval", "autotile": 1.0 }, "128_128": { "coord": [ 3.0, 2.0 ], "autotile_index": 0.0, "tileset": "tile_medieval", "autotile": 1.0 }, "384_-32": { "coord": [ 2.0, 1.0 ], "autotile_index": 0.0, "tileset": "tile_medieval", "autotile": 1.0 }, "832_32": { "coord": [ 1.0, 2.0 ], "autotile_index": 0.0, "tileset": "tile_medieval", "autotile": 1.0 }, "96_-96": { "coord": [ 3.0, 1.0 ], "autotile_index": 0.0, "tileset": "tile_medieval", "autotile": 1.0 }, "352_512": { "autotile": 1.0, "autotile_index": 0.0, "tileset": "tile_medieval", "coord": [ 2.0, 2.0 ] }, "224_512": { "coord": [ 2.0, 2.0 ], "autotile_index": 0.0, "tileset": "tile_medieval", "autotile": 1.0 }, "64_256": { "autotile": 1.0, "autotile_index": 0.0, "tileset": "tile_medieval", "coord": [ 1.0, 2.0 ] }, "864_128": { "autotile": 1.0, "autotile_index": 0.0, "tileset": "tile_medieval", "coord": [ 2.0, 2.0 ] }, "768_512": { "coord": [ 2.0, 2.0 ], "autotile_index": 0.0, "tileset": "tile_medieval", "autotile": 1.0 }, "864_-32": { "coord": [ 3.0, 7.0 ], "autotile_index": 0.0, "tileset": "tile_medieval", "autotile": 1.0 }, "128_32": { "coord": [ 3.0, 2.0 ], "autotile_index": 0.0, "tileset": "tile_medieval", "autotile": 1.0 }, "128_448": { "coord": [ 3.0, 2.0 ], "autotile_index": 0.0, "tileset": "tile_medieval", "autotile": 1.0 }, "608_480": { "coord": [ 2.0, 1.0 ], "autotile_index": 0.0, "tileset": "tile_medieval", "autotile": 1.0 }, "320_256": { "autotile": 1.0, "autotile_index": 0.0, "tileset": "tile_medieval", "coord": [ 2.0, 2.0 ] }, "128_512": { "coord": [ 2.0, 2.0 ], "autotile_index": 0.0, "tileset": "tile_medieval", "autotile": 1.0 }, "128_256": { "coord": [ 2.0, 2.0 ], "autotile_index": 0.0, "tileset": "tile_medieval", "autotile": 1.0 }, "352_288": { "autotile": 1.0, "autotile_index": 0.0, "tileset": "tile_medieval", "coord": [ 3.0, 3.0 ] }, "864_384": { "autotile": 1.0, "autotile_index": 0.0, "tileset": "tile_medieval", "coord": [ 2.0, 2.0 ] }, "128_-32": { "coord": [ 3.0, 1.0 ], "autotile_index": 0.0, "tileset": "tile_medieval", "autotile": 1.0 }, "512_-32": { "autotile": 1.0, "autotile_index": 0.0, "tileset": "tile_medieval", "coord": [ 2.0, 1.0 ] }, "160_288": { "coord": [ 2.0, 3.0 ], "autotile_index": 0.0, "tileset": "tile_medieval", "autotile": 1.0 }, "608_512": { "coord": [ 2.0, 2.0 ], "autotile_index": 0.0, "tileset": "tile_medieval", "autotile": 1.0 }, "448_-224": { "coord": [ 2.0, 9.0 ], "autotile_index": 0.0, "tileset": "tile_medieval", "autotile": 0.0 }, "64_352": { "autotile": 1.0, "autotile_index": 0.0, "tileset": "tile_medieval", "coord": [ 1.0, 2.0 ] }, "128_224": { "coord": [ 1.0, 7.0 ], "autotile_index": 0.0, "tileset": "tile_medieval", "autotile": 1.0 }, "448_480": { "autotile": 1.0, "autotile_index": 0.0, "tileset": "tile_medieval", "coord": [ 3.0, 1.0 ] }, "448_32": { "coord": [ 2.0, 3.0 ], "autotile_index": 0.0, "tileset": "tile_medieval", "autotile": 1.0 }, "864_416": { "coord": [ 2.0, 2.0 ], "autotile_index": 0.0, "tileset": "tile_medieval", "autotile": 1.0 }, "384_512": { "autotile": 1.0, "autotile_index": 0.0, "tileset": "tile_medieval", "coord": [ 2.0, 2.0 ] }, "480_0": { "coord": [ 2.0, 2.0 ], "autotile_index": 0.0, "tileset": "tile_medieval", "autotile": 1.0 }, "416_480": { "autotile": 1.0, "autotile_index": 0.0, "tileset": "tile_medieval", "coord": [ 2.0, 1.0 ] }, "64_-64": { "coord": [ 1.0, 2.0 ], "autotile_index": 0.0, "tileset": "tile_medieval", "autotile": 1.0 }, "64_192": { "coord": [ 1.0, 2.0 ], "autotile_index": 0.0, "tileset": "tile_medieval", "autotile": 1.0 }, "416_-32": { "autotile": 1.0, "autotile_index": 0.0, "tileset": "tile_medieval", "coord": [ 2.0, 1.0 ] }, "832_352": { "coord": [ 1.0, 2.0 ], "autotile_index": 0.0, "tileset": "tile_medieval", "autotile": 1.0 }, "736_288": { "coord": [ 2.0, 3.0 ], "autotile_index": 0.0, "tileset": "tile_medieval", "autotile": 1.0 }, "96_384": { "autotile": 1.0, "autotile_index": 0.0, "tileset": "tile_medieval", "coord": [ 2.0, 2.0 ] }, "800_256": { "coord": [ 2.0, 2.0 ], "autotile_index": 0.0, "tileset": "tile_medieval", "autotile": 1.0 }, "384_480": { "autotile": 1.0, "autotile_index": 0.0, "tileset": "tile_medieval", "coord": [ 2.0, 1.0 ] }, "640_288": { "autotile": 1.0, "autotile_index": 0.0, "tileset": "tile_medieval", "coord": [ 2.0, 3.0 ] }, "864_256": { "coord": [ 2.0, 2.0 ], "autotile_index": 0.0, "tileset": "tile_medieval", "autotile": 1.0 }, "288_224": { "autotile": 1.0, "autotile_index": 0.0, "tileset": "tile_medieval", "coord": [ 2.0, 1.0 ] }, "864_224": { "coord": [ 2.0, 2.0 ], "autotile_index": 0.0, "tileset": "tile_medieval", "autotile": 1.0 }, "96_192": { "coord": [ 2.0, 2.0 ], "autotile_index": 0.0, "tileset": "tile_medieval", "autotile": 1.0 }, "128_192": { "coord": [ 3.0, 2.0 ], "autotile_index": 0.0, "tileset": "tile_medieval", "autotile": 1.0 }, "64_384": { "autotile": 1.0, "autotile_index": 0.0, "tileset": "tile_medieval", "coord": [ 1.0, 2.0 ] }, "128_384": { "autotile": 1.0, "autotile_index": 0.0, "tileset": "tile_medieval", "coord": [ 3.0, 2.0 ] }, "64_288": { "autotile": 1.0, "autotile_index": 0.0, "tileset": "tile_medieval", "coord": [ 1.0, 2.0 ] }, "448_512": { "autotile": 1.0, "autotile_index": 0.0, "tileset": "tile_medieval", "coord": [ 3.0, 2.0 ] }, "896_0": { "coord": [ 3.0, 2.0 ], "autotile_index": 0.0, "tileset": "tile_medieval", "autotile": 1.0 }, "576_480": { "autotile": 1.0, "autotile_index": 0.0, "tileset": "tile_medieval", "coord": [ 2.0, 1.0 ] }, "96_64": { "coord": [ 2.0, 2.0 ], "autotile_index": 0.0, "tileset": "tile_medieval", "autotile": 1.0 }, "608_-32": { "coord": [ 3.0, 1.0 ], "autotile_index": 0.0, "tileset": "tile_medieval", "autotile": 1.0 }, "896_384": { "autotile": 1.0, "autotile_index": 0.0, "tileset": "tile_medieval", "coord": [ 3.0, 2.0 ] }, "576_0": { "coord": [ 2.0, 2.0 ], "autotile_index": 0.0, "tileset": "tile_medieval", "autotile": 1.0 }, "832_128": { "autotile": 1.0, "autotile_index": 0.0, "tileset": "tile_medieval", "coord": [ 1.0, 2.0 ] }, "576_-32": { "coord": [ 2.0, 1.0 ], "autotile_index": 0.0, "tileset": "tile_medieval", "autotile": 1.0 }, "64_0": { "autotile": 1.0, "autotile_index": 0.0, "tileset": "tile_medieval", "coord": [ 1.0, 2.0 ] }, "480_-32": { "autotile": 1.0, "autotile_index": 0.0, "tileset": "tile_medieval", "coord": [ 2.0, 1.0 ] }, "544_512": { "autotile": 1.0, "autotile_index": 0.0, "tileset": "tile_medieval", "coord": [ 1.0, 2.0 ] }, "832_384": { "autotile": 1.0, "autotile_index": 0.0, "tileset": "tile_medieval", "coord": [ 1.0, 2.0 ] }, "352_-224": { "coord": [ 1.0, 9.0 ], "autotile_index": 0.0, "tileset": "tile_medieval", "autotile": 0.0 }, "896_256": { "autotile": 1.0, "autotile_index": 0.0, "tileset": "tile_medieval", "coord": [ 3.0, 2.0 ] }, "128_352": { "coord": [ 3.0, 2.0 ], "autotile_index": 0.0, "tileset": "tile_medieval", "autotile": 1.0 }, "864_-64": { "coord": [ 1.0, 2.0 ], "autotile_index": 0.0, "tileset": "tile_medieval", "autotile": 1.0 }, "224_480": { "coord": [ 2.0, 1.0 ], "autotile_index": 0.0, "tileset": "tile_medieval", "autotile": 1.0 }, "96_256": { "coord": [ 2.0, 2.0 ], "autotile_index": 0.0, "tileset": "tile_medieval", "autotile": 1.0 }, "-64_-480": { "coord": [ 1.0, 9.0 ], "autotile_index": 0.0, "tileset": "tile_medieval", "autotile": 0.0 }, "608_288": { "autotile": 1.0, "autotile_index": 0.0, "tileset": "tile_medieval", "coord": [ 1.0, 3.0 ] }, "128_160": { "coord": [ 3.0, 2.0 ], "autotile_index": 0.0, "tileset": "tile_medieval", "autotile": 1.0 }, "64_512": { "autotile": 1.0, "autotile_index": 0.0, "tileset": "tile_medieval", "coord": [ 1.0, 2.0 ] }, "256_256": { "autotile": 1.0, "autotile_index": 0.0, "tileset": "tile_medieval", "coord": [ 2.0, 2.0 ] }, "640_512": { "coord": [ 2.0, 2.0 ], "autotile_index": 0.0, "tileset": "tile_medieval", "autotile": 1.0 }, "96_160": { "coord": [ 2.0, 2.0 ], "autotile_index": 0.0, "tileset": "tile_medieval", "autotile": 1.0 }, "896_448": { "coord": [ 3.0, 2.0 ], "autotile_index": 0.0, "tileset": "tile_medieval", "autotile": 1.0 }, "416_-224": { "coord": [ 2.0, 9.0 ], "autotile_index": 0.0, "tileset": "tile_medieval", "autotile": 0.0 }, "192_288": { "coord": [ 2.0, 3.0 ], "autotile_index": 0.0, "tileset": "tile_medieval", "autotile": 1.0 }, "128_416": { "coord": [ 3.0, 2.0 ], "autotile_index": 0.0, "tileset": "tile_medieval", "autotile": 1.0 }, "896_96": { "coord": [ 3.0, 2.0 ], "autotile_index": 0.0, "tileset": "tile_medieval", "autotile": 1.0 }, "672_512": { "coord": [ 2.0, 2.0 ], "autotile_index": 0.0, "tileset": "tile_medieval", "autotile": 1.0 }, "96_288": { "coord": [ 2.0, 2.0 ], "autotile_index": 0.0, "tileset": "tile_medieval", "autotile": 1.0 }, "640_256": { "autotile": 1.0, "autotile_index": 0.0, "tileset": "tile_medieval", "coord": [ 2.0, 2.0 ] }, "864_32": { "coord": [ 2.0, 2.0 ], "autotile_index": 0.0, "tileset": "tile_medieval", "autotile": 1.0 }, "768_480": { "coord": [ 2.0, 1.0 ], "autotile_index": 0.0, "tileset": "tile_medieval", "autotile": 1.0 }, "192_256": { "coord": [ 2.0, 2.0 ], "autotile_index": 0.0, "tileset": "tile_medieval", "autotile": 1.0 }, "64_-96": { "coord": [ 1.0, 1.0 ], "autotile_index": 0.0, "tileset": "tile_medieval", "autotile": 1.0 }, "896_64": { "coord": [ 3.0, 2.0 ], "autotile_index": 0.0, "tileset": "tile_medieval", "autotile": 1.0 }, "128_320": { "coord": [ 3.0, 2.0 ], "autotile_index": 0.0, "tileset": "tile_medieval", "autotile": 1.0 }, "64_64": { "coord": [ 1.0, 2.0 ], "autotile_index": 0.0, "tileset": "tile_medieval", "autotile": 1.0 }, "480_32": { "coord": [ 2.0, 3.0 ], "autotile_index": 0.0, "tileset": "tile_medieval", "autotile": 1.0 }, "64_224": { "autotile": 1.0, "autotile_index": 0.0, "tileset": "tile_medieval", "coord": [ 1.0, 2.0 ] } } }, "backgrounds": { "5": { "x": 0.0, "scroll_x": 0.0, "tile_y": 1.0, "hspeed": 0.0, "scroll_y": 0.0, "y": 0.0, "sprite": "9_11_background", "tile_x": 1.0, "vspeed": 0.0, "image_speed": 15.0, "panic_sprite": -1.0 } }, "properties": { "songTransitionTime": 100.0, "roomX": 0.0, "levelWidth": 960.0, "roomY": -480.0, "levelHeight": 540.0, "song": "event:\/sfx\/misc\/windloop" } }