{ "editorVersion": 5.0, "instances": [ { "layer": 0.0, "deleted": 0.0, "variables": { "x": 800.0, "y": 512.0, "image_xscale": 5.0, "image_yscale": 2.0, "flipX": 0.0, "flipY": 0.0 }, "object": 517.0 }, { "layer": 0.0, "deleted": 0.0, "variables": { "x": 672.0, "y": 512.0, "image_xscale": 4.0, "image_yscale": 2.0, "flipX": 0.0, "flipY": 0.0 }, "object": 516.0 }, { "layer": 0.0, "deleted": 0.0, "variables": { "x": 672.0, "y": 576.0, "image_xscale": 9.0, "image_yscale": 1.0, "flipX": 0.0, "flipY": 0.0 }, "object": 517.0 }, { "layer": 0.0, "deleted": 0.0, "variables": { "x": 896.0, "y": 0.0, "image_xscale": 2.0, "image_yscale": 12.0, "flipX": 0.0, "flipY": 0.0 }, "object": 517.0 }, { "layer": 0.0, "deleted": 0.0, "variables": { "x": 960.0, "y": 384.0, "targetRoom": "room9", "image_xscale": 1.0, "image_yscale": 2.0, "flipX": 1.0, "flipY": 0.0, "targetDoor": "G" }, "object": 801.0 }, { "layer": 0.0, "deleted": 0.0, "variables": { "x": 896.0, "flipX": 0.0, "y": 480.0, "flipY": 0.0 }, "object": 239.0 }, { "layer": 0.0, "deleted": 0.0, "variables": { "x": 416.0, "y": 480.0, "image_xscale": 6.0, "image_yscale": 1.0, "flipX": 0.0, "flipY": 0.0 }, "object": 722.0 }, { "layer": 0.0, "deleted": 0.0, "variables": { "x": 96.0, "y": 416.0, "image_xscale": 8.0, "image_yscale": 1.0, "flipX": 0.0, "flipY": 0.0 }, "object": 722.0 }, { "layer": 0.0, "deleted": 0.0, "variables": { "x": 224.0, "y": 370.0, "image_xscale": 1.0, "image_yscale": 1.0, "escape": "true", "flipX": 0.0, "flipY": 0.0 }, "object": 653.0 }, { "layer": 0.0, "deleted": 0.0, "variables": { "x": 512.0, "flipX": 0.0, "y": 178.0, "flipY": 0.0 }, "object": 1053.0 }, { "layer": 0.0, "deleted": 0.0, "variables": { "x": -128.0, "flipX": 1.0, "y": 448.0, "flipY": 0.0 }, "object": 722.0 }, { "layer": 0.0, "deleted": 0.0, "variables": { "x": -192.0, "y": 128.0, "image_xscale": 4.0, "image_yscale": 2.0, "flipX": 1.0, "flipY": 0.0 }, "object": 517.0 }, { "layer": 0.0, "deleted": 0.0, "variables": { "x": -64.0, "y": 128.0, "image_xscale": 2.0, "image_yscale": 12.0, "flipX": 1.0, "flipY": 0.0 }, "object": 517.0 }, { "layer": 0.0, "deleted": 0.0, "variables": { "x": -256.0, "y": 448.0, "image_xscale": 4.0, "image_yscale": 2.0, "flipX": 1.0, "flipY": 0.0 }, "object": 517.0 }, { "layer": 0.0, "deleted": 0.0, "variables": { "x": -256.0, "y": 0.0, "image_xscale": 8.0, "image_yscale": 2.0, "flipX": 1.0, "flipY": 0.0 }, "object": 517.0 }, { "layer": 0.0, "deleted": 0.0, "variables": { "x": -384.0, "y": 0.0, "image_xscale": 4.0, "image_yscale": 11.0, "flipX": 1.0, "flipY": 0.0 }, "object": 517.0 }, { "layer": 0.0, "deleted": 0.0, "variables": { "x": -480.0, "y": 512.0, "image_xscale": 3.0, "image_yscale": 2.0, "flipX": 0.0, "flipY": 0.0 }, "object": 517.0 }, { "layer": 0.0, "deleted": 0.0, "variables": { "x": -384.0, "y": 512.0, "image_xscale": 6.0, "image_yscale": 4.0, "flipX": 0.0, "flipY": 0.0 }, "object": 517.0 }, { "layer": 0.0, "deleted": 0.0, "variables": { "x": -768.0, "y": 224.0, "image_xscale": 2.0, "image_yscale": 2.0, "flipX": 0.0, "flipY": 0.0 }, "object": 517.0 }, { "layer": 0.0, "deleted": 0.0, "variables": { "x": -864.0, "y": 224.0, "image_xscale": 3.0, "image_yscale": 13.0, "flipX": 0.0, "flipY": 0.0 }, "object": 517.0 }, { "layer": 0.0, "deleted": 0.0, "variables": { "x": -768.0, "y": 416.0, "image_xscale": 4.0, "image_yscale": 1.0, "flipX": 0.0, "flipY": 0.0 }, "object": 722.0 }, { "layer": 0.0, "deleted": 0.0, "variables": { "x": -512.0, "y": 320.0, "image_xscale": 4.0, "image_yscale": 1.0, "flipX": 0.0, "flipY": 0.0 }, "object": 722.0 }, { "layer": 0.0, "deleted": 0.0, "variables": { "x": -448.0, "y": 273.0, "image_xscale": 1.0, "image_yscale": 1.0, "escape": "true", "flipX": 1.0, "flipY": 0.0 }, "object": 681.0 }, { "layer": 0.0, "deleted": 0.0, "variables": { "x": -704.0, "y": 370.0, "image_xscale": 1.0, "image_yscale": 1.0, "escape": "true", "flipX": 0.0, "flipY": 0.0 }, "object": 660.0 }, { "layer": 0.0, "deleted": 0.0, "variables": { "x": -384.0, "flipX": 0.0, "y": 512.0, "flipY": 0.0 }, "object": 1059.0 }, { "layer": 0.0, "deleted": 0.0, "variables": { "x": -160.0, "flipX": 0.0, "y": 96.0, "flipY": 0.0 }, "object": 11.0 }, { "layer": 0.0, "deleted": 0.0, "variables": { "x": -128.0, "flipX": 0.0, "y": 96.0, "flipY": 0.0 }, "object": 11.0 }, { "layer": 0.0, "deleted": 0.0, "variables": { "x": -96.0, "flipX": 0.0, "y": 96.0, "flipY": 0.0 }, "object": 11.0 }, { "layer": 0.0, "deleted": 0.0, "variables": { "x": -64.0, "flipX": 0.0, "y": 96.0, "flipY": 0.0 }, "object": 11.0 }, { "layer": 0.0, "deleted": 0.0, "variables": { "x": -128.0, "flipX": 0.0, "y": 192.0, "flipY": 0.0 }, "object": 551.0 }, { "layer": 0.0, "deleted": 0.0, "variables": { "x": -832.0, "y": 128.0, "targetRoom": "room11", "image_xscale": 1.0, "image_yscale": 1.0, "flipX": 0.0, "flipY": 0.0 }, "object": 795.0 }, { "layer": 0.0, "deleted": 0.0, "variables": { "x": -800.0, "flipX": 0.0, "y": 192.0, "flipY": 0.0 }, "object": 806.0 }, { "layer": 0.0, "deleted": 0.0, "variables": { "x": 0.0, "y": -32.0, "image_xscale": 28.0, "image_yscale": 1.0, "flipX": 0.0, "flipY": 0.0 }, "object": 517.0 }, { "layer": 0.0, "deleted": 0.0, "variables": { "x": -896.0, "y": -32.0, "image_xscale": 16.0, "image_yscale": 1.0, "flipX": 0.0, "flipY": 0.0 }, "object": 517.0 }, { "layer": 0.0, "deleted": 0.0, "variables": { "x": -451.0, "flipX": 0.0, "y": 406.0, "flipY": 0.0 }, "object": 517.0 } ], "tile_data": { "5": { "928_576": { "coord": [ 2.0, 1.0 ], "autotile_index": 0.0, "tileset": "tiles_911", "autotile": 1.0 }, "-64_480": { "autotile": 1.0, "autotile_index": 0.0, "tileset": "tiles_911", "coord": [ 2.0, 1.0 ] }, "-800_288": { "coord": [ 3.0, 1.0 ], "autotile_index": 0.0, "tileset": "tiles_911", "autotile": 1.0 }, "-864_384": { "coord": [ 2.0, 1.0 ], "autotile_index": 0.0, "tileset": "tiles_911", "autotile": 1.0 }, "-320_544": { "coord": [ 2.0, 1.0 ], "autotile_index": 0.0, "tileset": "tiles_911", "autotile": 1.0 }, "-800_256": { "coord": [ 4.0, 2.0 ], "autotile_index": 0.0, "tileset": "tiles_911", "autotile": 1.0 }, "928_0": { "autotile": 1.0, "autotile_index": 0.0, "tileset": "tiles_911", "coord": [ 1.0, 2.0 ] }, "-320_288": { "coord": [ 0.0, 0.0 ], "autotile_index": 0.0, "tileset": "tiles_911", "autotile": 0.0 }, "-256_448": { "coord": [ 1.0, 0.0 ], "autotile_index": 0.0, "tileset": "tiles_911", "autotile": 1.0 }, "-448_320": { "autotile": 0.0, "autotile_index": 0.0, "tileset": "tiles_911", "coord": [ 4.0, 0.0 ] }, "-480_320": { "autotile": 0.0, "autotile_index": 0.0, "tileset": "tiles_911", "coord": [ 4.0, 0.0 ] }, "928_352": { "autotile": 1.0, "autotile_index": 0.0, "tileset": "tiles_911", "coord": [ 2.0, 1.0 ] }, "-384_64": { "autotile": 1.0, "autotile_index": 0.0, "tileset": "tiles_911", "coord": [ 2.0, 1.0 ] }, "800_480": { "coord": [ 4.0, 7.0 ], "autotile_index": 0.0, "tileset": "tiles_911", "autotile": 0.0 }, "-800_416": { "coord": [ 3.0, 1.0 ], "autotile_index": 0.0, "tileset": "tiles_911", "autotile": 1.0 }, "-32_448": { "autotile": 1.0, "autotile_index": 0.0, "tileset": "tiles_911", "coord": [ 3.0, 1.0 ] }, "-160_448": { "coord": [ 3.0, 0.0 ], "autotile_index": 0.0, "tileset": "tiles_911", "autotile": 1.0 }, "896_256": { "autotile": 1.0, "autotile_index": 0.0, "tileset": "tiles_911", "coord": [ 2.0, 1.0 ] }, "-96_128": { "autotile": 1.0, "autotile_index": 0.0, "tileset": "tiles_911", "coord": [ 3.0, 0.0 ] }, "448_480": { "autotile": 0.0, "autotile_index": 0.0, "tileset": "tiles_911", "coord": [ 4.0, 0.0 ] }, "-256_0": { "autotile": 1.0, "autotile_index": 0.0, "tileset": "tiles_911", "coord": [ 2.0, 1.0 ] }, "896_352": { "autotile": 1.0, "autotile_index": 0.0, "tileset": "tiles_911", "coord": [ 2.0, 1.0 ] }, "-160_384": { "autotile": 0.0, "autotile_index": 0.0, "tileset": "tiles_911", "coord": [ 7.0, 6.0 ] }, "-832_224": { "coord": [ 1.0, 0.0 ], "autotile_index": 0.0, "tileset": "tiles_911", "autotile": 1.0 }, "96_416": { "autotile": 0.0, "autotile_index": 0.0, "tileset": "tiles_911", "coord": [ 4.0, 0.0 ] }, "-352_192": { "autotile": 1.0, "autotile_index": 0.0, "tileset": "tiles_911", "coord": [ 1.0, 2.0 ] }, "-320_96": { "autotile": 1.0, "autotile_index": 0.0, "tileset": "tiles_911", "coord": [ 3.0, 2.0 ] }, "-832_512": { "coord": [ 2.0, 1.0 ], "autotile_index": 0.0, "tileset": "tiles_911", "autotile": 1.0 }, "928_512": { "coord": [ 3.0, 0.0 ], "autotile_index": 0.0, "tileset": "tiles_911", "autotile": 1.0 }, "-320_160": { "autotile": 1.0, "autotile_index": 0.0, "tileset": "tiles_911", "coord": [ 3.0, 2.0 ] }, "-320_608": { "coord": [ 2.0, 2.0 ], "autotile_index": 0.0, "tileset": "tiles_911", "autotile": 1.0 }, "-832_288": { "coord": [ 2.0, 1.0 ], "autotile_index": 0.0, "tileset": "tiles_911", "autotile": 1.0 }, "832_576": { "coord": [ 2.0, 1.0 ], "autotile_index": 0.0, "tileset": "tiles_911", "autotile": 1.0 }, "-448_512": { "coord": [ 1.0, 0.0 ], "autotile_index": 0.0, "tileset": "tiles_911", "autotile": 1.0 }, "-832_256": { "coord": [ 2.0, 1.0 ], "autotile_index": 0.0, "tileset": "tiles_911", "autotile": 1.0 }, "160_416": { "autotile": 0.0, "autotile_index": 0.0, "tileset": "tiles_911", "coord": [ 4.0, 0.0 ] }, "-32_224": { "autotile": 1.0, "autotile_index": 0.0, "tileset": "tiles_911", "coord": [ 3.0, 1.0 ] }, "-864_448": { "coord": [ 2.0, 1.0 ], "autotile_index": 0.0, "tileset": "tiles_911", "autotile": 1.0 }, "-320_576": { "coord": [ 2.0, 2.0 ], "autotile_index": 0.0, "tileset": "tiles_911", "autotile": 1.0 }, "-352_96": { "autotile": 1.0, "autotile_index": 0.0, "tileset": "tiles_911", "coord": [ 1.0, 2.0 ] }, "-224_480": { "coord": [ 4.0, 2.0 ], "autotile_index": 0.0, "tileset": "tiles_911", "autotile": 1.0 }, "832_544": { "coord": [ 2.0, 1.0 ], "autotile_index": 0.0, "tileset": "tiles_911", "autotile": 1.0 }, "672_576": { "coord": [ 2.0, 1.0 ], "autotile_index": 0.0, "tileset": "tiles_911", "autotile": 0.0 }, "928_160": { "autotile": 1.0, "autotile_index": 0.0, "tileset": "tiles_911", "coord": [ 1.0, 2.0 ] }, "-160_416": { "autotile": 0.0, "autotile_index": 0.0, "tileset": "tiles_911", "coord": [ 7.0, 7.0 ] }, "-64_0": { "autotile": 1.0, "autotile_index": 0.0, "tileset": "tiles_911", "coord": [ 2.0, 1.0 ] }, "-768_256": { "coord": [ 2.0, 1.0 ], "autotile_index": 0.0, "tileset": "tiles_911", "autotile": 1.0 }, "-288_512": { "coord": [ 3.0, 0.0 ], "autotile_index": 0.0, "tileset": "tiles_911", "autotile": 1.0 }, "-288_96": { "autotile": 1.0, "autotile_index": 0.0, "tileset": "tiles_911", "coord": [ 3.0, 1.0 ] }, "896_0": { "autotile": 1.0, "autotile_index": 0.0, "tileset": "tiles_911", "coord": [ 2.0, 1.0 ] }, "800_448": { "coord": [ 4.0, 6.0 ], "autotile_index": 0.0, "tileset": "tiles_911", "autotile": 0.0 }, "-256_608": { "coord": [ 3.0, 2.0 ], "autotile_index": 0.0, "tileset": "tiles_911", "autotile": 1.0 }, "-192_160": { "autotile": 1.0, "autotile_index": 0.0, "tileset": "tiles_911", "coord": [ 2.0, 1.0 ] }, "-736_256": { "coord": [ 3.0, 1.0 ], "autotile_index": 0.0, "tileset": "tiles_911", "autotile": 1.0 }, "-800_224": { "coord": [ 1.0, 0.0 ], "autotile_index": 0.0, "tileset": "tiles_911", "autotile": 1.0 }, "-192_480": { "coord": [ 2.0, 1.0 ], "autotile_index": 0.0, "tileset": "tiles_911", "autotile": 1.0 }, "-224_32": { "autotile": 1.0, "autotile_index": 0.0, "tileset": "tiles_911", "coord": [ 2.0, 1.0 ] }, "-64_224": { "autotile": 1.0, "autotile_index": 0.0, "tileset": "tiles_911", "coord": [ 2.0, 1.0 ] }, "928_96": { "autotile": 1.0, "autotile_index": 0.0, "tileset": "tiles_911", "coord": [ 1.0, 2.0 ] }, "-864_544": { "coord": [ 2.0, 1.0 ], "autotile_index": 0.0, "tileset": "tiles_911", "autotile": 1.0 }, "-352_0": { "autotile": 1.0, "autotile_index": 0.0, "tileset": "tiles_911", "coord": [ 1.0, 2.0 ] }, "-384_192": { "autotile": 1.0, "autotile_index": 0.0, "tileset": "tiles_911", "coord": [ 2.0, 1.0 ] }, "-288_0": { "autotile": 1.0, "autotile_index": 0.0, "tileset": "tiles_911", "coord": [ 2.0, 1.0 ] }, "-288_160": { "autotile": 1.0, "autotile_index": 0.0, "tileset": "tiles_911", "coord": [ 3.0, 1.0 ] }, "928_192": { "autotile": 1.0, "autotile_index": 0.0, "tileset": "tiles_911", "coord": [ 1.0, 2.0 ] }, "-800_544": { "coord": [ 3.0, 1.0 ], "autotile_index": 0.0, "tileset": "tiles_911", "autotile": 1.0 }, "928_288": { "autotile": 1.0, "autotile_index": 0.0, "tileset": "tiles_911", "coord": [ 1.0, 2.0 ] }, "-64_192": { "autotile": 1.0, "autotile_index": 0.0, "tileset": "tiles_911", "coord": [ 2.0, 1.0 ] }, "-448_544": { "coord": [ 2.0, 1.0 ], "autotile_index": 0.0, "tileset": "tiles_911", "autotile": 1.0 }, "832_512": { "coord": [ 1.0, 0.0 ], "autotile_index": 0.0, "tileset": "tiles_911", "autotile": 1.0 }, "256_416": { "autotile": 0.0, "autotile_index": 0.0, "tileset": "tiles_911", "coord": [ 4.0, 0.0 ] }, "896_288": { "autotile": 1.0, "autotile_index": 0.0, "tileset": "tiles_911", "coord": [ 2.0, 1.0 ] }, "-832_480": { "coord": [ 2.0, 1.0 ], "autotile_index": 0.0, "tileset": "tiles_911", "autotile": 1.0 }, "-864_416": { "coord": [ 2.0, 1.0 ], "autotile_index": 0.0, "tileset": "tiles_911", "autotile": 1.0 }, "-64_288": { "autotile": 1.0, "autotile_index": 0.0, "tileset": "tiles_911", "coord": [ 2.0, 1.0 ] }, "-352_512": { "coord": [ 2.0, 0.0 ], "autotile_index": 0.0, "tileset": "tiles_911", "autotile": 1.0 }, "768_512": { "coord": [ 1.0, 4.0 ], "autotile_index": 0.0, "tileset": "tiles_911", "autotile": 0.0 }, "576_480": { "autotile": 0.0, "autotile_index": 0.0, "tileset": "tiles_911", "coord": [ 4.0, 0.0 ] }, "-800_608": { "coord": [ 3.0, 1.0 ], "autotile_index": 0.0, "tileset": "tiles_911", "autotile": 1.0 }, "768_576": { "coord": [ 2.0, 1.0 ], "autotile_index": 0.0, "tileset": "tiles_911", "autotile": 1.0 }, "-32_160": { "autotile": 1.0, "autotile_index": 0.0, "tileset": "tiles_911", "coord": [ 3.0, 1.0 ] }, "-864_512": { "coord": [ 2.0, 1.0 ], "autotile_index": 0.0, "tileset": "tiles_911", "autotile": 1.0 }, "-384_96": { "autotile": 1.0, "autotile_index": 0.0, "tileset": "tiles_911", "coord": [ 2.0, 1.0 ] }, "-96_32": { "autotile": 1.0, "autotile_index": 0.0, "tileset": "tiles_911", "coord": [ 2.0, 1.0 ] }, "-320_0": { "autotile": 1.0, "autotile_index": 0.0, "tileset": "tiles_911", "coord": [ 4.0, 2.0 ] }, "-192_416": { "autotile": 0.0, "autotile_index": 0.0, "tileset": "tiles_911", "coord": [ 6.0, 7.0 ] }, "832_480": { "coord": [ 5.0, 7.0 ], "autotile_index": 0.0, "tileset": "tiles_911", "autotile": 0.0 }, "-192_32": { "autotile": 1.0, "autotile_index": 0.0, "tileset": "tiles_911", "coord": [ 2.0, 1.0 ] }, "-256_32": { "autotile": 1.0, "autotile_index": 0.0, "tileset": "tiles_911", "coord": [ 2.0, 1.0 ] }, "-384_544": { "coord": [ 6.0, 2.0 ], "autotile_index": 0.0, "tileset": "tiles_911", "autotile": 1.0 }, "-320_256": { "autotile": 1.0, "autotile_index": 0.0, "tileset": "tiles_911", "coord": [ 3.0, 2.0 ] }, "928_256": { "autotile": 1.0, "autotile_index": 0.0, "tileset": "tiles_911", "coord": [ 1.0, 2.0 ] }, "224_416": { "autotile": 0.0, "autotile_index": 0.0, "tileset": "tiles_911", "coord": [ 4.0, 0.0 ] }, "-64_352": { "autotile": 1.0, "autotile_index": 0.0, "tileset": "tiles_911", "coord": [ 2.0, 1.0 ] }, "-800_576": { "coord": [ 3.0, 1.0 ], "autotile_index": 0.0, "tileset": "tiles_911", "autotile": 1.0 }, "896_64": { "autotile": 1.0, "autotile_index": 0.0, "tileset": "tiles_911", "coord": [ 2.0, 1.0 ] }, "-32_416": { "autotile": 1.0, "autotile_index": 0.0, "tileset": "tiles_911", "coord": [ 3.0, 1.0 ] }, "-192_384": { "autotile": 0.0, "autotile_index": 0.0, "tileset": "tiles_911", "coord": [ 6.0, 6.0 ] }, "-352_256": { "autotile": 1.0, "autotile_index": 0.0, "tileset": "tiles_911", "coord": [ 1.0, 2.0 ] }, "-384_0": { "autotile": 1.0, "autotile_index": 0.0, "tileset": "tiles_911", "coord": [ 2.0, 1.0 ] }, "800_416": { "coord": [ 4.0, 5.0 ], "autotile_index": 0.0, "tileset": "tiles_911", "autotile": 0.0 }, "-352_288": { "coord": [ 0.0, 0.0 ], "autotile_index": 0.0, "tileset": "tiles_911", "autotile": 0.0 }, "-320_128": { "autotile": 1.0, "autotile_index": 0.0, "tileset": "tiles_911", "coord": [ 3.0, 2.0 ] }, "832_416": { "coord": [ 5.0, 5.0 ], "autotile_index": 0.0, "tileset": "tiles_911", "autotile": 0.0 }, "-320_320": { "autotile": 1.0, "autotile_index": 0.0, "tileset": "tiles_911", "coord": [ 2.0, 1.0 ] }, "-384_256": { "autotile": 1.0, "autotile_index": 0.0, "tileset": "tiles_911", "coord": [ 2.0, 1.0 ] }, "-800_320": { "coord": [ 3.0, 1.0 ], "autotile_index": 0.0, "tileset": "tiles_911", "autotile": 1.0 }, "-32_32": { "autotile": 1.0, "autotile_index": 0.0, "tileset": "tiles_911", "coord": [ 3.0, 1.0 ] }, "-32_288": { "autotile": 1.0, "autotile_index": 0.0, "tileset": "tiles_911", "coord": [ 3.0, 1.0 ] }, "-32_320": { "autotile": 1.0, "autotile_index": 0.0, "tileset": "tiles_911", "coord": [ 3.0, 1.0 ] }, "928_64": { "autotile": 1.0, "autotile_index": 0.0, "tileset": "tiles_911", "coord": [ 1.0, 2.0 ] }, "-288_576": { "coord": [ 2.0, 2.0 ], "autotile_index": 0.0, "tileset": "tiles_911", "autotile": 1.0 }, "-128_0": { "autotile": 1.0, "autotile_index": 0.0, "tileset": "tiles_911", "coord": [ 2.0, 1.0 ] }, "-320_64": { "autotile": 1.0, "autotile_index": 0.0, "tileset": "tiles_911", "coord": [ 3.0, 2.0 ] }, "-832_416": { "coord": [ 2.0, 1.0 ], "autotile_index": 0.0, "tileset": "tiles_911", "autotile": 1.0 }, "704_544": { "coord": [ 1.0, 4.0 ], "autotile_index": 0.0, "tileset": "tiles_911", "autotile": 0.0 }, "896_192": { "autotile": 1.0, "autotile_index": 0.0, "tileset": "tiles_911", "coord": [ 2.0, 1.0 ] }, "-160_160": { "autotile": 1.0, "autotile_index": 0.0, "tileset": "tiles_911", "coord": [ 2.0, 1.0 ] }, "896_32": { "autotile": 1.0, "autotile_index": 0.0, "tileset": "tiles_911", "coord": [ 2.0, 1.0 ] }, "-64_128": { "autotile": 1.0, "autotile_index": 0.0, "tileset": "tiles_911", "coord": [ 3.0, 0.0 ] }, "-256_512": { "coord": [ 6.0, 4.0 ], "autotile_index": 0.0, "tileset": "tiles_911", "autotile": 1.0 }, "896_128": { "autotile": 1.0, "autotile_index": 0.0, "tileset": "tiles_911", "coord": [ 2.0, 1.0 ] }, "-288_544": { "coord": [ 2.0, 1.0 ], "autotile_index": 0.0, "tileset": "tiles_911", "autotile": 1.0 }, "-160_128": { "autotile": 1.0, "autotile_index": 0.0, "tileset": "tiles_911", "coord": [ 2.0, 0.0 ] }, "-352_128": { "autotile": 1.0, "autotile_index": 0.0, "tileset": "tiles_911", "coord": [ 1.0, 2.0 ] }, "-32_352": { "autotile": 1.0, "autotile_index": 0.0, "tileset": "tiles_911", "coord": [ 3.0, 1.0 ] }, "-288_32": { "autotile": 1.0, "autotile_index": 0.0, "tileset": "tiles_911", "coord": [ 4.0, 2.0 ] }, "-224_512": { "coord": [ 3.0, 1.0 ], "autotile_index": 0.0, "tileset": "tiles_911", "autotile": 1.0 }, "-192_448": { "coord": [ 1.0, 0.0 ], "autotile_index": 0.0, "tileset": "tiles_911", "autotile": 1.0 }, "-736_416": { "autotile": 0.0, "autotile_index": 0.0, "tileset": "tiles_911", "coord": [ 4.0, 0.0 ] }, "928_544": { "coord": [ 2.0, 1.0 ], "autotile_index": 0.0, "tileset": "tiles_911", "autotile": 1.0 }, "-832_320": { "coord": [ 2.0, 1.0 ], "autotile_index": 0.0, "tileset": "tiles_911", "autotile": 1.0 }, "896_96": { "autotile": 1.0, "autotile_index": 0.0, "tileset": "tiles_911", "coord": [ 2.0, 1.0 ] }, "-256_544": { "coord": [ 3.0, 1.0 ], "autotile_index": 0.0, "tileset": "tiles_911", "autotile": 1.0 }, "-864_576": { "coord": [ 2.0, 1.0 ], "autotile_index": 0.0, "tileset": "tiles_911", "autotile": 1.0 }, "-192_352": { "autotile": 0.0, "autotile_index": 0.0, "tileset": "tiles_911", "coord": [ 6.0, 5.0 ] }, "128_416": { "autotile": 0.0, "autotile_index": 0.0, "tileset": "tiles_911", "coord": [ 4.0, 0.0 ] }, "-224_576": { "coord": [ 3.0, 1.0 ], "autotile_index": 0.0, "tileset": "tiles_911", "autotile": 1.0 }, "928_32": { "autotile": 1.0, "autotile_index": 0.0, "tileset": "tiles_911", "coord": [ 1.0, 2.0 ] }, "-864_352": { "coord": [ 2.0, 1.0 ], "autotile_index": 0.0, "tileset": "tiles_911", "autotile": 1.0 }, "-288_288": { "autotile": 1.0, "autotile_index": 0.0, "tileset": "tiles_911", "coord": [ 3.0, 1.0 ] }, "-352_544": { "coord": [ 1.0, 1.0 ], "autotile_index": 0.0, "tileset": "tiles_911", "autotile": 1.0 }, "-256_576": { "coord": [ 3.0, 2.0 ], "autotile_index": 0.0, "tileset": "tiles_911", "autotile": 1.0 }, "192_416": { "autotile": 0.0, "autotile_index": 0.0, "tileset": "tiles_911", "coord": [ 4.0, 0.0 ] }, "-864_608": { "coord": [ 2.0, 1.0 ], "autotile_index": 0.0, "tileset": "tiles_911", "autotile": 1.0 }, "672_544": { "coord": [ 0.0, 4.0 ], "autotile_index": 0.0, "tileset": "tiles_911", "autotile": 0.0 }, "-352_32": { "autotile": 1.0, "autotile_index": 0.0, "tileset": "tiles_911", "coord": [ 1.0, 2.0 ] }, "736_576": { "coord": [ 2.0, 1.0 ], "autotile_index": 0.0, "tileset": "tiles_911", "autotile": 1.0 }, "-864_480": { "coord": [ 2.0, 1.0 ], "autotile_index": 0.0, "tileset": "tiles_911", "autotile": 1.0 }, "-384_288": { "autotile": 1.0, "autotile_index": 0.0, "tileset": "tiles_911", "coord": [ 2.0, 1.0 ] }, "-704_416": { "autotile": 0.0, "autotile_index": 0.0, "tileset": "tiles_911", "coord": [ 4.0, 0.0 ] }, "-384_576": { "coord": [ 2.0, 1.0 ], "autotile_index": 0.0, "tileset": "tiles_911", "autotile": 1.0 }, "-480_512": { "coord": [ 1.0, 0.0 ], "autotile_index": 0.0, "tileset": "tiles_911", "autotile": 1.0 }, "-192_128": { "autotile": 1.0, "autotile_index": 0.0, "tileset": "tiles_911", "coord": [ 1.0, 0.0 ] }, "-288_224": { "autotile": 1.0, "autotile_index": 0.0, "tileset": "tiles_911", "coord": [ 3.0, 1.0 ] }, "-224_0": { "autotile": 1.0, "autotile_index": 0.0, "tileset": "tiles_911", "coord": [ 2.0, 1.0 ] }, "-288_256": { "autotile": 1.0, "autotile_index": 0.0, "tileset": "tiles_911", "coord": [ 3.0, 1.0 ] }, "-32_128": { "autotile": 1.0, "autotile_index": 0.0, "tileset": "tiles_911", "coord": [ 1.0, 0.0 ] }, "864_544": { "coord": [ 2.0, 1.0 ], "autotile_index": 0.0, "tileset": "tiles_911", "autotile": 1.0 }, "320_416": { "autotile": 0.0, "autotile_index": 0.0, "tileset": "tiles_911", "coord": [ 4.0, 0.0 ] }, "-128_128": { "autotile": 1.0, "autotile_index": 0.0, "tileset": "tiles_911", "coord": [ 1.0, 0.0 ] }, "-32_0": { "autotile": 1.0, "autotile_index": 0.0, "tileset": "tiles_911", "coord": [ 3.0, 1.0 ] }, "-832_384": { "coord": [ 2.0, 1.0 ], "autotile_index": 0.0, "tileset": "tiles_911", "autotile": 1.0 }, "-224_544": { "coord": [ 3.0, 1.0 ], "autotile_index": 0.0, "tileset": "tiles_911", "autotile": 1.0 }, "-160_352": { "autotile": 0.0, "autotile_index": 0.0, "tileset": "tiles_911", "coord": [ 7.0, 5.0 ] }, "800_576": { "coord": [ 2.0, 1.0 ], "autotile_index": 0.0, "tileset": "tiles_911", "autotile": 0.0 }, "-224_608": { "coord": [ 3.0, 1.0 ], "autotile_index": 0.0, "tileset": "tiles_911", "autotile": 1.0 }, "-416_512": { "coord": [ 2.0, 0.0 ], "autotile_index": 0.0, "tileset": "tiles_911", "autotile": 1.0 }, "-832_352": { "coord": [ 2.0, 1.0 ], "autotile_index": 0.0, "tileset": "tiles_911", "autotile": 1.0 }, "-384_128": { "autotile": 1.0, "autotile_index": 0.0, "tileset": "tiles_911", "coord": [ 2.0, 1.0 ] }, "-480_544": { "coord": [ 2.0, 1.0 ], "autotile_index": 0.0, "tileset": "tiles_911", "autotile": 1.0 }, "-384_224": { "autotile": 1.0, "autotile_index": 0.0, "tileset": "tiles_911", "coord": [ 2.0, 1.0 ] }, "-320_32": { "autotile": 1.0, "autotile_index": 0.0, "tileset": "tiles_911", "coord": [ 3.0, 2.0 ] }, "896_544": { "coord": [ 2.0, 1.0 ], "autotile_index": 0.0, "tileset": "tiles_911", "autotile": 1.0 }, "768_544": { "coord": [ 2.0, 1.0 ], "autotile_index": 0.0, "tileset": "tiles_911", "autotile": 0.0 }, "-736_224": { "coord": [ 1.0, 0.0 ], "autotile_index": 0.0, "tileset": "tiles_911", "autotile": 1.0 }, "-288_320": { "autotile": 1.0, "autotile_index": 0.0, "tileset": "tiles_911", "coord": [ 3.0, 1.0 ] }, "-128_160": { "autotile": 1.0, "autotile_index": 0.0, "tileset": "tiles_911", "coord": [ 2.0, 1.0 ] }, "896_224": { "autotile": 1.0, "autotile_index": 0.0, "tileset": "tiles_911", "coord": [ 2.0, 1.0 ] }, "-864_224": { "coord": [ 1.0, 0.0 ], "autotile_index": 0.0, "tileset": "tiles_911", "autotile": 1.0 }, "-384_512": { "coord": [ 2.0, 0.0 ], "autotile_index": 0.0, "tileset": "tiles_911", "autotile": 1.0 }, "512_480": { "autotile": 0.0, "autotile_index": 0.0, "tileset": "tiles_911", "coord": [ 4.0, 0.0 ] }, "-96_0": { "autotile": 1.0, "autotile_index": 0.0, "tileset": "tiles_911", "coord": [ 2.0, 1.0 ] }, "-832_576": { "coord": [ 2.0, 1.0 ], "autotile_index": 0.0, "tileset": "tiles_911", "autotile": 1.0 }, "-864_256": { "coord": [ 2.0, 1.0 ], "autotile_index": 0.0, "tileset": "tiles_911", "autotile": 1.0 }, "-800_352": { "coord": [ 3.0, 1.0 ], "autotile_index": 0.0, "tileset": "tiles_911", "autotile": 1.0 }, "-384_32": { "autotile": 1.0, "autotile_index": 0.0, "tileset": "tiles_911", "coord": [ 2.0, 1.0 ] }, "-352_320": { "autotile": 1.0, "autotile_index": 0.0, "tileset": "tiles_911", "coord": [ 2.0, 1.0 ] }, "-384_608": { "coord": [ 2.0, 1.0 ], "autotile_index": 0.0, "tileset": "tiles_911", "autotile": 1.0 }, "-96_160": { "autotile": 1.0, "autotile_index": 0.0, "tileset": "tiles_911", "coord": [ 2.0, 1.0 ] }, "864_576": { "coord": [ 2.0, 1.0 ], "autotile_index": 0.0, "tileset": "tiles_911", "autotile": 1.0 }, "-160_0": { "autotile": 1.0, "autotile_index": 0.0, "tileset": "tiles_911", "coord": [ 2.0, 1.0 ] }, "-64_160": { "autotile": 1.0, "autotile_index": 0.0, "tileset": "tiles_911", "coord": [ 6.0, 2.0 ] }, "928_224": { "autotile": 1.0, "autotile_index": 0.0, "tileset": "tiles_911", "coord": [ 1.0, 2.0 ] }, "-288_608": { "coord": [ 2.0, 2.0 ], "autotile_index": 0.0, "tileset": "tiles_911", "autotile": 1.0 }, "-160_480": { "coord": [ 3.0, 1.0 ], "autotile_index": 0.0, "tileset": "tiles_911", "autotile": 1.0 }, "416_480": { "autotile": 0.0, "autotile_index": 0.0, "tileset": "tiles_911", "coord": [ 4.0, 0.0 ] }, "-192_0": { "autotile": 1.0, "autotile_index": 0.0, "tileset": "tiles_911", "coord": [ 2.0, 1.0 ] }, "288_416": { "autotile": 0.0, "autotile_index": 0.0, "tileset": "tiles_911", "coord": [ 4.0, 0.0 ] }, "-864_320": { "coord": [ 2.0, 1.0 ], "autotile_index": 0.0, "tileset": "tiles_911", "autotile": 1.0 }, "-320_224": { "autotile": 1.0, "autotile_index": 0.0, "tileset": "tiles_911", "coord": [ 3.0, 2.0 ] }, "-512_320": { "autotile": 0.0, "autotile_index": 0.0, "tileset": "tiles_911", "coord": [ 4.0, 0.0 ] }, "736_544": { "coord": [ 6.0, 4.0 ], "autotile_index": 0.0, "tileset": "tiles_911", "autotile": 0.0 }, "-352_160": { "autotile": 1.0, "autotile_index": 0.0, "tileset": "tiles_911", "coord": [ 1.0, 2.0 ] }, "-320_192": { "autotile": 1.0, "autotile_index": 0.0, "tileset": "tiles_911", "coord": [ 3.0, 2.0 ] }, "-224_448": { "coord": [ 2.0, 0.0 ], "autotile_index": 0.0, "tileset": "tiles_911", "autotile": 1.0 }, "-64_256": { "autotile": 1.0, "autotile_index": 0.0, "tileset": "tiles_911", "coord": [ 2.0, 1.0 ] }, "-768_224": { "coord": [ 3.0, 0.0 ], "autotile_index": 0.0, "tileset": "tiles_911", "autotile": 1.0 }, "928_320": { "autotile": 1.0, "autotile_index": 0.0, "tileset": "tiles_911", "coord": [ 2.0, 1.0 ] }, "-32_384": { "autotile": 1.0, "autotile_index": 0.0, "tileset": "tiles_911", "coord": [ 3.0, 1.0 ] }, "-288_64": { "autotile": 1.0, "autotile_index": 0.0, "tileset": "tiles_911", "coord": [ 3.0, 1.0 ] }, "-64_416": { "autotile": 1.0, "autotile_index": 0.0, "tileset": "tiles_911", "coord": [ 2.0, 1.0 ] }, "-832_544": { "coord": [ 2.0, 1.0 ], "autotile_index": 0.0, "tileset": "tiles_911", "autotile": 1.0 }, "-832_448": { "coord": [ 2.0, 1.0 ], "autotile_index": 0.0, "tileset": "tiles_911", "autotile": 1.0 }, "-768_416": { "autotile": 0.0, "autotile_index": 0.0, "tileset": "tiles_911", "coord": [ 4.0, 0.0 ] }, "-256_480": { "coord": [ 2.0, 1.0 ], "autotile_index": 0.0, "tileset": "tiles_911", "autotile": 1.0 }, "800_544": { "coord": [ 2.0, 1.0 ], "autotile_index": 0.0, "tileset": "tiles_911", "autotile": 0.0 }, "896_160": { "autotile": 1.0, "autotile_index": 0.0, "tileset": "tiles_911", "coord": [ 2.0, 1.0 ] }, "800_512": { "coord": [ 1.0, 0.0 ], "autotile_index": 0.0, "tileset": "tiles_911", "autotile": 1.0 }, "-160_32": { "autotile": 1.0, "autotile_index": 0.0, "tileset": "tiles_911", "coord": [ 2.0, 1.0 ] }, "-32_480": { "autotile": 1.0, "autotile_index": 0.0, "tileset": "tiles_911", "coord": [ 3.0, 1.0 ] }, "-416_544": { "coord": [ 2.0, 1.0 ], "autotile_index": 0.0, "tileset": "tiles_911", "autotile": 1.0 }, "-416_320": { "autotile": 0.0, "autotile_index": 0.0, "tileset": "tiles_911", "coord": [ 4.0, 0.0 ] }, "832_448": { "coord": [ 5.0, 6.0 ], "autotile_index": 0.0, "tileset": "tiles_911", "autotile": 0.0 }, "896_512": { "coord": [ 2.0, 0.0 ], "autotile_index": 0.0, "tileset": "tiles_911", "autotile": 1.0 }, "-64_32": { "autotile": 1.0, "autotile_index": 0.0, "tileset": "tiles_911", "coord": [ 2.0, 1.0 ] }, "-352_64": { "autotile": 1.0, "autotile_index": 0.0, "tileset": "tiles_911", "coord": [ 1.0, 2.0 ] }, "-352_224": { "autotile": 1.0, "autotile_index": 0.0, "tileset": "tiles_911", "coord": [ 1.0, 2.0 ] }, "-384_320": { "autotile": 1.0, "autotile_index": 0.0, "tileset": "tiles_911", "coord": [ 2.0, 1.0 ] }, "-864_288": { "coord": [ 2.0, 1.0 ], "autotile_index": 0.0, "tileset": "tiles_911", "autotile": 1.0 }, "-672_416": { "autotile": 0.0, "autotile_index": 0.0, "tileset": "tiles_911", "coord": [ 4.0, 0.0 ] }, "-64_448": { "autotile": 1.0, "autotile_index": 0.0, "tileset": "tiles_911", "coord": [ 2.0, 1.0 ] }, "-32_192": { "autotile": 1.0, "autotile_index": 0.0, "tileset": "tiles_911", "coord": [ 3.0, 1.0 ] }, "480_480": { "autotile": 0.0, "autotile_index": 0.0, "tileset": "tiles_911", "coord": [ 4.0, 0.0 ] }, "896_576": { "coord": [ 2.0, 1.0 ], "autotile_index": 0.0, "tileset": "tiles_911", "autotile": 1.0 }, "-32_256": { "autotile": 1.0, "autotile_index": 0.0, "tileset": "tiles_911", "coord": [ 3.0, 1.0 ] }, "-800_480": { "coord": [ 3.0, 1.0 ], "autotile_index": 0.0, "tileset": "tiles_911", "autotile": 1.0 }, "-64_384": { "autotile": 1.0, "autotile_index": 0.0, "tileset": "tiles_911", "coord": [ 2.0, 1.0 ] }, "-64_320": { "autotile": 1.0, "autotile_index": 0.0, "tileset": "tiles_911", "coord": [ 2.0, 1.0 ] }, "-128_448": { "autotile": 0.0, "autotile_index": 0.0, "tileset": "tiles_911", "coord": [ 4.0, 0.0 ] }, "-832_608": { "coord": [ 2.0, 1.0 ], "autotile_index": 0.0, "tileset": "tiles_911", "autotile": 1.0 }, "-128_32": { "autotile": 1.0, "autotile_index": 0.0, "tileset": "tiles_911", "coord": [ 2.0, 1.0 ] }, "-352_576": { "coord": [ 1.0, 2.0 ], "autotile_index": 0.0, "tileset": "tiles_911", "autotile": 1.0 }, "-800_448": { "coord": [ 3.0, 1.0 ], "autotile_index": 0.0, "tileset": "tiles_911", "autotile": 1.0 }, "864_512": { "coord": [ 3.0, 0.0 ], "autotile_index": 0.0, "tileset": "tiles_911", "autotile": 1.0 }, "704_576": { "coord": [ 2.0, 1.0 ], "autotile_index": 0.0, "tileset": "tiles_911", "autotile": 0.0 }, "928_128": { "autotile": 1.0, "autotile_index": 0.0, "tileset": "tiles_911", "coord": [ 1.0, 2.0 ] }, "-352_608": { "coord": [ 1.0, 2.0 ], "autotile_index": 0.0, "tileset": "tiles_911", "autotile": 1.0 }, "-800_384": { "coord": [ 3.0, 1.0 ], "autotile_index": 0.0, "tileset": "tiles_911", "autotile": 1.0 }, "896_320": { "autotile": 1.0, "autotile_index": 0.0, "tileset": "tiles_911", "coord": [ 2.0, 1.0 ] }, "736_512": { "coord": [ 0.0, 4.0 ], "autotile_index": 0.0, "tileset": "tiles_911", "autotile": 0.0 }, "-288_192": { "autotile": 1.0, "autotile_index": 0.0, "tileset": "tiles_911", "coord": [ 3.0, 1.0 ] }, "-800_512": { "coord": [ 3.0, 1.0 ], "autotile_index": 0.0, "tileset": "tiles_911", "autotile": 1.0 }, "-320_512": { "coord": [ 1.0, 0.0 ], "autotile_index": 0.0, "tileset": "tiles_911", "autotile": 1.0 }, "-288_128": { "autotile": 1.0, "autotile_index": 0.0, "tileset": "tiles_911", "coord": [ 3.0, 1.0 ] }, "-384_160": { "autotile": 1.0, "autotile_index": 0.0, "tileset": "tiles_911", "coord": [ 2.0, 1.0 ] }, "544_480": { "autotile": 0.0, "autotile_index": 0.0, "tileset": "tiles_911", "coord": [ 4.0, 0.0 ] } } }, "backgrounds": { "5": { "x": 0.0, "scroll_x": 0.0, "tile_y": 1.0, "hspeed": 0.0, "scroll_y": 0.0, "panic_sprite": -1.0, "y": 0.0, "sprite": "9_11_background2", "tile_x": 1.0, "vspeed": 0.0, "image_speed": 15.0 } }, "properties": { "songTransitionTime": 100.0, "roomX": -896.0, "levelWidth": 960.0, "roomY": 0.0, "levelHeight": 636.0, "song": "event:\/sfx\/misc\/windloop" } }