{ "editorVersion": 5.0, "instances": [ { "layer": 0.0, "deleted": 0.0, "variables": { "x": 576.0, "flipX": 0.0, "y": 480.0, "flipY": 0.0 }, "object": 722.0 }, { "layer": 0.0, "deleted": 0.0, "variables": { "x": 608.0, "flipX": 0.0, "y": 480.0, "flipY": 0.0 }, "object": 722.0 }, { "layer": 0.0, "deleted": 0.0, "variables": { "x": 640.0, "flipX": 0.0, "y": 480.0, "flipY": 0.0 }, "object": 722.0 }, { "layer": 0.0, "deleted": 0.0, "variables": { "x": 672.0, "flipX": 0.0, "y": 480.0, "flipY": 0.0 }, "object": 722.0 }, { "layer": 0.0, "deleted": 1.0, "variables": { "x": 320.0, "flipX": 0.0, "y": 192.0, "flipY": 0.0 }, "object": 517.0 }, { "layer": 0.0, "deleted": 1.0, "variables": { "x": 320.0, "flipX": 0.0, "y": 224.0, "flipY": 0.0 }, "object": 517.0 }, { "layer": 0.0, "deleted": 1.0, "variables": { "x": 320.0, "flipX": 0.0, "y": 256.0, "flipY": 0.0 }, "object": 517.0 }, { "layer": 0.0, "deleted": 1.0, "variables": { "x": 352.0, "flipX": 0.0, "y": 256.0, "flipY": 0.0 }, "object": 517.0 }, { "layer": 0.0, "deleted": 1.0, "variables": { "x": 384.0, "flipX": 0.0, "y": 256.0, "flipY": 0.0 }, "object": 517.0 }, { "layer": 0.0, "deleted": 1.0, "variables": { "x": 416.0, "flipX": 0.0, "y": 256.0, "flipY": 0.0 }, "object": 517.0 }, { "layer": 0.0, "deleted": 1.0, "variables": { "x": 448.0, "flipX": 0.0, "y": 256.0, "flipY": 0.0 }, "object": 517.0 }, { "layer": 0.0, "deleted": 1.0, "variables": { "x": 480.0, "flipX": 0.0, "y": 256.0, "flipY": 0.0 }, "object": 517.0 }, { "layer": 0.0, "deleted": 1.0, "variables": { "x": 512.0, "flipX": 0.0, "y": 256.0, "flipY": 0.0 }, "object": 517.0 }, { "layer": 0.0, "deleted": 1.0, "variables": { "x": 544.0, "flipX": 0.0, "y": 256.0, "flipY": 0.0 }, "object": 517.0 }, { "layer": 0.0, "deleted": 1.0, "variables": { "x": 576.0, "flipX": 0.0, "y": 256.0, "flipY": 0.0 }, "object": 517.0 }, { "layer": 0.0, "deleted": 1.0, "variables": { "x": 608.0, "flipX": 0.0, "y": 256.0, "flipY": 0.0 }, "object": 517.0 }, { "layer": 0.0, "deleted": 1.0, "variables": { "x": 640.0, "flipX": 0.0, "y": 256.0, "flipY": 0.0 }, "object": 517.0 }, { "layer": 0.0, "deleted": 1.0, "variables": { "x": 672.0, "flipX": 0.0, "y": 256.0, "flipY": 0.0 }, "object": 517.0 }, { "layer": 0.0, "deleted": 1.0, "variables": { "x": 704.0, "flipX": 0.0, "y": 256.0, "flipY": 0.0 }, "object": 517.0 }, { "layer": 0.0, "deleted": 1.0, "variables": { "x": 736.0, "flipX": 0.0, "y": 256.0, "flipY": 0.0 }, "object": 517.0 }, { "layer": 0.0, "deleted": 1.0, "variables": { "x": 768.0, "flipX": 0.0, "y": 256.0, "flipY": 0.0 }, "object": 517.0 }, { "layer": 0.0, "deleted": 1.0, "variables": { "x": 800.0, "flipX": 0.0, "y": 256.0, "flipY": 0.0 }, "object": 517.0 }, { "layer": 0.0, "deleted": 1.0, "variables": { "x": 800.0, "flipX": 0.0, "y": 224.0, "flipY": 0.0 }, "object": 517.0 }, { "layer": 0.0, "deleted": 1.0, "variables": { "x": 800.0, "flipX": 0.0, "y": 192.0, "flipY": 0.0 }, "object": 517.0 }, { "layer": 0.0, "deleted": 1.0, "variables": { "x": 768.0, "flipX": 0.0, "y": 192.0, "flipY": 0.0 }, "object": 517.0 }, { "layer": 0.0, "deleted": 1.0, "variables": { "x": 736.0, "flipX": 0.0, "y": 192.0, "flipY": 0.0 }, "object": 517.0 }, { "layer": 0.0, "deleted": 1.0, "variables": { "x": 704.0, "flipX": 0.0, "y": 192.0, "flipY": 0.0 }, "object": 517.0 }, { "layer": 0.0, "deleted": 1.0, "variables": { "x": 672.0, "flipX": 0.0, "y": 192.0, "flipY": 0.0 }, "object": 517.0 }, { "layer": 0.0, "deleted": 1.0, "variables": { "x": 640.0, "flipX": 0.0, "y": 192.0, "flipY": 0.0 }, "object": 517.0 }, { "layer": 0.0, "deleted": 1.0, "variables": { "x": 608.0, "flipX": 0.0, "y": 192.0, "flipY": 0.0 }, "object": 517.0 }, { "layer": 0.0, "deleted": 1.0, "variables": { "x": 576.0, "flipX": 0.0, "y": 192.0, "flipY": 0.0 }, "object": 517.0 }, { "layer": 0.0, "deleted": 1.0, "variables": { "x": 544.0, "flipX": 0.0, "y": 192.0, "flipY": 0.0 }, "object": 517.0 }, { "layer": 0.0, "deleted": 1.0, "variables": { "x": 512.0, "flipX": 0.0, "y": 192.0, "flipY": 0.0 }, "object": 517.0 }, { "layer": 0.0, "deleted": 1.0, "variables": { "x": 480.0, "flipX": 0.0, "y": 192.0, "flipY": 0.0 }, "object": 517.0 }, { "layer": 0.0, "deleted": 1.0, "variables": { "x": 448.0, "flipX": 0.0, "y": 192.0, "flipY": 0.0 }, "object": 517.0 }, { "layer": 0.0, "deleted": 1.0, "variables": { "x": 416.0, "flipX": 0.0, "y": 192.0, "flipY": 0.0 }, "object": 517.0 }, { "layer": 0.0, "deleted": 1.0, "variables": { "x": 384.0, "flipX": 0.0, "y": 192.0, "flipY": 0.0 }, "object": 517.0 }, { "layer": 0.0, "deleted": 1.0, "variables": { "x": 352.0, "flipX": 0.0, "y": 192.0, "flipY": 0.0 }, "object": 517.0 }, { "layer": 0.0, "deleted": 1.0, "variables": { "x": 352.0, "flipX": 0.0, "y": 224.0, "flipY": 0.0 }, "object": 517.0 }, { "layer": 0.0, "deleted": 1.0, "variables": { "x": 384.0, "flipX": 0.0, "y": 224.0, "flipY": 0.0 }, "object": 517.0 }, { "layer": 0.0, "deleted": 1.0, "variables": { "x": 416.0, "flipX": 0.0, "y": 224.0, "flipY": 0.0 }, "object": 517.0 }, { "layer": 0.0, "deleted": 1.0, "variables": { "x": 448.0, "flipX": 0.0, "y": 224.0, "flipY": 0.0 }, "object": 517.0 }, { "layer": 0.0, "deleted": 1.0, "variables": { "x": 480.0, "flipX": 0.0, "y": 224.0, "flipY": 0.0 }, "object": 517.0 }, { "layer": 0.0, "deleted": 1.0, "variables": { "x": 512.0, "flipX": 0.0, "y": 224.0, "flipY": 0.0 }, "object": 517.0 }, { "layer": 0.0, "deleted": 1.0, "variables": { "x": 544.0, "flipX": 0.0, "y": 224.0, "flipY": 0.0 }, "object": 517.0 }, { "layer": 0.0, "deleted": 1.0, "variables": { "x": 576.0, "flipX": 0.0, "y": 224.0, "flipY": 0.0 }, "object": 517.0 }, { "layer": 0.0, "deleted": 1.0, "variables": { "x": 608.0, "flipX": 0.0, "y": 224.0, "flipY": 0.0 }, "object": 517.0 }, { "layer": 0.0, "deleted": 1.0, "variables": { "x": 640.0, "flipX": 0.0, "y": 224.0, "flipY": 0.0 }, "object": 517.0 }, { "layer": 0.0, "deleted": 1.0, "variables": { "x": 672.0, "flipX": 0.0, "y": 224.0, "flipY": 0.0 }, "object": 517.0 }, { "layer": 0.0, "deleted": 1.0, "variables": { "x": 704.0, "flipX": 0.0, "y": 224.0, "flipY": 0.0 }, "object": 517.0 }, { "layer": 0.0, "deleted": 1.0, "variables": { "x": 736.0, "flipX": 0.0, "y": 224.0, "flipY": 0.0 }, "object": 517.0 }, { "layer": 0.0, "deleted": 0.0, "variables": { "x": 288.0, "y": 192.0, "image_xscale": 17.0, "image_yscale": 3.0, "flipX": 0.0, "flipY": 0.0 }, "object": 517.0 }, { "layer": 0.0, "deleted": 0.0, "variables": { "x": 832.0, "flipX": 0.0, "y": 32.0, "flipY": 0.0 }, "object": 517.0 }, { "layer": 0.0, "deleted": 0.0, "variables": { "x": 832.0, "flipX": 0.0, "y": 64.0, "flipY": 0.0 }, "object": 517.0 }, { "layer": 0.0, "deleted": 0.0, "variables": { "x": 832.0, "flipX": 0.0, "y": 96.0, "flipY": 0.0 }, "object": 517.0 }, { "layer": 0.0, "deleted": 0.0, "variables": { "x": 832.0, "flipX": 0.0, "y": 128.0, "flipY": 0.0 }, "object": 517.0 }, { "layer": 0.0, "deleted": 0.0, "variables": { "x": 832.0, "flipX": 0.0, "y": 160.0, "flipY": 0.0 }, "object": 517.0 }, { "layer": 0.0, "deleted": 0.0, "variables": { "x": 832.0, "flipX": 0.0, "y": 192.0, "flipY": 0.0 }, "object": 517.0 }, { "layer": 0.0, "deleted": 0.0, "variables": { "x": 832.0, "flipX": 0.0, "y": 224.0, "flipY": 0.0 }, "object": 517.0 }, { "layer": 0.0, "deleted": 0.0, "variables": { "x": 832.0, "flipX": 0.0, "y": 256.0, "flipY": 0.0 }, "object": 517.0 }, { "layer": 0.0, "deleted": 0.0, "variables": { "x": 832.0, "flipX": 0.0, "y": 288.0, "flipY": 0.0 }, "object": 517.0 }, { "layer": 0.0, "deleted": 0.0, "variables": { "x": 832.0, "flipX": 0.0, "y": 320.0, "flipY": 0.0 }, "object": 517.0 }, { "layer": 0.0, "deleted": 0.0, "variables": { "x": 832.0, "flipX": 0.0, "y": 352.0, "flipY": 0.0 }, "object": 517.0 }, { "layer": 0.0, "deleted": 0.0, "variables": { "x": 832.0, "flipX": 0.0, "y": 384.0, "flipY": 0.0 }, "object": 517.0 }, { "layer": 0.0, "deleted": 0.0, "variables": { "x": 832.0, "flipX": 0.0, "y": 416.0, "flipY": 0.0 }, "object": 517.0 }, { "layer": 0.0, "deleted": 0.0, "variables": { "x": 832.0, "flipX": 0.0, "y": 448.0, "flipY": 0.0 }, "object": 517.0 }, { "layer": 0.0, "deleted": 0.0, "variables": { "x": 832.0, "flipX": 0.0, "y": 480.0, "flipY": 0.0 }, "object": 517.0 }, { "layer": 0.0, "deleted": 0.0, "variables": { "x": 832.0, "flipX": 0.0, "y": 512.0, "flipY": 0.0 }, "object": 517.0 }, { "layer": 0.0, "deleted": 0.0, "variables": { "x": 832.0, "flipX": 0.0, "y": 576.0, "flipY": 0.0 }, "object": 517.0 }, { "layer": 0.0, "deleted": 0.0, "variables": { "x": 832.0, "flipX": 0.0, "y": 544.0, "flipY": 0.0 }, "object": 517.0 }, { "layer": 0.0, "deleted": 0.0, "variables": { "x": 832.0, "flipX": 0.0, "y": 608.0, "flipY": 0.0 }, "object": 517.0 }, { "layer": 0.0, "deleted": 0.0, "variables": { "x": 832.0, "flipX": 0.0, "y": 640.0, "flipY": 0.0 }, "object": 517.0 }, { "layer": 0.0, "deleted": 0.0, "variables": { "x": 832.0, "flipX": 0.0, "y": 672.0, "flipY": 0.0 }, "object": 517.0 }, { "layer": 0.0, "deleted": 0.0, "variables": { "x": 832.0, "flipX": 0.0, "y": 704.0, "flipY": 0.0 }, "object": 517.0 }, { "layer": 0.0, "deleted": 0.0, "variables": { "x": 832.0, "flipX": 0.0, "y": 736.0, "flipY": 0.0 }, "object": 517.0 }, { "layer": 0.0, "deleted": 0.0, "variables": { "x": 832.0, "flipX": 0.0, "y": 768.0, "flipY": 0.0 }, "object": 517.0 }, { "layer": 0.0, "deleted": 0.0, "variables": { "x": 832.0, "flipX": 0.0, "y": 800.0, "flipY": 0.0 }, "object": 517.0 }, { "layer": 0.0, "deleted": 0.0, "variables": { "x": 832.0, "flipX": 0.0, "y": 832.0, "flipY": 0.0 }, "object": 517.0 }, { "layer": 0.0, "deleted": 0.0, "variables": { "x": 832.0, "flipX": 0.0, "y": 864.0, "flipY": 0.0 }, "object": 517.0 }, { "layer": 0.0, "deleted": 0.0, "variables": { "x": 896.0, "flipX": 0.0, "y": 864.0, "flipY": 0.0 }, "object": 517.0 }, { "layer": 0.0, "deleted": 0.0, "variables": { "x": 928.0, "flipX": 0.0, "y": 864.0, "flipY": 0.0 }, "object": 517.0 }, { "layer": 0.0, "deleted": 0.0, "variables": { "x": 896.0, "flipX": 0.0, "y": 1024.0, "flipY": 0.0 }, "object": 517.0 }, { "layer": 0.0, "deleted": 0.0, "variables": { "x": 928.0, "flipX": 0.0, "y": 1024.0, "flipY": 0.0 }, "object": 517.0 }, { "layer": 0.0, "deleted": 0.0, "variables": { "x": 832.0, "flipX": 0.0, "y": 1024.0, "flipY": 0.0 }, "object": 517.0 }, { "layer": 0.0, "deleted": 0.0, "variables": { "x": 832.0, "flipX": 0.0, "y": 1056.0, "flipY": 0.0 }, "object": 517.0 }, { "layer": 0.0, "deleted": 0.0, "variables": { "x": 864.0, "flipX": 0.0, "y": 1056.0, "flipY": 0.0 }, "object": 517.0 }, { "layer": 0.0, "deleted": 0.0, "variables": { "x": 864.0, "flipX": 0.0, "y": 1024.0, "flipY": 0.0 }, "object": 517.0 }, { "layer": 0.0, "deleted": 0.0, "variables": { "x": 928.0, "flipX": 0.0, "y": 832.0, "flipY": 0.0 }, "object": 517.0 }, { "layer": 0.0, "deleted": 0.0, "variables": { "x": 896.0, "flipX": 0.0, "y": 832.0, "flipY": 0.0 }, "object": 517.0 }, { "layer": 0.0, "deleted": 0.0, "variables": { "x": 416.0, "flipX": 0.0, "y": 992.0, "flipY": 0.0 }, "object": 134.0 }, { "layer": 0.0, "deleted": 0.0, "variables": { "x": 544.0, "flipX": 0.0, "y": 992.0, "flipY": 0.0 }, "object": 134.0 }, { "layer": 0.0, "deleted": 0.0, "variables": { "x": 864.0, "flipX": 0.0, "y": 864.0, "flipY": 0.0 }, "object": 517.0 }, { "layer": 0.0, "deleted": 0.0, "variables": { "x": 864.0, "flipX": 0.0, "y": 832.0, "flipY": 0.0 }, "object": 517.0 }, { "layer": 0.0, "deleted": 0.0, "variables": { "x": 864.0, "flipX": 0.0, "y": 800.0, "flipY": 0.0 }, "object": 517.0 }, { "layer": 0.0, "deleted": 0.0, "variables": { "x": 864.0, "flipX": 0.0, "y": 768.0, "flipY": 0.0 }, "object": 517.0 }, { "layer": 0.0, "deleted": 0.0, "variables": { "x": 864.0, "flipX": 0.0, "y": 736.0, "flipY": 0.0 }, "object": 517.0 }, { "layer": 0.0, "deleted": 0.0, "variables": { "x": 864.0, "flipX": 0.0, "y": 704.0, "flipY": 0.0 }, "object": 517.0 }, { "layer": 0.0, "deleted": 0.0, "variables": { "x": 864.0, "flipX": 0.0, "y": 672.0, "flipY": 0.0 }, "object": 517.0 }, { "layer": 0.0, "deleted": 0.0, "variables": { "x": 864.0, "flipX": 0.0, "y": 640.0, "flipY": 0.0 }, "object": 517.0 }, { "layer": 0.0, "deleted": 0.0, "variables": { "x": 864.0, "flipX": 0.0, "y": 608.0, "flipY": 0.0 }, "object": 517.0 }, { "layer": 0.0, "deleted": 0.0, "variables": { "x": 864.0, "flipX": 0.0, "y": 576.0, "flipY": 0.0 }, "object": 517.0 }, { "layer": 0.0, "deleted": 0.0, "variables": { "x": 864.0, "flipX": 0.0, "y": 544.0, "flipY": 0.0 }, "object": 517.0 }, { "layer": 0.0, "deleted": 0.0, "variables": { "x": 864.0, "flipX": 0.0, "y": 512.0, "flipY": 0.0 }, "object": 517.0 }, { "layer": 0.0, "deleted": 0.0, "variables": { "x": 864.0, "flipX": 0.0, "y": 480.0, "flipY": 0.0 }, "object": 517.0 }, { "layer": 0.0, "deleted": 0.0, "variables": { "x": 864.0, "flipX": 0.0, "y": 448.0, "flipY": 0.0 }, "object": 517.0 }, { "layer": 0.0, "deleted": 0.0, "variables": { "x": 864.0, "flipX": 0.0, "y": 416.0, "flipY": 0.0 }, "object": 517.0 }, { "layer": 0.0, "deleted": 0.0, "variables": { "x": 864.0, "flipX": 0.0, "y": 384.0, "flipY": 0.0 }, "object": 517.0 }, { "layer": 0.0, "deleted": 0.0, "variables": { "x": 864.0, "flipX": 0.0, "y": 352.0, "flipY": 0.0 }, "object": 517.0 }, { "layer": 0.0, "deleted": 0.0, "variables": { "x": 864.0, "flipX": 0.0, "y": 320.0, "flipY": 0.0 }, "object": 517.0 }, { "layer": 0.0, "deleted": 0.0, "variables": { "x": 864.0, "flipX": 0.0, "y": 288.0, "flipY": 0.0 }, "object": 517.0 }, { "layer": 0.0, "deleted": 0.0, "variables": { "x": 864.0, "flipX": 0.0, "y": 256.0, "flipY": 0.0 }, "object": 517.0 }, { "layer": 0.0, "deleted": 0.0, "variables": { "x": 864.0, "flipX": 0.0, "y": 224.0, "flipY": 0.0 }, "object": 517.0 }, { "layer": 0.0, "deleted": 0.0, "variables": { "x": 864.0, "flipX": 0.0, "y": 192.0, "flipY": 0.0 }, "object": 517.0 }, { "layer": 0.0, "deleted": 0.0, "variables": { "x": 864.0, "flipX": 0.0, "y": 160.0, "flipY": 0.0 }, "object": 517.0 }, { "layer": 0.0, "deleted": 0.0, "variables": { "x": 864.0, "flipX": 0.0, "y": 128.0, "flipY": 0.0 }, "object": 517.0 }, { "layer": 0.0, "deleted": 0.0, "variables": { "x": 864.0, "flipX": 0.0, "y": 96.0, "flipY": 0.0 }, "object": 517.0 }, { "layer": 0.0, "deleted": 0.0, "variables": { "x": 864.0, "flipX": 0.0, "y": 64.0, "flipY": 0.0 }, "object": 517.0 }, { "layer": 0.0, "deleted": 0.0, "variables": { "x": 864.0, "flipX": 0.0, "y": 32.0, "flipY": 0.0 }, "object": 517.0 }, { "layer": 0.0, "deleted": 0.0, "variables": { "x": 864.0, "flipX": 0.0, "y": 0.0, "flipY": 0.0 }, "object": 517.0 }, { "layer": 0.0, "deleted": 0.0, "variables": { "x": 832.0, "flipX": 0.0, "y": 0.0, "flipY": 0.0 }, "object": 517.0 }, { "layer": 0.0, "deleted": 0.0, "variables": { "x": 800.0, "flipX": 0.0, "y": 0.0, "flipY": 0.0 }, "object": 517.0 }, { "layer": 0.0, "deleted": 0.0, "variables": { "x": 768.0, "flipX": 0.0, "y": 0.0, "flipY": 0.0 }, "object": 517.0 }, { "layer": 0.0, "deleted": 0.0, "variables": { "x": 576.0, "flipX": 0.0, "y": 128.0, "flipY": 0.0 }, "object": 11.0 }, { "layer": 0.0, "deleted": 0.0, "variables": { "x": 736.0, "y": 64.0, "targetRoom": "main", "image_xscale": 1.0, "image_yscale": 1.0, "flipX": 0.0, "flipY": 1.0 }, "object": 800.0 }, { "layer": 0.0, "deleted": 0.0, "variables": { "x": 672.0, "flipX": 0.0, "y": 0.0, "flipY": 0.0 }, "object": 517.0 }, { "layer": 0.0, "deleted": 0.0, "variables": { "x": 640.0, "flipX": 0.0, "y": 0.0, "flipY": 0.0 }, "object": 517.0 }, { "layer": 0.0, "deleted": 0.0, "variables": { "x": 608.0, "flipX": 0.0, "y": 0.0, "flipY": 0.0 }, "object": 517.0 }, { "layer": 0.0, "deleted": 0.0, "variables": { "x": 576.0, "flipX": 0.0, "y": 0.0, "flipY": 0.0 }, "object": 517.0 }, { "layer": 0.0, "deleted": 0.0, "variables": { "x": 544.0, "flipX": 0.0, "y": 0.0, "flipY": 0.0 }, "object": 517.0 }, { "layer": 0.0, "deleted": 0.0, "variables": { "x": 512.0, "flipX": 0.0, "y": 0.0, "flipY": 0.0 }, "object": 517.0 }, { "layer": 0.0, "deleted": 0.0, "variables": { "x": 480.0, "flipX": 0.0, "y": 0.0, "flipY": 0.0 }, "object": 517.0 }, { "layer": 0.0, "deleted": 0.0, "variables": { "x": 448.0, "flipX": 0.0, "y": 0.0, "flipY": 0.0 }, "object": 517.0 }, { "layer": 0.0, "deleted": 0.0, "variables": { "x": 416.0, "flipX": 0.0, "y": 0.0, "flipY": 0.0 }, "object": 517.0 }, { "layer": 0.0, "deleted": 0.0, "variables": { "x": 384.0, "flipX": 0.0, "y": 0.0, "flipY": 0.0 }, "object": 517.0 }, { "layer": 0.0, "deleted": 0.0, "variables": { "x": 352.0, "flipX": 0.0, "y": 0.0, "flipY": 0.0 }, "object": 517.0 }, { "layer": 0.0, "deleted": 0.0, "variables": { "x": 320.0, "flipX": 0.0, "y": 0.0, "flipY": 0.0 }, "object": 517.0 }, { "layer": 0.0, "deleted": 0.0, "variables": { "x": 288.0, "flipX": 0.0, "y": 0.0, "flipY": 0.0 }, "object": 517.0 }, { "layer": 0.0, "deleted": 0.0, "variables": { "x": 256.0, "flipX": 0.0, "y": 0.0, "flipY": 0.0 }, "object": 517.0 }, { "layer": 0.0, "deleted": 0.0, "variables": { "x": 224.0, "flipX": 0.0, "y": 0.0, "flipY": 0.0 }, "object": 517.0 }, { "layer": 0.0, "deleted": 0.0, "variables": { "x": 192.0, "flipX": 0.0, "y": 0.0, "flipY": 0.0 }, "object": 517.0 }, { "layer": 0.0, "deleted": 0.0, "variables": { "x": 160.0, "flipX": 0.0, "y": 0.0, "flipY": 0.0 }, "object": 517.0 }, { "layer": 0.0, "deleted": 0.0, "variables": { "x": 128.0, "flipX": 0.0, "y": 0.0, "flipY": 0.0 }, "object": 517.0 }, { "layer": 0.0, "deleted": 0.0, "variables": { "x": 96.0, "flipX": 0.0, "y": 0.0, "flipY": 0.0 }, "object": 517.0 }, { "layer": 0.0, "deleted": 0.0, "variables": { "x": 64.0, "flipX": 0.0, "y": 0.0, "flipY": 0.0 }, "object": 517.0 }, { "layer": 0.0, "deleted": 0.0, "variables": { "x": 64.0, "flipX": 0.0, "y": 32.0, "flipY": 0.0 }, "object": 517.0 }, { "layer": 0.0, "deleted": 0.0, "variables": { "x": 64.0, "flipX": 0.0, "y": 64.0, "flipY": 0.0 }, "object": 517.0 }, { "layer": 0.0, "deleted": 0.0, "variables": { "x": 64.0, "flipX": 0.0, "y": 96.0, "flipY": 0.0 }, "object": 517.0 }, { "layer": 0.0, "deleted": 0.0, "variables": { "x": 64.0, "flipX": 0.0, "y": 128.0, "flipY": 0.0 }, "object": 517.0 }, { "layer": 0.0, "deleted": 0.0, "variables": { "x": 64.0, "flipX": 0.0, "y": 160.0, "flipY": 0.0 }, "object": 517.0 }, { "layer": 0.0, "deleted": 0.0, "variables": { "x": 64.0, "flipX": 0.0, "y": 192.0, "flipY": 0.0 }, "object": 517.0 }, { "layer": 0.0, "deleted": 0.0, "variables": { "x": 64.0, "flipX": 0.0, "y": 224.0, "flipY": 0.0 }, "object": 517.0 }, { "layer": 0.0, "deleted": 0.0, "variables": { "x": 64.0, "flipX": 0.0, "y": 256.0, "flipY": 0.0 }, "object": 517.0 }, { "layer": 0.0, "deleted": 0.0, "variables": { "x": 64.0, "flipX": 0.0, "y": 288.0, "flipY": 0.0 }, "object": 517.0 }, { "layer": 0.0, "deleted": 0.0, "variables": { "x": 64.0, "flipX": 0.0, "y": 320.0, "flipY": 0.0 }, "object": 517.0 }, { "layer": 0.0, "deleted": 0.0, "variables": { "x": 64.0, "flipX": 0.0, "y": 352.0, "flipY": 0.0 }, "object": 517.0 }, { "layer": 0.0, "deleted": 0.0, "variables": { "x": 64.0, "flipX": 0.0, "y": 384.0, "flipY": 0.0 }, "object": 517.0 }, { "layer": 0.0, "deleted": 0.0, "variables": { "x": 64.0, "flipX": 0.0, "y": 416.0, "flipY": 0.0 }, "object": 517.0 }, { "layer": 0.0, "deleted": 0.0, "variables": { "x": 64.0, "flipX": 0.0, "y": 448.0, "flipY": 0.0 }, "object": 517.0 }, { "layer": 0.0, "deleted": 0.0, "variables": { "x": 64.0, "flipX": 0.0, "y": 480.0, "flipY": 0.0 }, "object": 517.0 }, { "layer": 0.0, "deleted": 0.0, "variables": { "x": 64.0, "flipX": 0.0, "y": 512.0, "flipY": 0.0 }, "object": 517.0 }, { "layer": 0.0, "deleted": 0.0, "variables": { "x": 64.0, "flipX": 0.0, "y": 544.0, "flipY": 0.0 }, "object": 517.0 }, { "layer": 0.0, "deleted": 0.0, "variables": { "x": 64.0, "flipX": 0.0, "y": 576.0, "flipY": 0.0 }, "object": 517.0 }, { "layer": 0.0, "deleted": 0.0, "variables": { "x": 64.0, "flipX": 0.0, "y": 608.0, "flipY": 0.0 }, "object": 517.0 }, { "layer": 0.0, "deleted": 0.0, "variables": { "x": 64.0, "flipX": 0.0, "y": 640.0, "flipY": 0.0 }, "object": 517.0 }, { "layer": 0.0, "deleted": 0.0, "variables": { "x": 64.0, "flipX": 0.0, "y": 672.0, "flipY": 0.0 }, "object": 517.0 }, { "layer": 0.0, "deleted": 0.0, "variables": { "x": 64.0, "flipX": 0.0, "y": 704.0, "flipY": 0.0 }, "object": 517.0 }, { "layer": 0.0, "deleted": 0.0, "variables": { "x": 64.0, "flipX": 0.0, "y": 736.0, "flipY": 0.0 }, "object": 517.0 }, { "layer": 0.0, "deleted": 0.0, "variables": { "x": 64.0, "flipX": 0.0, "y": 768.0, "flipY": 0.0 }, "object": 517.0 }, { "layer": 0.0, "deleted": 0.0, "variables": { "x": 64.0, "flipX": 0.0, "y": 800.0, "flipY": 0.0 }, "object": 517.0 }, { "layer": 0.0, "deleted": 0.0, "variables": { "x": 64.0, "flipX": 0.0, "y": 832.0, "flipY": 0.0 }, "object": 517.0 }, { "layer": 0.0, "deleted": 0.0, "variables": { "x": 64.0, "flipX": 0.0, "y": 864.0, "flipY": 0.0 }, "object": 517.0 }, { "layer": 0.0, "deleted": 0.0, "variables": { "x": 64.0, "flipX": 0.0, "y": 896.0, "flipY": 0.0 }, "object": 517.0 }, { "layer": 0.0, "deleted": 0.0, "variables": { "x": 64.0, "flipX": 0.0, "y": 928.0, "flipY": 0.0 }, "object": 517.0 }, { "layer": 0.0, "deleted": 0.0, "variables": { "x": 64.0, "flipX": 0.0, "y": 960.0, "flipY": 0.0 }, "object": 517.0 }, { "layer": 0.0, "deleted": 0.0, "variables": { "x": 64.0, "flipX": 0.0, "y": 992.0, "flipY": 0.0 }, "object": 517.0 }, { "layer": 0.0, "deleted": 0.0, "variables": { "x": 64.0, "flipX": 0.0, "y": 1024.0, "flipY": 0.0 }, "object": 517.0 }, { "layer": 0.0, "deleted": 0.0, "variables": { "x": 64.0, "flipX": 0.0, "y": 1056.0, "flipY": 0.0 }, "object": 517.0 }, { "layer": 0.0, "deleted": 0.0, "variables": { "x": 96.0, "flipX": 0.0, "y": 1056.0, "flipY": 0.0 }, "object": 517.0 }, { "layer": 0.0, "deleted": 0.0, "variables": { "x": 96.0, "flipX": 0.0, "y": 1024.0, "flipY": 0.0 }, "object": 517.0 }, { "layer": 0.0, "deleted": 0.0, "variables": { "x": 96.0, "flipX": 0.0, "y": 992.0, "flipY": 0.0 }, "object": 517.0 }, { "layer": 0.0, "deleted": 0.0, "variables": { "x": 96.0, "flipX": 0.0, "y": 960.0, "flipY": 0.0 }, "object": 517.0 }, { "layer": 0.0, "deleted": 0.0, "variables": { "x": 96.0, "flipX": 0.0, "y": 928.0, "flipY": 0.0 }, "object": 517.0 }, { "layer": 0.0, "deleted": 0.0, "variables": { "x": 96.0, "flipX": 0.0, "y": 896.0, "flipY": 0.0 }, "object": 517.0 }, { "layer": 0.0, "deleted": 0.0, "variables": { "x": 96.0, "flipX": 0.0, "y": 864.0, "flipY": 0.0 }, "object": 517.0 }, { "layer": 0.0, "deleted": 0.0, "variables": { "x": 96.0, "flipX": 0.0, "y": 832.0, "flipY": 0.0 }, "object": 517.0 }, { "layer": 0.0, "deleted": 0.0, "variables": { "x": 96.0, "flipX": 0.0, "y": 800.0, "flipY": 0.0 }, "object": 517.0 }, { "layer": 0.0, "deleted": 0.0, "variables": { "x": 96.0, "flipX": 0.0, "y": 768.0, "flipY": 0.0 }, "object": 517.0 }, { "layer": 0.0, "deleted": 0.0, "variables": { "x": 96.0, "flipX": 0.0, "y": 736.0, "flipY": 0.0 }, "object": 517.0 }, { "layer": 0.0, "deleted": 0.0, "variables": { "x": 96.0, "flipX": 0.0, "y": 704.0, "flipY": 0.0 }, "object": 517.0 }, { "layer": 0.0, "deleted": 0.0, "variables": { "x": 96.0, "flipX": 0.0, "y": 672.0, "flipY": 0.0 }, "object": 517.0 }, { "layer": 0.0, "deleted": 0.0, "variables": { "x": 96.0, "flipX": 0.0, "y": 640.0, "flipY": 0.0 }, "object": 517.0 }, { "layer": 0.0, "deleted": 0.0, "variables": { "x": 96.0, "flipX": 0.0, "y": 608.0, "flipY": 0.0 }, "object": 517.0 }, { "layer": 0.0, "deleted": 0.0, "variables": { "x": 96.0, "flipX": 0.0, "y": 576.0, "flipY": 0.0 }, "object": 517.0 }, { "layer": 0.0, "deleted": 0.0, "variables": { "x": 96.0, "flipX": 0.0, "y": 544.0, "flipY": 0.0 }, "object": 517.0 }, { "layer": 0.0, "deleted": 0.0, "variables": { "x": 96.0, "flipX": 0.0, "y": 512.0, "flipY": 0.0 }, "object": 517.0 }, { "layer": 0.0, "deleted": 0.0, "variables": { "x": 96.0, "flipX": 0.0, "y": 480.0, "flipY": 0.0 }, "object": 517.0 }, { "layer": 0.0, "deleted": 0.0, "variables": { "x": 96.0, "flipX": 0.0, "y": 448.0, "flipY": 0.0 }, "object": 517.0 }, { "layer": 0.0, "deleted": 0.0, "variables": { "x": 96.0, "flipX": 0.0, "y": 416.0, "flipY": 0.0 }, "object": 517.0 }, { "layer": 0.0, "deleted": 0.0, "variables": { "x": 96.0, "flipX": 0.0, "y": 384.0, "flipY": 0.0 }, "object": 517.0 }, { "layer": 0.0, "deleted": 0.0, "variables": { "x": 96.0, "flipX": 0.0, "y": 352.0, "flipY": 0.0 }, "object": 517.0 }, { "layer": 0.0, "deleted": 0.0, "variables": { "x": 96.0, "flipX": 0.0, "y": 320.0, "flipY": 0.0 }, "object": 517.0 }, { "layer": 0.0, "deleted": 0.0, "variables": { "x": 96.0, "flipX": 0.0, "y": 288.0, "flipY": 0.0 }, "object": 517.0 }, { "layer": 0.0, "deleted": 0.0, "variables": { "x": 96.0, "flipX": 0.0, "y": 256.0, "flipY": 0.0 }, "object": 517.0 }, { "layer": 0.0, "deleted": 0.0, "variables": { "x": 96.0, "flipX": 0.0, "y": 224.0, "flipY": 0.0 }, "object": 517.0 }, { "layer": 0.0, "deleted": 0.0, "variables": { "x": 96.0, "flipX": 0.0, "y": 192.0, "flipY": 0.0 }, "object": 517.0 }, { "layer": 0.0, "deleted": 0.0, "variables": { "x": 96.0, "flipX": 0.0, "y": 160.0, "flipY": 0.0 }, "object": 517.0 }, { "layer": 0.0, "deleted": 0.0, "variables": { "x": 96.0, "flipX": 0.0, "y": 128.0, "flipY": 0.0 }, "object": 517.0 }, { "layer": 0.0, "deleted": 0.0, "variables": { "x": 96.0, "flipX": 0.0, "y": 96.0, "flipY": 0.0 }, "object": 517.0 }, { "layer": 0.0, "deleted": 0.0, "variables": { "x": 96.0, "flipX": 0.0, "y": 64.0, "flipY": 0.0 }, "object": 517.0 }, { "layer": 0.0, "deleted": 0.0, "variables": { "x": 96.0, "flipX": 0.0, "y": 32.0, "flipY": 0.0 }, "object": 517.0 }, { "layer": 0.0, "deleted": 0.0, "variables": { "x": 128.0, "flipX": 0.0, "y": 32.0, "flipY": 0.0 }, "object": 517.0 }, { "layer": 0.0, "deleted": 0.0, "variables": { "x": 160.0, "flipX": 0.0, "y": 32.0, "flipY": 0.0 }, "object": 517.0 }, { "layer": 0.0, "deleted": 0.0, "variables": { "x": 192.0, "flipX": 0.0, "y": 32.0, "flipY": 0.0 }, "object": 517.0 }, { "layer": 0.0, "deleted": 0.0, "variables": { "x": 224.0, "flipX": 0.0, "y": 32.0, "flipY": 0.0 }, "object": 517.0 }, { "layer": 0.0, "deleted": 0.0, "variables": { "x": 256.0, "flipX": 0.0, "y": 32.0, "flipY": 0.0 }, "object": 517.0 }, { "layer": 0.0, "deleted": 0.0, "variables": { "x": 288.0, "flipX": 0.0, "y": 32.0, "flipY": 0.0 }, "object": 517.0 }, { "layer": 0.0, "deleted": 0.0, "variables": { "x": 320.0, "flipX": 0.0, "y": 32.0, "flipY": 0.0 }, "object": 517.0 }, { "layer": 0.0, "deleted": 0.0, "variables": { "x": 352.0, "flipX": 0.0, "y": 32.0, "flipY": 0.0 }, "object": 517.0 }, { "layer": 0.0, "deleted": 0.0, "variables": { "x": 384.0, "flipX": 0.0, "y": 32.0, "flipY": 0.0 }, "object": 517.0 }, { "layer": 0.0, "deleted": 0.0, "variables": { "x": 416.0, "flipX": 0.0, "y": 32.0, "flipY": 0.0 }, "object": 517.0 }, { "layer": 0.0, "deleted": 0.0, "variables": { "x": 448.0, "flipX": 0.0, "y": 32.0, "flipY": 0.0 }, "object": 517.0 }, { "layer": 0.0, "deleted": 0.0, "variables": { "x": 480.0, "flipX": 0.0, "y": 32.0, "flipY": 0.0 }, "object": 517.0 }, { "layer": 0.0, "deleted": 0.0, "variables": { "x": 512.0, "flipX": 0.0, "y": 32.0, "flipY": 0.0 }, "object": 517.0 }, { "layer": 0.0, "deleted": 0.0, "variables": { "x": 544.0, "flipX": 0.0, "y": 32.0, "flipY": 0.0 }, "object": 517.0 }, { "layer": 0.0, "deleted": 0.0, "variables": { "x": 576.0, "flipX": 0.0, "y": 32.0, "flipY": 0.0 }, "object": 517.0 }, { "layer": 0.0, "deleted": 0.0, "variables": { "x": 608.0, "flipX": 0.0, "y": 32.0, "flipY": 0.0 }, "object": 517.0 }, { "layer": 0.0, "deleted": 0.0, "variables": { "x": 640.0, "flipX": 0.0, "y": 32.0, "flipY": 0.0 }, "object": 517.0 }, { "layer": 0.0, "deleted": 0.0, "variables": { "x": 672.0, "flipX": 0.0, "y": 32.0, "flipY": 0.0 }, "object": 517.0 }, { "layer": 0.0, "deleted": 0.0, "variables": { "x": 640.0, "flipX": 0.0, "y": 128.0, "flipY": 0.0 }, "object": 11.0 }, { "layer": 0.0, "deleted": 0.0, "variables": { "x": 704.0, "flipX": 0.0, "y": 64.0, "flipY": 0.0 }, "object": 805.0 }, { "layer": 0.0, "deleted": 0.0, "variables": { "x": 768.0, "flipX": 0.0, "y": 32.0, "flipY": 0.0 }, "object": 517.0 }, { "layer": 0.0, "deleted": 0.0, "variables": { "x": 800.0, "flipX": 0.0, "y": 32.0, "flipY": 0.0 }, "object": 517.0 }, { "layer": 0.0, "deleted": 0.0, "variables": { "x": 544.0, "flipX": 0.0, "y": 544.0, "flipY": 0.0 }, "object": 517.0 }, { "layer": 0.0, "deleted": 0.0, "variables": { "x": 544.0, "flipX": 0.0, "y": 512.0, "flipY": 0.0 }, "object": 517.0 }, { "layer": 0.0, "deleted": 0.0, "variables": { "x": 544.0, "flipX": 0.0, "y": 480.0, "flipY": 0.0 }, "object": 517.0 }, { "layer": 0.0, "deleted": 0.0, "variables": { "x": 512.0, "flipX": 0.0, "y": 480.0, "flipY": 0.0 }, "object": 517.0 }, { "layer": 0.0, "deleted": 0.0, "variables": { "x": 480.0, "flipX": 0.0, "y": 480.0, "flipY": 0.0 }, "object": 517.0 }, { "layer": 0.0, "deleted": 0.0, "variables": { "x": 448.0, "flipX": 0.0, "y": 480.0, "flipY": 0.0 }, "object": 517.0 }, { "layer": 0.0, "deleted": 0.0, "variables": { "x": 416.0, "flipX": 0.0, "y": 480.0, "flipY": 0.0 }, "object": 517.0 }, { "layer": 0.0, "deleted": 0.0, "variables": { "x": 384.0, "flipX": 0.0, "y": 480.0, "flipY": 0.0 }, "object": 517.0 }, { "layer": 0.0, "deleted": 0.0, "variables": { "x": 352.0, "flipX": 0.0, "y": 480.0, "flipY": 0.0 }, "object": 517.0 }, { "layer": 0.0, "deleted": 0.0, "variables": { "x": 320.0, "flipX": 0.0, "y": 480.0, "flipY": 0.0 }, "object": 517.0 }, { "layer": 0.0, "deleted": 0.0, "variables": { "x": 288.0, "flipX": 0.0, "y": 480.0, "flipY": 0.0 }, "object": 517.0 }, { "layer": 0.0, "deleted": 0.0, "variables": { "x": 256.0, "flipX": 0.0, "y": 480.0, "flipY": 0.0 }, "object": 517.0 }, { "layer": 0.0, "deleted": 0.0, "variables": { "x": 224.0, "flipX": 0.0, "y": 480.0, "flipY": 0.0 }, "object": 517.0 }, { "layer": 0.0, "deleted": 0.0, "variables": { "x": 192.0, "flipX": 0.0, "y": 480.0, "flipY": 0.0 }, "object": 517.0 }, { "layer": 0.0, "deleted": 0.0, "variables": { "x": 160.0, "flipX": 0.0, "y": 480.0, "flipY": 0.0 }, "object": 517.0 }, { "layer": 0.0, "deleted": 0.0, "variables": { "x": 128.0, "flipX": 0.0, "y": 480.0, "flipY": 0.0 }, "object": 517.0 }, { "layer": 0.0, "deleted": 0.0, "variables": { "x": 128.0, "flipX": 0.0, "y": 512.0, "flipY": 0.0 }, "object": 517.0 }, { "layer": 0.0, "deleted": 0.0, "variables": { "x": 128.0, "flipX": 0.0, "y": 544.0, "flipY": 0.0 }, "object": 517.0 }, { "layer": 0.0, "deleted": 0.0, "variables": { "x": 160.0, "flipX": 0.0, "y": 544.0, "flipY": 0.0 }, "object": 517.0 }, { "layer": 0.0, "deleted": 0.0, "variables": { "x": 192.0, "flipX": 0.0, "y": 544.0, "flipY": 0.0 }, "object": 517.0 }, { "layer": 0.0, "deleted": 0.0, "variables": { "x": 224.0, "flipX": 0.0, "y": 544.0, "flipY": 0.0 }, "object": 517.0 }, { "layer": 0.0, "deleted": 0.0, "variables": { "x": 256.0, "flipX": 0.0, "y": 544.0, "flipY": 0.0 }, "object": 517.0 }, { "layer": 0.0, "deleted": 0.0, "variables": { "x": 288.0, "flipX": 0.0, "y": 544.0, "flipY": 0.0 }, "object": 517.0 }, { "layer": 0.0, "deleted": 0.0, "variables": { "x": 320.0, "flipX": 0.0, "y": 544.0, "flipY": 0.0 }, "object": 517.0 }, { "layer": 0.0, "deleted": 0.0, "variables": { "x": 352.0, "flipX": 0.0, "y": 544.0, "flipY": 0.0 }, "object": 517.0 }, { "layer": 0.0, "deleted": 0.0, "variables": { "x": 384.0, "flipX": 0.0, "y": 544.0, "flipY": 0.0 }, "object": 517.0 }, { "layer": 0.0, "deleted": 0.0, "variables": { "x": 416.0, "flipX": 0.0, "y": 544.0, "flipY": 0.0 }, "object": 517.0 }, { "layer": 0.0, "deleted": 0.0, "variables": { "x": 448.0, "flipX": 0.0, "y": 544.0, "flipY": 0.0 }, "object": 517.0 }, { "layer": 0.0, "deleted": 0.0, "variables": { "x": 480.0, "flipX": 0.0, "y": 544.0, "flipY": 0.0 }, "object": 517.0 }, { "layer": 0.0, "deleted": 0.0, "variables": { "x": 512.0, "flipX": 0.0, "y": 544.0, "flipY": 0.0 }, "object": 517.0 }, { "layer": 0.0, "deleted": 0.0, "variables": { "x": 512.0, "flipX": 0.0, "y": 512.0, "flipY": 0.0 }, "object": 517.0 }, { "layer": 0.0, "deleted": 0.0, "variables": { "x": 480.0, "flipX": 0.0, "y": 512.0, "flipY": 0.0 }, "object": 517.0 }, { "layer": 0.0, "deleted": 0.0, "variables": { "x": 448.0, "flipX": 0.0, "y": 512.0, "flipY": 0.0 }, "object": 517.0 }, { "layer": 0.0, "deleted": 0.0, "variables": { "x": 416.0, "flipX": 0.0, "y": 512.0, "flipY": 0.0 }, "object": 517.0 }, { "layer": 0.0, "deleted": 0.0, "variables": { "x": 384.0, "flipX": 0.0, "y": 512.0, "flipY": 0.0 }, "object": 517.0 }, { "layer": 0.0, "deleted": 0.0, "variables": { "x": 352.0, "flipX": 0.0, "y": 512.0, "flipY": 0.0 }, "object": 517.0 }, { "layer": 0.0, "deleted": 0.0, "variables": { "x": 320.0, "flipX": 0.0, "y": 512.0, "flipY": 0.0 }, "object": 517.0 }, { "layer": 0.0, "deleted": 0.0, "variables": { "x": 288.0, "flipX": 0.0, "y": 512.0, "flipY": 0.0 }, "object": 517.0 }, { "layer": 0.0, "deleted": 0.0, "variables": { "x": 256.0, "flipX": 0.0, "y": 512.0, "flipY": 0.0 }, "object": 517.0 }, { "layer": 0.0, "deleted": 0.0, "variables": { "x": 224.0, "flipX": 0.0, "y": 512.0, "flipY": 0.0 }, "object": 517.0 }, { "layer": 0.0, "deleted": 0.0, "variables": { "x": 192.0, "flipX": 0.0, "y": 512.0, "flipY": 0.0 }, "object": 517.0 }, { "layer": 0.0, "deleted": 0.0, "variables": { "x": 160.0, "flipX": 0.0, "y": 512.0, "flipY": 0.0 }, "object": 517.0 }, { "layer": 0.0, "deleted": 0.0, "variables": { "x": 800.0, "flipX": 0.0, "y": 576.0, "flipY": 0.0 }, "object": 516.0 }, { "layer": 0.0, "deleted": 0.0, "variables": { "x": 768.0, "flipX": 0.0, "y": 608.0, "flipY": 0.0 }, "object": 516.0 }, { "layer": 0.0, "deleted": 0.0, "variables": { "x": 736.0, "flipX": 0.0, "y": 640.0, "flipY": 0.0 }, "object": 516.0 }, { "layer": 0.0, "deleted": 0.0, "variables": { "x": 768.0, "flipX": 0.0, "y": 640.0, "flipY": 0.0 }, "object": 517.0 }, { "layer": 0.0, "deleted": 0.0, "variables": { "x": 800.0, "flipX": 0.0, "y": 640.0, "flipY": 0.0 }, "object": 517.0 }, { "layer": 0.0, "deleted": 0.0, "variables": { "x": 800.0, "flipX": 0.0, "y": 608.0, "flipY": 0.0 }, "object": 517.0 }, { "layer": 0.0, "deleted": 0.0, "variables": { "x": 800.0, "flipX": 0.0, "y": 608.0, "flipY": 0.0 }, "object": 517.0 }, { "layer": 0.0, "deleted": 0.0, "variables": { "x": 800.0, "flipX": 0.0, "y": 672.0, "flipY": 0.0 }, "object": 517.0 }, { "layer": 0.0, "deleted": 0.0, "variables": { "x": 768.0, "flipX": 0.0, "y": 672.0, "flipY": 0.0 }, "object": 517.0 }, { "layer": 0.0, "deleted": 0.0, "variables": { "x": 736.0, "flipX": 0.0, "y": 672.0, "flipY": 0.0 }, "object": 517.0 }, { "layer": 0.0, "deleted": 0.0, "variables": { "x": 704.0, "flipX": 0.0, "y": 672.0, "flipY": 0.0 }, "object": 517.0 }, { "layer": 0.0, "deleted": 0.0, "variables": { "x": 672.0, "flipX": 0.0, "y": 672.0, "flipY": 0.0 }, "object": 517.0 }, { "layer": 0.0, "deleted": 0.0, "variables": { "x": 640.0, "flipX": 0.0, "y": 672.0, "flipY": 0.0 }, "object": 517.0 }, { "layer": 0.0, "deleted": 0.0, "variables": { "x": 608.0, "flipX": 0.0, "y": 672.0, "flipY": 0.0 }, "object": 517.0 }, { "layer": 0.0, "deleted": 0.0, "variables": { "x": 576.0, "flipX": 0.0, "y": 672.0, "flipY": 0.0 }, "object": 517.0 }, { "layer": 0.0, "deleted": 0.0, "variables": { "x": 544.0, "flipX": 0.0, "y": 672.0, "flipY": 0.0 }, "object": 517.0 }, { "layer": 0.0, "deleted": 0.0, "variables": { "x": 512.0, "flipX": 0.0, "y": 672.0, "flipY": 0.0 }, "object": 517.0 }, { "layer": 0.0, "deleted": 0.0, "variables": { "x": 480.0, "flipX": 0.0, "y": 672.0, "flipY": 0.0 }, "object": 517.0 }, { "layer": 0.0, "deleted": 0.0, "variables": { "x": 448.0, "flipX": 0.0, "y": 672.0, "flipY": 0.0 }, "object": 517.0 }, { "layer": 0.0, "deleted": 0.0, "variables": { "x": 416.0, "flipX": 0.0, "y": 672.0, "flipY": 0.0 }, "object": 517.0 }, { "layer": 0.0, "deleted": 0.0, "variables": { "x": 384.0, "flipX": 0.0, "y": 672.0, "flipY": 0.0 }, "object": 516.0 }, { "layer": 0.0, "deleted": 0.0, "variables": { "x": 352.0, "flipX": 0.0, "y": 704.0, "flipY": 0.0 }, "object": 516.0 }, { "layer": 0.0, "deleted": 0.0, "variables": { "x": 320.0, "flipX": 0.0, "y": 736.0, "flipY": 0.0 }, "object": 517.0 }, { "layer": 0.0, "deleted": 0.0, "variables": { "x": 288.0, "flipX": 0.0, "y": 736.0, "flipY": 0.0 }, "object": 517.0 }, { "layer": 0.0, "deleted": 0.0, "variables": { "x": 256.0, "flipX": 0.0, "y": 736.0, "flipY": 0.0 }, "object": 517.0 }, { "layer": 0.0, "deleted": 0.0, "variables": { "x": 256.0, "flipX": 0.0, "y": 768.0, "flipY": 0.0 }, "object": 517.0 }, { "layer": 0.0, "deleted": 0.0, "variables": { "x": 288.0, "flipX": 0.0, "y": 768.0, "flipY": 0.0 }, "object": 517.0 }, { "layer": 0.0, "deleted": 0.0, "variables": { "x": 320.0, "flipX": 0.0, "y": 768.0, "flipY": 0.0 }, "object": 517.0 }, { "layer": 0.0, "deleted": 0.0, "variables": { "x": 352.0, "flipX": 0.0, "y": 768.0, "flipY": 0.0 }, "object": 517.0 }, { "layer": 0.0, "deleted": 0.0, "variables": { "x": 384.0, "flipX": 0.0, "y": 768.0, "flipY": 0.0 }, "object": 517.0 }, { "layer": 0.0, "deleted": 0.0, "variables": { "x": 384.0, "flipX": 0.0, "y": 736.0, "flipY": 0.0 }, "object": 517.0 }, { "layer": 0.0, "deleted": 0.0, "variables": { "x": 352.0, "flipX": 0.0, "y": 736.0, "flipY": 0.0 }, "object": 517.0 }, { "layer": 0.0, "deleted": 0.0, "variables": { "x": 416.0, "flipX": 0.0, "y": 736.0, "flipY": 0.0 }, "object": 517.0 }, { "layer": 0.0, "deleted": 0.0, "variables": { "x": 384.0, "flipX": 0.0, "y": 704.0, "flipY": 0.0 }, "object": 517.0 }, { "layer": 0.0, "deleted": 0.0, "variables": { "x": 416.0, "flipX": 0.0, "y": 704.0, "flipY": 0.0 }, "object": 517.0 }, { "layer": 0.0, "deleted": 0.0, "variables": { "x": 416.0, "flipX": 0.0, "y": 768.0, "flipY": 0.0 }, "object": 517.0 }, { "layer": 0.0, "deleted": 0.0, "variables": { "x": 448.0, "flipX": 0.0, "y": 768.0, "flipY": 0.0 }, "object": 517.0 }, { "layer": 0.0, "deleted": 0.0, "variables": { "x": 480.0, "flipX": 0.0, "y": 768.0, "flipY": 0.0 }, "object": 517.0 }, { "layer": 0.0, "deleted": 0.0, "variables": { "x": 480.0, "flipX": 0.0, "y": 736.0, "flipY": 0.0 }, "object": 517.0 }, { "layer": 0.0, "deleted": 0.0, "variables": { "x": 480.0, "flipX": 0.0, "y": 704.0, "flipY": 0.0 }, "object": 517.0 }, { "layer": 0.0, "deleted": 0.0, "variables": { "x": 448.0, "flipX": 0.0, "y": 704.0, "flipY": 0.0 }, "object": 517.0 }, { "layer": 0.0, "deleted": 0.0, "variables": { "x": 448.0, "flipX": 0.0, "y": 736.0, "flipY": 0.0 }, "object": 517.0 }, { "layer": 0.0, "deleted": 0.0, "variables": { "x": 512.0, "flipX": 0.0, "y": 768.0, "flipY": 0.0 }, "object": 517.0 }, { "layer": 0.0, "deleted": 0.0, "variables": { "x": 512.0, "flipX": 0.0, "y": 736.0, "flipY": 0.0 }, "object": 517.0 }, { "layer": 0.0, "deleted": 0.0, "variables": { "x": 512.0, "flipX": 0.0, "y": 704.0, "flipY": 0.0 }, "object": 517.0 }, { "layer": 0.0, "deleted": 0.0, "variables": { "x": 544.0, "flipX": 0.0, "y": 704.0, "flipY": 0.0 }, "object": 517.0 }, { "layer": 0.0, "deleted": 0.0, "variables": { "x": 576.0, "flipX": 0.0, "y": 704.0, "flipY": 0.0 }, "object": 517.0 }, { "layer": 0.0, "deleted": 0.0, "variables": { "x": 608.0, "flipX": 0.0, "y": 704.0, "flipY": 0.0 }, "object": 517.0 }, { "layer": 0.0, "deleted": 0.0, "variables": { "x": 640.0, "flipX": 0.0, "y": 704.0, "flipY": 0.0 }, "object": 517.0 }, { "layer": 0.0, "deleted": 0.0, "variables": { "x": 672.0, "flipX": 0.0, "y": 704.0, "flipY": 0.0 }, "object": 517.0 }, { "layer": 0.0, "deleted": 0.0, "variables": { "x": 704.0, "flipX": 0.0, "y": 704.0, "flipY": 0.0 }, "object": 517.0 }, { "layer": 0.0, "deleted": 0.0, "variables": { "x": 736.0, "flipX": 0.0, "y": 704.0, "flipY": 0.0 }, "object": 517.0 }, { "layer": 0.0, "deleted": 0.0, "variables": { "x": 768.0, "flipX": 0.0, "y": 704.0, "flipY": 0.0 }, "object": 517.0 }, { "layer": 0.0, "deleted": 0.0, "variables": { "x": 800.0, "flipX": 0.0, "y": 704.0, "flipY": 0.0 }, "object": 517.0 }, { "layer": 0.0, "deleted": 0.0, "variables": { "x": 800.0, "flipX": 0.0, "y": 736.0, "flipY": 0.0 }, "object": 517.0 }, { "layer": 0.0, "deleted": 0.0, "variables": { "x": 800.0, "flipX": 0.0, "y": 768.0, "flipY": 0.0 }, "object": 517.0 }, { "layer": 0.0, "deleted": 0.0, "variables": { "x": 768.0, "flipX": 0.0, "y": 768.0, "flipY": 0.0 }, "object": 517.0 }, { "layer": 0.0, "deleted": 0.0, "variables": { "x": 736.0, "flipX": 0.0, "y": 768.0, "flipY": 0.0 }, "object": 517.0 }, { "layer": 0.0, "deleted": 0.0, "variables": { "x": 128.0, "flipX": 0.0, "y": 1056.0, "flipY": 0.0 }, "object": 517.0 }, { "layer": 0.0, "deleted": 0.0, "variables": { "x": 672.0, "flipX": 0.0, "y": 768.0, "flipY": 0.0 }, "object": 517.0 }, { "layer": 0.0, "deleted": 0.0, "variables": { "x": 640.0, "flipX": 0.0, "y": 768.0, "flipY": 0.0 }, "object": 517.0 }, { "layer": 0.0, "deleted": 0.0, "variables": { "x": 608.0, "flipX": 0.0, "y": 768.0, "flipY": 0.0 }, "object": 517.0 }, { "layer": 0.0, "deleted": 0.0, "variables": { "x": 576.0, "flipX": 0.0, "y": 768.0, "flipY": 0.0 }, "object": 517.0 }, { "layer": 0.0, "deleted": 0.0, "variables": { "x": 544.0, "flipX": 0.0, "y": 768.0, "flipY": 0.0 }, "object": 517.0 }, { "layer": 0.0, "deleted": 0.0, "variables": { "x": 544.0, "flipX": 0.0, "y": 736.0, "flipY": 0.0 }, "object": 517.0 }, { "layer": 0.0, "deleted": 0.0, "variables": { "x": 576.0, "flipX": 0.0, "y": 736.0, "flipY": 0.0 }, "object": 517.0 }, { "layer": 0.0, "deleted": 0.0, "variables": { "x": 608.0, "flipX": 0.0, "y": 736.0, "flipY": 0.0 }, "object": 517.0 }, { "layer": 0.0, "deleted": 0.0, "variables": { "x": 640.0, "flipX": 0.0, "y": 736.0, "flipY": 0.0 }, "object": 517.0 }, { "layer": 0.0, "deleted": 0.0, "variables": { "x": 672.0, "flipX": 0.0, "y": 736.0, "flipY": 0.0 }, "object": 517.0 }, { "layer": 0.0, "deleted": 0.0, "variables": { "x": 160.0, "flipX": 0.0, "y": 1024.0, "flipY": 0.0 }, "object": 517.0 }, { "layer": 0.0, "deleted": 0.0, "variables": { "x": 704.0, "flipX": 0.0, "y": 736.0, "flipY": 0.0 }, "object": 517.0 }, { "layer": 0.0, "deleted": 0.0, "variables": { "x": 704.0, "flipX": 0.0, "y": 768.0, "flipY": 0.0 }, "object": 517.0 }, { "layer": 0.0, "deleted": 0.0, "variables": { "x": 128.0, "flipX": 0.0, "y": 1024.0, "flipY": 0.0 }, "object": 517.0 }, { "layer": 0.0, "deleted": 0.0, "variables": { "x": 736.0, "flipX": 0.0, "y": 736.0, "flipY": 0.0 }, "object": 517.0 }, { "layer": 0.0, "deleted": 0.0, "variables": { "x": 768.0, "flipX": 0.0, "y": 736.0, "flipY": 0.0 }, "object": 517.0 }, { "layer": 0.0, "deleted": 0.0, "variables": { "x": 160.0, "flipX": 0.0, "y": 1056.0, "flipY": 0.0 }, "object": 517.0 }, { "layer": 0.0, "deleted": 0.0, "variables": { "x": 192.0, "flipX": 0.0, "y": 1056.0, "flipY": 0.0 }, "object": 517.0 }, { "layer": 0.0, "deleted": 0.0, "variables": { "x": 224.0, "flipX": 0.0, "y": 1056.0, "flipY": 0.0 }, "object": 517.0 }, { "layer": 0.0, "deleted": 0.0, "variables": { "x": 256.0, "flipX": 0.0, "y": 1056.0, "flipY": 0.0 }, "object": 517.0 }, { "layer": 0.0, "deleted": 0.0, "variables": { "x": 288.0, "flipX": 0.0, "y": 1056.0, "flipY": 0.0 }, "object": 517.0 }, { "layer": 0.0, "deleted": 0.0, "variables": { "x": 320.0, "flipX": 0.0, "y": 1056.0, "flipY": 0.0 }, "object": 517.0 }, { "layer": 0.0, "deleted": 0.0, "variables": { "x": 352.0, "flipX": 0.0, "y": 1056.0, "flipY": 0.0 }, "object": 517.0 }, { "layer": 0.0, "deleted": 0.0, "variables": { "x": 384.0, "flipX": 0.0, "y": 1056.0, "flipY": 0.0 }, "object": 517.0 }, { "layer": 0.0, "deleted": 0.0, "variables": { "x": 416.0, "flipX": 0.0, "y": 1056.0, "flipY": 0.0 }, "object": 517.0 }, { "layer": 0.0, "deleted": 0.0, "variables": { "x": 448.0, "flipX": 0.0, "y": 1056.0, "flipY": 0.0 }, "object": 517.0 }, { "layer": 0.0, "deleted": 0.0, "variables": { "x": 480.0, "flipX": 0.0, "y": 1056.0, "flipY": 0.0 }, "object": 517.0 }, { "layer": 0.0, "deleted": 0.0, "variables": { "x": 512.0, "flipX": 0.0, "y": 1056.0, "flipY": 0.0 }, "object": 517.0 }, { "layer": 0.0, "deleted": 0.0, "variables": { "x": 544.0, "flipX": 0.0, "y": 1056.0, "flipY": 0.0 }, "object": 517.0 }, { "layer": 0.0, "deleted": 0.0, "variables": { "x": 576.0, "flipX": 0.0, "y": 1056.0, "flipY": 0.0 }, "object": 517.0 }, { "layer": 0.0, "deleted": 0.0, "variables": { "x": 608.0, "flipX": 0.0, "y": 1056.0, "flipY": 0.0 }, "object": 517.0 }, { "layer": 0.0, "deleted": 0.0, "variables": { "x": 640.0, "flipX": 0.0, "y": 1056.0, "flipY": 0.0 }, "object": 517.0 }, { "layer": 0.0, "deleted": 0.0, "variables": { "x": 672.0, "flipX": 0.0, "y": 1056.0, "flipY": 0.0 }, "object": 517.0 }, { "layer": 0.0, "deleted": 0.0, "variables": { "x": 704.0, "flipX": 0.0, "y": 1056.0, "flipY": 0.0 }, "object": 517.0 }, { "layer": 0.0, "deleted": 0.0, "variables": { "x": 736.0, "flipX": 0.0, "y": 1056.0, "flipY": 0.0 }, "object": 517.0 }, { "layer": 0.0, "deleted": 0.0, "variables": { "x": 768.0, "flipX": 0.0, "y": 1056.0, "flipY": 0.0 }, "object": 517.0 }, { "layer": 0.0, "deleted": 0.0, "variables": { "x": 800.0, "flipX": 0.0, "y": 1056.0, "flipY": 0.0 }, "object": 517.0 }, { "layer": 0.0, "deleted": 0.0, "variables": { "x": 800.0, "flipX": 0.0, "y": 1024.0, "flipY": 0.0 }, "object": 517.0 }, { "layer": 0.0, "deleted": 0.0, "variables": { "x": 768.0, "flipX": 0.0, "y": 1024.0, "flipY": 0.0 }, "object": 517.0 }, { "layer": 0.0, "deleted": 0.0, "variables": { "x": 736.0, "flipX": 0.0, "y": 1024.0, "flipY": 0.0 }, "object": 517.0 }, { "layer": 0.0, "deleted": 0.0, "variables": { "x": 704.0, "flipX": 0.0, "y": 1024.0, "flipY": 0.0 }, "object": 517.0 }, { "layer": 0.0, "deleted": 0.0, "variables": { "x": 672.0, "flipX": 0.0, "y": 1024.0, "flipY": 0.0 }, "object": 517.0 }, { "layer": 0.0, "deleted": 0.0, "variables": { "x": 640.0, "flipX": 0.0, "y": 1024.0, "flipY": 0.0 }, "object": 517.0 }, { "layer": 0.0, "deleted": 0.0, "variables": { "x": 608.0, "flipX": 0.0, "y": 1024.0, "flipY": 0.0 }, "object": 517.0 }, { "layer": 0.0, "deleted": 0.0, "variables": { "x": 576.0, "flipX": 0.0, "y": 1024.0, "flipY": 0.0 }, "object": 517.0 }, { "layer": 0.0, "deleted": 0.0, "variables": { "x": 544.0, "flipX": 0.0, "y": 1024.0, "flipY": 0.0 }, "object": 517.0 }, { "layer": 0.0, "deleted": 0.0, "variables": { "x": 512.0, "flipX": 0.0, "y": 1024.0, "flipY": 0.0 }, "object": 517.0 }, { "layer": 0.0, "deleted": 0.0, "variables": { "x": 480.0, "flipX": 0.0, "y": 1024.0, "flipY": 0.0 }, "object": 517.0 }, { "layer": 0.0, "deleted": 0.0, "variables": { "x": 448.0, "flipX": 0.0, "y": 1024.0, "flipY": 0.0 }, "object": 517.0 }, { "layer": 0.0, "deleted": 0.0, "variables": { "x": 416.0, "flipX": 0.0, "y": 1024.0, "flipY": 0.0 }, "object": 517.0 }, { "layer": 0.0, "deleted": 0.0, "variables": { "x": 384.0, "flipX": 0.0, "y": 1024.0, "flipY": 0.0 }, "object": 517.0 }, { "layer": 0.0, "deleted": 0.0, "variables": { "x": 352.0, "flipX": 0.0, "y": 1024.0, "flipY": 0.0 }, "object": 517.0 }, { "layer": 0.0, "deleted": 0.0, "variables": { "x": 320.0, "flipX": 0.0, "y": 1024.0, "flipY": 0.0 }, "object": 517.0 }, { "layer": 0.0, "deleted": 0.0, "variables": { "x": 288.0, "flipX": 0.0, "y": 1024.0, "flipY": 0.0 }, "object": 517.0 }, { "layer": 0.0, "deleted": 0.0, "variables": { "x": 256.0, "flipX": 0.0, "y": 1024.0, "flipY": 0.0 }, "object": 517.0 }, { "layer": 0.0, "deleted": 0.0, "variables": { "x": 224.0, "flipX": 0.0, "y": 1024.0, "flipY": 0.0 }, "object": 517.0 }, { "layer": 0.0, "deleted": 0.0, "variables": { "x": 192.0, "flipX": 0.0, "y": 1024.0, "flipY": 0.0 }, "object": 517.0 }, { "layer": 0.0, "deleted": 0.0, "variables": { "x": 832.0, "flipX": 0.0, "y": 320.0, "flipY": 0.0 }, "object": 517.0 }, { "layer": 0.0, "deleted": 0.0, "variables": { "x": 512.0, "flipX": 0.0, "y": 128.0, "flipY": 0.0 }, "object": 11.0 }, { "layer": 0.0, "deleted": 0.0, "variables": { "x": 448.0, "flipX": 0.0, "y": 128.0, "flipY": 0.0 }, "object": 11.0 }, { "layer": 0.0, "deleted": 0.0, "variables": { "x": 384.0, "flipX": 0.0, "y": 128.0, "flipY": 0.0 }, "object": 11.0 }, { "layer": 0.0, "deleted": 0.0, "variables": { "x": 320.0, "flipX": 0.0, "y": 128.0, "flipY": 0.0 }, "object": 11.0 }, { "layer": 0.0, "deleted": 0.0, "variables": { "x": 768.0, "flipX": 0.0, "y": 576.0, "flipY": 0.0 }, "object": 11.0 }, { "layer": 0.0, "deleted": 0.0, "variables": { "x": 736.0, "flipX": 0.0, "y": 608.0, "flipY": 0.0 }, "object": 11.0 }, { "layer": 0.0, "deleted": 0.0, "variables": { "x": 704.0, "flipX": 0.0, "y": 640.0, "flipY": 0.0 }, "object": 11.0 }, { "layer": 0.0, "deleted": 0.0, "variables": { "x": 352.0, "y": 416.0, "image_xscale": 4.0, "image_yscale": 2.0, "flipX": 0.0, "flipY": 0.0 }, "object": 517.0 }, { "layer": 0.0, "deleted": 0.0, "variables": { "x": 640.0, "y": 433.0, "image_xscale": 1.0, "image_yscale": 1.0, "escape": "true", "flipX": 1.0, "flipY": 0.0 }, "object": 681.0 }, { "layer": 0.0, "deleted": 0.0, "variables": { "x": 384.0, "flipX": 0.0, "y": 384.0, "flipY": 0.0 }, "object": 11.0 }, { "layer": 0.0, "deleted": 0.0, "variables": { "x": 384.0, "flipX": 0.0, "y": 352.0, "flipY": 0.0 }, "object": 11.0 }, { "layer": 0.0, "deleted": 0.0, "variables": { "x": 416.0, "flipX": 0.0, "y": 352.0, "flipY": 0.0 }, "object": 11.0 }, { "layer": 0.0, "deleted": 0.0, "variables": { "x": 416.0, "flipX": 0.0, "y": 384.0, "flipY": 0.0 }, "object": 11.0 }, { "layer": 0.0, "deleted": 0.0, "variables": { "x": 640.0, "flipX": 0.0, "y": 640.0, "flipY": 0.0 }, "object": 11.0 }, { "layer": 0.0, "deleted": 0.0, "variables": { "x": 576.0, "flipX": 0.0, "y": 640.0, "flipY": 0.0 }, "object": 11.0 }, { "layer": 0.0, "deleted": 0.0, "variables": { "x": 512.0, "flipX": 0.0, "y": 640.0, "flipY": 0.0 }, "object": 11.0 }, { "layer": 0.0, "deleted": 0.0, "variables": { "x": 448.0, "flipX": 0.0, "y": 640.0, "flipY": 0.0 }, "object": 11.0 }, { "layer": 0.0, "deleted": 0.0, "variables": { "x": 480.0, "content": "obj_pizzakinshroom", "y": 992.0, "image_xscale": 1.0, "image_yscale": 1.0, "flipX": 0.0, "flipY": 0.0 }, "object": 751.0 }, { "layer": 0.0, "deleted": 0.0, "variables": { "x": 224.0, "flipX": 0.0, "y": 928.0, "flipY": 0.0 }, "object": 517.0 }, { "layer": 0.0, "deleted": 0.0, "variables": { "x": 192.0, "flipX": 0.0, "y": 928.0, "flipY": 0.0 }, "object": 517.0 }, { "layer": 0.0, "deleted": 0.0, "variables": { "x": 160.0, "flipX": 0.0, "y": 928.0, "flipY": 0.0 }, "object": 517.0 }, { "layer": 0.0, "deleted": 0.0, "variables": { "x": 128.0, "flipX": 0.0, "y": 928.0, "flipY": 0.0 }, "object": 517.0 }, { "layer": 0.0, "deleted": 0.0, "variables": { "x": 128.0, "flipX": 0.0, "y": 960.0, "flipY": 0.0 }, "object": 517.0 }, { "layer": 0.0, "deleted": 0.0, "variables": { "x": 128.0, "flipX": 0.0, "y": 992.0, "flipY": 0.0 }, "object": 517.0 }, { "layer": 0.0, "deleted": 0.0, "variables": { "x": 160.0, "flipX": 0.0, "y": 992.0, "flipY": 0.0 }, "object": 517.0 }, { "layer": 0.0, "deleted": 0.0, "variables": { "x": 192.0, "flipX": 0.0, "y": 992.0, "flipY": 0.0 }, "object": 517.0 }, { "layer": 0.0, "deleted": 0.0, "variables": { "x": 224.0, "flipX": 0.0, "y": 992.0, "flipY": 0.0 }, "object": 517.0 }, { "layer": 0.0, "deleted": 0.0, "variables": { "x": 224.0, "flipX": 0.0, "y": 960.0, "flipY": 0.0 }, "object": 517.0 }, { "layer": 0.0, "deleted": 0.0, "variables": { "x": 192.0, "flipX": 0.0, "y": 960.0, "flipY": 0.0 }, "object": 517.0 }, { "layer": 0.0, "deleted": 0.0, "variables": { "x": 160.0, "flipX": 0.0, "y": 960.0, "flipY": 0.0 }, "object": 517.0 }, { "layer": 0.0, "deleted": 0.0, "variables": { "x": 352.0, "flipX": 0.0, "y": 928.0, "flipY": 0.0 }, "object": 743.0 }, { "layer": 0.0, "deleted": 0.0, "variables": { "x": 384.0, "flipX": 0.0, "y": 928.0, "flipY": 0.0 }, "object": 743.0 }, { "layer": 0.0, "deleted": 0.0, "variables": { "x": 448.0, "flipX": 0.0, "y": 928.0, "flipY": 0.0 }, "object": 743.0 }, { "layer": 0.0, "deleted": 0.0, "variables": { "x": 416.0, "flipX": 0.0, "y": 928.0, "flipY": 0.0 }, "object": 743.0 }, { "layer": 0.0, "deleted": 0.0, "variables": { "x": 480.0, "flipX": 0.0, "y": 928.0, "flipY": 0.0 }, "object": 743.0 }, { "layer": 0.0, "deleted": 0.0, "variables": { "x": 512.0, "flipX": 0.0, "y": 928.0, "flipY": 0.0 }, "object": 743.0 }, { "layer": 0.0, "deleted": 0.0, "variables": { "x": 544.0, "flipX": 0.0, "y": 928.0, "flipY": 0.0 }, "object": 743.0 }, { "layer": 0.0, "deleted": 0.0, "variables": { "x": 576.0, "flipX": 0.0, "y": 928.0, "flipY": 0.0 }, "object": 743.0 }, { "layer": 0.0, "deleted": 0.0, "variables": { "x": 800.0, "flipX": 0.0, "y": 864.0, "flipY": 0.0 }, "object": 722.0 }, { "layer": 0.0, "deleted": 0.0, "variables": { "x": 768.0, "flipX": 0.0, "y": 864.0, "flipY": 0.0 }, "object": 722.0 }, { "layer": 0.0, "deleted": 0.0, "variables": { "x": 736.0, "flipX": 0.0, "y": 864.0, "flipY": 0.0 }, "object": 722.0 }, { "layer": 0.0, "deleted": 0.0, "variables": { "x": 704.0, "flipX": 0.0, "y": 864.0, "flipY": 0.0 }, "object": 722.0 }, { "layer": 0.0, "deleted": 0.0, "variables": { "x": 768.0, "y": 800.0, "image_xscale": 1.0, "image_yscale": 1.0, "flipX": 0.0, "flipY": 0.0 }, "object": 551.0 }, { "layer": 0.0, "deleted": 0.0, "variables": { "x": 928.0, "flipX": 0.0, "y": 1056.0, "flipY": 0.0 }, "object": 517.0 }, { "layer": 0.0, "deleted": 0.0, "variables": { "x": 896.0, "flipX": 0.0, "y": 1056.0, "flipY": 0.0 }, "object": 517.0 }, { "layer": 0.0, "deleted": 0.0, "variables": { "x": 736.0, "flipX": 0.0, "y": 978.0, "flipY": 0.0 }, "object": 212.0 }, { "layer": 0.0, "deleted": 0.0, "variables": { "x": 320.0, "y": 690.0, "image_xscale": 1.0, "image_yscale": 1.0, "escape": "true", "flipX": 0.0, "flipY": 0.0 }, "object": 651.0 }, { "layer": 0.0, "deleted": 0.0, "variables": { "x": 416.0, "flipX": 0.0, "y": 864.0, "flipY": 0.0 }, "object": 11.0 }, { "layer": 0.0, "deleted": 0.0, "variables": { "x": 480.0, "flipX": 0.0, "y": 864.0, "flipY": 0.0 }, "object": 11.0 }, { "layer": 0.0, "deleted": 0.0, "variables": { "x": 544.0, "flipX": 0.0, "y": 864.0, "flipY": 0.0 }, "object": 11.0 }, { "layer": 0.0, "deleted": 0.0, "variables": { "x": 448.0, "flipX": 0.0, "y": 864.0, "flipY": 0.0 }, "object": 11.0 }, { "layer": 0.0, "deleted": 0.0, "variables": { "x": 512.0, "flipX": 0.0, "y": 864.0, "flipY": 0.0 }, "object": 11.0 }, { "layer": 0.0, "deleted": 0.0, "variables": { "x": 384.0, "flipX": 0.0, "y": 864.0, "flipY": 0.0 }, "object": 11.0 }, { "layer": 0.0, "deleted": 0.0, "variables": { "x": 960.0, "y": 896.0, "targetRoom": "hallway", "image_xscale": 1.0, "image_yscale": 2.0, "flipX": 1.0, "flipY": 0.0, "targetDoor": "C" }, "object": 801.0 }, { "layer": 0.0, "deleted": 0.0, "variables": { "x": 896.0, "flipX": 0.0, "y": 992.0, "flipY": 0.0 }, "object": 806.0 } ], "tile_data": { "5": { "832_224": { "coord": [ 2.0, 2.0 ], "autotile_index": 0.0, "tileset": "tile_medieval", "autotile": 1.0 }, "576_224": { "coord": [ 2.0, 2.0 ], "autotile_index": 0.0, "tileset": "tile_medieval", "autotile": 1.0 }, "224_992": { "autotile": 1.0, "autotile_index": 0.0, "tileset": "tile_medieval", "coord": [ 3.0, 2.0 ] }, "704_1056": { "coord": [ 2.0, 2.0 ], "autotile_index": 0.0, "tileset": "tile_medieval", "autotile": 1.0 }, "64_544": { "coord": [ 1.0, 2.0 ], "autotile_index": 0.0, "tileset": "tile_medieval", "autotile": 1.0 }, "128_0": { "coord": [ 2.0, 2.0 ], "autotile_index": 0.0, "tileset": "tile_medieval", "autotile": 1.0 }, "768_608": { "autotile": 0.0, "autotile_index": 0.0, "tileset": "tile_medieval", "coord": [ 6.0, 5.0 ] }, "96_736": { "coord": [ 3.0, 2.0 ], "autotile_index": 0.0, "tileset": "tile_medieval", "autotile": 1.0 }, "192_928": { "autotile": 1.0, "autotile_index": 0.0, "tileset": "tile_medieval", "coord": [ 2.0, 1.0 ] }, "480_768": { "coord": [ 2.0, 3.0 ], "autotile_index": 0.0, "tileset": "tile_medieval", "autotile": 1.0 }, "800_32": { "coord": [ 2.0, 3.0 ], "autotile_index": 0.0, "tileset": "tile_medieval", "autotile": 1.0 }, "768_640": { "autotile": 0.0, "autotile_index": 0.0, "tileset": "tile_medieval", "coord": [ 6.0, 6.0 ] }, "64_864": { "autotile": 1.0, "autotile_index": 0.0, "tileset": "tile_medieval", "coord": [ 1.0, 2.0 ] }, "320_512": { "coord": [ 2.0, 2.0 ], "autotile_index": 0.0, "tileset": "tile_medieval", "autotile": 1.0 }, "352_192": { "coord": [ 2.0, 1.0 ], "autotile_index": 0.0, "tileset": "tile_medieval", "autotile": 1.0 }, "64_960": { "autotile": 1.0, "autotile_index": 0.0, "tileset": "tile_medieval", "coord": [ 1.0, 2.0 ] }, "64_480": { "coord": [ 1.0, 2.0 ], "autotile_index": 0.0, "tileset": "tile_medieval", "autotile": 1.0 }, "96_128": { "coord": [ 3.0, 2.0 ], "autotile_index": 0.0, "tileset": "tile_medieval", "autotile": 1.0 }, "928_864": { "autotile": 1.0, "autotile_index": 0.0, "tileset": "tile_medieval", "coord": [ 2.0, 3.0 ] }, "544_256": { "coord": [ 2.0, 3.0 ], "autotile_index": 0.0, "tileset": "tile_medieval", "autotile": 1.0 }, "160_1056": { "autotile": 1.0, "autotile_index": 0.0, "tileset": "tile_medieval", "coord": [ 8.0, 1.0 ] }, "64_96": { "coord": [ 1.0, 2.0 ], "autotile_index": 0.0, "tileset": "tile_medieval", "autotile": 1.0 }, "64_896": { "autotile": 1.0, "autotile_index": 0.0, "tileset": "tile_medieval", "coord": [ 1.0, 2.0 ] }, "768_1056": { "coord": [ 2.0, 2.0 ], "autotile_index": 0.0, "tileset": "tile_medieval", "autotile": 1.0 }, "864_448": { "coord": [ 3.0, 2.0 ], "autotile_index": 0.0, "tileset": "tile_medieval", "autotile": 1.0 }, "352_544": { "coord": [ 2.0, 3.0 ], "autotile_index": 0.0, "tileset": "tile_medieval", "autotile": 1.0 }, "832_480": { "coord": [ 1.0, 2.0 ], "autotile_index": 0.0, "tileset": "tile_medieval", "autotile": 1.0 }, "768_256": { "coord": [ 2.0, 3.0 ], "autotile_index": 0.0, "tileset": "tile_medieval", "autotile": 1.0 }, "576_192": { "coord": [ 2.0, 1.0 ], "autotile_index": 0.0, "tileset": "tile_medieval", "autotile": 1.0 }, "832_192": { "coord": [ 3.0, 7.0 ], "autotile_index": 0.0, "tileset": "tile_medieval", "autotile": 1.0 }, "64_1056": { "autotile": 1.0, "autotile_index": 0.0, "tileset": "tile_medieval", "coord": [ 1.0, 2.0 ] }, "832_640": { "coord": [ 2.0, 2.0 ], "autotile_index": 0.0, "tileset": "tile_medieval", "autotile": 1.0 }, "736_224": { "coord": [ 2.0, 2.0 ], "autotile_index": 0.0, "tileset": "tile_medieval", "autotile": 1.0 }, "864_608": { "coord": [ 3.0, 2.0 ], "autotile_index": 0.0, "tileset": "tile_medieval", "autotile": 1.0 }, "576_1056": { "coord": [ 2.0, 2.0 ], "autotile_index": 0.0, "tileset": "tile_medieval", "autotile": 1.0 }, "704_192": { "coord": [ 2.0, 1.0 ], "autotile_index": 0.0, "tileset": "tile_medieval", "autotile": 1.0 }, "96_480": { "coord": [ 1.0, 7.0 ], "autotile_index": 0.0, "tileset": "tile_medieval", "autotile": 1.0 }, "576_256": { "coord": [ 2.0, 3.0 ], "autotile_index": 0.0, "tileset": "tile_medieval", "autotile": 1.0 }, "512_1024": { "coord": [ 2.0, 1.0 ], "autotile_index": 0.0, "tileset": "tile_medieval", "autotile": 1.0 }, "64_32": { "coord": [ 1.0, 2.0 ], "autotile_index": 0.0, "tileset": "tile_medieval", "autotile": 1.0 }, "128_544": { "coord": [ 2.0, 3.0 ], "autotile_index": 0.0, "tileset": "tile_medieval", "autotile": 1.0 }, "864_512": { "coord": [ 3.0, 2.0 ], "autotile_index": 0.0, "tileset": "tile_medieval", "autotile": 1.0 }, "416_32": { "coord": [ 2.0, 3.0 ], "autotile_index": 0.0, "tileset": "tile_medieval", "autotile": 1.0 }, "96_576": { "coord": [ 3.0, 2.0 ], "autotile_index": 0.0, "tileset": "tile_medieval", "autotile": 1.0 }, "544_704": { "coord": [ 2.0, 2.0 ], "autotile_index": 0.0, "tileset": "tile_medieval", "autotile": 1.0 }, "224_928": { "autotile": 1.0, "autotile_index": 0.0, "tileset": "tile_medieval", "coord": [ 3.0, 1.0 ] }, "896_1024": { "autotile": 1.0, "autotile_index": 0.0, "tileset": "tile_medieval", "coord": [ 2.0, 1.0 ] }, "736_736": { "coord": [ 2.0, 2.0 ], "autotile_index": 0.0, "tileset": "tile_medieval", "autotile": 1.0 }, "608_704": { "coord": [ 2.0, 2.0 ], "autotile_index": 0.0, "tileset": "tile_medieval", "autotile": 1.0 }, "416_544": { "coord": [ 2.0, 3.0 ], "autotile_index": 0.0, "tileset": "tile_medieval", "autotile": 1.0 }, "768_768": { "coord": [ 2.0, 3.0 ], "autotile_index": 0.0, "tileset": "tile_medieval", "autotile": 1.0 }, "224_32": { "coord": [ 2.0, 3.0 ], "autotile_index": 0.0, "tileset": "tile_medieval", "autotile": 1.0 }, "640_672": { "coord": [ 2.0, 1.0 ], "autotile_index": 0.0, "tileset": "tile_medieval", "autotile": 1.0 }, "448_192": { "coord": [ 2.0, 1.0 ], "autotile_index": 0.0, "tileset": "tile_medieval", "autotile": 1.0 }, "160_1024": { "autotile": 1.0, "autotile_index": 0.0, "tileset": "tile_medieval", "coord": [ 8.0, 1.0 ] }, "288_256": { "coord": [ 1.0, 3.0 ], "autotile_index": 0.0, "tileset": "tile_medieval", "autotile": 1.0 }, "768_0": { "coord": [ 1.0, 2.0 ], "autotile_index": 0.0, "tileset": "tile_medieval", "autotile": 1.0 }, "544_224": { "coord": [ 2.0, 2.0 ], "autotile_index": 0.0, "tileset": "tile_medieval", "autotile": 1.0 }, "800_768": { "coord": [ 2.0, 3.0 ], "autotile_index": 0.0, "tileset": "tile_medieval", "autotile": 1.0 }, "352_1024": { "coord": [ 2.0, 1.0 ], "autotile_index": 0.0, "tileset": "tile_medieval", "autotile": 1.0 }, "64_928": { "autotile": 1.0, "autotile_index": 0.0, "tileset": "tile_medieval", "coord": [ 1.0, 2.0 ] }, "800_1024": { "coord": [ 2.0, 1.0 ], "autotile_index": 0.0, "tileset": "tile_medieval", "autotile": 1.0 }, "96_320": { "coord": [ 3.0, 2.0 ], "autotile_index": 0.0, "tileset": "tile_medieval", "autotile": 1.0 }, "384_0": { "coord": [ 2.0, 2.0 ], "autotile_index": 0.0, "tileset": "tile_medieval", "autotile": 1.0 }, "864_672": { "coord": [ 3.0, 2.0 ], "autotile_index": 0.0, "tileset": "tile_medieval", "autotile": 1.0 }, "352_1056": { "coord": [ 2.0, 2.0 ], "autotile_index": 0.0, "tileset": "tile_medieval", "autotile": 1.0 }, "448_0": { "coord": [ 2.0, 2.0 ], "autotile_index": 0.0, "tileset": "tile_medieval", "autotile": 1.0 }, "96_800": { "coord": [ 3.0, 2.0 ], "autotile_index": 0.0, "tileset": "tile_medieval", "autotile": 1.0 }, "384_192": { "coord": [ 2.0, 1.0 ], "autotile_index": 0.0, "tileset": "tile_medieval", "autotile": 1.0 }, "192_480": { "coord": [ 2.0, 1.0 ], "autotile_index": 0.0, "tileset": "tile_medieval", "autotile": 1.0 }, "672_1056": { "coord": [ 2.0, 2.0 ], "autotile_index": 0.0, "tileset": "tile_medieval", "autotile": 1.0 }, "544_672": { "coord": [ 2.0, 1.0 ], "autotile_index": 0.0, "tileset": "tile_medieval", "autotile": 1.0 }, "352_256": { "coord": [ 2.0, 3.0 ], "autotile_index": 0.0, "tileset": "tile_medieval", "autotile": 1.0 }, "160_512": { "coord": [ 2.0, 2.0 ], "autotile_index": 0.0, "tileset": "tile_medieval", "autotile": 1.0 }, "128_992": { "autotile": 1.0, "autotile_index": 0.0, "tileset": "tile_medieval", "coord": [ 8.0, 1.0 ] }, "544_0": { "coord": [ 2.0, 2.0 ], "autotile_index": 0.0, "tileset": "tile_medieval", "autotile": 1.0 }, "864_64": { "coord": [ 3.0, 2.0 ], "autotile_index": 0.0, "tileset": "tile_medieval", "autotile": 1.0 }, "128_960": { "autotile": 1.0, "autotile_index": 0.0, "tileset": "tile_medieval", "coord": [ 2.0, 2.0 ] }, "704_864": { "autotile": 0.0, "autotile_index": 0.0, "tileset": "tile_medieval", "coord": [ 1.0, 9.0 ] }, "800_192": { "coord": [ 2.0, 1.0 ], "autotile_index": 0.0, "tileset": "tile_medieval", "autotile": 1.0 }, "896_1056": { "autotile": 1.0, "autotile_index": 0.0, "tileset": "tile_medieval", "coord": [ 2.0, 2.0 ] }, "352_992": { "autotile": 0.0, "autotile_index": 0.0, "tileset": "bg_tilefreezer", "coord": [ 0.0, 36.0 ] }, "288_480": { "coord": [ 2.0, 1.0 ], "autotile_index": 0.0, "tileset": "tile_medieval", "autotile": 1.0 }, "832_672": { "coord": [ 2.0, 2.0 ], "autotile_index": 0.0, "tileset": "tile_medieval", "autotile": 1.0 }, "576_32": { "coord": [ 2.0, 3.0 ], "autotile_index": 0.0, "tileset": "tile_medieval", "autotile": 1.0 }, "96_928": { "autotile": 1.0, "autotile_index": 0.0, "tileset": "tile_medieval", "coord": [ 1.0, 7.0 ] }, "96_960": { "autotile": 1.0, "autotile_index": 0.0, "tileset": "tile_medieval", "coord": [ 2.0, 2.0 ] }, "256_32": { "coord": [ 2.0, 3.0 ], "autotile_index": 0.0, "tileset": "tile_medieval", "autotile": 1.0 }, "448_224": { "coord": [ 2.0, 2.0 ], "autotile_index": 0.0, "tileset": "tile_medieval", "autotile": 1.0 }, "608_224": { "coord": [ 2.0, 2.0 ], "autotile_index": 0.0, "tileset": "tile_medieval", "autotile": 1.0 }, "64_736": { "coord": [ 1.0, 2.0 ], "autotile_index": 0.0, "tileset": "tile_medieval", "autotile": 1.0 }, "640_0": { "coord": [ 2.0, 2.0 ], "autotile_index": 0.0, "tileset": "tile_medieval", "autotile": 1.0 }, "640_1024": { "coord": [ 2.0, 1.0 ], "autotile_index": 0.0, "tileset": "tile_medieval", "autotile": 1.0 }, "416_256": { "coord": [ 2.0, 3.0 ], "autotile_index": 0.0, "tileset": "tile_medieval", "autotile": 1.0 }, "800_608": { "autotile": 0.0, "autotile_index": 0.0, "tileset": "tile_medieval", "coord": [ 5.0, 7.0 ] }, "256_1024": { "autotile": 1.0, "autotile_index": 0.0, "tileset": "tile_medieval", "coord": [ 2.0, 1.0 ] }, "640_224": { "coord": [ 2.0, 2.0 ], "autotile_index": 0.0, "tileset": "tile_medieval", "autotile": 1.0 }, "288_544": { "coord": [ 2.0, 3.0 ], "autotile_index": 0.0, "tileset": "tile_medieval", "autotile": 1.0 }, "704_1024": { "coord": [ 2.0, 1.0 ], "autotile_index": 0.0, "tileset": "tile_medieval", "autotile": 1.0 }, "256_480": { "coord": [ 2.0, 1.0 ], "autotile_index": 0.0, "tileset": "tile_medieval", "autotile": 1.0 }, "96_32": { "coord": [ 1.0, 5.0 ], "autotile_index": 0.0, "tileset": "tile_medieval", "autotile": 1.0 }, "352_704": { "coord": [ 5.0, 6.0 ], "autotile_index": 0.0, "tileset": "tile_medieval", "autotile": 0.0 }, "672_256": { "coord": [ 2.0, 3.0 ], "autotile_index": 0.0, "tileset": "tile_medieval", "autotile": 1.0 }, "928_1024": { "autotile": 1.0, "autotile_index": 0.0, "tileset": "tile_medieval", "coord": [ 2.0, 1.0 ] }, "512_256": { "coord": [ 2.0, 3.0 ], "autotile_index": 0.0, "tileset": "tile_medieval", "autotile": 1.0 }, "64_704": { "coord": [ 1.0, 2.0 ], "autotile_index": 0.0, "tileset": "tile_medieval", "autotile": 1.0 }, "864_160": { "coord": [ 3.0, 2.0 ], "autotile_index": 0.0, "tileset": "tile_medieval", "autotile": 1.0 }, "576_736": { "coord": [ 2.0, 2.0 ], "autotile_index": 0.0, "tileset": "tile_medieval", "autotile": 1.0 }, "96_0": { "coord": [ 2.0, 2.0 ], "autotile_index": 0.0, "tileset": "tile_medieval", "autotile": 1.0 }, "800_704": { "coord": [ 8.0, 1.0 ], "autotile_index": 0.0, "tileset": "tile_medieval", "autotile": 1.0 }, "128_480": { "coord": [ 2.0, 1.0 ], "autotile_index": 0.0, "tileset": "tile_medieval", "autotile": 1.0 }, "672_0": { "coord": [ 3.0, 2.0 ], "autotile_index": 0.0, "tileset": "tile_medieval", "autotile": 1.0 }, "864_640": { "coord": [ 3.0, 2.0 ], "autotile_index": 0.0, "tileset": "tile_medieval", "autotile": 1.0 }, "96_768": { "coord": [ 3.0, 2.0 ], "autotile_index": 0.0, "tileset": "tile_medieval", "autotile": 1.0 }, "704_256": { "coord": [ 2.0, 3.0 ], "autotile_index": 0.0, "tileset": "tile_medieval", "autotile": 1.0 }, "608_0": { "coord": [ 2.0, 2.0 ], "autotile_index": 0.0, "tileset": "tile_medieval", "autotile": 1.0 }, "832_64": { "coord": [ 1.0, 2.0 ], "autotile_index": 0.0, "tileset": "tile_medieval", "autotile": 1.0 }, "480_1056": { "coord": [ 2.0, 2.0 ], "autotile_index": 0.0, "tileset": "tile_medieval", "autotile": 1.0 }, "608_736": { "coord": [ 2.0, 2.0 ], "autotile_index": 0.0, "tileset": "tile_medieval", "autotile": 1.0 }, "832_416": { "coord": [ 1.0, 2.0 ], "autotile_index": 0.0, "tileset": "tile_medieval", "autotile": 1.0 }, "320_736": { "coord": [ 4.0, 7.0 ], "autotile_index": 0.0, "tileset": "tile_medieval", "autotile": 0.0 }, "800_864": { "autotile": 0.0, "autotile_index": 0.0, "tileset": "tile_medieval", "coord": [ 2.0, 9.0 ] }, "192_512": { "coord": [ 2.0, 2.0 ], "autotile_index": 0.0, "tileset": "tile_medieval", "autotile": 1.0 }, "384_704": { "coord": [ 6.0, 6.0 ], "autotile_index": 0.0, "tileset": "tile_medieval", "autotile": 0.0 }, "672_480": { "coord": [ 3.0, 9.0 ], "autotile_index": 0.0, "tileset": "tile_medieval", "autotile": 0.0 }, "832_832": { "autotile": 1.0, "autotile_index": 0.0, "tileset": "tile_medieval", "coord": [ 1.0, 2.0 ] }, "96_992": { "autotile": 1.0, "autotile_index": 0.0, "tileset": "tile_medieval", "coord": [ 2.0, 2.0 ] }, "480_224": { "coord": [ 2.0, 2.0 ], "autotile_index": 0.0, "tileset": "tile_medieval", "autotile": 1.0 }, "512_224": { "coord": [ 2.0, 2.0 ], "autotile_index": 0.0, "tileset": "tile_medieval", "autotile": 1.0 }, "832_96": { "coord": [ 1.0, 2.0 ], "autotile_index": 0.0, "tileset": "tile_medieval", "autotile": 1.0 }, "448_768": { "coord": [ 2.0, 3.0 ], "autotile_index": 0.0, "tileset": "tile_medieval", "autotile": 1.0 }, "512_704": { "coord": [ 2.0, 2.0 ], "autotile_index": 0.0, "tileset": "tile_medieval", "autotile": 1.0 }, "736_256": { "coord": [ 2.0, 3.0 ], "autotile_index": 0.0, "tileset": "tile_medieval", "autotile": 1.0 }, "832_448": { "coord": [ 1.0, 2.0 ], "autotile_index": 0.0, "tileset": "tile_medieval", "autotile": 1.0 }, "64_672": { "coord": [ 1.0, 2.0 ], "autotile_index": 0.0, "tileset": "tile_medieval", "autotile": 1.0 }, "832_512": { "coord": [ 1.0, 2.0 ], "autotile_index": 0.0, "tileset": "tile_medieval", "autotile": 1.0 }, "64_1024": { "autotile": 1.0, "autotile_index": 0.0, "tileset": "tile_medieval", "coord": [ 1.0, 2.0 ] }, "96_416": { "coord": [ 3.0, 2.0 ], "autotile_index": 0.0, "tileset": "tile_medieval", "autotile": 1.0 }, "352_512": { "coord": [ 2.0, 2.0 ], "autotile_index": 0.0, "tileset": "tile_medieval", "autotile": 1.0 }, "224_512": { "coord": [ 2.0, 2.0 ], "autotile_index": 0.0, "tileset": "tile_medieval", "autotile": 1.0 }, "512_1056": { "coord": [ 2.0, 2.0 ], "autotile_index": 0.0, "tileset": "tile_medieval", "autotile": 1.0 }, "928_1056": { "autotile": 1.0, "autotile_index": 0.0, "tileset": "tile_medieval", "coord": [ 2.0, 2.0 ] }, "768_736": { "coord": [ 2.0, 2.0 ], "autotile_index": 0.0, "tileset": "tile_medieval", "autotile": 1.0 }, "768_704": { "coord": [ 2.0, 2.0 ], "autotile_index": 0.0, "tileset": "tile_medieval", "autotile": 1.0 }, "320_0": { "coord": [ 2.0, 2.0 ], "autotile_index": 0.0, "tileset": "tile_medieval", "autotile": 1.0 }, "128_512": { "coord": [ 2.0, 2.0 ], "autotile_index": 0.0, "tileset": "tile_medieval", "autotile": 1.0 }, "320_256": { "coord": [ 2.0, 3.0 ], "autotile_index": 0.0, "tileset": "tile_medieval", "autotile": 1.0 }, "96_896": { "autotile": 1.0, "autotile_index": 0.0, "tileset": "tile_medieval", "coord": [ 3.0, 2.0 ] }, "640_768": { "coord": [ 2.0, 3.0 ], "autotile_index": 0.0, "tileset": "tile_medieval", "autotile": 1.0 }, "544_768": { "coord": [ 2.0, 3.0 ], "autotile_index": 0.0, "tileset": "tile_medieval", "autotile": 1.0 }, "864_544": { "coord": [ 3.0, 2.0 ], "autotile_index": 0.0, "tileset": "tile_medieval", "autotile": 1.0 }, "320_768": { "coord": [ 2.0, 3.0 ], "autotile_index": 0.0, "tileset": "tile_medieval", "autotile": 1.0 }, "64_352": { "coord": [ 1.0, 2.0 ], "autotile_index": 0.0, "tileset": "tile_medieval", "autotile": 1.0 }, "192_1024": { "autotile": 1.0, "autotile_index": 0.0, "tileset": "tile_medieval", "coord": [ 2.0, 2.0 ] }, "640_192": { "coord": [ 2.0, 1.0 ], "autotile_index": 0.0, "tileset": "tile_medieval", "autotile": 1.0 }, "288_32": { "coord": [ 2.0, 3.0 ], "autotile_index": 0.0, "tileset": "tile_medieval", "autotile": 1.0 }, "576_992": { "autotile": 0.0, "autotile_index": 0.0, "tileset": "bg_tilefreezer", "coord": [ 6.0, 36.0 ] }, "448_32": { "coord": [ 2.0, 3.0 ], "autotile_index": 0.0, "tileset": "tile_medieval", "autotile": 1.0 }, "448_480": { "coord": [ 1.0, 7.0 ], "autotile_index": 0.0, "tileset": "tile_medieval", "autotile": 1.0 }, "800_0": { "coord": [ 2.0, 2.0 ], "autotile_index": 0.0, "tileset": "tile_medieval", "autotile": 1.0 }, "64_768": { "coord": [ 1.0, 2.0 ], "autotile_index": 0.0, "tileset": "tile_medieval", "autotile": 1.0 }, "384_512": { "coord": [ 2.0, 2.0 ], "autotile_index": 0.0, "tileset": "tile_medieval", "autotile": 1.0 }, "320_192": { "coord": [ 2.0, 1.0 ], "autotile_index": 0.0, "tileset": "tile_medieval", "autotile": 1.0 }, "480_0": { "coord": [ 2.0, 2.0 ], "autotile_index": 0.0, "tileset": "tile_medieval", "autotile": 1.0 }, "416_480": { "coord": [ 2.0, 2.0 ], "autotile_index": 0.0, "tileset": "tile_medieval", "autotile": 1.0 }, "64_192": { "coord": [ 1.0, 2.0 ], "autotile_index": 0.0, "tileset": "tile_medieval", "autotile": 1.0 }, "96_384": { "coord": [ 3.0, 2.0 ], "autotile_index": 0.0, "tileset": "tile_medieval", "autotile": 1.0 }, "416_768": { "coord": [ 2.0, 3.0 ], "autotile_index": 0.0, "tileset": "tile_medieval", "autotile": 1.0 }, "800_256": { "coord": [ 2.0, 3.0 ], "autotile_index": 0.0, "tileset": "tile_medieval", "autotile": 1.0 }, "384_768": { "coord": [ 2.0, 3.0 ], "autotile_index": 0.0, "tileset": "tile_medieval", "autotile": 1.0 }, "864_1056": { "autotile": 1.0, "autotile_index": 0.0, "tileset": "tile_medieval", "coord": [ 2.0, 2.0 ] }, "384_480": { "coord": [ 2.0, 2.0 ], "autotile_index": 0.0, "tileset": "tile_medieval", "autotile": 1.0 }, "864_256": { "coord": [ 3.0, 2.0 ], "autotile_index": 0.0, "tileset": "tile_medieval", "autotile": 1.0 }, "288_224": { "coord": [ 1.0, 2.0 ], "autotile_index": 0.0, "tileset": "tile_medieval", "autotile": 1.0 }, "832_704": { "coord": [ 2.0, 2.0 ], "autotile_index": 0.0, "tileset": "tile_medieval", "autotile": 1.0 }, "864_832": { "autotile": 1.0, "autotile_index": 0.0, "tileset": "tile_medieval", "coord": [ 1.0, 7.0 ] }, "64_800": { "coord": [ 1.0, 2.0 ], "autotile_index": 0.0, "tileset": "tile_medieval", "autotile": 1.0 }, "128_1024": { "autotile": 1.0, "autotile_index": 0.0, "tileset": "tile_medieval", "coord": [ 8.0, 1.0 ] }, "96_608": { "coord": [ 3.0, 2.0 ], "autotile_index": 0.0, "tileset": "tile_medieval", "autotile": 1.0 }, "800_576": { "autotile": 0.0, "autotile_index": 0.0, "tileset": "tile_medieval", "coord": [ 6.0, 5.0 ] }, "576_0": { "coord": [ 2.0, 2.0 ], "autotile_index": 0.0, "tileset": "tile_medieval", "autotile": 1.0 }, "864_800": { "autotile": 1.0, "autotile_index": 0.0, "tileset": "tile_medieval", "coord": [ 3.0, 2.0 ] }, "64_0": { "coord": [ 1.0, 2.0 ], "autotile_index": 0.0, "tileset": "tile_medieval", "autotile": 1.0 }, "640_32": { "coord": [ 2.0, 3.0 ], "autotile_index": 0.0, "tileset": "tile_medieval", "autotile": 1.0 }, "864_864": { "autotile": 1.0, "autotile_index": 0.0, "tileset": "tile_medieval", "coord": [ 2.0, 3.0 ] }, "704_704": { "coord": [ 2.0, 2.0 ], "autotile_index": 0.0, "tileset": "tile_medieval", "autotile": 1.0 }, "544_512": { "coord": [ 3.0, 2.0 ], "autotile_index": 0.0, "tileset": "tile_medieval", "autotile": 1.0 }, "832_384": { "coord": [ 1.0, 2.0 ], "autotile_index": 0.0, "tileset": "tile_medieval", "autotile": 1.0 }, "512_480": { "coord": [ 2.0, 1.0 ], "autotile_index": 0.0, "tileset": "tile_medieval", "autotile": 1.0 }, "448_672": { "coord": [ 2.0, 1.0 ], "autotile_index": 0.0, "tileset": "tile_medieval", "autotile": 1.0 }, "-32_544": { "coord": [ 0.0, 0.0 ], "autotile_index": 0.0, "tileset": "tile_medieval", "autotile": 1.0 }, "96_256": { "coord": [ 3.0, 2.0 ], "autotile_index": 0.0, "tileset": "tile_medieval", "autotile": 1.0 }, "480_256": { "coord": [ 2.0, 3.0 ], "autotile_index": 0.0, "tileset": "tile_medieval", "autotile": 1.0 }, "736_672": { "autotile": 0.0, "autotile_index": 0.0, "tileset": "tile_medieval", "coord": [ 5.0, 7.0 ] }, "480_480": { "coord": [ 2.0, 1.0 ], "autotile_index": 0.0, "tileset": "tile_medieval", "autotile": 1.0 }, "704_736": { "coord": [ 2.0, 2.0 ], "autotile_index": 0.0, "tileset": "tile_medieval", "autotile": 1.0 }, "-32_512": { "coord": [ 0.0, 0.0 ], "autotile_index": 0.0, "tileset": "tile_medieval", "autotile": 1.0 }, "448_928": { "autotile": 0.0, "autotile_index": 0.0, "tileset": "bg_tilefreezer", "coord": [ 3.0, 31.0 ] }, "768_32": { "coord": [ 1.0, 3.0 ], "autotile_index": 0.0, "tileset": "tile_medieval", "autotile": 1.0 }, "384_672": { "coord": [ 6.0, 5.0 ], "autotile_index": 0.0, "tileset": "tile_medieval", "autotile": 0.0 }, "544_928": { "autotile": 0.0, "autotile_index": 0.0, "tileset": "bg_tilefreezer", "coord": [ 1.0, 31.0 ] }, "864_736": { "coord": [ 3.0, 2.0 ], "autotile_index": 0.0, "tileset": "tile_medieval", "autotile": 1.0 }, "448_1024": { "coord": [ 2.0, 1.0 ], "autotile_index": 0.0, "tileset": "tile_medieval", "autotile": 1.0 }, "640_256": { "coord": [ 2.0, 3.0 ], "autotile_index": 0.0, "tileset": "tile_medieval", "autotile": 1.0 }, "416_1056": { "coord": [ 2.0, 2.0 ], "autotile_index": 0.0, "tileset": "tile_medieval", "autotile": 1.0 }, "832_544": { "autotile": 0.0, "autotile_index": 0.0, "tileset": "tile_medieval", "coord": [ 1.0, 2.0 ] }, "352_960": { "autotile": 0.0, "autotile_index": 0.0, "tileset": "bg_tilefreezer", "coord": [ 0.0, 35.0 ] }, "864_576": { "coord": [ 3.0, 2.0 ], "autotile_index": 0.0, "tileset": "tile_medieval", "autotile": 1.0 }, "96_544": { "coord": [ 1.0, 5.0 ], "autotile_index": 0.0, "tileset": "tile_medieval", "autotile": 1.0 }, "320_1056": { "coord": [ 2.0, 2.0 ], "autotile_index": 0.0, "tileset": "tile_medieval", "autotile": 1.0 }, "288_192": { "coord": [ 1.0, 1.0 ], "autotile_index": 0.0, "tileset": "tile_medieval", "autotile": 1.0 }, "352_416": { "coord": [ 1.0, 1.0 ], "autotile_index": 0.0, "tileset": "tile_medieval", "autotile": 1.0 }, "448_736": { "coord": [ 2.0, 2.0 ], "autotile_index": 0.0, "tileset": "tile_medieval", "autotile": 1.0 }, "512_928": { "autotile": 0.0, "autotile_index": 0.0, "tileset": "bg_tilefreezer", "coord": [ 5.0, 31.0 ] }, "544_480": { "coord": [ 3.0, 1.0 ], "autotile_index": 0.0, "tileset": "tile_medieval", "autotile": 1.0 }, "224_1056": { "autotile": 1.0, "autotile_index": 0.0, "tileset": "tile_medieval", "coord": [ 2.0, 2.0 ] }, "832_800": { "autotile": 1.0, "autotile_index": 0.0, "tileset": "tile_medieval", "coord": [ 1.0, 2.0 ] }, "64_320": { "coord": [ 1.0, 2.0 ], "autotile_index": 0.0, "tileset": "tile_medieval", "autotile": 1.0 }, "800_1056": { "coord": [ 2.0, 2.0 ], "autotile_index": 0.0, "tileset": "tile_medieval", "autotile": 1.0 }, "800_736": { "coord": [ 2.0, 2.0 ], "autotile_index": 0.0, "tileset": "tile_medieval", "autotile": 1.0 }, "416_416": { "coord": [ 2.0, 1.0 ], "autotile_index": 0.0, "tileset": "tile_medieval", "autotile": 1.0 }, "576_704": { "coord": [ 2.0, 2.0 ], "autotile_index": 0.0, "tileset": "tile_medieval", "autotile": 1.0 }, "704_672": { "autotile": 0.0, "autotile_index": 0.0, "tileset": "tile_medieval", "coord": [ 4.0, 7.0 ] }, "352_224": { "coord": [ 2.0, 2.0 ], "autotile_index": 0.0, "tileset": "tile_medieval", "autotile": 1.0 }, "64_448": { "coord": [ 1.0, 2.0 ], "autotile_index": 0.0, "tileset": "tile_medieval", "autotile": 1.0 }, "160_960": { "autotile": 1.0, "autotile_index": 0.0, "tileset": "tile_medieval", "coord": [ 2.0, 2.0 ] }, "448_704": { "coord": [ 2.0, 2.0 ], "autotile_index": 0.0, "tileset": "tile_medieval", "autotile": 1.0 }, "512_672": { "coord": [ 2.0, 1.0 ], "autotile_index": 0.0, "tileset": "tile_medieval", "autotile": 1.0 }, "672_224": { "coord": [ 2.0, 2.0 ], "autotile_index": 0.0, "tileset": "tile_medieval", "autotile": 1.0 }, "160_480": { "coord": [ 2.0, 1.0 ], "autotile_index": 0.0, "tileset": "tile_medieval", "autotile": 1.0 }, "352_480": { "coord": [ 3.0, 7.0 ], "autotile_index": 0.0, "tileset": "tile_medieval", "autotile": 1.0 }, "768_672": { "autotile": 0.0, "autotile_index": 0.0, "tileset": "tile_medieval", "coord": [ 6.0, 7.0 ] }, "64_576": { "coord": [ 1.0, 2.0 ], "autotile_index": 0.0, "tileset": "tile_medieval", "autotile": 1.0 }, "864_768": { "autotile": 1.0, "autotile_index": 0.0, "tileset": "tile_medieval", "coord": [ 3.0, 2.0 ] }, "864_96": { "coord": [ 3.0, 2.0 ], "autotile_index": 0.0, "tileset": "tile_medieval", "autotile": 1.0 }, "672_768": { "coord": [ 2.0, 3.0 ], "autotile_index": 0.0, "tileset": "tile_medieval", "autotile": 1.0 }, "448_448": { "coord": [ 3.0, 2.0 ], "autotile_index": 0.0, "tileset": "tile_medieval", "autotile": 1.0 }, "864_352": { "coord": [ 3.0, 2.0 ], "autotile_index": 0.0, "tileset": "tile_medieval", "autotile": 1.0 }, "64_832": { "coord": [ 1.0, 2.0 ], "autotile_index": 0.0, "tileset": "tile_medieval", "autotile": 1.0 }, "608_1056": { "coord": [ 2.0, 2.0 ], "autotile_index": 0.0, "tileset": "tile_medieval", "autotile": 1.0 }, "384_416": { "coord": [ 2.0, 1.0 ], "autotile_index": 0.0, "tileset": "tile_medieval", "autotile": 1.0 }, "320_224": { "coord": [ 2.0, 2.0 ], "autotile_index": 0.0, "tileset": "tile_medieval", "autotile": 1.0 }, "96_96": { "coord": [ 3.0, 2.0 ], "autotile_index": 0.0, "tileset": "tile_medieval", "autotile": 1.0 }, "384_544": { "coord": [ 2.0, 3.0 ], "autotile_index": 0.0, "tileset": "tile_medieval", "autotile": 1.0 }, "832_0": { "coord": [ 2.0, 2.0 ], "autotile_index": 0.0, "tileset": "tile_medieval", "autotile": 1.0 }, "224_1024": { "autotile": 1.0, "autotile_index": 0.0, "tileset": "tile_medieval", "coord": [ 1.0, 7.0 ] }, "576_960": { "autotile": 0.0, "autotile_index": 0.0, "tileset": "bg_tilefreezer", "coord": [ 6.0, 35.0 ] }, "608_768": { "coord": [ 2.0, 3.0 ], "autotile_index": 0.0, "tileset": "tile_medieval", "autotile": 1.0 }, "416_1024": { "coord": [ 2.0, 1.0 ], "autotile_index": 0.0, "tileset": "tile_medieval", "autotile": 1.0 }, "64_160": { "coord": [ 1.0, 2.0 ], "autotile_index": 0.0, "tileset": "tile_medieval", "autotile": 1.0 }, "864_288": { "coord": [ 3.0, 2.0 ], "autotile_index": 0.0, "tileset": "tile_medieval", "autotile": 1.0 }, "256_0": { "coord": [ 2.0, 2.0 ], "autotile_index": 0.0, "tileset": "tile_medieval", "autotile": 1.0 }, "768_1024": { "coord": [ 2.0, 1.0 ], "autotile_index": 0.0, "tileset": "tile_medieval", "autotile": 1.0 }, "864_192": { "coord": [ 3.0, 2.0 ], "autotile_index": 0.0, "tileset": "tile_medieval", "autotile": 1.0 }, "96_512": { "coord": [ 2.0, 2.0 ], "autotile_index": 0.0, "tileset": "tile_medieval", "autotile": 1.0 }, "864_704": { "coord": [ 3.0, 2.0 ], "autotile_index": 0.0, "tileset": "tile_medieval", "autotile": 1.0 }, "672_704": { "coord": [ 2.0, 2.0 ], "autotile_index": 0.0, "tileset": "tile_medieval", "autotile": 1.0 }, "800_672": { "coord": [ 8.0, 1.0 ], "autotile_index": 0.0, "tileset": "tile_medieval", "autotile": 1.0 }, "800_224": { "coord": [ 2.0, 2.0 ], "autotile_index": 0.0, "tileset": "tile_medieval", "autotile": 1.0 }, "512_0": { "coord": [ 2.0, 2.0 ], "autotile_index": 0.0, "tileset": "tile_medieval", "autotile": 1.0 }, "256_512": { "coord": [ 2.0, 2.0 ], "autotile_index": 0.0, "tileset": "tile_medieval", "autotile": 1.0 }, "480_704": { "coord": [ 2.0, 2.0 ], "autotile_index": 0.0, "tileset": "tile_medieval", "autotile": 1.0 }, "320_32": { "coord": [ 2.0, 3.0 ], "autotile_index": 0.0, "tileset": "tile_medieval", "autotile": 1.0 }, "448_416": { "coord": [ 3.0, 1.0 ], "autotile_index": 0.0, "tileset": "tile_medieval", "autotile": 1.0 }, "352_32": { "coord": [ 2.0, 3.0 ], "autotile_index": 0.0, "tileset": "tile_medieval", "autotile": 1.0 }, "672_672": { "coord": [ 2.0, 1.0 ], "autotile_index": 0.0, "tileset": "tile_medieval", "autotile": 1.0 }, "800_640": { "autotile": 0.0, "autotile_index": 0.0, "tileset": "tile_medieval", "coord": [ 6.0, 7.0 ] }, "352_0": { "coord": [ 2.0, 2.0 ], "autotile_index": 0.0, "tileset": "tile_medieval", "autotile": 1.0 }, "384_448": { "coord": [ 2.0, 2.0 ], "autotile_index": 0.0, "tileset": "tile_medieval", "autotile": 1.0 }, "224_544": { "coord": [ 2.0, 3.0 ], "autotile_index": 0.0, "tileset": "tile_medieval", "autotile": 1.0 }, "288_1024": { "autotile": 1.0, "autotile_index": 0.0, "tileset": "tile_medieval", "coord": [ 2.0, 1.0 ] }, "672_192": { "coord": [ 2.0, 1.0 ], "autotile_index": 0.0, "tileset": "tile_medieval", "autotile": 1.0 }, "832_1024": { "autotile": 1.0, "autotile_index": 0.0, "tileset": "tile_medieval", "coord": [ 2.0, 1.0 ] }, "96_832": { "coord": [ 3.0, 2.0 ], "autotile_index": 0.0, "tileset": "tile_medieval", "autotile": 1.0 }, "416_224": { "coord": [ 2.0, 2.0 ], "autotile_index": 0.0, "tileset": "tile_medieval", "autotile": 1.0 }, "192_992": { "autotile": 1.0, "autotile_index": 0.0, "tileset": "tile_medieval", "coord": [ 2.0, 2.0 ] }, "512_32": { "coord": [ 2.0, 3.0 ], "autotile_index": 0.0, "tileset": "tile_medieval", "autotile": 1.0 }, "832_736": { "coord": [ 2.0, 2.0 ], "autotile_index": 0.0, "tileset": "tile_medieval", "autotile": 1.0 }, "416_704": { "coord": [ 6.0, 7.0 ], "autotile_index": 0.0, "tileset": "tile_medieval", "autotile": 0.0 }, "832_256": { "coord": [ 3.0, 5.0 ], "autotile_index": 0.0, "tileset": "tile_medieval", "autotile": 1.0 }, "128_928": { "autotile": 1.0, "autotile_index": 0.0, "tileset": "tile_medieval", "coord": [ 2.0, 1.0 ] }, "832_576": { "autotile": 0.0, "autotile_index": 0.0, "tileset": "tile_medieval", "coord": [ 1.0, 3.0 ] }, "640_480": { "coord": [ 2.0, 9.0 ], "autotile_index": 0.0, "tileset": "tile_medieval", "autotile": 0.0 }, "832_288": { "coord": [ 1.0, 2.0 ], "autotile_index": 0.0, "tileset": "tile_medieval", "autotile": 1.0 }, "864_320": { "coord": [ 3.0, 2.0 ], "autotile_index": 0.0, "tileset": "tile_medieval", "autotile": 1.0 }, "384_32": { "coord": [ 2.0, 3.0 ], "autotile_index": 0.0, "tileset": "tile_medieval", "autotile": 1.0 }, "256_768": { "coord": [ 1.0, 3.0 ], "autotile_index": 0.0, "tileset": "tile_medieval", "autotile": 1.0 }, "672_1024": { "coord": [ 2.0, 1.0 ], "autotile_index": 0.0, "tileset": "tile_medieval", "autotile": 1.0 }, "512_512": { "coord": [ 2.0, 2.0 ], "autotile_index": 0.0, "tileset": "tile_medieval", "autotile": 1.0 }, "544_32": { "coord": [ 2.0, 3.0 ], "autotile_index": 0.0, "tileset": "tile_medieval", "autotile": 1.0 }, "896_832": { "autotile": 1.0, "autotile_index": 0.0, "tileset": "tile_medieval", "coord": [ 2.0, 1.0 ] }, "608_256": { "coord": [ 2.0, 3.0 ], "autotile_index": 0.0, "tileset": "tile_medieval", "autotile": 1.0 }, "640_736": { "coord": [ 2.0, 2.0 ], "autotile_index": 0.0, "tileset": "tile_medieval", "autotile": 1.0 }, "64_640": { "coord": [ 1.0, 2.0 ], "autotile_index": 0.0, "tileset": "tile_medieval", "autotile": 1.0 }, "576_1024": { "coord": [ 2.0, 1.0 ], "autotile_index": 0.0, "tileset": "tile_medieval", "autotile": 1.0 }, "352_928": { "autotile": 0.0, "autotile_index": 0.0, "tileset": "bg_tilefreezer", "coord": [ 0.0, 31.0 ] }, "608_32": { "coord": [ 2.0, 3.0 ], "autotile_index": 0.0, "tileset": "tile_medieval", "autotile": 1.0 }, "96_352": { "coord": [ 3.0, 2.0 ], "autotile_index": 0.0, "tileset": "tile_medieval", "autotile": 1.0 }, "352_736": { "coord": [ 5.0, 7.0 ], "autotile_index": 0.0, "tileset": "tile_medieval", "autotile": 0.0 }, "608_1024": { "coord": [ 2.0, 1.0 ], "autotile_index": 0.0, "tileset": "tile_medieval", "autotile": 1.0 }, "576_928": { "autotile": 0.0, "autotile_index": 0.0, "tileset": "bg_tilefreezer", "coord": [ 6.0, 31.0 ] }, "416_512": { "coord": [ 2.0, 2.0 ], "autotile_index": 0.0, "tileset": "tile_medieval", "autotile": 1.0 }, "288_512": { "coord": [ 2.0, 2.0 ], "autotile_index": 0.0, "tileset": "tile_medieval", "autotile": 1.0 }, "832_864": { "coord": [ 1.0, 3.0 ], "autotile_index": 0.0, "tileset": "tile_medieval", "autotile": 0.0 }, "736_704": { "coord": [ 2.0, 2.0 ], "autotile_index": 0.0, "tileset": "tile_medieval", "autotile": 1.0 }, "288_736": { "coord": [ 2.0, 1.0 ], "autotile_index": 0.0, "tileset": "tile_medieval", "autotile": 1.0 }, "384_224": { "coord": [ 2.0, 2.0 ], "autotile_index": 0.0, "tileset": "tile_medieval", "autotile": 1.0 }, "768_224": { "coord": [ 2.0, 2.0 ], "autotile_index": 0.0, "tileset": "tile_medieval", "autotile": 1.0 }, "64_992": { "autotile": 1.0, "autotile_index": 0.0, "tileset": "tile_medieval", "coord": [ 1.0, 2.0 ] }, "864_0": { "coord": [ 3.0, 2.0 ], "autotile_index": 0.0, "tileset": "tile_medieval", "autotile": 1.0 }, "160_928": { "autotile": 1.0, "autotile_index": 0.0, "tileset": "tile_medieval", "coord": [ 2.0, 1.0 ] }, "864_480": { "coord": [ 3.0, 2.0 ], "autotile_index": 0.0, "tileset": "tile_medieval", "autotile": 1.0 }, "288_768": { "coord": [ 2.0, 3.0 ], "autotile_index": 0.0, "tileset": "tile_medieval", "autotile": 1.0 }, "352_448": { "coord": [ 1.0, 2.0 ], "autotile_index": 0.0, "tileset": "tile_medieval", "autotile": 1.0 }, "544_1056": { "coord": [ 2.0, 2.0 ], "autotile_index": 0.0, "tileset": "tile_medieval", "autotile": 1.0 }, "544_736": { "coord": [ 2.0, 2.0 ], "autotile_index": 0.0, "tileset": "tile_medieval", "autotile": 1.0 }, "512_768": { "coord": [ 2.0, 3.0 ], "autotile_index": 0.0, "tileset": "tile_medieval", "autotile": 1.0 }, "64_416": { "coord": [ 1.0, 2.0 ], "autotile_index": 0.0, "tileset": "tile_medieval", "autotile": 1.0 }, "160_992": { "autotile": 1.0, "autotile_index": 0.0, "tileset": "tile_medieval", "coord": [ 8.0, 1.0 ] }, "96_224": { "coord": [ 3.0, 2.0 ], "autotile_index": 0.0, "tileset": "tile_medieval", "autotile": 1.0 }, "544_1024": { "coord": [ 2.0, 1.0 ], "autotile_index": 0.0, "tileset": "tile_medieval", "autotile": 1.0 }, "736_192": { "coord": [ 2.0, 1.0 ], "autotile_index": 0.0, "tileset": "tile_medieval", "autotile": 1.0 }, "480_544": { "coord": [ 2.0, 3.0 ], "autotile_index": 0.0, "tileset": "tile_medieval", "autotile": 1.0 }, "448_256": { "coord": [ 2.0, 3.0 ], "autotile_index": 0.0, "tileset": "tile_medieval", "autotile": 1.0 }, "192_1056": { "autotile": 1.0, "autotile_index": 0.0, "tileset": "tile_medieval", "coord": [ 2.0, 2.0 ] }, "96_640": { "coord": [ 3.0, 2.0 ], "autotile_index": 0.0, "tileset": "tile_medieval", "autotile": 1.0 }, "416_0": { "coord": [ 2.0, 2.0 ], "autotile_index": 0.0, "tileset": "tile_medieval", "autotile": 1.0 }, "320_544": { "coord": [ 2.0, 3.0 ], "autotile_index": 0.0, "tileset": "tile_medieval", "autotile": 1.0 }, "768_864": { "autotile": 0.0, "autotile_index": 0.0, "tileset": "tile_medieval", "coord": [ 2.0, 9.0 ] }, "832_160": { "coord": [ 1.0, 2.0 ], "autotile_index": 0.0, "tileset": "tile_medieval", "autotile": 1.0 }, "704_224": { "coord": [ 2.0, 2.0 ], "autotile_index": 0.0, "tileset": "tile_medieval", "autotile": 1.0 }, "64_128": { "coord": [ 1.0, 2.0 ], "autotile_index": 0.0, "tileset": "tile_medieval", "autotile": 1.0 }, "736_1056": { "coord": [ 2.0, 2.0 ], "autotile_index": 0.0, "tileset": "tile_medieval", "autotile": 1.0 }, "384_736": { "coord": [ 6.0, 7.0 ], "autotile_index": 0.0, "tileset": "tile_medieval", "autotile": 0.0 }, "768_192": { "coord": [ 2.0, 1.0 ], "autotile_index": 0.0, "tileset": "tile_medieval", "autotile": 1.0 }, "320_1024": { "coord": [ 2.0, 1.0 ], "autotile_index": 0.0, "tileset": "tile_medieval", "autotile": 1.0 }, "320_480": { "coord": [ 2.0, 1.0 ], "autotile_index": 0.0, "tileset": "tile_medieval", "autotile": 1.0 }, "224_0": { "coord": [ 2.0, 2.0 ], "autotile_index": 0.0, "tileset": "tile_medieval", "autotile": 1.0 }, "480_928": { "autotile": 0.0, "autotile_index": 0.0, "tileset": "bg_tilefreezer", "coord": [ 4.0, 31.0 ] }, "832_320": { "coord": [ 1.0, 2.0 ], "autotile_index": 0.0, "tileset": "tile_medieval", "autotile": 1.0 }, "384_1056": { "coord": [ 2.0, 2.0 ], "autotile_index": 0.0, "tileset": "tile_medieval", "autotile": 1.0 }, "96_448": { "coord": [ 3.0, 2.0 ], "autotile_index": 0.0, "tileset": "tile_medieval", "autotile": 1.0 }, "128_1056": { "autotile": 1.0, "autotile_index": 0.0, "tileset": "tile_medieval", "coord": [ 8.0, 1.0 ] }, "96_704": { "coord": [ 3.0, 2.0 ], "autotile_index": 0.0, "tileset": "tile_medieval", "autotile": 1.0 }, "512_192": { "coord": [ 2.0, 1.0 ], "autotile_index": 0.0, "tileset": "tile_medieval", "autotile": 1.0 }, "480_512": { "coord": [ 2.0, 2.0 ], "autotile_index": 0.0, "tileset": "tile_medieval", "autotile": 1.0 }, "96_1056": { "autotile": 1.0, "autotile_index": 0.0, "tileset": "tile_medieval", "coord": [ 2.0, 2.0 ] }, "448_1056": { "coord": [ 2.0, 2.0 ], "autotile_index": 0.0, "tileset": "tile_medieval", "autotile": 1.0 }, "832_32": { "coord": [ 3.0, 5.0 ], "autotile_index": 0.0, "tileset": "tile_medieval", "autotile": 1.0 }, "416_928": { "autotile": 0.0, "autotile_index": 0.0, "tileset": "bg_tilefreezer", "coord": [ 2.0, 31.0 ] }, "64_256": { "coord": [ 1.0, 2.0 ], "autotile_index": 0.0, "tileset": "tile_medieval", "autotile": 1.0 }, "512_544": { "coord": [ 2.0, 3.0 ], "autotile_index": 0.0, "tileset": "tile_medieval", "autotile": 1.0 }, "864_128": { "coord": [ 3.0, 2.0 ], "autotile_index": 0.0, "tileset": "tile_medieval", "autotile": 1.0 }, "736_640": { "autotile": 0.0, "autotile_index": 0.0, "tileset": "tile_medieval", "coord": [ 6.0, 5.0 ] }, "128_32": { "coord": [ 2.0, 3.0 ], "autotile_index": 0.0, "tileset": "tile_medieval", "autotile": 1.0 }, "832_608": { "autotile": 0.0, "autotile_index": 0.0, "tileset": "tile_medieval", "coord": [ 6.0, 7.0 ] }, "608_480": { "coord": [ 2.0, 9.0 ], "autotile_index": 0.0, "tileset": "tile_medieval", "autotile": 0.0 }, "608_672": { "coord": [ 2.0, 1.0 ], "autotile_index": 0.0, "tileset": "tile_medieval", "autotile": 1.0 }, "384_256": { "coord": [ 2.0, 3.0 ], "autotile_index": 0.0, "tileset": "tile_medieval", "autotile": 1.0 }, "160_32": { "coord": [ 2.0, 3.0 ], "autotile_index": 0.0, "tileset": "tile_medieval", "autotile": 1.0 }, "736_864": { "autotile": 0.0, "autotile_index": 0.0, "tileset": "tile_medieval", "coord": [ 2.0, 9.0 ] }, "256_544": { "coord": [ 2.0, 3.0 ], "autotile_index": 0.0, "tileset": "tile_medieval", "autotile": 1.0 }, "864_384": { "coord": [ 3.0, 2.0 ], "autotile_index": 0.0, "tileset": "tile_medieval", "autotile": 1.0 }, "480_736": { "coord": [ 2.0, 2.0 ], "autotile_index": 0.0, "tileset": "tile_medieval", "autotile": 1.0 }, "416_672": { "coord": [ 7.0, 5.0 ], "autotile_index": 0.0, "tileset": "tile_medieval", "autotile": 0.0 }, "896_864": { "autotile": 1.0, "autotile_index": 0.0, "tileset": "tile_medieval", "coord": [ 2.0, 3.0 ] }, "576_672": { "coord": [ 2.0, 1.0 ], "autotile_index": 0.0, "tileset": "tile_medieval", "autotile": 1.0 }, "160_544": { "coord": [ 2.0, 3.0 ], "autotile_index": 0.0, "tileset": "tile_medieval", "autotile": 1.0 }, "864_416": { "coord": [ 3.0, 2.0 ], "autotile_index": 0.0, "tileset": "tile_medieval", "autotile": 1.0 }, "416_736": { "coord": [ 2.0, 2.0 ], "autotile_index": 0.0, "tileset": "tile_medieval", "autotile": 1.0 }, "832_352": { "coord": [ 1.0, 2.0 ], "autotile_index": 0.0, "tileset": "tile_medieval", "autotile": 1.0 }, "256_736": { "coord": [ 1.0, 1.0 ], "autotile_index": 0.0, "tileset": "tile_medieval", "autotile": 1.0 }, "416_448": { "coord": [ 2.0, 2.0 ], "autotile_index": 0.0, "tileset": "tile_medieval", "autotile": 1.0 }, "96_1024": { "autotile": 1.0, "autotile_index": 0.0, "tileset": "tile_medieval", "coord": [ 2.0, 2.0 ] }, "288_0": { "coord": [ 2.0, 2.0 ], "autotile_index": 0.0, "tileset": "tile_medieval", "autotile": 1.0 }, "192_544": { "coord": [ 2.0, 3.0 ], "autotile_index": 0.0, "tileset": "tile_medieval", "autotile": 1.0 }, "96_192": { "coord": [ 3.0, 2.0 ], "autotile_index": 0.0, "tileset": "tile_medieval", "autotile": 1.0 }, "864_224": { "coord": [ 3.0, 2.0 ], "autotile_index": 0.0, "tileset": "tile_medieval", "autotile": 1.0 }, "384_928": { "autotile": 0.0, "autotile_index": 0.0, "tileset": "bg_tilefreezer", "coord": [ 1.0, 31.0 ] }, "672_736": { "coord": [ 2.0, 2.0 ], "autotile_index": 0.0, "tileset": "tile_medieval", "autotile": 1.0 }, "64_384": { "coord": [ 1.0, 2.0 ], "autotile_index": 0.0, "tileset": "tile_medieval", "autotile": 1.0 }, "448_544": { "coord": [ 2.0, 3.0 ], "autotile_index": 0.0, "tileset": "tile_medieval", "autotile": 1.0 }, "64_288": { "coord": [ 1.0, 2.0 ], "autotile_index": 0.0, "tileset": "tile_medieval", "autotile": 1.0 }, "448_512": { "coord": [ 2.0, 2.0 ], "autotile_index": 0.0, "tileset": "tile_medieval", "autotile": 1.0 }, "608_192": { "coord": [ 2.0, 1.0 ], "autotile_index": 0.0, "tileset": "tile_medieval", "autotile": 1.0 }, "544_544": { "coord": [ 3.0, 3.0 ], "autotile_index": 0.0, "tileset": "tile_medieval", "autotile": 1.0 }, "576_480": { "coord": [ 2.0, 9.0 ], "autotile_index": 0.0, "tileset": "tile_medieval", "autotile": 0.0 }, "96_64": { "coord": [ 3.0, 2.0 ], "autotile_index": 0.0, "tileset": "tile_medieval", "autotile": 1.0 }, "832_1056": { "autotile": 1.0, "autotile_index": 0.0, "tileset": "tile_medieval", "coord": [ 2.0, 2.0 ] }, "544_192": { "coord": [ 2.0, 1.0 ], "autotile_index": 0.0, "tileset": "tile_medieval", "autotile": 1.0 }, "96_672": { "coord": [ 3.0, 2.0 ], "autotile_index": 0.0, "tileset": "tile_medieval", "autotile": 1.0 }, "832_128": { "coord": [ 1.0, 2.0 ], "autotile_index": 0.0, "tileset": "tile_medieval", "autotile": 1.0 }, "736_1024": { "coord": [ 2.0, 1.0 ], "autotile_index": 0.0, "tileset": "tile_medieval", "autotile": 1.0 }, "928_832": { "autotile": 1.0, "autotile_index": 0.0, "tileset": "tile_medieval", "coord": [ 2.0, 1.0 ] }, "480_1024": { "coord": [ 2.0, 1.0 ], "autotile_index": 0.0, "tileset": "tile_medieval", "autotile": 1.0 }, "576_768": { "coord": [ 2.0, 3.0 ], "autotile_index": 0.0, "tileset": "tile_medieval", "autotile": 1.0 }, "224_480": { "coord": [ 2.0, 1.0 ], "autotile_index": 0.0, "tileset": "tile_medieval", "autotile": 1.0 }, "64_608": { "coord": [ 1.0, 2.0 ], "autotile_index": 0.0, "tileset": "tile_medieval", "autotile": 1.0 }, "192_0": { "coord": [ 2.0, 2.0 ], "autotile_index": 0.0, "tileset": "tile_medieval", "autotile": 1.0 }, "224_960": { "autotile": 1.0, "autotile_index": 0.0, "tileset": "tile_medieval", "coord": [ 3.0, 2.0 ] }, "480_192": { "coord": [ 2.0, 1.0 ], "autotile_index": 0.0, "tileset": "tile_medieval", "autotile": 1.0 }, "64_512": { "coord": [ 1.0, 2.0 ], "autotile_index": 0.0, "tileset": "tile_medieval", "autotile": 1.0 }, "96_864": { "autotile": 1.0, "autotile_index": 0.0, "tileset": "tile_medieval", "coord": [ 3.0, 2.0 ] }, "96_160": { "coord": [ 3.0, 2.0 ], "autotile_index": 0.0, "tileset": "tile_medieval", "autotile": 1.0 }, "704_768": { "coord": [ 2.0, 3.0 ], "autotile_index": 0.0, "tileset": "tile_medieval", "autotile": 1.0 }, "832_768": { "autotile": 1.0, "autotile_index": 0.0, "tileset": "tile_medieval", "coord": [ 3.0, 5.0 ] }, "640_704": { "coord": [ 2.0, 2.0 ], "autotile_index": 0.0, "tileset": "tile_medieval", "autotile": 1.0 }, "736_768": { "coord": [ 2.0, 3.0 ], "autotile_index": 0.0, "tileset": "tile_medieval", "autotile": 1.0 }, "96_288": { "coord": [ 3.0, 2.0 ], "autotile_index": 0.0, "tileset": "tile_medieval", "autotile": 1.0 }, "864_32": { "coord": [ 3.0, 2.0 ], "autotile_index": 0.0, "tileset": "tile_medieval", "autotile": 1.0 }, "352_768": { "coord": [ 2.0, 3.0 ], "autotile_index": 0.0, "tileset": "tile_medieval", "autotile": 1.0 }, "480_672": { "coord": [ 2.0, 1.0 ], "autotile_index": 0.0, "tileset": "tile_medieval", "autotile": 1.0 }, "384_1024": { "coord": [ 2.0, 1.0 ], "autotile_index": 0.0, "tileset": "tile_medieval", "autotile": 1.0 }, "288_1056": { "autotile": 1.0, "autotile_index": 0.0, "tileset": "tile_medieval", "coord": [ 2.0, 2.0 ] }, "416_192": { "coord": [ 2.0, 1.0 ], "autotile_index": 0.0, "tileset": "tile_medieval", "autotile": 1.0 }, "864_1024": { "autotile": 1.0, "autotile_index": 0.0, "tileset": "tile_medieval", "coord": [ 2.0, 1.0 ] }, "160_0": { "coord": [ 2.0, 2.0 ], "autotile_index": 0.0, "tileset": "tile_medieval", "autotile": 1.0 }, "192_960": { "autotile": 1.0, "autotile_index": 0.0, "tileset": "tile_medieval", "coord": [ 2.0, 2.0 ] }, "64_64": { "coord": [ 1.0, 2.0 ], "autotile_index": 0.0, "tileset": "tile_medieval", "autotile": 1.0 }, "640_1056": { "coord": [ 2.0, 2.0 ], "autotile_index": 0.0, "tileset": "tile_medieval", "autotile": 1.0 }, "192_32": { "coord": [ 2.0, 3.0 ], "autotile_index": 0.0, "tileset": "tile_medieval", "autotile": 1.0 }, "480_32": { "coord": [ 2.0, 3.0 ], "autotile_index": 0.0, "tileset": "tile_medieval", "autotile": 1.0 }, "64_224": { "coord": [ 1.0, 2.0 ], "autotile_index": 0.0, "tileset": "tile_medieval", "autotile": 1.0 }, "672_32": { "coord": [ 3.0, 3.0 ], "autotile_index": 0.0, "tileset": "tile_medieval", "autotile": 1.0 }, "512_736": { "coord": [ 2.0, 2.0 ], "autotile_index": 0.0, "tileset": "tile_medieval", "autotile": 1.0 }, "256_1056": { "autotile": 1.0, "autotile_index": 0.0, "tileset": "tile_medieval", "coord": [ 2.0, 2.0 ] } } }, "backgrounds": { "5": { "x": 0.0, "scroll_x": 0.0, "tile_y": 1.0, "hspeed": 0.0, "scroll_y": 0.0, "y": 0.0, "sprite": "9_11_background", "tile_x": 1.0, "vspeed": 0.0, "image_speed": 15.0, "panic_sprite": -1.0 } }, "properties": { "songTransitionTime": 100.0, "roomX": 0.0, "levelWidth": 960.0, "roomY": 0.0, "levelHeight": 1084.0, "song": "" } }