{ "editorVersion": 5.0, "instances": [ { "layer": 0.0, "deleted": 0.0, "variables": { "x": 896.0, "y": 480.0, "image_xscale": 2.0, "image_yscale": 2.0, "flipX": 0.0, "flipY": 0.0 }, "object": 517.0 }, { "layer": 0.0, "deleted": 0.0, "variables": { "x": 128.0, "y": 480.0, "image_xscale": 24.0, "image_yscale": 4.0, "flipX": 0.0, "flipY": 0.0 }, "object": 517.0 }, { "layer": 0.0, "deleted": 0.0, "variables": { "x": 64.0, "y": 0.0, "image_xscale": 2.0, "image_yscale": 19.0, "flipX": 0.0, "flipY": 0.0 }, "object": 517.0 }, { "layer": 0.0, "deleted": 0.0, "variables": { "x": 128.0, "y": 0.0, "image_xscale": 24.0, "image_yscale": 2.0, "flipX": 0.0, "flipY": 0.0 }, "object": 517.0 }, { "layer": 0.0, "deleted": 0.0, "variables": { "x": 832.0, "y": 64.0, "image_xscale": 2.0, "image_yscale": 7.0, "flipX": 0.0, "flipY": 0.0 }, "object": 517.0 }, { "layer": 0.0, "deleted": 0.0, "variables": { "x": 832.0, "y": 288.0, "image_xscale": 4.0, "image_yscale": 2.0, "flipX": 0.0, "flipY": 0.0 }, "object": 517.0 }, { "layer": 0.0, "deleted": 0.0, "variables": { "x": 576.0, "y": 448.0, "image_xscale": 4.0, "image_yscale": 1.0, "flipX": 0.0, "flipY": 0.0 }, "object": 517.0 }, { "layer": 0.0, "deleted": 0.0, "variables": { "x": 640.0, "y": 402.0, "image_xscale": 1.0, "image_yscale": 1.0, "hitsPrimoBurg": 4.0, "flipX": 1.0, "flipY": 0.0 }, "object": 112.0 }, { "layer": 0.0, "deleted": 0.0, "variables": { "x": 288.0, "y": 256.0, "image_xscale": 15.0, "image_yscale": 3.0, "flipX": 0.0, "flipY": 0.0 }, "object": 517.0 }, { "layer": 0.0, "deleted": 0.0, "variables": { "x": 352.0, "y": 210.0, "image_xscale": 1.0, "image_yscale": 1.0, "escape": "true", "flipX": 1.0, "flipY": 0.0 }, "object": 1054.0 }, { "layer": 0.0, "deleted": 1.0, "variables": { "x": 288.0, "y": 224.0, "image_xscale": 4.0, "image_yscale": 4.0, "flipX": 0.0, "flipY": 0.0 }, "object": 517.0 }, { "layer": 0.0, "deleted": 0.0, "variables": { "x": 256.0, "y": 416.0, "image_xscale": 1.0, "image_yscale": 1.0, "flipX": 0.0, "flipY": 0.0 }, "object": 246.0 }, { "layer": 0.0, "deleted": 0.0, "variables": { "x": 352.0, "flipX": 0.0, "y": 128.0, "flipY": 0.0 }, "object": 73.0 }, { "layer": 0.0, "deleted": 1.0, "variables": { "x": 192.0, "y": 288.0, "image_xscale": 1.0, "image_yscale": 1.0, "flipX": 1.0, "flipY": 0.0 }, "object": 73.0 }, { "layer": 0.0, "deleted": 0.0, "variables": { "x": 640.0, "y": 128.0, "image_xscale": 1.0, "image_yscale": 1.0, "flipX": 1.0, "flipY": 0.0 }, "object": 674.0 }, { "layer": 0.0, "deleted": 0.0, "variables": { "x": 704.0, "y": 192.0, "image_xscale": 1.0, "image_yscale": 1.0, "flipX": 0.0, "flipY": 0.0 }, "object": 941.0 }, { "layer": 0.0, "deleted": 0.0, "variables": { "x": 768.0, "flipX": 0.0, "y": 224.0, "flipY": 0.0 }, "object": 805.0 }, { "layer": 0.0, "deleted": 0.0, "variables": { "x": 704.0, "y": 64.0, "image_xscale": 4.0, "image_yscale": 4.0, "flipX": 0.0, "flipY": 0.0 }, "object": 517.0 }, { "layer": 0.0, "deleted": 0.0, "variables": { "x": 448.0, "y": 433.0, "image_xscale": 1.0, "image_yscale": 1.0, "escape": "true", "flipX": 0.0, "flipY": 0.0 }, "object": 646.0 }, { "layer": 0.0, "deleted": 0.0, "variables": { "x": 576.0, "y": 209.0, "image_xscale": 1.0, "image_yscale": 1.0, "escape": "true", "flipX": 1.0, "flipY": 0.0 }, "object": 665.0 }, { "layer": 0.0, "deleted": 0.0, "variables": { "x": 544.0, "flipX": 0.0, "y": 448.0, "flipY": 0.0 }, "object": 516.0 }, { "layer": 0.0, "deleted": 0.0, "variables": { "x": 704.0, "flipX": 1.0, "y": 448.0, "flipY": 0.0 }, "object": 516.0 }, { "layer": 0.0, "deleted": 1.0, "variables": { "x": 416.0, "flipX": 1.0, "y": 224.0, "flipY": 0.0 }, "object": 516.0 }, { "layer": 0.0, "deleted": 0.0, "variables": { "x": 896.0, "flipX": 0.0, "y": 448.0, "flipY": 0.0 }, "object": 804.0 }, { "layer": 0.0, "deleted": 0.0, "variables": { "x": 384.0, "flipX": 0.0, "y": 128.0, "flipY": 0.0 }, "object": 806.0 }, { "layer": 0.0, "deleted": 0.0, "variables": { "x": 960.0, "y": 352.0, "targetRoom": "room8", "image_xscale": 1.0, "image_yscale": 2.0, "flipX": 1.0, "flipY": 0.0, "targetDoor": "A" }, "object": 801.0 }, { "layer": 0.0, "deleted": 0.0, "variables": { "x": 800.0, "y": 288.0, "targetRoom": "room9", "image_xscale": 1.0, "image_yscale": 1.0, "flipX": 0.0, "flipY": 0.0 }, "object": 800.0 }, { "layer": 0.0, "deleted": 0.0, "variables": { "x": 768.0, "y": 320.0, "image_xscale": 2.0, "image_yscale": 1.0, "flipX": 0.0, "flipY": 0.0 }, "object": 517.0 } ], "tile_data": { "5": { "512_256": { "coord": [ 1.0, 0.0 ], "autotile_index": 0.0, "tileset": "tiles_911", "autotile": 1.0 }, "640_480": { "coord": [ 2.0, 1.0 ], "autotile_index": 0.0, "tileset": "tiles_911", "autotile": 0.0 }, "576_512": { "coord": [ 2.0, 1.0 ], "autotile_index": 0.0, "tileset": "tiles_911", "autotile": 1.0 }, "448_576": { "coord": [ 2.0, 1.0 ], "autotile_index": 0.0, "tileset": "tiles_911", "autotile": 0.0 }, "160_32": { "coord": [ 2.0, 1.0 ], "autotile_index": 0.0, "tileset": "tiles_911", "autotile": 1.0 }, "736_96": { "coord": [ 1.0, 2.0 ], "autotile_index": 0.0, "tileset": "tiles_911", "autotile": 1.0 }, "256_32": { "coord": [ 2.0, 1.0 ], "autotile_index": 0.0, "tileset": "tiles_911", "autotile": 1.0 }, "672_256": { "coord": [ 2.0, 0.0 ], "autotile_index": 0.0, "tileset": "tiles_911", "autotile": 1.0 }, "288_-32": { "autotile": 0.0, "autotile_index": 0.0, "tileset": "tiles_911", "coord": [ 2.0, 1.0 ] }, "352_576": { "coord": [ 2.0, 1.0 ], "autotile_index": 0.0, "tileset": "tiles_911", "autotile": 0.0 }, "288_320": { "autotile": 1.0, "autotile_index": 0.0, "tileset": "tiles_911", "coord": [ 2.0, 1.0 ] }, "480_-32": { "autotile": 0.0, "autotile_index": 0.0, "tileset": "tiles_911", "coord": [ 2.0, 1.0 ] }, "832_288": { "autotile": 1.0, "autotile_index": 0.0, "tileset": "tiles_911", "coord": [ 2.0, 1.0 ] }, "864_160": { "autotile": 0.0, "autotile_index": 0.0, "tileset": "tiles_911", "coord": [ 2.0, 1.0 ] }, "352_-64": { "autotile": 0.0, "autotile_index": 0.0, "tileset": "tiles_911", "coord": [ 2.0, 1.0 ] }, "704_544": { "coord": [ 2.0, 1.0 ], "autotile_index": 0.0, "tileset": "tiles_911", "autotile": 0.0 }, "768_32": { "coord": [ 2.0, 2.0 ], "autotile_index": 0.0, "tileset": "tiles_911", "autotile": 1.0 }, "480_576": { "coord": [ 2.0, 1.0 ], "autotile_index": 0.0, "tileset": "tiles_911", "autotile": 0.0 }, "448_512": { "coord": [ 2.0, 1.0 ], "autotile_index": 0.0, "tileset": "tiles_911", "autotile": 1.0 }, "640_-32": { "autotile": 0.0, "autotile_index": 0.0, "tileset": "tiles_911", "coord": [ 2.0, 1.0 ] }, "448_256": { "autotile": 1.0, "autotile_index": 0.0, "tileset": "tiles_911", "coord": [ 1.0, 0.0 ] }, "640_512": { "coord": [ 4.0, 2.0 ], "autotile_index": 0.0, "tileset": "tiles_911", "autotile": 1.0 }, "576_288": { "coord": [ 2.0, 1.0 ], "autotile_index": 0.0, "tileset": "tiles_911", "autotile": 1.0 }, "448_288": { "autotile": 1.0, "autotile_index": 0.0, "tileset": "tiles_911", "coord": [ 2.0, 1.0 ] }, "416_288": { "autotile": 1.0, "autotile_index": 0.0, "tileset": "tiles_911", "coord": [ 2.0, 1.0 ] }, "416_256": { "autotile": 1.0, "autotile_index": 0.0, "tileset": "tiles_911", "coord": [ 3.0, 0.0 ] }, "352_-32": { "autotile": 0.0, "autotile_index": 0.0, "tileset": "tiles_911", "coord": [ 2.0, 1.0 ] }, "768_320": { "autotile": 1.0, "autotile_index": 0.0, "tileset": "tiles_911", "coord": [ 2.0, 1.0 ] }, "96_544": { "coord": [ 2.0, 1.0 ], "autotile_index": 0.0, "tileset": "tiles_911", "autotile": 0.0 }, "800_-32": { "autotile": 0.0, "autotile_index": 0.0, "tileset": "tiles_911", "coord": [ 2.0, 1.0 ] }, "864_-32": { "autotile": 0.0, "autotile_index": 0.0, "tileset": "tiles_911", "coord": [ 2.0, 1.0 ] }, "864_-64": { "autotile": 0.0, "autotile_index": 0.0, "tileset": "tiles_911", "coord": [ 2.0, 1.0 ] }, "640_256": { "coord": [ 1.0, 0.0 ], "autotile_index": 0.0, "tileset": "tiles_911", "autotile": 1.0 }, "480_512": { "coord": [ 2.0, 1.0 ], "autotile_index": 0.0, "tileset": "tiles_911", "autotile": 1.0 }, "448_320": { "autotile": 1.0, "autotile_index": 0.0, "tileset": "tiles_911", "coord": [ 2.0, 1.0 ] }, "672_32": { "coord": [ 2.0, 1.0 ], "autotile_index": 0.0, "tileset": "tiles_911", "autotile": 1.0 }, "800_512": { "coord": [ 2.0, 1.0 ], "autotile_index": 0.0, "tileset": "tiles_911", "autotile": 1.0 }, "896_0": { "autotile": 0.0, "autotile_index": 0.0, "tileset": "tiles_911", "coord": [ 2.0, 1.0 ] }, "704_-64": { "autotile": 0.0, "autotile_index": 0.0, "tileset": "tiles_911", "coord": [ 2.0, 1.0 ] }, "704_256": { "autotile": 1.0, "autotile_index": 0.0, "tileset": "tiles_911", "coord": [ 1.0, 0.0 ] }, "608_-64": { "autotile": 0.0, "autotile_index": 0.0, "tileset": "tiles_911", "coord": [ 2.0, 1.0 ] }, "64_384": { "autotile": 0.0, "autotile_index": 0.0, "tileset": "tiles_911", "coord": [ 2.0, 1.0 ] }, "192_-32": { "autotile": 0.0, "autotile_index": 0.0, "tileset": "tiles_911", "coord": [ 2.0, 1.0 ] }, "256_544": { "coord": [ 2.0, 1.0 ], "autotile_index": 0.0, "tileset": "tiles_911", "autotile": 0.0 }, "896_512": { "coord": [ 2.0, 1.0 ], "autotile_index": 0.0, "tileset": "tiles_911", "autotile": 1.0 }, "192_32": { "coord": [ 2.0, 1.0 ], "autotile_index": 0.0, "tileset": "tiles_911", "autotile": 1.0 }, "320_576": { "coord": [ 2.0, 1.0 ], "autotile_index": 0.0, "tileset": "tiles_911", "autotile": 0.0 }, "512_-32": { "autotile": 0.0, "autotile_index": 0.0, "tileset": "tiles_911", "coord": [ 2.0, 1.0 ] }, "768_64": { "coord": [ 2.0, 2.0 ], "autotile_index": 0.0, "tileset": "tiles_911", "autotile": 1.0 }, "576_256": { "coord": [ 3.0, 0.0 ], "autotile_index": 0.0, "tileset": "tiles_911", "autotile": 1.0 }, "928_64": { "autotile": 0.0, "autotile_index": 0.0, "tileset": "tiles_911", "coord": [ 7.0, 1.0 ] }, "64_160": { "autotile": 0.0, "autotile_index": 0.0, "tileset": "tiles_911", "coord": [ 2.0, 1.0 ] }, "608_576": { "coord": [ 2.0, 1.0 ], "autotile_index": 0.0, "tileset": "tiles_911", "autotile": 0.0 }, "384_320": { "autotile": 1.0, "autotile_index": 0.0, "tileset": "tiles_911", "coord": [ 2.0, 1.0 ] }, "704_320": { "autotile": 1.0, "autotile_index": 0.0, "tileset": "tiles_911", "coord": [ 2.0, 1.0 ] }, "576_320": { "coord": [ 2.0, 1.0 ], "autotile_index": 0.0, "tileset": "tiles_911", "autotile": 1.0 }, "416_32": { "coord": [ 2.0, 1.0 ], "autotile_index": 0.0, "tileset": "tiles_911", "autotile": 1.0 }, "832_480": { "coord": [ 3.0, 0.0 ], "autotile_index": 0.0, "tileset": "tiles_911", "autotile": 1.0 }, "768_160": { "coord": [ 2.0, 1.0 ], "autotile_index": 0.0, "tileset": "tiles_911", "autotile": 1.0 }, "64_576": { "autotile": 0.0, "autotile_index": 0.0, "tileset": "tiles_911", "coord": [ 2.0, 1.0 ] }, "576_480": { "coord": [ 2.0, 1.0 ], "autotile_index": 0.0, "tileset": "tiles_911", "autotile": 0.0 }, "832_160": { "coord": [ 6.0, 2.0 ], "autotile_index": 0.0, "tileset": "tiles_911", "autotile": 1.0 }, "64_64": { "autotile": 0.0, "autotile_index": 0.0, "tileset": "tiles_911", "coord": [ 2.0, 1.0 ] }, "768_128": { "coord": [ 2.0, 1.0 ], "autotile_index": 0.0, "tileset": "tiles_911", "autotile": 1.0 }, "736_32": { "coord": [ 1.0, 2.0 ], "autotile_index": 0.0, "tileset": "tiles_911", "autotile": 1.0 }, "800_128": { "coord": [ 2.0, 1.0 ], "autotile_index": 0.0, "tileset": "tiles_911", "autotile": 1.0 }, "192_544": { "coord": [ 2.0, 1.0 ], "autotile_index": 0.0, "tileset": "tiles_911", "autotile": 0.0 }, "928_96": { "autotile": 0.0, "autotile_index": 0.0, "tileset": "tiles_911", "coord": [ 2.0, 1.0 ] }, "864_256": { "autotile": 1.0, "autotile_index": 0.0, "tileset": "tiles_911", "coord": [ 1.0, 2.0 ] }, "384_576": { "coord": [ 2.0, 1.0 ], "autotile_index": 0.0, "tileset": "tiles_911", "autotile": 0.0 }, "576_-32": { "autotile": 0.0, "autotile_index": 0.0, "tileset": "tiles_911", "coord": [ 2.0, 1.0 ] }, "736_-64": { "autotile": 0.0, "autotile_index": 0.0, "tileset": "tiles_911", "coord": [ 2.0, 1.0 ] }, "320_544": { "coord": [ 2.0, 1.0 ], "autotile_index": 0.0, "tileset": "tiles_911", "autotile": 0.0 }, "544_0": { "coord": [ 2.0, 1.0 ], "autotile_index": 0.0, "tileset": "tiles_911", "autotile": 1.0 }, "800_64": { "coord": [ 2.0, 2.0 ], "autotile_index": 0.0, "tileset": "tiles_911", "autotile": 1.0 }, "288_288": { "autotile": 1.0, "autotile_index": 0.0, "tileset": "tiles_911", "coord": [ 2.0, 1.0 ] }, "864_0": { "coord": [ 3.0, 1.0 ], "autotile_index": 0.0, "tileset": "tiles_911", "autotile": 1.0 }, "736_64": { "coord": [ 1.0, 2.0 ], "autotile_index": 0.0, "tileset": "tiles_911", "autotile": 1.0 }, "320_32": { "coord": [ 2.0, 1.0 ], "autotile_index": 0.0, "tileset": "tiles_911", "autotile": 1.0 }, "704_-32": { "autotile": 0.0, "autotile_index": 0.0, "tileset": "tiles_911", "coord": [ 2.0, 1.0 ] }, "736_0": { "coord": [ 4.0, 2.0 ], "autotile_index": 0.0, "tileset": "tiles_911", "autotile": 1.0 }, "928_480": { "coord": [ 1.0, 0.0 ], "autotile_index": 0.0, "tileset": "tiles_911", "autotile": 1.0 }, "416_-32": { "autotile": 0.0, "autotile_index": 0.0, "tileset": "tiles_911", "coord": [ 2.0, 1.0 ] }, "896_288": { "coord": [ 2.0, 1.0 ], "autotile_index": 0.0, "tileset": "tiles_911", "autotile": 1.0 }, "384_0": { "coord": [ 2.0, 1.0 ], "autotile_index": 0.0, "tileset": "tiles_911", "autotile": 1.0 }, "896_-32": { "autotile": 0.0, "autotile_index": 0.0, "tileset": "tiles_911", "coord": [ 2.0, 1.0 ] }, "64_320": { "autotile": 0.0, "autotile_index": 0.0, "tileset": "tiles_911", "coord": [ 2.0, 1.0 ] }, "608_0": { "coord": [ 2.0, 1.0 ], "autotile_index": 0.0, "tileset": "tiles_911", "autotile": 1.0 }, "192_-64": { "autotile": 0.0, "autotile_index": 0.0, "tileset": "tiles_911", "coord": [ 2.0, 1.0 ] }, "832_32": { "coord": [ 3.0, 2.0 ], "autotile_index": 0.0, "tileset": "tiles_911", "autotile": 1.0 }, "512_544": { "coord": [ 2.0, 1.0 ], "autotile_index": 0.0, "tileset": "tiles_911", "autotile": 0.0 }, "832_0": { "coord": [ 3.0, 2.0 ], "autotile_index": 0.0, "tileset": "tiles_911", "autotile": 1.0 }, "256_-32": { "autotile": 0.0, "autotile_index": 0.0, "tileset": "tiles_911", "coord": [ 2.0, 1.0 ] }, "416_544": { "coord": [ 2.0, 1.0 ], "autotile_index": 0.0, "tileset": "tiles_911", "autotile": 0.0 }, "96_256": { "autotile": 0.0, "autotile_index": 0.0, "tileset": "tiles_911", "coord": [ 2.0, 1.0 ] }, "64_128": { "autotile": 0.0, "autotile_index": 0.0, "tileset": "tiles_911", "coord": [ 2.0, 1.0 ] }, "64_448": { "autotile": 0.0, "autotile_index": 0.0, "tileset": "tiles_911", "coord": [ 2.0, 1.0 ] }, "928_160": { "autotile": 0.0, "autotile_index": 0.0, "tileset": "tiles_911", "coord": [ 7.0, 1.0 ] }, "64_0": { "autotile": 0.0, "autotile_index": 0.0, "tileset": "tiles_911", "coord": [ 2.0, 1.0 ] }, "64_352": { "autotile": 0.0, "autotile_index": 0.0, "tileset": "tiles_911", "coord": [ 2.0, 1.0 ] }, "224_-64": { "autotile": 0.0, "autotile_index": 0.0, "tileset": "tiles_911", "coord": [ 2.0, 1.0 ] }, "64_-64": { "autotile": 0.0, "autotile_index": 0.0, "tileset": "tiles_911", "coord": [ 2.0, 1.0 ] }, "64_-32": { "autotile": 0.0, "autotile_index": 0.0, "tileset": "tiles_911", "coord": [ 2.0, 1.0 ] }, "768_-64": { "autotile": 0.0, "autotile_index": 0.0, "tileset": "tiles_911", "coord": [ 2.0, 1.0 ] }, "448_0": { "coord": [ 2.0, 1.0 ], "autotile_index": 0.0, "tileset": "tiles_911", "autotile": 1.0 }, "544_480": { "coord": [ 6.0, 4.0 ], "autotile_index": 0.0, "tileset": "tiles_911", "autotile": 0.0 }, "320_512": { "coord": [ 2.0, 1.0 ], "autotile_index": 0.0, "tileset": "tiles_911", "autotile": 1.0 }, "608_512": { "coord": [ 4.0, 2.0 ], "autotile_index": 0.0, "tileset": "tiles_911", "autotile": 1.0 }, "64_32": { "autotile": 0.0, "autotile_index": 0.0, "tileset": "tiles_911", "coord": [ 2.0, 1.0 ] }, "928_-32": { "autotile": 0.0, "autotile_index": 0.0, "tileset": "tiles_911", "coord": [ 2.0, 1.0 ] }, "832_576": { "coord": [ 2.0, 1.0 ], "autotile_index": 0.0, "tileset": "tiles_911", "autotile": 0.0 }, "832_320": { "autotile": 1.0, "autotile_index": 0.0, "tileset": "tiles_911", "coord": [ 2.0, 1.0 ] }, "576_544": { "coord": [ 2.0, 1.0 ], "autotile_index": 0.0, "tileset": "tiles_911", "autotile": 0.0 }, "224_544": { "coord": [ 2.0, 1.0 ], "autotile_index": 0.0, "tileset": "tiles_911", "autotile": 0.0 }, "928_320": { "coord": [ 2.0, 1.0 ], "autotile_index": 0.0, "tileset": "tiles_911", "autotile": 1.0 }, "64_256": { "autotile": 0.0, "autotile_index": 0.0, "tileset": "tiles_911", "coord": [ 2.0, 1.0 ] }, "320_0": { "coord": [ 2.0, 1.0 ], "autotile_index": 0.0, "tileset": "tiles_911", "autotile": 1.0 }, "544_256": { "coord": [ 1.0, 0.0 ], "autotile_index": 0.0, "tileset": "tiles_911", "autotile": 1.0 }, "256_0": { "coord": [ 2.0, 1.0 ], "autotile_index": 0.0, "tileset": "tiles_911", "autotile": 1.0 }, "64_224": { "autotile": 0.0, "autotile_index": 0.0, "tileset": "tiles_911", "coord": [ 2.0, 1.0 ] }, "672_0": { "coord": [ 2.0, 1.0 ], "autotile_index": 0.0, "tileset": "tiles_911", "autotile": 1.0 }, "64_288": { "autotile": 0.0, "autotile_index": 0.0, "tileset": "tiles_911", "coord": [ 2.0, 1.0 ] }, "576_0": { "coord": [ 2.0, 1.0 ], "autotile_index": 0.0, "tileset": "tiles_911", "autotile": 1.0 }, "512_320": { "coord": [ 2.0, 1.0 ], "autotile_index": 0.0, "tileset": "tiles_911", "autotile": 1.0 }, "352_32": { "coord": [ 2.0, 1.0 ], "autotile_index": 0.0, "tileset": "tiles_911", "autotile": 1.0 }, "608_480": { "coord": [ 1.0, 1.0 ], "autotile_index": 0.0, "tileset": "tiles_911", "autotile": 1.0 }, "160_-64": { "autotile": 0.0, "autotile_index": 0.0, "tileset": "tiles_911", "coord": [ 2.0, 1.0 ] }, "192_0": { "coord": [ 2.0, 1.0 ], "autotile_index": 0.0, "tileset": "tiles_911", "autotile": 1.0 }, "320_-32": { "autotile": 0.0, "autotile_index": 0.0, "tileset": "tiles_911", "coord": [ 2.0, 1.0 ] }, "928_192": { "autotile": 0.0, "autotile_index": 0.0, "tileset": "tiles_911", "coord": [ 2.0, 1.0 ] }, "704_288": { "autotile": 1.0, "autotile_index": 0.0, "tileset": "tiles_911", "coord": [ 2.0, 1.0 ] }, "928_32": { "autotile": 0.0, "autotile_index": 0.0, "tileset": "tiles_911", "coord": [ 7.0, 0.0 ] }, "736_160": { "coord": [ 2.0, 1.0 ], "autotile_index": 0.0, "tileset": "tiles_911", "autotile": 1.0 }, "704_160": { "coord": [ 2.0, 1.0 ], "autotile_index": 0.0, "tileset": "tiles_911", "autotile": 1.0 }, "64_96": { "autotile": 0.0, "autotile_index": 0.0, "tileset": "tiles_911", "coord": [ 2.0, 1.0 ] }, "320_288": { "autotile": 1.0, "autotile_index": 0.0, "tileset": "tiles_911", "coord": [ 2.0, 1.0 ] }, "128_576": { "coord": [ 2.0, 1.0 ], "autotile_index": 0.0, "tileset": "tiles_911", "autotile": 0.0 }, "768_576": { "coord": [ 2.0, 1.0 ], "autotile_index": 0.0, "tileset": "tiles_911", "autotile": 0.0 }, "320_480": { "coord": [ 1.0, 0.0 ], "autotile_index": 0.0, "tileset": "tiles_911", "autotile": 1.0 }, "864_32": { "coord": [ 3.0, 1.0 ], "autotile_index": 0.0, "tileset": "tiles_911", "autotile": 1.0 }, "64_480": { "autotile": 0.0, "autotile_index": 0.0, "tileset": "tiles_911", "coord": [ 2.0, 1.0 ] }, "256_-64": { "autotile": 0.0, "autotile_index": 0.0, "tileset": "tiles_911", "coord": [ 2.0, 1.0 ] }, "288_480": { "coord": [ 3.0, 0.0 ], "autotile_index": 0.0, "tileset": "tiles_911", "autotile": 1.0 }, "704_448": { "coord": [ 1.0, 3.0 ], "autotile_index": 0.0, "tileset": "tiles_911", "autotile": 0.0 }, "128_480": { "coord": [ 1.0, 0.0 ], "autotile_index": 0.0, "tileset": "tiles_911", "autotile": 1.0 }, "832_96": { "coord": [ 2.0, 2.0 ], "autotile_index": 0.0, "tileset": "tiles_911", "autotile": 1.0 }, "672_480": { "coord": [ 2.0, 1.0 ], "autotile_index": 0.0, "tileset": "tiles_911", "autotile": 0.0 }, "256_480": { "coord": [ 2.0, 0.0 ], "autotile_index": 0.0, "tileset": "tiles_911", "autotile": 1.0 }, "480_256": { "coord": [ 2.0, 0.0 ], "autotile_index": 0.0, "tileset": "tiles_911", "autotile": 1.0 }, "864_320": { "autotile": 1.0, "autotile_index": 0.0, "tileset": "tiles_911", "coord": [ 2.0, 1.0 ] }, "288_256": { "autotile": 1.0, "autotile_index": 0.0, "tileset": "tiles_911", "coord": [ 1.0, 0.0 ] }, "640_320": { "coord": [ 2.0, 1.0 ], "autotile_index": 0.0, "tileset": "tiles_911", "autotile": 1.0 }, "608_32": { "coord": [ 2.0, 1.0 ], "autotile_index": 0.0, "tileset": "tiles_911", "autotile": 1.0 }, "704_0": { "coord": [ 2.0, 1.0 ], "autotile_index": 0.0, "tileset": "tiles_911", "autotile": 1.0 }, "384_-64": { "autotile": 0.0, "autotile_index": 0.0, "tileset": "tiles_911", "coord": [ 2.0, 1.0 ] }, "352_512": { "coord": [ 2.0, 1.0 ], "autotile_index": 0.0, "tileset": "tiles_911", "autotile": 1.0 }, "576_32": { "coord": [ 2.0, 1.0 ], "autotile_index": 0.0, "tileset": "tiles_911", "autotile": 1.0 }, "352_0": { "coord": [ 2.0, 1.0 ], "autotile_index": 0.0, "tileset": "tiles_911", "autotile": 1.0 }, "832_256": { "autotile": 1.0, "autotile_index": 0.0, "tileset": "tiles_911", "coord": [ 2.0, 1.0 ] }, "64_192": { "autotile": 0.0, "autotile_index": 0.0, "tileset": "tiles_911", "coord": [ 2.0, 1.0 ] }, "448_480": { "coord": [ 3.0, 0.0 ], "autotile_index": 0.0, "tileset": "tiles_911", "autotile": 1.0 }, "928_224": { "coord": [ 7.0, 0.0 ], "autotile_index": 0.0, "tileset": "tiles_911", "autotile": 0.0 }, "608_448": { "coord": [ 3.0, 0.0 ], "autotile_index": 0.0, "tileset": "tiles_911", "autotile": 1.0 }, "832_-32": { "autotile": 0.0, "autotile_index": 0.0, "tileset": "tiles_911", "coord": [ 2.0, 1.0 ] }, "544_512": { "coord": [ 2.0, 1.0 ], "autotile_index": 0.0, "tileset": "tiles_911", "autotile": 1.0 }, "768_544": { "coord": [ 2.0, 1.0 ], "autotile_index": 0.0, "tileset": "tiles_911", "autotile": 0.0 }, "512_576": { "coord": [ 2.0, 1.0 ], "autotile_index": 0.0, "tileset": "tiles_911", "autotile": 0.0 }, "480_0": { "coord": [ 2.0, 1.0 ], "autotile_index": 0.0, "tileset": "tiles_911", "autotile": 1.0 }, "768_-32": { "autotile": 0.0, "autotile_index": 0.0, "tileset": "tiles_911", "coord": [ 2.0, 1.0 ] }, "608_544": { "coord": [ 2.0, 1.0 ], "autotile_index": 0.0, "tileset": "tiles_911", "autotile": 0.0 }, "576_-64": { "autotile": 0.0, "autotile_index": 0.0, "tileset": "tiles_911", "coord": [ 2.0, 1.0 ] }, "96_-32": { "autotile": 0.0, "autotile_index": 0.0, "tileset": "tiles_911", "coord": [ 2.0, 1.0 ] }, "864_224": { "autotile": 1.0, "autotile_index": 0.0, "tileset": "tiles_911", "coord": [ 1.0, 2.0 ] }, "384_544": { "coord": [ 2.0, 1.0 ], "autotile_index": 0.0, "tileset": "tiles_911", "autotile": 0.0 }, "384_32": { "coord": [ 2.0, 1.0 ], "autotile_index": 0.0, "tileset": "tiles_911", "autotile": 1.0 }, "800_96": { "coord": [ 2.0, 2.0 ], "autotile_index": 0.0, "tileset": "tiles_911", "autotile": 1.0 }, "704_576": { "coord": [ 2.0, 1.0 ], "autotile_index": 0.0, "tileset": "tiles_911", "autotile": 0.0 }, "352_256": { "autotile": 1.0, "autotile_index": 0.0, "tileset": "tiles_911", "coord": [ 3.0, 0.0 ] }, "608_256": { "coord": [ 3.0, 0.0 ], "autotile_index": 0.0, "tileset": "tiles_911", "autotile": 1.0 }, "192_512": { "coord": [ 2.0, 1.0 ], "autotile_index": 0.0, "tileset": "tiles_911", "autotile": 1.0 }, "416_-64": { "autotile": 0.0, "autotile_index": 0.0, "tileset": "tiles_911", "coord": [ 2.0, 1.0 ] }, "320_256": { "autotile": 1.0, "autotile_index": 0.0, "tileset": "tiles_911", "coord": [ 2.0, 0.0 ] }, "256_576": { "coord": [ 2.0, 1.0 ], "autotile_index": 0.0, "tileset": "tiles_911", "autotile": 0.0 }, "96_0": { "coord": [ 2.0, 1.0 ], "autotile_index": 0.0, "tileset": "tiles_911", "autotile": 1.0 }, "96_288": { "autotile": 0.0, "autotile_index": 0.0, "tileset": "tiles_911", "coord": [ 2.0, 1.0 ] }, "384_512": { "coord": [ 2.0, 1.0 ], "autotile_index": 0.0, "tileset": "tiles_911", "autotile": 1.0 }, "544_576": { "coord": [ 2.0, 1.0 ], "autotile_index": 0.0, "tileset": "tiles_911", "autotile": 0.0 }, "896_480": { "coord": [ 2.0, 0.0 ], "autotile_index": 0.0, "tileset": "tiles_911", "autotile": 1.0 }, "160_0": { "coord": [ 2.0, 1.0 ], "autotile_index": 0.0, "tileset": "tiles_911", "autotile": 1.0 }, "800_160": { "coord": [ 2.0, 1.0 ], "autotile_index": 0.0, "tileset": "tiles_911", "autotile": 1.0 }, "800_576": { "coord": [ 2.0, 1.0 ], "autotile_index": 0.0, "tileset": "tiles_911", "autotile": 0.0 }, "672_320": { "coord": [ 2.0, 1.0 ], "autotile_index": 0.0, "tileset": "tiles_911", "autotile": 1.0 }, "288_32": { "coord": [ 2.0, 1.0 ], "autotile_index": 0.0, "tileset": "tiles_911", "autotile": 1.0 }, "832_128": { "coord": [ 2.0, 1.0 ], "autotile_index": 0.0, "tileset": "tiles_911", "autotile": 1.0 }, "96_224": { "autotile": 0.0, "autotile_index": 0.0, "tileset": "tiles_911", "coord": [ 2.0, 1.0 ] }, "448_-32": { "autotile": 0.0, "autotile_index": 0.0, "tileset": "tiles_911", "coord": [ 2.0, 1.0 ] }, "256_512": { "coord": [ 2.0, 1.0 ], "autotile_index": 0.0, "tileset": "tiles_911", "autotile": 1.0 }, "704_96": { "coord": [ 2.0, 1.0 ], "autotile_index": 0.0, "tileset": "tiles_911", "autotile": 1.0 }, "928_0": { "autotile": 0.0, "autotile_index": 0.0, "tileset": "tiles_911", "coord": [ 2.0, 1.0 ] }, "608_-32": { "autotile": 0.0, "autotile_index": 0.0, "tileset": "tiles_911", "coord": [ 2.0, 1.0 ] }, "640_-64": { "autotile": 0.0, "autotile_index": 0.0, "tileset": "tiles_911", "coord": [ 2.0, 1.0 ] }, "736_288": { "autotile": 1.0, "autotile_index": 0.0, "tileset": "tiles_911", "coord": [ 3.0, 1.0 ] }, "480_32": { "coord": [ 2.0, 1.0 ], "autotile_index": 0.0, "tileset": "tiles_911", "autotile": 1.0 }, "64_416": { "autotile": 0.0, "autotile_index": 0.0, "tileset": "tiles_911", "coord": [ 2.0, 1.0 ] }, "640_576": { "coord": [ 2.0, 1.0 ], "autotile_index": 0.0, "tileset": "tiles_911", "autotile": 0.0 }, "384_-32": { "autotile": 0.0, "autotile_index": 0.0, "tileset": "tiles_911", "coord": [ 2.0, 1.0 ] }, "96_352": { "autotile": 0.0, "autotile_index": 0.0, "tileset": "tiles_911", "coord": [ 2.0, 1.0 ] }, "96_576": { "coord": [ 2.0, 1.0 ], "autotile_index": 0.0, "tileset": "tiles_911", "autotile": 0.0 }, "832_512": { "coord": [ 3.0, 1.0 ], "autotile_index": 0.0, "tileset": "tiles_911", "autotile": 1.0 }, "640_32": { "coord": [ 2.0, 1.0 ], "autotile_index": 0.0, "tileset": "tiles_911", "autotile": 1.0 }, "96_64": { "autotile": 0.0, "autotile_index": 0.0, "tileset": "tiles_911", "coord": [ 2.0, 1.0 ] }, "640_544": { "coord": [ 2.0, 1.0 ], "autotile_index": 0.0, "tileset": "tiles_911", "autotile": 0.0 }, "736_128": { "coord": [ 2.0, 1.0 ], "autotile_index": 0.0, "tileset": "tiles_911", "autotile": 1.0 }, "896_256": { "coord": [ 6.0, 1.0 ], "autotile_index": 0.0, "tileset": "tiles_911", "autotile": 0.0 }, "736_576": { "coord": [ 2.0, 1.0 ], "autotile_index": 0.0, "tileset": "tiles_911", "autotile": 0.0 }, "608_320": { "coord": [ 2.0, 1.0 ], "autotile_index": 0.0, "tileset": "tiles_911", "autotile": 1.0 }, "800_480": { "coord": [ 1.0, 0.0 ], "autotile_index": 0.0, "tileset": "tiles_911", "autotile": 1.0 }, "800_544": { "coord": [ 2.0, 1.0 ], "autotile_index": 0.0, "tileset": "tiles_911", "autotile": 0.0 }, "768_512": { "coord": [ 2.0, 1.0 ], "autotile_index": 0.0, "tileset": "tiles_911", "autotile": 1.0 }, "928_512": { "coord": [ 2.0, 1.0 ], "autotile_index": 0.0, "tileset": "tiles_911", "autotile": 1.0 }, "544_544": { "coord": [ 2.0, 1.0 ], "autotile_index": 0.0, "tileset": "tiles_911", "autotile": 0.0 }, "864_288": { "autotile": 1.0, "autotile_index": 0.0, "tileset": "tiles_911", "coord": [ 2.0, 1.0 ] }, "288_0": { "coord": [ 2.0, 1.0 ], "autotile_index": 0.0, "tileset": "tiles_911", "autotile": 1.0 }, "128_32": { "coord": [ 2.0, 1.0 ], "autotile_index": 0.0, "tileset": "tiles_911", "autotile": 1.0 }, "352_320": { "autotile": 1.0, "autotile_index": 0.0, "tileset": "tiles_911", "coord": [ 2.0, 1.0 ] }, "864_96": { "coord": [ 2.0, 2.0 ], "autotile_index": 0.0, "tileset": "tiles_911", "autotile": 1.0 }, "736_-32": { "autotile": 0.0, "autotile_index": 0.0, "tileset": "tiles_911", "coord": [ 2.0, 1.0 ] }, "672_-64": { "autotile": 0.0, "autotile_index": 0.0, "tileset": "tiles_911", "coord": [ 2.0, 1.0 ] }, "736_544": { "coord": [ 2.0, 1.0 ], "autotile_index": 0.0, "tileset": "tiles_911", "autotile": 0.0 }, "224_-32": { "autotile": 0.0, "autotile_index": 0.0, "tileset": "tiles_911", "coord": [ 2.0, 1.0 ] }, "832_192": { "autotile": 0.0, "autotile_index": 0.0, "tileset": "tiles_911", "coord": [ 2.0, 1.0 ] }, "704_512": { "coord": [ 2.0, 1.0 ], "autotile_index": 0.0, "tileset": "tiles_911", "autotile": 1.0 }, "352_544": { "coord": [ 2.0, 1.0 ], "autotile_index": 0.0, "tileset": "tiles_911", "autotile": 0.0 }, "896_320": { "coord": [ 2.0, 1.0 ], "autotile_index": 0.0, "tileset": "tiles_911", "autotile": 1.0 }, "672_448": { "coord": [ 1.0, 0.0 ], "autotile_index": 0.0, "tileset": "tiles_911", "autotile": 1.0 }, "768_480": { "coord": [ 3.0, 0.0 ], "autotile_index": 0.0, "tileset": "tiles_911", "autotile": 1.0 }, "544_288": { "coord": [ 2.0, 1.0 ], "autotile_index": 0.0, "tileset": "tiles_911", "autotile": 1.0 }, "96_96": { "autotile": 0.0, "autotile_index": 0.0, "tileset": "tiles_911", "coord": [ 2.0, 1.0 ] }, "384_288": { "autotile": 1.0, "autotile_index": 0.0, "tileset": "tiles_911", "coord": [ 2.0, 1.0 ] }, "128_0": { "coord": [ 2.0, 1.0 ], "autotile_index": 0.0, "tileset": "tiles_911", "autotile": 1.0 }, "480_-64": { "autotile": 0.0, "autotile_index": 0.0, "tileset": "tiles_911", "coord": [ 2.0, 1.0 ] }, "640_288": { "coord": [ 2.0, 1.0 ], "autotile_index": 0.0, "tileset": "tiles_911", "autotile": 1.0 }, "320_-64": { "autotile": 0.0, "autotile_index": 0.0, "tileset": "tiles_911", "coord": [ 2.0, 1.0 ] }, "864_544": { "autotile": 0.0, "autotile_index": 0.0, "tileset": "tiles_911", "coord": [ 2.0, 1.0 ] }, "704_64": { "coord": [ 2.0, 1.0 ], "autotile_index": 0.0, "tileset": "tiles_911", "autotile": 1.0 }, "160_-32": { "autotile": 0.0, "autotile_index": 0.0, "tileset": "tiles_911", "coord": [ 2.0, 1.0 ] }, "160_480": { "coord": [ 1.0, 0.0 ], "autotile_index": 0.0, "tileset": "tiles_911", "autotile": 1.0 }, "928_288": { "coord": [ 2.0, 1.0 ], "autotile_index": 0.0, "tileset": "tiles_911", "autotile": 1.0 }, "480_288": { "coord": [ 2.0, 1.0 ], "autotile_index": 0.0, "tileset": "tiles_911", "autotile": 1.0 }, "608_288": { "coord": [ 2.0, 1.0 ], "autotile_index": 0.0, "tileset": "tiles_911", "autotile": 1.0 }, "704_128": { "coord": [ 2.0, 1.0 ], "autotile_index": 0.0, "tileset": "tiles_911", "autotile": 1.0 }, "736_512": { "coord": [ 2.0, 1.0 ], "autotile_index": 0.0, "tileset": "tiles_911", "autotile": 1.0 }, "288_544": { "coord": [ 2.0, 1.0 ], "autotile_index": 0.0, "tileset": "tiles_911", "autotile": 0.0 }, "896_128": { "autotile": 0.0, "autotile_index": 0.0, "tileset": "tiles_911", "coord": [ 6.0, 0.0 ] }, "672_576": { "coord": [ 2.0, 1.0 ], "autotile_index": 0.0, "tileset": "tiles_911", "autotile": 0.0 }, "288_-64": { "autotile": 0.0, "autotile_index": 0.0, "tileset": "tiles_911", "coord": [ 2.0, 1.0 ] }, "96_320": { "autotile": 0.0, "autotile_index": 0.0, "tileset": "tiles_911", "coord": [ 2.0, 1.0 ] }, "192_576": { "coord": [ 2.0, 1.0 ], "autotile_index": 0.0, "tileset": "tiles_911", "autotile": 0.0 }, "736_320": { "autotile": 1.0, "autotile_index": 0.0, "tileset": "tiles_911", "coord": [ 2.0, 1.0 ] }, "864_480": { "coord": [ 3.0, 0.0 ], "autotile_index": 0.0, "tileset": "tiles_911", "autotile": 1.0 }, "896_224": { "coord": [ 6.0, 0.0 ], "autotile_index": 0.0, "tileset": "tiles_911", "autotile": 0.0 }, "384_256": { "autotile": 1.0, "autotile_index": 0.0, "tileset": "tiles_911", "coord": [ 3.0, 0.0 ] }, "480_480": { "coord": [ 1.0, 0.0 ], "autotile_index": 0.0, "tileset": "tiles_911", "autotile": 1.0 }, "352_288": { "autotile": 1.0, "autotile_index": 0.0, "tileset": "tiles_911", "coord": [ 2.0, 1.0 ] }, "896_192": { "autotile": 0.0, "autotile_index": 0.0, "tileset": "tiles_911", "coord": [ 2.0, 1.0 ] }, "672_544": { "coord": [ 2.0, 1.0 ], "autotile_index": 0.0, "tileset": "tiles_911", "autotile": 0.0 }, "544_32": { "coord": [ 2.0, 1.0 ], "autotile_index": 0.0, "tileset": "tiles_911", "autotile": 1.0 }, "160_544": { "coord": [ 2.0, 1.0 ], "autotile_index": 0.0, "tileset": "tiles_911", "autotile": 0.0 }, "512_-64": { "autotile": 0.0, "autotile_index": 0.0, "tileset": "tiles_911", "coord": [ 2.0, 1.0 ] }, "224_480": { "coord": [ 3.0, 0.0 ], "autotile_index": 0.0, "tileset": "tiles_911", "autotile": 1.0 }, "928_256": { "coord": [ 7.0, 1.0 ], "autotile_index": 0.0, "tileset": "tiles_911", "autotile": 0.0 }, "352_480": { "coord": [ 3.0, 0.0 ], "autotile_index": 0.0, "tileset": "tiles_911", "autotile": 1.0 }, "832_64": { "coord": [ 2.0, 2.0 ], "autotile_index": 0.0, "tileset": "tiles_911", "autotile": 1.0 }, "128_-32": { "autotile": 0.0, "autotile_index": 0.0, "tileset": "tiles_911", "coord": [ 2.0, 1.0 ] }, "512_288": { "coord": [ 2.0, 1.0 ], "autotile_index": 0.0, "tileset": "tiles_911", "autotile": 1.0 }, "928_128": { "autotile": 0.0, "autotile_index": 0.0, "tileset": "tiles_911", "coord": [ 7.0, 0.0 ] }, "224_0": { "coord": [ 2.0, 1.0 ], "autotile_index": 0.0, "tileset": "tiles_911", "autotile": 1.0 }, "448_-64": { "autotile": 0.0, "autotile_index": 0.0, "tileset": "tiles_911", "coord": [ 2.0, 1.0 ] }, "544_-32": { "autotile": 0.0, "autotile_index": 0.0, "tileset": "tiles_911", "coord": [ 2.0, 1.0 ] }, "160_576": { "coord": [ 2.0, 1.0 ], "autotile_index": 0.0, "tileset": "tiles_911", "autotile": 0.0 }, "96_480": { "coord": [ 4.0, 4.0 ], "autotile_index": 0.0, "tileset": "tiles_911", "autotile": 1.0 }, "96_416": { "autotile": 0.0, "autotile_index": 0.0, "tileset": "tiles_911", "coord": [ 2.0, 1.0 ] }, "576_448": { "coord": [ 1.0, 0.0 ], "autotile_index": 0.0, "tileset": "tiles_911", "autotile": 1.0 }, "640_448": { "coord": [ 1.0, 0.0 ], "autotile_index": 0.0, "tileset": "tiles_911", "autotile": 1.0 }, "96_384": { "autotile": 0.0, "autotile_index": 0.0, "tileset": "tiles_911", "coord": [ 2.0, 1.0 ] }, "704_32": { "coord": [ 6.0, 2.0 ], "autotile_index": 0.0, "tileset": "tiles_911", "autotile": 1.0 }, "96_-64": { "autotile": 0.0, "autotile_index": 0.0, "tileset": "tiles_911", "coord": [ 2.0, 1.0 ] }, "736_256": { "autotile": 1.0, "autotile_index": 0.0, "tileset": "tiles_911", "coord": [ 1.0, 0.0 ] }, "480_320": { "coord": [ 2.0, 1.0 ], "autotile_index": 0.0, "tileset": "tiles_911", "autotile": 1.0 }, "128_512": { "coord": [ 2.0, 1.0 ], "autotile_index": 0.0, "tileset": "tiles_911", "autotile": 1.0 }, "448_32": { "coord": [ 2.0, 1.0 ], "autotile_index": 0.0, "tileset": "tiles_911", "autotile": 1.0 }, "800_0": { "coord": [ 2.0, 2.0 ], "autotile_index": 0.0, "tileset": "tiles_911", "autotile": 1.0 }, "864_576": { "coord": [ 2.0, 1.0 ], "autotile_index": 0.0, "tileset": "tiles_911", "autotile": 0.0 }, "128_544": { "coord": [ 2.0, 1.0 ], "autotile_index": 0.0, "tileset": "tiles_911", "autotile": 0.0 }, "800_320": { "autotile": 1.0, "autotile_index": 0.0, "tileset": "tiles_911", "coord": [ 2.0, 1.0 ] }, "96_192": { "autotile": 0.0, "autotile_index": 0.0, "tileset": "tiles_911", "coord": [ 2.0, 1.0 ] }, "96_448": { "autotile": 0.0, "autotile_index": 0.0, "tileset": "tiles_911", "coord": [ 2.0, 1.0 ] }, "544_-64": { "autotile": 0.0, "autotile_index": 0.0, "tileset": "tiles_911", "coord": [ 2.0, 1.0 ] }, "768_96": { "coord": [ 2.0, 2.0 ], "autotile_index": 0.0, "tileset": "tiles_911", "autotile": 1.0 }, "416_576": { "coord": [ 2.0, 1.0 ], "autotile_index": 0.0, "tileset": "tiles_911", "autotile": 0.0 }, "384_480": { "coord": [ 3.0, 0.0 ], "autotile_index": 0.0, "tileset": "tiles_911", "autotile": 1.0 }, "864_128": { "coord": [ 4.0, 2.0 ], "autotile_index": 0.0, "tileset": "tiles_911", "autotile": 1.0 }, "224_576": { "coord": [ 2.0, 1.0 ], "autotile_index": 0.0, "tileset": "tiles_911", "autotile": 0.0 }, "544_320": { "coord": [ 2.0, 1.0 ], "autotile_index": 0.0, "tileset": "tiles_911", "autotile": 1.0 }, "96_512": { "coord": [ 1.0, 1.0 ], "autotile_index": 0.0, "tileset": "tiles_911", "autotile": 1.0 }, "800_-64": { "autotile": 0.0, "autotile_index": 0.0, "tileset": "tiles_911", "coord": [ 2.0, 1.0 ] }, "192_480": { "coord": [ 2.0, 0.0 ], "autotile_index": 0.0, "tileset": "tiles_911", "autotile": 1.0 }, "544_448": { "coord": [ 0.0, 3.0 ], "autotile_index": 0.0, "tileset": "tiles_911", "autotile": 0.0 }, "896_64": { "autotile": 0.0, "autotile_index": 0.0, "tileset": "tiles_911", "coord": [ 6.0, 1.0 ] }, "640_0": { "coord": [ 2.0, 1.0 ], "autotile_index": 0.0, "tileset": "tiles_911", "autotile": 1.0 }, "288_576": { "coord": [ 2.0, 1.0 ], "autotile_index": 0.0, "tileset": "tiles_911", "autotile": 0.0 }, "832_544": { "coord": [ 2.0, 1.0 ], "autotile_index": 0.0, "tileset": "tiles_911", "autotile": 0.0 }, "288_512": { "coord": [ 2.0, 1.0 ], "autotile_index": 0.0, "tileset": "tiles_911", "autotile": 1.0 }, "800_32": { "coord": [ 2.0, 2.0 ], "autotile_index": 0.0, "tileset": "tiles_911", "autotile": 1.0 }, "64_512": { "autotile": 0.0, "autotile_index": 0.0, "tileset": "tiles_911", "coord": [ 2.0, 1.0 ] }, "96_32": { "coord": [ 4.0, 2.0 ], "autotile_index": 0.0, "tileset": "tiles_911", "autotile": 1.0 }, "512_32": { "coord": [ 2.0, 1.0 ], "autotile_index": 0.0, "tileset": "tiles_911", "autotile": 1.0 }, "416_480": { "coord": [ 2.0, 0.0 ], "autotile_index": 0.0, "tileset": "tiles_911", "autotile": 1.0 }, "768_0": { "coord": [ 2.0, 2.0 ], "autotile_index": 0.0, "tileset": "tiles_911", "autotile": 1.0 }, "128_-64": { "autotile": 0.0, "autotile_index": 0.0, "tileset": "tiles_911", "coord": [ 2.0, 1.0 ] }, "832_224": { "autotile": 1.0, "autotile_index": 0.0, "tileset": "tiles_911", "coord": [ 2.0, 1.0 ] }, "672_-32": { "autotile": 0.0, "autotile_index": 0.0, "tileset": "tiles_911", "coord": [ 2.0, 1.0 ] }, "512_512": { "coord": [ 2.0, 1.0 ], "autotile_index": 0.0, "tileset": "tiles_911", "autotile": 1.0 }, "864_512": { "coord": [ 4.0, 2.0 ], "autotile_index": 0.0, "tileset": "tiles_911", "autotile": 1.0 }, "96_160": { "autotile": 0.0, "autotile_index": 0.0, "tileset": "tiles_911", "coord": [ 2.0, 1.0 ] }, "672_512": { "coord": [ 2.0, 1.0 ], "autotile_index": 0.0, "tileset": "tiles_911", "autotile": 1.0 }, "416_512": { "coord": [ 2.0, 1.0 ], "autotile_index": 0.0, "tileset": "tiles_911", "autotile": 1.0 }, "896_-64": { "autotile": 0.0, "autotile_index": 0.0, "tileset": "tiles_911", "coord": [ 2.0, 1.0 ] }, "224_512": { "coord": [ 2.0, 1.0 ], "autotile_index": 0.0, "tileset": "tiles_911", "autotile": 1.0 }, "864_192": { "autotile": 0.0, "autotile_index": 0.0, "tileset": "tiles_911", "coord": [ 2.0, 1.0 ] }, "416_320": { "autotile": 1.0, "autotile_index": 0.0, "tileset": "tiles_911", "coord": [ 2.0, 1.0 ] }, "864_64": { "coord": [ 2.0, 2.0 ], "autotile_index": 0.0, "tileset": "tiles_911", "autotile": 1.0 }, "512_480": { "coord": [ 2.0, 0.0 ], "autotile_index": 0.0, "tileset": "tiles_911", "autotile": 1.0 }, "896_96": { "autotile": 0.0, "autotile_index": 0.0, "tileset": "tiles_911", "coord": [ 2.0, 1.0 ] }, "832_-64": { "autotile": 0.0, "autotile_index": 0.0, "tileset": "tiles_911", "coord": [ 2.0, 1.0 ] }, "160_512": { "coord": [ 2.0, 1.0 ], "autotile_index": 0.0, "tileset": "tiles_911", "autotile": 1.0 }, "512_0": { "coord": [ 2.0, 1.0 ], "autotile_index": 0.0, "tileset": "tiles_911", "autotile": 1.0 }, "448_544": { "coord": [ 2.0, 1.0 ], "autotile_index": 0.0, "tileset": "tiles_911", "autotile": 0.0 }, "480_544": { "coord": [ 2.0, 1.0 ], "autotile_index": 0.0, "tileset": "tiles_911", "autotile": 0.0 }, "896_160": { "autotile": 0.0, "autotile_index": 0.0, "tileset": "tiles_911", "coord": [ 6.0, 1.0 ] }, "64_544": { "autotile": 0.0, "autotile_index": 0.0, "tileset": "tiles_911", "coord": [ 2.0, 1.0 ] }, "736_480": { "coord": [ 3.0, 0.0 ], "autotile_index": 0.0, "tileset": "tiles_911", "autotile": 1.0 }, "96_128": { "autotile": 0.0, "autotile_index": 0.0, "tileset": "tiles_911", "coord": [ 2.0, 1.0 ] }, "704_480": { "coord": [ 4.0, 4.0 ], "autotile_index": 0.0, "tileset": "tiles_911", "autotile": 0.0 }, "224_32": { "coord": [ 2.0, 1.0 ], "autotile_index": 0.0, "tileset": "tiles_911", "autotile": 1.0 }, "896_32": { "autotile": 0.0, "autotile_index": 0.0, "tileset": "tiles_911", "coord": [ 6.0, 0.0 ] }, "576_576": { "coord": [ 2.0, 1.0 ], "autotile_index": 0.0, "tileset": "tiles_911", "autotile": 0.0 }, "416_0": { "coord": [ 2.0, 1.0 ], "autotile_index": 0.0, "tileset": "tiles_911", "autotile": 1.0 }, "320_320": { "autotile": 1.0, "autotile_index": 0.0, "tileset": "tiles_911", "coord": [ 2.0, 1.0 ] }, "672_288": { "coord": [ 2.0, 1.0 ], "autotile_index": 0.0, "tileset": "tiles_911", "autotile": 1.0 }, "928_-64": { "autotile": 0.0, "autotile_index": 0.0, "tileset": "tiles_911", "coord": [ 2.0, 1.0 ] } }, "6": { "544_480": { "autotile": 0.0, "autotile_index": 0.0, "tileset": "spr_minigolfprops", "coord": [ 11.0, 22.0 ] }, "416_256": { "coord": [ 11.0, 22.0 ], "autotile_index": 0.0, "tileset": "spr_minigolfprops", "autotile": 0.0 }, "704_480": { "autotile": 0.0, "autotile_index": 0.0, "tileset": "spr_minigolfprops", "coord": [ 11.0, 22.0 ] } } }, "backgrounds": { "5": { "x": 0.0, "scroll_x": 0.0, "tile_y": 1.0, "hspeed": 0.0, "scroll_y": 0.0, "y": 0.0, "sprite": "9_11_background", "tile_x": 1.0, "vspeed": 0.0, "image_speed": 15.0, "panic_sprite": -1.0 } }, "properties": { "songTransitionTime": 100.0, "roomX": 0.0, "levelWidth": 960.0, "roomY": -64.0, "levelHeight": 604.0, "song": "" } }