{ "editorVersion": 5.0, "instances": [ { "layer": 0.0, "deleted": 0.0, "variables": { "x": 352.0, "y": 192.0, "image_xscale": 2.0, "image_yscale": 2.0, "flipX": 1.0, "flipY": 0.0 }, "object": 516.0 }, { "layer": 0.0, "deleted": 0.0, "variables": { "x": 128.0, "y": 256.0, "image_xscale": 14.0, "image_yscale": 3.0, "flipX": 1.0, "flipY": 0.0 }, "object": 517.0 }, { "layer": 0.0, "deleted": 0.0, "variables": { "x": 128.0, "y": 192.0, "image_xscale": 2.0, "image_yscale": 2.0, "flipX": 1.0, "flipY": 0.0 }, "object": 517.0 }, { "layer": 0.0, "deleted": 0.0, "variables": { "x": 256.0, "y": 192.0, "image_xscale": 3.0, "image_yscale": 2.0, "flipX": 1.0, "flipY": 0.0 }, "object": 517.0 }, { "layer": 0.0, "deleted": 0.0, "variables": { "x": 64.0, "y": 0.0, "image_xscale": 38.0, "image_yscale": 2.0, "flipX": 1.0, "flipY": 0.0 }, "object": 517.0 }, { "layer": 0.0, "deleted": 0.0, "variables": { "x": 1216.0, "y": 64.0, "image_xscale": 2.0, "image_yscale": 11.0, "flipX": 1.0, "flipY": 0.0 }, "object": 517.0 }, { "layer": 0.0, "deleted": 0.0, "variables": { "x": 1024.0, "y": 416.0, "image_xscale": 8.0, "image_yscale": 4.0, "flipX": 1.0, "flipY": 0.0 }, "object": 517.0 }, { "layer": 0.0, "deleted": 0.0, "variables": { "x": 64.0, "y": 544.0, "image_xscale": 38.0, "image_yscale": 4.0, "flipX": 1.0, "flipY": 0.0 }, "object": 517.0 }, { "layer": 0.0, "deleted": 0.0, "variables": { "x": 64.0, "y": 64.0, "image_xscale": 2.0, "image_yscale": 11.0, "flipX": 1.0, "flipY": 0.0 }, "object": 517.0 }, { "layer": 0.0, "deleted": 0.0, "variables": { "x": -768.0, "y": 352.0, "image_xscale": 26.0, "image_yscale": 2.0, "flipX": 0.0, "flipY": 0.0 }, "object": 517.0 }, { "layer": 0.0, "deleted": 0.0, "variables": { "x": -768.0, "y": 544.0, "image_xscale": 26.0, "image_yscale": 2.0, "flipX": 0.0, "flipY": 0.0 }, "object": 517.0 }, { "layer": 0.0, "deleted": 0.0, "variables": { "x": 224.0, "y": 224.0, "targetRoom": "room5", "image_xscale": 1.0, "image_yscale": 1.0, "flipX": 0.0, "flipY": 0.0 }, "object": 800.0 }, { "layer": 0.0, "deleted": 0.0, "variables": { "x": 224.0, "flipX": 0.0, "y": 160.0, "flipY": 0.0 }, "object": 805.0 }, { "layer": 0.0, "deleted": 0.0, "variables": { "x": 768.0, "flipX": 0.0, "y": 224.0, "flipY": 0.0 }, "object": 722.0 }, { "layer": 0.0, "deleted": 0.0, "variables": { "x": 800.0, "flipX": 0.0, "y": 224.0, "flipY": 0.0 }, "object": 722.0 }, { "layer": 0.0, "deleted": 0.0, "variables": { "x": 832.0, "flipX": 0.0, "y": 224.0, "flipY": 0.0 }, "object": 722.0 }, { "layer": 0.0, "deleted": 0.0, "variables": { "x": 864.0, "flipX": 0.0, "y": 224.0, "flipY": 0.0 }, "object": 722.0 }, { "layer": 0.0, "deleted": 0.0, "variables": { "x": 416.0, "y": 480.0, "image_xscale": 4.0, "image_yscale": 2.0, "flipX": 0.0, "flipY": 0.0 }, "object": 517.0 }, { "layer": 0.0, "deleted": 0.0, "variables": { "x": -576.0, "y": 480.0, "image_xscale": 4.0, "image_yscale": 2.0, "flipX": 0.0, "flipY": 0.0 }, "object": 517.0 }, { "layer": 0.0, "deleted": 0.0, "variables": { "x": -256.0, "y": 416.0, "image_xscale": 4.0, "image_yscale": 3.0, "flipX": 0.0, "flipY": 0.0 }, "object": 517.0 }, { "layer": 0.0, "deleted": 0.0, "variables": { "x": 800.0, "y": 177.0, "image_xscale": 1.0, "image_yscale": 1.0, "escape": "true", "flipX": 1.0, "flipY": 0.0 }, "object": 687.0 }, { "layer": 0.0, "deleted": 0.0, "variables": { "x": 1088.0, "y": 369.0, "image_xscale": 1.0, "image_yscale": 1.0, "escape": "true", "flipX": 1.0, "flipY": 0.0 }, "object": 670.0 }, { "layer": 0.0, "deleted": 0.0, "variables": { "x": 128.0, "y": 498.0, "image_xscale": 1.0, "image_yscale": 1.0, "escape": "true", "flipX": 0.0, "flipY": 0.0 }, "object": 301.0 }, { "layer": 0.0, "deleted": 0.0, "variables": { "x": 480.0, "flipX": 0.0, "y": 224.0, "flipY": 0.0 }, "object": 134.0 }, { "layer": 0.0, "deleted": 0.0, "variables": { "x": 352.0, "flipX": 0.0, "y": 160.0, "flipY": 0.0 }, "object": 11.0 }, { "layer": 0.0, "deleted": 0.0, "variables": { "x": 384.0, "flipX": 0.0, "y": 192.0, "flipY": 0.0 }, "object": 11.0 }, { "layer": 0.0, "deleted": 0.0, "variables": { "x": 416.0, "flipX": 0.0, "y": 224.0, "flipY": 0.0 }, "object": 11.0 }, { "layer": 0.0, "deleted": 0.0, "variables": { "x": 992.0, "flipX": 0.0, "y": 128.0, "flipY": 0.0 }, "object": 551.0 }, { "layer": 0.0, "deleted": 0.0, "variables": { "x": 1184.0, "flipX": 0.0, "content": "obj_pizzakintomato", "flipY": 0.0, "y": 384.0 }, "object": 751.0 }, { "layer": 0.0, "deleted": 0.0, "variables": { "x": -800.0, "y": 416.0, "targetRoom": "room6", "image_xscale": 1.0, "image_yscale": 2.0, "flipX": 0.0, "flipY": 0.0, "targetDoor": "A" }, "object": 801.0 }, { "layer": 0.0, "deleted": 0.0, "variables": { "x": -736.0, "flipX": 0.0, "y": 512.0, "flipY": 0.0 }, "object": 804.0 }, { "layer": 0.0, "deleted": 0.0, "variables": { "x": -256.0, "flipX": 0.0, "y": 512.0, "flipY": 0.0 }, "object": 11.0 }, { "layer": 0.0, "deleted": 0.0, "variables": { "x": -224.0, "flipX": 0.0, "y": 512.0, "flipY": 0.0 }, "object": 11.0 }, { "layer": 0.0, "deleted": 0.0, "variables": { "x": -192.0, "flipX": 0.0, "y": 512.0, "flipY": 0.0 }, "object": 11.0 }, { "layer": 0.0, "deleted": 0.0, "variables": { "x": -160.0, "flipX": 0.0, "y": 512.0, "flipY": 0.0 }, "object": 11.0 } ], "tile_data": { "5": { "512_256": { "autotile": 1.0, "autotile_index": 0.0, "tileset": "tiles_911", "coord": [ 2.0, 0.0 ] }, "-64_384": { "autotile": 1.0, "autotile_index": 0.0, "tileset": "tiles_911", "coord": [ 2.0, 1.0 ] }, "448_384": { "coord": [ 4.0, 5.0 ], "autotile_index": 0.0, "tileset": "tiles_911", "autotile": 0.0 }, "-224_480": { "coord": [ 2.0, 1.0 ], "autotile_index": 0.0, "tileset": "tiles_911", "autotile": 1.0 }, "480_416": { "coord": [ 5.0, 6.0 ], "autotile_index": 0.0, "tileset": "tiles_911", "autotile": 0.0 }, "-448_576": { "coord": [ 2.0, 1.0 ], "autotile_index": 0.0, "tileset": "tiles_911", "autotile": 1.0 }, "448_576": { "autotile": 1.0, "autotile_index": 0.0, "tileset": "tiles_911", "coord": [ 4.0, 2.0 ] }, "1216_512": { "autotile": 1.0, "autotile_index": 0.0, "tileset": "tiles_911", "coord": [ 3.0, 2.0 ] }, "160_32": { "autotile": 1.0, "autotile_index": 0.0, "tileset": "tiles_911", "coord": [ 2.0, 1.0 ] }, "256_32": { "autotile": 1.0, "autotile_index": 0.0, "tileset": "tiles_911", "coord": [ 2.0, 1.0 ] }, "1216_64": { "autotile": 1.0, "autotile_index": 0.0, "tileset": "tiles_911", "coord": [ 2.0, 1.0 ] }, "928_640": { "autotile": 1.0, "autotile_index": 0.0, "tileset": "tiles_911", "coord": [ 2.0, 2.0 ] }, "384_224": { "coord": [ 1.0, 3.0 ], "autotile_index": 0.0, "tileset": "tiles_911", "autotile": 0.0 }, "-544_576": { "coord": [ 2.0, 1.0 ], "autotile_index": 0.0, "tileset": "tiles_911", "autotile": 1.0 }, "352_576": { "autotile": 1.0, "autotile_index": 0.0, "tileset": "tiles_911", "coord": [ 2.0, 1.0 ] }, "288_320": { "coord": [ 2.0, 1.0 ], "autotile_index": 0.0, "tileset": "tiles_911", "autotile": 1.0 }, "1120_576": { "autotile": 1.0, "autotile_index": 0.0, "tileset": "tiles_911", "coord": [ 2.0, 2.0 ] }, "-704_544": { "autotile": 1.0, "autotile_index": 0.0, "tileset": "tiles_911", "coord": [ 3.0, 0.0 ] }, "704_544": { "autotile": 1.0, "autotile_index": 0.0, "tileset": "tiles_911", "coord": [ 2.0, 0.0 ] }, "224_288": { "autotile": 1.0, "autotile_index": 0.0, "tileset": "tiles_911", "coord": [ 2.0, 1.0 ] }, "-160_544": { "coord": [ 3.0, 0.0 ], "autotile_index": 0.0, "tileset": "tiles_911", "autotile": 1.0 }, "768_32": { "autotile": 1.0, "autotile_index": 0.0, "tileset": "tiles_911", "coord": [ 2.0, 1.0 ] }, "480_576": { "autotile": 1.0, "autotile_index": 0.0, "tileset": "tiles_911", "coord": [ 4.0, 2.0 ] }, "448_512": { "autotile": 1.0, "autotile_index": 0.0, "tileset": "tiles_911", "coord": [ 1.0, 1.0 ] }, "1056_512": { "autotile": 1.0, "autotile_index": 0.0, "tileset": "tiles_911", "coord": [ 1.0, 2.0 ] }, "1120_384": { "coord": [ 7.0, 7.0 ], "autotile_index": 0.0, "tileset": "tiles_911", "autotile": 0.0 }, "448_256": { "autotile": 1.0, "autotile_index": 0.0, "tileset": "tiles_911", "coord": [ 3.0, 0.0 ] }, "128_608": { "autotile": 1.0, "autotile_index": 0.0, "tileset": "tiles_911", "coord": [ 2.0, 2.0 ] }, "1152_544": { "autotile": 1.0, "autotile_index": 0.0, "tileset": "tiles_911", "coord": [ 2.0, 2.0 ] }, "1248_576": { "autotile": 1.0, "autotile_index": 0.0, "tileset": "tiles_911", "coord": [ 3.0, 1.0 ] }, "384_608": { "autotile": 1.0, "autotile_index": 0.0, "tileset": "tiles_911", "coord": [ 2.0, 2.0 ] }, "448_288": { "autotile": 1.0, "autotile_index": 0.0, "tileset": "tiles_911", "coord": [ 2.0, 1.0 ] }, "-32_352": { "autotile": 1.0, "autotile_index": 0.0, "tileset": "tiles_911", "coord": [ 1.0, 0.0 ] }, "1024_480": { "autotile": 1.0, "autotile_index": 0.0, "tileset": "tiles_911", "coord": [ 2.0, 1.0 ] }, "-192_448": { "coord": [ 2.0, 1.0 ], "autotile_index": 0.0, "tileset": "tiles_911", "autotile": 1.0 }, "-96_384": { "coord": [ 2.0, 1.0 ], "autotile_index": 0.0, "tileset": "tiles_911", "autotile": 1.0 }, "416_288": { "coord": [ 2.0, 1.0 ], "autotile_index": 0.0, "tileset": "tiles_911", "autotile": 1.0 }, "416_256": { "coord": [ 1.0, 0.0 ], "autotile_index": 0.0, "tileset": "tiles_911", "autotile": 1.0 }, "672_640": { "autotile": 1.0, "autotile_index": 0.0, "tileset": "tiles_911", "coord": [ 2.0, 2.0 ] }, "-768_384": { "autotile": 1.0, "autotile_index": 0.0, "tileset": "tiles_911", "coord": [ 2.0, 1.0 ] }, "1216_224": { "autotile": 1.0, "autotile_index": 0.0, "tileset": "tiles_911", "coord": [ 2.0, 1.0 ] }, "96_544": { "autotile": 1.0, "autotile_index": 0.0, "tileset": "tiles_911", "coord": [ 1.0, 0.0 ] }, "1248_416": { "autotile": 1.0, "autotile_index": 0.0, "tileset": "tiles_911", "coord": [ 3.0, 1.0 ] }, "1056_576": { "autotile": 1.0, "autotile_index": 0.0, "tileset": "tiles_911", "coord": [ 4.0, 2.0 ] }, "1088_0": { "autotile": 1.0, "autotile_index": 0.0, "tileset": "tiles_911", "coord": [ 2.0, 1.0 ] }, "1248_256": { "autotile": 1.0, "autotile_index": 0.0, "tileset": "tiles_911", "coord": [ 3.0, 1.0 ] }, "-640_384": { "autotile": 1.0, "autotile_index": 0.0, "tileset": "tiles_911", "coord": [ 2.0, 1.0 ] }, "480_512": { "autotile": 1.0, "autotile_index": 0.0, "tileset": "tiles_911", "coord": [ 3.0, 1.0 ] }, "-288_352": { "coord": [ 1.0, 0.0 ], "autotile_index": 0.0, "tileset": "tiles_911", "autotile": 1.0 }, "-416_384": { "autotile": 1.0, "autotile_index": 0.0, "tileset": "tiles_911", "coord": [ 2.0, 1.0 ] }, "448_320": { "autotile": 1.0, "autotile_index": 0.0, "tileset": "tiles_911", "coord": [ 2.0, 1.0 ] }, "672_32": { "autotile": 1.0, "autotile_index": 0.0, "tileset": "tiles_911", "coord": [ 2.0, 1.0 ] }, "864_608": { "autotile": 1.0, "autotile_index": 0.0, "tileset": "tiles_911", "coord": [ 2.0, 2.0 ] }, "1024_416": { "autotile": 1.0, "autotile_index": 0.0, "tileset": "tiles_911", "coord": [ 1.0, 0.0 ] }, "1216_544": { "autotile": 1.0, "autotile_index": 0.0, "tileset": "tiles_911", "coord": [ 3.0, 2.0 ] }, "896_0": { "autotile": 1.0, "autotile_index": 0.0, "tileset": "tiles_911", "coord": [ 2.0, 1.0 ] }, "-224_384": { "coord": [ 1.0, 1.0 ], "autotile_index": 0.0, "tileset": "tiles_911", "autotile": 1.0 }, "-256_480": { "coord": [ 2.0, 1.0 ], "autotile_index": 0.0, "tileset": "tiles_911", "autotile": 1.0 }, "64_384": { "autotile": 1.0, "autotile_index": 0.0, "tileset": "tiles_911", "coord": [ 2.0, 1.0 ] }, "256_544": { "autotile": 1.0, "autotile_index": 0.0, "tileset": "tiles_911", "coord": [ 2.0, 0.0 ] }, "-160_576": { "autotile": 1.0, "autotile_index": 0.0, "tileset": "tiles_911", "coord": [ 2.0, 1.0 ] }, "192_32": { "autotile": 1.0, "autotile_index": 0.0, "tileset": "tiles_911", "coord": [ 2.0, 1.0 ] }, "320_576": { "autotile": 1.0, "autotile_index": 0.0, "tileset": "tiles_911", "coord": [ 2.0, 1.0 ] }, "1056_32": { "autotile": 1.0, "autotile_index": 0.0, "tileset": "tiles_911", "coord": [ 2.0, 1.0 ] }, "480_640": { "autotile": 1.0, "autotile_index": 0.0, "tileset": "tiles_911", "coord": [ 2.0, 2.0 ] }, "-192_480": { "coord": [ 2.0, 1.0 ], "autotile_index": 0.0, "tileset": "tiles_911", "autotile": 1.0 }, "64_160": { "autotile": 1.0, "autotile_index": 0.0, "tileset": "tiles_911", "coord": [ 2.0, 1.0 ] }, "608_576": { "autotile": 1.0, "autotile_index": 0.0, "tileset": "tiles_911", "coord": [ 2.0, 1.0 ] }, "-288_384": { "coord": [ 2.0, 1.0 ], "autotile_index": 0.0, "tileset": "tiles_911", "autotile": 1.0 }, "384_320": { "coord": [ 2.0, 1.0 ], "autotile_index": 0.0, "tileset": "tiles_911", "autotile": 1.0 }, "1056_640": { "autotile": 1.0, "autotile_index": 0.0, "tileset": "tiles_911", "coord": [ 2.0, 2.0 ] }, "992_32": { "autotile": 1.0, "autotile_index": 0.0, "tileset": "tiles_911", "coord": [ 2.0, 1.0 ] }, "-32_576": { "autotile": 1.0, "autotile_index": 0.0, "tileset": "tiles_911", "coord": [ 2.0, 1.0 ] }, "416_32": { "autotile": 1.0, "autotile_index": 0.0, "tileset": "tiles_911", "coord": [ 2.0, 1.0 ] }, "1184_640": { "autotile": 1.0, "autotile_index": 0.0, "tileset": "tiles_911", "coord": [ 2.0, 2.0 ] }, "-192_384": { "coord": [ 3.0, 1.0 ], "autotile_index": 0.0, "tileset": "tiles_911", "autotile": 1.0 }, "64_576": { "autotile": 1.0, "autotile_index": 0.0, "tileset": "tiles_911", "coord": [ 6.0, 2.0 ] }, "1088_576": { "autotile": 1.0, "autotile_index": 0.0, "tileset": "tiles_911", "coord": [ 2.0, 2.0 ] }, "352_224": { "coord": [ 4.0, 4.0 ], "autotile_index": 0.0, "tileset": "tiles_911", "autotile": 0.0 }, "1216_608": { "autotile": 1.0, "autotile_index": 0.0, "tileset": "tiles_911", "coord": [ 3.0, 2.0 ] }, "1152_640": { "autotile": 1.0, "autotile_index": 0.0, "tileset": "tiles_911", "coord": [ 2.0, 2.0 ] }, "64_64": { "autotile": 1.0, "autotile_index": 0.0, "tileset": "tiles_911", "coord": [ 2.0, 1.0 ] }, "992_640": { "autotile": 1.0, "autotile_index": 0.0, "tileset": "tiles_911", "coord": [ 2.0, 2.0 ] }, "1248_224": { "autotile": 1.0, "autotile_index": 0.0, "tileset": "tiles_911", "coord": [ 3.0, 1.0 ] }, "736_32": { "autotile": 1.0, "autotile_index": 0.0, "tileset": "tiles_911", "coord": [ 2.0, 1.0 ] }, "192_544": { "autotile": 1.0, "autotile_index": 0.0, "tileset": "tiles_911", "coord": [ 1.0, 0.0 ] }, "416_640": { "autotile": 1.0, "autotile_index": 0.0, "tileset": "tiles_911", "coord": [ 2.0, 2.0 ] }, "-704_576": { "autotile": 1.0, "autotile_index": 0.0, "tileset": "tiles_911", "coord": [ 2.0, 1.0 ] }, "704_640": { "autotile": 1.0, "autotile_index": 0.0, "tileset": "tiles_911", "coord": [ 2.0, 2.0 ] }, "384_576": { "autotile": 1.0, "autotile_index": 0.0, "tileset": "tiles_911", "coord": [ 2.0, 1.0 ] }, "1184_544": { "autotile": 1.0, "autotile_index": 0.0, "tileset": "tiles_911", "coord": [ 2.0, 2.0 ] }, "-608_352": { "autotile": 1.0, "autotile_index": 0.0, "tileset": "tiles_911", "coord": [ 3.0, 0.0 ] }, "1152_0": { "autotile": 1.0, "autotile_index": 0.0, "tileset": "tiles_911", "coord": [ 2.0, 1.0 ] }, "320_544": { "autotile": 1.0, "autotile_index": 0.0, "tileset": "tiles_911", "coord": [ 3.0, 0.0 ] }, "320_640": { "autotile": 1.0, "autotile_index": 0.0, "tileset": "tiles_911", "coord": [ 2.0, 2.0 ] }, "544_0": { "autotile": 1.0, "autotile_index": 0.0, "tileset": "tiles_911", "coord": [ 2.0, 1.0 ] }, "288_288": { "coord": [ 2.0, 1.0 ], "autotile_index": 0.0, "tileset": "tiles_911", "autotile": 1.0 }, "512_608": { "autotile": 1.0, "autotile_index": 0.0, "tileset": "tiles_911", "coord": [ 2.0, 2.0 ] }, "864_0": { "autotile": 1.0, "autotile_index": 0.0, "tileset": "tiles_911", "coord": [ 2.0, 1.0 ] }, "320_32": { "autotile": 1.0, "autotile_index": 0.0, "tileset": "tiles_911", "coord": [ 2.0, 1.0 ] }, "256_256": { "coord": [ 6.0, 4.0 ], "autotile_index": 0.0, "tileset": "tiles_911", "autotile": 1.0 }, "-448_384": { "autotile": 1.0, "autotile_index": 0.0, "tileset": "tiles_911", "coord": [ 2.0, 1.0 ] }, "-96_352": { "coord": [ 1.0, 0.0 ], "autotile_index": 0.0, "tileset": "tiles_911", "autotile": 1.0 }, "736_0": { "autotile": 1.0, "autotile_index": 0.0, "tileset": "tiles_911", "coord": [ 2.0, 1.0 ] }, "160_224": { "autotile": 1.0, "autotile_index": 0.0, "tileset": "tiles_911", "coord": [ 3.0, 1.0 ] }, "-544_480": { "coord": [ 1.0, 0.0 ], "autotile_index": 0.0, "tileset": "tiles_911", "autotile": 1.0 }, "1184_32": { "autotile": 1.0, "autotile_index": 0.0, "tileset": "tiles_911", "coord": [ 2.0, 1.0 ] }, "224_320": { "autotile": 1.0, "autotile_index": 0.0, "tileset": "tiles_911", "coord": [ 2.0, 1.0 ] }, "64_672": { "coord": [ 0.0, 0.0 ], "autotile_index": 0.0, "tileset": "tile_medieval", "autotile": 1.0 }, "1024_32": { "autotile": 1.0, "autotile_index": 0.0, "tileset": "tiles_911", "coord": [ 2.0, 1.0 ] }, "352_640": { "autotile": 1.0, "autotile_index": 0.0, "tileset": "tiles_911", "coord": [ 2.0, 2.0 ] }, "384_0": { "autotile": 1.0, "autotile_index": 0.0, "tileset": "tiles_911", "coord": [ 2.0, 1.0 ] }, "64_320": { "autotile": 1.0, "autotile_index": 0.0, "tileset": "tiles_911", "coord": [ 2.0, 1.0 ] }, "1056_448": { "autotile": 1.0, "autotile_index": 0.0, "tileset": "tiles_911", "coord": [ 1.0, 1.0 ] }, "608_0": { "autotile": 1.0, "autotile_index": 0.0, "tileset": "tiles_911", "coord": [ 2.0, 1.0 ] }, "1216_352": { "autotile": 1.0, "autotile_index": 0.0, "tileset": "tiles_911", "coord": [ 2.0, 1.0 ] }, "832_32": { "autotile": 1.0, "autotile_index": 0.0, "tileset": "tiles_911", "coord": [ 2.0, 1.0 ] }, "512_544": { "autotile": 1.0, "autotile_index": 0.0, "tileset": "tiles_911", "coord": [ 4.0, 4.0 ] }, "1056_544": { "autotile": 1.0, "autotile_index": 0.0, "tileset": "tiles_911", "coord": [ 1.0, 2.0 ] }, "832_0": { "autotile": 1.0, "autotile_index": 0.0, "tileset": "tiles_911", "coord": [ 2.0, 1.0 ] }, "-192_352": { "coord": [ 1.0, 0.0 ], "autotile_index": 0.0, "tileset": "tiles_911", "autotile": 1.0 }, "416_544": { "autotile": 1.0, "autotile_index": 0.0, "tileset": "tiles_911", "coord": [ 6.0, 4.0 ] }, "96_256": { "autotile": 1.0, "autotile_index": 0.0, "tileset": "tiles_911", "coord": [ 1.0, 2.0 ] }, "1088_608": { "autotile": 1.0, "autotile_index": 0.0, "tileset": "tiles_911", "coord": [ 2.0, 2.0 ] }, "224_608": { "autotile": 1.0, "autotile_index": 0.0, "tileset": "tiles_911", "coord": [ 2.0, 2.0 ] }, "32_384": { "autotile": 1.0, "autotile_index": 0.0, "tileset": "tiles_911", "coord": [ 2.0, 1.0 ] }, "64_128": { "autotile": 1.0, "autotile_index": 0.0, "tileset": "tiles_911", "coord": [ 2.0, 1.0 ] }, "-384_352": { "autotile": 1.0, "autotile_index": 0.0, "tileset": "tiles_911", "coord": [ 1.0, 0.0 ] }, "-512_352": { "autotile": 1.0, "autotile_index": 0.0, "tileset": "tiles_911", "coord": [ 1.0, 0.0 ] }, "128_224": { "autotile": 1.0, "autotile_index": 0.0, "tileset": "tiles_911", "coord": [ 3.0, 1.0 ] }, "-608_576": { "coord": [ 2.0, 1.0 ], "autotile_index": 0.0, "tileset": "tiles_911", "autotile": 1.0 }, "64_0": { "autotile": 1.0, "autotile_index": 0.0, "tileset": "tiles_911", "coord": [ 2.0, 1.0 ] }, "992_608": { "autotile": 1.0, "autotile_index": 0.0, "tileset": "tiles_911", "coord": [ 2.0, 2.0 ] }, "64_352": { "autotile": 1.0, "autotile_index": 0.0, "tileset": "tiles_911", "coord": [ 6.0, 4.0 ] }, "-576_544": { "coord": [ 6.0, 4.0 ], "autotile_index": 0.0, "tileset": "tiles_911", "autotile": 1.0 }, "64_-32": { "coord": [ 0.0, 0.0 ], "autotile_index": 0.0, "tileset": "tile_medieval", "autotile": 1.0 }, "-672_352": { "autotile": 1.0, "autotile_index": 0.0, "tileset": "tiles_911", "coord": [ 3.0, 0.0 ] }, "448_0": { "autotile": 1.0, "autotile_index": 0.0, "tileset": "tiles_911", "coord": [ 2.0, 1.0 ] }, "480_608": { "autotile": 1.0, "autotile_index": 0.0, "tileset": "tiles_911", "coord": [ 2.0, 2.0 ] }, "1184_480": { "autotile": 1.0, "autotile_index": 0.0, "tileset": "tiles_911", "coord": [ 2.0, 2.0 ] }, "-256_448": { "coord": [ 2.0, 1.0 ], "autotile_index": 0.0, "tileset": "tiles_911", "autotile": 1.0 }, "320_608": { "autotile": 1.0, "autotile_index": 0.0, "tileset": "tiles_911", "coord": [ 2.0, 2.0 ] }, "64_32": { "autotile": 1.0, "autotile_index": 0.0, "tileset": "tiles_911", "coord": [ 2.0, 1.0 ] }, "1216_160": { "autotile": 1.0, "autotile_index": 0.0, "tileset": "tiles_911", "coord": [ 2.0, 1.0 ] }, "-480_544": { "coord": [ 4.0, 4.0 ], "autotile_index": 0.0, "tileset": "tiles_911", "autotile": 1.0 }, "832_576": { "autotile": 1.0, "autotile_index": 0.0, "tileset": "tiles_911", "coord": [ 2.0, 1.0 ] }, "800_640": { "autotile": 1.0, "autotile_index": 0.0, "tileset": "tiles_911", "coord": [ 2.0, 2.0 ] }, "1152_448": { "autotile": 1.0, "autotile_index": 0.0, "tileset": "tiles_911", "coord": [ 2.0, 1.0 ] }, "-640_576": { "coord": [ 2.0, 1.0 ], "autotile_index": 0.0, "tileset": "tiles_911", "autotile": 1.0 }, "576_544": { "autotile": 1.0, "autotile_index": 0.0, "tileset": "tiles_911", "coord": [ 3.0, 0.0 ] }, "224_544": { "autotile": 1.0, "autotile_index": 0.0, "tileset": "tiles_911", "coord": [ 1.0, 0.0 ] }, "-352_544": { "autotile": 1.0, "autotile_index": 0.0, "tileset": "tiles_911", "coord": [ 3.0, 0.0 ] }, "1184_608": { "autotile": 1.0, "autotile_index": 0.0, "tileset": "tiles_911", "coord": [ 2.0, 2.0 ] }, "736_608": { "autotile": 1.0, "autotile_index": 0.0, "tileset": "tiles_911", "coord": [ 2.0, 2.0 ] }, "64_256": { "autotile": 1.0, "autotile_index": 0.0, "tileset": "tiles_911", "coord": [ 2.0, 1.0 ] }, "1088_416": { "autotile": 1.0, "autotile_index": 0.0, "tileset": "tiles_911", "coord": [ 1.0, 0.0 ] }, "320_0": { "autotile": 1.0, "autotile_index": 0.0, "tileset": "tiles_911", "coord": [ 2.0, 1.0 ] }, "-576_512": { "coord": [ 2.0, 1.0 ], "autotile_index": 0.0, "tileset": "tiles_911", "autotile": 1.0 }, "-384_384": { "autotile": 1.0, "autotile_index": 0.0, "tileset": "tiles_911", "coord": [ 2.0, 1.0 ] }, "160_640": { "autotile": 1.0, "autotile_index": 0.0, "tileset": "tiles_911", "coord": [ 2.0, 2.0 ] }, "1120_32": { "autotile": 1.0, "autotile_index": 0.0, "tileset": "tiles_911", "coord": [ 2.0, 1.0 ] }, "544_256": { "autotile": 1.0, "autotile_index": 0.0, "tileset": "tiles_911", "coord": [ 1.0, 0.0 ] }, "256_0": { "autotile": 1.0, "autotile_index": 0.0, "tileset": "tiles_911", "coord": [ 2.0, 1.0 ] }, "832_608": { "autotile": 1.0, "autotile_index": 0.0, "tileset": "tiles_911", "coord": [ 2.0, 2.0 ] }, "64_224": { "autotile": 1.0, "autotile_index": 0.0, "tileset": "tiles_911", "coord": [ 2.0, 1.0 ] }, "1248_608": { "autotile": 1.0, "autotile_index": 0.0, "tileset": "tiles_911", "coord": [ 3.0, 1.0 ] }, "768_224": { "coord": [ 4.0, 0.0 ], "autotile_index": 0.0, "tileset": "tiles_911", "autotile": 0.0 }, "1216_32": { "autotile": 1.0, "autotile_index": 0.0, "tileset": "tiles_911", "coord": [ 6.0, 2.0 ] }, "672_0": { "autotile": 1.0, "autotile_index": 0.0, "tileset": "tiles_911", "coord": [ 2.0, 1.0 ] }, "64_288": { "autotile": 1.0, "autotile_index": 0.0, "tileset": "tiles_911", "coord": [ 2.0, 1.0 ] }, "1152_32": { "autotile": 1.0, "autotile_index": 0.0, "tileset": "tiles_911", "coord": [ 2.0, 1.0 ] }, "-320_384": { "coord": [ 2.0, 1.0 ], "autotile_index": 0.0, "tileset": "tiles_911", "autotile": 1.0 }, "1120_512": { "autotile": 1.0, "autotile_index": 0.0, "tileset": "tiles_911", "coord": [ 2.0, 2.0 ] }, "576_0": { "autotile": 1.0, "autotile_index": 0.0, "tileset": "tiles_911", "coord": [ 2.0, 1.0 ] }, "512_320": { "autotile": 1.0, "autotile_index": 0.0, "tileset": "tiles_911", "coord": [ 2.0, 1.0 ] }, "352_32": { "autotile": 1.0, "autotile_index": 0.0, "tileset": "tiles_911", "coord": [ 2.0, 1.0 ] }, "896_544": { "autotile": 1.0, "autotile_index": 0.0, "tileset": "tiles_911", "coord": [ 1.0, 0.0 ] }, "1248_448": { "autotile": 1.0, "autotile_index": 0.0, "tileset": "tiles_911", "coord": [ 3.0, 1.0 ] }, "288_640": { "autotile": 1.0, "autotile_index": 0.0, "tileset": "tiles_911", "coord": [ 2.0, 2.0 ] }, "-160_480": { "coord": [ 3.0, 1.0 ], "autotile_index": 0.0, "tileset": "tiles_911", "autotile": 1.0 }, "1024_576": { "autotile": 1.0, "autotile_index": 0.0, "tileset": "tiles_911", "coord": [ 2.0, 1.0 ] }, "192_0": { "autotile": 1.0, "autotile_index": 0.0, "tileset": "tiles_911", "coord": [ 2.0, 1.0 ] }, "928_32": { "autotile": 1.0, "autotile_index": 0.0, "tileset": "tiles_911", "coord": [ 2.0, 1.0 ] }, "-512_480": { "coord": [ 3.0, 0.0 ], "autotile_index": 0.0, "tileset": "tiles_911", "autotile": 1.0 }, "64_96": { "autotile": 1.0, "autotile_index": 0.0, "tileset": "tiles_911", "coord": [ 2.0, 1.0 ] }, "1120_640": { "autotile": 1.0, "autotile_index": 0.0, "tileset": "tiles_911", "coord": [ 2.0, 2.0 ] }, "800_224": { "coord": [ 4.0, 0.0 ], "autotile_index": 0.0, "tileset": "tiles_911", "autotile": 0.0 }, "1216_416": { "autotile": 1.0, "autotile_index": 0.0, "tileset": "tiles_911", "coord": [ 6.0, 4.0 ] }, "256_640": { "autotile": 1.0, "autotile_index": 0.0, "tileset": "tiles_911", "coord": [ 2.0, 2.0 ] }, "320_288": { "coord": [ 2.0, 1.0 ], "autotile_index": 0.0, "tileset": "tiles_911", "autotile": 1.0 }, "128_576": { "autotile": 1.0, "autotile_index": 0.0, "tileset": "tiles_911", "coord": [ 2.0, 1.0 ] }, "32_544": { "autotile": 1.0, "autotile_index": 0.0, "tileset": "tiles_911", "coord": [ 1.0, 0.0 ] }, "-64_544": { "autotile": 1.0, "autotile_index": 0.0, "tileset": "tiles_911", "coord": [ 1.0, 0.0 ] }, "288_192": { "coord": [ 3.0, 0.0 ], "autotile_index": 0.0, "tileset": "tiles_911", "autotile": 1.0 }, "768_576": { "autotile": 1.0, "autotile_index": 0.0, "tileset": "tiles_911", "coord": [ 2.0, 1.0 ] }, "128_288": { "autotile": 1.0, "autotile_index": 0.0, "tileset": "tiles_911", "coord": [ 2.0, 1.0 ] }, "192_608": { "autotile": 1.0, "autotile_index": 0.0, "tileset": "tiles_911", "coord": [ 2.0, 2.0 ] }, "1152_608": { "autotile": 1.0, "autotile_index": 0.0, "tileset": "tiles_911", "coord": [ 2.0, 2.0 ] }, "1184_0": { "autotile": 1.0, "autotile_index": 0.0, "tileset": "tiles_911", "coord": [ 2.0, 1.0 ] }, "64_640": { "autotile": 1.0, "autotile_index": 0.0, "tileset": "tiles_911", "coord": [ 2.0, 1.0 ] }, "864_32": { "autotile": 1.0, "autotile_index": 0.0, "tileset": "tiles_911", "coord": [ 2.0, 1.0 ] }, "384_640": { "autotile": 1.0, "autotile_index": 0.0, "tileset": "tiles_911", "coord": [ 2.0, 2.0 ] }, "544_640": { "autotile": 1.0, "autotile_index": 0.0, "tileset": "tiles_911", "coord": [ 2.0, 2.0 ] }, "448_416": { "coord": [ 4.0, 6.0 ], "autotile_index": 0.0, "tileset": "tiles_911", "autotile": 0.0 }, "1152_416": { "autotile": 1.0, "autotile_index": 0.0, "tileset": "tiles_911", "coord": [ 2.0, 0.0 ] }, "1024_512": { "autotile": 1.0, "autotile_index": 0.0, "tileset": "tiles_911", "coord": [ 2.0, 1.0 ] }, "128_640": { "autotile": 1.0, "autotile_index": 0.0, "tileset": "tiles_911", "coord": [ 2.0, 2.0 ] }, "192_288": { "autotile": 1.0, "autotile_index": 0.0, "tileset": "tiles_911", "coord": [ 2.0, 1.0 ] }, "-128_576": { "autotile": 1.0, "autotile_index": 0.0, "tileset": "tiles_911", "coord": [ 2.0, 1.0 ] }, "-224_576": { "autotile": 1.0, "autotile_index": 0.0, "tileset": "tiles_911", "coord": [ 2.0, 1.0 ] }, "480_256": { "autotile": 1.0, "autotile_index": 0.0, "tileset": "tiles_911", "coord": [ 3.0, 0.0 ] }, "704_608": { "autotile": 1.0, "autotile_index": 0.0, "tileset": "tiles_911", "coord": [ 2.0, 2.0 ] }, "-480_384": { "autotile": 1.0, "autotile_index": 0.0, "tileset": "tiles_911", "coord": [ 2.0, 1.0 ] }, "-512_512": { "coord": [ 3.0, 1.0 ], "autotile_index": 0.0, "tileset": "tiles_911", "autotile": 1.0 }, "288_256": { "coord": [ 1.0, 1.0 ], "autotile_index": 0.0, "tileset": "tiles_911", "autotile": 1.0 }, "0_576": { "autotile": 1.0, "autotile_index": 0.0, "tileset": "tiles_911", "coord": [ 2.0, 1.0 ] }, "480_448": { "coord": [ 5.0, 7.0 ], "autotile_index": 0.0, "tileset": "tiles_911", "autotile": 0.0 }, "-736_384": { "autotile": 1.0, "autotile_index": 0.0, "tileset": "tiles_911", "coord": [ 2.0, 1.0 ] }, "256_608": { "autotile": 1.0, "autotile_index": 0.0, "tileset": "tiles_911", "coord": [ 2.0, 2.0 ] }, "608_32": { "autotile": 1.0, "autotile_index": 0.0, "tileset": "tiles_911", "coord": [ 2.0, 1.0 ] }, "512_640": { "autotile": 1.0, "autotile_index": 0.0, "tileset": "tiles_911", "coord": [ 2.0, 2.0 ] }, "704_0": { "autotile": 1.0, "autotile_index": 0.0, "tileset": "tiles_911", "coord": [ 2.0, 1.0 ] }, "1088_384": { "coord": [ 6.0, 7.0 ], "autotile_index": 0.0, "tileset": "tiles_911", "autotile": 0.0 }, "576_32": { "autotile": 1.0, "autotile_index": 0.0, "tileset": "tiles_911", "coord": [ 2.0, 1.0 ] }, "928_608": { "autotile": 1.0, "autotile_index": 0.0, "tileset": "tiles_911", "coord": [ 2.0, 2.0 ] }, "352_0": { "autotile": 1.0, "autotile_index": 0.0, "tileset": "tiles_911", "coord": [ 2.0, 1.0 ] }, "64_192": { "autotile": 1.0, "autotile_index": 0.0, "tileset": "tiles_911", "coord": [ 2.0, 1.0 ] }, "672_608": { "autotile": 1.0, "autotile_index": 0.0, "tileset": "tiles_911", "coord": [ 2.0, 2.0 ] }, "1216_128": { "autotile": 1.0, "autotile_index": 0.0, "tileset": "tiles_911", "coord": [ 2.0, 1.0 ] }, "448_480": { "autotile": 1.0, "autotile_index": 0.0, "tileset": "tiles_911", "coord": [ 1.0, 0.0 ] }, "960_544": { "autotile": 1.0, "autotile_index": 0.0, "tileset": "tiles_911", "coord": [ 2.0, 0.0 ] }, "1248_128": { "autotile": 1.0, "autotile_index": 0.0, "tileset": "tiles_911", "coord": [ 3.0, 1.0 ] }, "256_320": { "coord": [ 2.0, 1.0 ], "autotile_index": 0.0, "tileset": "tiles_911", "autotile": 1.0 }, "1152_480": { "autotile": 1.0, "autotile_index": 0.0, "tileset": "tiles_911", "coord": [ 2.0, 2.0 ] }, "320_192": { "coord": [ 1.0, 0.0 ], "autotile_index": 0.0, "tileset": "tiles_911", "autotile": 1.0 }, "160_608": { "autotile": 1.0, "autotile_index": 0.0, "tileset": "tiles_911", "coord": [ 2.0, 2.0 ] }, "1120_320": { "coord": [ 7.0, 5.0 ], "autotile_index": 0.0, "tileset": "tiles_911", "autotile": 0.0 }, "768_544": { "autotile": 1.0, "autotile_index": 0.0, "tileset": "tiles_911", "coord": [ 2.0, 0.0 ] }, "1216_192": { "autotile": 1.0, "autotile_index": 0.0, "tileset": "tiles_911", "coord": [ 2.0, 1.0 ] }, "512_576": { "autotile": 1.0, "autotile_index": 0.0, "tileset": "tiles_911", "coord": [ 2.0, 1.0 ] }, "480_0": { "autotile": 1.0, "autotile_index": 0.0, "tileset": "tiles_911", "coord": [ 2.0, 1.0 ] }, "608_544": { "autotile": 1.0, "autotile_index": 0.0, "tileset": "tiles_911", "coord": [ 3.0, 0.0 ] }, "224_256": { "autotile": 1.0, "autotile_index": 0.0, "tileset": "tiles_911", "coord": [ 3.0, 0.0 ] }, "0_544": { "autotile": 1.0, "autotile_index": 0.0, "tileset": "tiles_911", "coord": [ 1.0, 0.0 ] }, "800_608": { "autotile": 1.0, "autotile_index": 0.0, "tileset": "tiles_911", "coord": [ 2.0, 2.0 ] }, "608_640": { "autotile": 1.0, "autotile_index": 0.0, "tileset": "tiles_911", "coord": [ 2.0, 2.0 ] }, "96_-32": { "coord": [ 0.0, 0.0 ], "autotile_index": 0.0, "tileset": "tile_medieval", "autotile": 1.0 }, "864_224": { "coord": [ 4.0, 0.0 ], "autotile_index": 0.0, "tileset": "tiles_911", "autotile": 0.0 }, "160_256": { "autotile": 1.0, "autotile_index": 0.0, "tileset": "tiles_911", "coord": [ 4.0, 4.0 ] }, "1216_640": { "autotile": 1.0, "autotile_index": 0.0, "tileset": "tiles_911", "coord": [ 3.0, 2.0 ] }, "1184_512": { "autotile": 1.0, "autotile_index": 0.0, "tileset": "tiles_911", "coord": [ 2.0, 2.0 ] }, "384_544": { "autotile": 1.0, "autotile_index": 0.0, "tileset": "tiles_911", "coord": [ 3.0, 0.0 ] }, "384_32": { "autotile": 1.0, "autotile_index": 0.0, "tileset": "tiles_911", "coord": [ 2.0, 1.0 ] }, "-576_384": { "autotile": 1.0, "autotile_index": 0.0, "tileset": "tiles_911", "coord": [ 2.0, 1.0 ] }, "1216_256": { "autotile": 1.0, "autotile_index": 0.0, "tileset": "tiles_911", "coord": [ 2.0, 1.0 ] }, "-416_352": { "autotile": 1.0, "autotile_index": 0.0, "tileset": "tiles_911", "coord": [ 2.0, 0.0 ] }, "1248_32": { "autotile": 1.0, "autotile_index": 0.0, "tileset": "tiles_911", "coord": [ 3.0, 1.0 ] }, "768_608": { "autotile": 1.0, "autotile_index": 0.0, "tileset": "tiles_911", "coord": [ 2.0, 2.0 ] }, "704_576": { "autotile": 1.0, "autotile_index": 0.0, "tileset": "tiles_911", "coord": [ 2.0, 1.0 ] }, "352_256": { "coord": [ 2.0, 1.0 ], "autotile_index": 0.0, "tileset": "tiles_911", "autotile": 0.0 }, "1024_544": { "autotile": 1.0, "autotile_index": 0.0, "tileset": "tiles_911", "coord": [ 6.0, 4.0 ] }, "960_608": { "autotile": 1.0, "autotile_index": 0.0, "tileset": "tiles_911", "coord": [ 2.0, 2.0 ] }, "-480_480": { "coord": [ 1.0, 0.0 ], "autotile_index": 0.0, "tileset": "tiles_911", "autotile": 1.0 }, "1120_448": { "autotile": 1.0, "autotile_index": 0.0, "tileset": "tiles_911", "coord": [ 2.0, 1.0 ] }, "-608_544": { "coord": [ 3.0, 0.0 ], "autotile_index": 0.0, "tileset": "tiles_911", "autotile": 1.0 }, "-192_416": { "coord": [ 3.0, 2.0 ], "autotile_index": 0.0, "tileset": "tiles_911", "autotile": 1.0 }, "1248_480": { "autotile": 1.0, "autotile_index": 0.0, "tileset": "tiles_911", "coord": [ 3.0, 1.0 ] }, "320_256": { "coord": [ 3.0, 1.0 ], "autotile_index": 0.0, "tileset": "tiles_911", "autotile": 1.0 }, "256_576": { "autotile": 1.0, "autotile_index": 0.0, "tileset": "tiles_911", "coord": [ 2.0, 1.0 ] }, "96_0": { "autotile": 1.0, "autotile_index": 0.0, "tileset": "tiles_911", "coord": [ 2.0, 1.0 ] }, "-768_576": { "autotile": 1.0, "autotile_index": 0.0, "tileset": "tiles_911", "coord": [ 2.0, 1.0 ] }, "-416_576": { "coord": [ 2.0, 1.0 ], "autotile_index": 0.0, "tileset": "tiles_911", "autotile": 1.0 }, "96_288": { "autotile": 1.0, "autotile_index": 0.0, "tileset": "tiles_911", "coord": [ 2.0, 1.0 ] }, "-544_512": { "coord": [ 1.0, 1.0 ], "autotile_index": 0.0, "tileset": "tiles_911", "autotile": 1.0 }, "576_640": { "autotile": 1.0, "autotile_index": 0.0, "tileset": "tiles_911", "coord": [ 2.0, 2.0 ] }, "544_576": { "autotile": 1.0, "autotile_index": 0.0, "tileset": "tiles_911", "coord": [ 2.0, 1.0 ] }, "1088_544": { "autotile": 1.0, "autotile_index": 0.0, "tileset": "tiles_911", "coord": [ 2.0, 2.0 ] }, "128_256": { "autotile": 1.0, "autotile_index": 0.0, "tileset": "tiles_911", "coord": [ 3.0, 2.0 ] }, "-96_544": { "coord": [ 2.0, 0.0 ], "autotile_index": 0.0, "tileset": "tiles_911", "autotile": 1.0 }, "160_0": { "autotile": 1.0, "autotile_index": 0.0, "tileset": "tiles_911", "coord": [ 2.0, 1.0 ] }, "800_576": { "autotile": 1.0, "autotile_index": 0.0, "tileset": "tiles_911", "coord": [ 2.0, 1.0 ] }, "1216_96": { "autotile": 1.0, "autotile_index": 0.0, "tileset": "tiles_911", "coord": [ 2.0, 1.0 ] }, "288_32": { "autotile": 1.0, "autotile_index": 0.0, "tileset": "tiles_911", "coord": [ 2.0, 1.0 ] }, "-128_352": { "coord": [ 2.0, 0.0 ], "autotile_index": 0.0, "tileset": "tiles_911", "autotile": 1.0 }, "1216_480": { "autotile": 1.0, "autotile_index": 0.0, "tileset": "tiles_911", "coord": [ 3.0, 2.0 ] }, "96_224": { "autotile": 1.0, "autotile_index": 0.0, "tileset": "tiles_911", "coord": [ 1.0, 1.0 ] }, "1248_352": { "autotile": 1.0, "autotile_index": 0.0, "tileset": "tiles_911", "coord": [ 3.0, 1.0 ] }, "-576_480": { "coord": [ 1.0, 0.0 ], "autotile_index": 0.0, "tileset": "tiles_911", "autotile": 1.0 }, "-608_384": { "autotile": 1.0, "autotile_index": 0.0, "tileset": "tiles_911", "coord": [ 2.0, 1.0 ] }, "-704_384": { "autotile": 1.0, "autotile_index": 0.0, "tileset": "tiles_911", "coord": [ 2.0, 1.0 ] }, "928_0": { "autotile": 1.0, "autotile_index": 0.0, "tileset": "tiles_911", "coord": [ 2.0, 1.0 ] }, "640_640": { "autotile": 1.0, "autotile_index": 0.0, "tileset": "tiles_911", "coord": [ 2.0, 2.0 ] }, "1184_576": { "autotile": 1.0, "autotile_index": 0.0, "tileset": "tiles_911", "coord": [ 2.0, 2.0 ] }, "96_672": { "coord": [ 0.0, 0.0 ], "autotile_index": 0.0, "tileset": "tile_medieval", "autotile": 1.0 }, "-384_544": { "autotile": 1.0, "autotile_index": 0.0, "tileset": "tiles_911", "coord": [ 2.0, 0.0 ] }, "1088_32": { "autotile": 1.0, "autotile_index": 0.0, "tileset": "tiles_911", "coord": [ 2.0, 1.0 ] }, "-480_512": { "coord": [ 3.0, 1.0 ], "autotile_index": 0.0, "tileset": "tiles_911", "autotile": 1.0 }, "448_640": { "autotile": 1.0, "autotile_index": 0.0, "tileset": "tiles_911", "coord": [ 2.0, 2.0 ] }, "352_192": { "coord": [ 1.0, 3.0 ], "autotile_index": 0.0, "tileset": "tiles_911", "autotile": 0.0 }, "480_32": { "autotile": 1.0, "autotile_index": 0.0, "tileset": "tiles_911", "coord": [ 2.0, 1.0 ] }, "-160_384": { "coord": [ 4.0, 2.0 ], "autotile_index": 0.0, "tileset": "tiles_911", "autotile": 1.0 }, "640_576": { "autotile": 1.0, "autotile_index": 0.0, "tileset": "tiles_911", "coord": [ 2.0, 1.0 ] }, "-704_352": { "autotile": 1.0, "autotile_index": 0.0, "tileset": "tiles_911", "coord": [ 3.0, 0.0 ] }, "96_352": { "autotile": 1.0, "autotile_index": 0.0, "tileset": "tiles_911", "coord": [ 3.0, 1.0 ] }, "96_576": { "autotile": 1.0, "autotile_index": 0.0, "tileset": "tiles_911", "coord": [ 1.0, 1.0 ] }, "1248_96": { "autotile": 1.0, "autotile_index": 0.0, "tileset": "tiles_911", "coord": [ 3.0, 1.0 ] }, "448_448": { "coord": [ 4.0, 7.0 ], "autotile_index": 0.0, "tileset": "tiles_911", "autotile": 0.0 }, "1056_416": { "autotile": 1.0, "autotile_index": 0.0, "tileset": "tiles_911", "coord": [ 2.0, 0.0 ] }, "640_32": { "autotile": 1.0, "autotile_index": 0.0, "tileset": "tiles_911", "coord": [ 2.0, 1.0 ] }, "96_64": { "autotile": 1.0, "autotile_index": 0.0, "tileset": "tiles_911", "coord": [ 3.0, 1.0 ] }, "-352_352": { "autotile": 1.0, "autotile_index": 0.0, "tileset": "tiles_911", "coord": [ 1.0, 0.0 ] }, "32_352": { "autotile": 1.0, "autotile_index": 0.0, "tileset": "tiles_911", "coord": [ 3.0, 0.0 ] }, "-448_544": { "coord": [ 3.0, 0.0 ], "autotile_index": 0.0, "tileset": "tiles_911", "autotile": 1.0 }, "640_544": { "autotile": 1.0, "autotile_index": 0.0, "tileset": "tiles_911", "coord": [ 2.0, 0.0 ] }, "-352_384": { "autotile": 1.0, "autotile_index": 0.0, "tileset": "tiles_911", "coord": [ 2.0, 1.0 ] }, "-288_576": { "autotile": 1.0, "autotile_index": 0.0, "tileset": "tiles_911", "coord": [ 2.0, 1.0 ] }, "736_576": { "autotile": 1.0, "autotile_index": 0.0, "tileset": "tiles_911", "coord": [ 2.0, 1.0 ] }, "416_608": { "autotile": 1.0, "autotile_index": 0.0, "tileset": "tiles_911", "coord": [ 2.0, 2.0 ] }, "800_544": { "autotile": 1.0, "autotile_index": 0.0, "tileset": "tiles_911", "coord": [ 1.0, 0.0 ] }, "1120_608": { "autotile": 1.0, "autotile_index": 0.0, "tileset": "tiles_911", "coord": [ 2.0, 2.0 ] }, "256_288": { "coord": [ 2.0, 1.0 ], "autotile_index": 0.0, "tileset": "tiles_911", "autotile": 1.0 }, "-256_384": { "coord": [ 6.0, 2.0 ], "autotile_index": 0.0, "tileset": "tiles_911", "autotile": 1.0 }, "544_544": { "autotile": 1.0, "autotile_index": 0.0, "tileset": "tiles_911", "coord": [ 1.0, 0.0 ] }, "-480_576": { "coord": [ 2.0, 1.0 ], "autotile_index": 0.0, "tileset": "tiles_911", "autotile": 1.0 }, "-128_544": { "coord": [ 2.0, 0.0 ], "autotile_index": 0.0, "tileset": "tiles_911", "autotile": 1.0 }, "1024_0": { "autotile": 1.0, "autotile_index": 0.0, "tileset": "tiles_911", "coord": [ 2.0, 1.0 ] }, "288_0": { "autotile": 1.0, "autotile_index": 0.0, "tileset": "tiles_911", "coord": [ 2.0, 1.0 ] }, "128_32": { "autotile": 1.0, "autotile_index": 0.0, "tileset": "tiles_911", "coord": [ 2.0, 1.0 ] }, "960_576": { "autotile": 1.0, "autotile_index": 0.0, "tileset": "tiles_911", "coord": [ 2.0, 1.0 ] }, "1248_192": { "autotile": 1.0, "autotile_index": 0.0, "tileset": "tiles_911", "coord": [ 3.0, 1.0 ] }, "352_320": { "coord": [ 2.0, 1.0 ], "autotile_index": 0.0, "tileset": "tiles_911", "autotile": 1.0 }, "1152_576": { "autotile": 1.0, "autotile_index": 0.0, "tileset": "tiles_911", "coord": [ 2.0, 2.0 ] }, "1216_288": { "autotile": 1.0, "autotile_index": 0.0, "tileset": "tiles_911", "coord": [ 2.0, 1.0 ] }, "192_256": { "autotile": 1.0, "autotile_index": 0.0, "tileset": "tiles_911", "coord": [ 2.0, 0.0 ] }, "1120_544": { "autotile": 1.0, "autotile_index": 0.0, "tileset": "tiles_911", "coord": [ 2.0, 2.0 ] }, "736_544": { "autotile": 1.0, "autotile_index": 0.0, "tileset": "tiles_911", "coord": [ 3.0, 0.0 ] }, "640_608": { "autotile": 1.0, "autotile_index": 0.0, "tileset": "tiles_911", "coord": [ 2.0, 2.0 ] }, "0_384": { "autotile": 1.0, "autotile_index": 0.0, "tileset": "tiles_911", "coord": [ 2.0, 1.0 ] }, "608_608": { "autotile": 1.0, "autotile_index": 0.0, "tileset": "tiles_911", "coord": [ 2.0, 2.0 ] }, "960_0": { "autotile": 1.0, "autotile_index": 0.0, "tileset": "tiles_911", "coord": [ 2.0, 1.0 ] }, "1184_416": { "autotile": 1.0, "autotile_index": 0.0, "tileset": "tiles_911", "coord": [ 2.0, 0.0 ] }, "1088_480": { "autotile": 1.0, "autotile_index": 0.0, "tileset": "tiles_911", "coord": [ 2.0, 2.0 ] }, "352_544": { "autotile": 1.0, "autotile_index": 0.0, "tileset": "tiles_911", "coord": [ 2.0, 0.0 ] }, "1216_320": { "autotile": 1.0, "autotile_index": 0.0, "tileset": "tiles_911", "coord": [ 2.0, 1.0 ] }, "1248_512": { "autotile": 1.0, "autotile_index": 0.0, "tileset": "tiles_911", "coord": [ 3.0, 1.0 ] }, "1088_320": { "coord": [ 6.0, 5.0 ], "autotile_index": 0.0, "tileset": "tiles_911", "autotile": 0.0 }, "192_320": { "autotile": 1.0, "autotile_index": 0.0, "tileset": "tiles_911", "coord": [ 2.0, 1.0 ] }, "-32_544": { "autotile": 1.0, "autotile_index": 0.0, "tileset": "tiles_911", "coord": [ 2.0, 0.0 ] }, "1056_0": { "autotile": 1.0, "autotile_index": 0.0, "tileset": "tiles_911", "coord": [ 2.0, 1.0 ] }, "-512_384": { "autotile": 1.0, "autotile_index": 0.0, "tileset": "tiles_911", "coord": [ 2.0, 1.0 ] }, "-320_576": { "autotile": 1.0, "autotile_index": 0.0, "tileset": "tiles_911", "coord": [ 2.0, 1.0 ] }, "1216_0": { "autotile": 1.0, "autotile_index": 0.0, "tileset": "tiles_911", "coord": [ 2.0, 1.0 ] }, "544_288": { "autotile": 1.0, "autotile_index": 0.0, "tileset": "tiles_911", "coord": [ 3.0, 1.0 ] }, "736_640": { "autotile": 1.0, "autotile_index": 0.0, "tileset": "tiles_911", "coord": [ 2.0, 2.0 ] }, "96_96": { "autotile": 1.0, "autotile_index": 0.0, "tileset": "tiles_911", "coord": [ 3.0, 1.0 ] }, "1216_576": { "autotile": 1.0, "autotile_index": 0.0, "tileset": "tiles_911", "coord": [ 3.0, 2.0 ] }, "224_640": { "autotile": 1.0, "autotile_index": 0.0, "tileset": "tiles_911", "coord": [ 2.0, 2.0 ] }, "128_0": { "autotile": 1.0, "autotile_index": 0.0, "tileset": "tiles_911", "coord": [ 2.0, 1.0 ] }, "384_288": { "coord": [ 2.0, 1.0 ], "autotile_index": 0.0, "tileset": "tiles_911", "autotile": 1.0 }, "928_544": { "autotile": 1.0, "autotile_index": 0.0, "tileset": "tiles_911", "coord": [ 3.0, 0.0 ] }, "96_608": { "autotile": 1.0, "autotile_index": 0.0, "tileset": "tiles_911", "coord": [ 1.0, 2.0 ] }, "-192_576": { "autotile": 1.0, "autotile_index": 0.0, "tileset": "tiles_911", "coord": [ 2.0, 1.0 ] }, "992_0": { "autotile": 1.0, "autotile_index": 0.0, "tileset": "tiles_911", "coord": [ 2.0, 1.0 ] }, "1120_480": { "autotile": 1.0, "autotile_index": 0.0, "tileset": "tiles_911", "coord": [ 2.0, 2.0 ] }, "928_576": { "autotile": 1.0, "autotile_index": 0.0, "tileset": "tiles_911", "coord": [ 2.0, 1.0 ] }, "864_544": { "autotile": 1.0, "autotile_index": 0.0, "tileset": "tiles_911", "coord": [ 3.0, 0.0 ] }, "128_320": { "autotile": 1.0, "autotile_index": 0.0, "tileset": "tiles_911", "coord": [ 2.0, 1.0 ] }, "-288_192": { "coord": [ 0.0, 0.0 ], "autotile_index": 0.0, "tileset": "tile_entrance1", "autotile": 0.0 }, "1088_448": { "autotile": 1.0, "autotile_index": 0.0, "tileset": "tiles_911", "coord": [ 2.0, 1.0 ] }, "768_640": { "autotile": 1.0, "autotile_index": 0.0, "tileset": "tiles_911", "coord": [ 2.0, 2.0 ] }, "352_608": { "autotile": 1.0, "autotile_index": 0.0, "tileset": "tiles_911", "coord": [ 2.0, 2.0 ] }, "960_32": { "autotile": 1.0, "autotile_index": 0.0, "tileset": "tiles_911", "coord": [ 2.0, 1.0 ] }, "480_288": { "autotile": 1.0, "autotile_index": 0.0, "tileset": "tiles_911", "coord": [ 2.0, 1.0 ] }, "-224_544": { "coord": [ 1.0, 0.0 ], "autotile_index": 0.0, "tileset": "tiles_911", "autotile": 1.0 }, "1248_64": { "autotile": 1.0, "autotile_index": 0.0, "tileset": "tiles_911", "coord": [ 3.0, 1.0 ] }, "288_544": { "autotile": 1.0, "autotile_index": 0.0, "tileset": "tiles_911", "coord": [ 1.0, 0.0 ] }, "672_576": { "autotile": 1.0, "autotile_index": 0.0, "tileset": "tiles_911", "coord": [ 2.0, 1.0 ] }, "1248_544": { "autotile": 1.0, "autotile_index": 0.0, "tileset": "tiles_911", "coord": [ 3.0, 1.0 ] }, "96_320": { "autotile": 1.0, "autotile_index": 0.0, "tileset": "tiles_911", "coord": [ 4.0, 2.0 ] }, "192_576": { "autotile": 1.0, "autotile_index": 0.0, "tileset": "tiles_911", "coord": [ 2.0, 1.0 ] }, "960_640": { "autotile": 1.0, "autotile_index": 0.0, "tileset": "tiles_911", "coord": [ 2.0, 2.0 ] }, "-416_544": { "coord": [ 1.0, 0.0 ], "autotile_index": 0.0, "tileset": "tiles_911", "autotile": 1.0 }, "1248_0": { "autotile": 1.0, "autotile_index": 0.0, "tileset": "tiles_911", "coord": [ 3.0, 1.0 ] }, "384_256": { "coord": [ 4.0, 4.0 ], "autotile_index": 0.0, "tileset": "tiles_911", "autotile": 0.0 }, "256_224": { "coord": [ 2.0, 1.0 ], "autotile_index": 0.0, "tileset": "tiles_911", "autotile": 1.0 }, "-192_544": { "coord": [ 3.0, 0.0 ], "autotile_index": 0.0, "tileset": "tiles_911", "autotile": 1.0 }, "-736_544": { "autotile": 1.0, "autotile_index": 0.0, "tileset": "tiles_911", "coord": [ 2.0, 0.0 ] }, "480_480": { "autotile": 1.0, "autotile_index": 0.0, "tileset": "tiles_911", "coord": [ 1.0, 0.0 ] }, "0_352": { "autotile": 1.0, "autotile_index": 0.0, "tileset": "tiles_911", "coord": [ 3.0, 0.0 ] }, "160_192": { "autotile": 1.0, "autotile_index": 0.0, "tileset": "tiles_911", "coord": [ 1.0, 0.0 ] }, "352_288": { "coord": [ 2.0, 1.0 ], "autotile_index": 0.0, "tileset": "tiles_911", "autotile": 1.0 }, "-320_352": { "coord": [ 2.0, 0.0 ], "autotile_index": 0.0, "tileset": "tiles_911", "autotile": 1.0 }, "448_608": { "autotile": 1.0, "autotile_index": 0.0, "tileset": "tiles_911", "coord": [ 2.0, 2.0 ] }, "672_544": { "autotile": 1.0, "autotile_index": 0.0, "tileset": "tiles_911", "coord": [ 2.0, 0.0 ] }, "832_640": { "autotile": 1.0, "autotile_index": 0.0, "tileset": "tiles_911", "coord": [ 2.0, 2.0 ] }, "544_32": { "autotile": 1.0, "autotile_index": 0.0, "tileset": "tiles_911", "coord": [ 2.0, 1.0 ] }, "-160_416": { "coord": [ 3.0, 1.0 ], "autotile_index": 0.0, "tileset": "tiles_911", "autotile": 1.0 }, "-768_544": { "autotile": 1.0, "autotile_index": 0.0, "tileset": "tiles_911", "coord": [ 1.0, 0.0 ] }, "-64_576": { "autotile": 1.0, "autotile_index": 0.0, "tileset": "tiles_911", "coord": [ 2.0, 1.0 ] }, "160_544": { "autotile": 1.0, "autotile_index": 0.0, "tileset": "tiles_911", "coord": [ 2.0, 0.0 ] }, "288_224": { "coord": [ 2.0, 1.0 ], "autotile_index": 0.0, "tileset": "tiles_911", "autotile": 1.0 }, "-544_544": { "coord": [ 2.0, 1.0 ], "autotile_index": 0.0, "tileset": "tiles_911", "autotile": 1.0 }, "-224_448": { "coord": [ 2.0, 1.0 ], "autotile_index": 0.0, "tileset": "tiles_911", "autotile": 1.0 }, "1120_416": { "autotile": 1.0, "autotile_index": 0.0, "tileset": "tiles_911", "coord": [ 3.0, 0.0 ] }, "544_608": { "autotile": 1.0, "autotile_index": 0.0, "tileset": "tiles_911", "coord": [ 2.0, 2.0 ] }, "480_384": { "coord": [ 5.0, 5.0 ], "autotile_index": 0.0, "tileset": "tiles_911", "autotile": 0.0 }, "-128_384": { "coord": [ 2.0, 1.0 ], "autotile_index": 0.0, "tileset": "tiles_911", "autotile": 1.0 }, "1152_512": { "autotile": 1.0, "autotile_index": 0.0, "tileset": "tiles_911", "coord": [ 2.0, 2.0 ] }, "1216_384": { "autotile": 1.0, "autotile_index": 0.0, "tileset": "tiles_911", "coord": [ 2.0, 1.0 ] }, "-736_576": { "autotile": 1.0, "autotile_index": 0.0, "tileset": "tiles_911", "coord": [ 2.0, 1.0 ] }, "320_224": { "coord": [ 2.0, 1.0 ], "autotile_index": 0.0, "tileset": "tiles_911", "autotile": 0.0 }, "-512_544": { "coord": [ 2.0, 1.0 ], "autotile_index": 0.0, "tileset": "tiles_911", "autotile": 1.0 }, "-512_576": { "coord": [ 2.0, 1.0 ], "autotile_index": 0.0, "tileset": "tiles_911", "autotile": 1.0 }, "512_288": { "autotile": 1.0, "autotile_index": 0.0, "tileset": "tiles_911", "coord": [ 2.0, 1.0 ] }, "-576_576": { "coord": [ 2.0, 1.0 ], "autotile_index": 0.0, "tileset": "tiles_911", "autotile": 1.0 }, "576_608": { "autotile": 1.0, "autotile_index": 0.0, "tileset": "tiles_911", "coord": [ 2.0, 2.0 ] }, "-288_544": { "coord": [ 1.0, 0.0 ], "autotile_index": 0.0, "tileset": "tiles_911", "autotile": 1.0 }, "224_0": { "autotile": 1.0, "autotile_index": 0.0, "tileset": "tiles_911", "coord": [ 2.0, 1.0 ] }, "-544_352": { "autotile": 1.0, "autotile_index": 0.0, "tileset": "tiles_911", "coord": [ 1.0, 0.0 ] }, "160_576": { "autotile": 1.0, "autotile_index": 0.0, "tileset": "tiles_911", "coord": [ 2.0, 1.0 ] }, "-160_448": { "coord": [ 3.0, 1.0 ], "autotile_index": 0.0, "tileset": "tiles_911", "autotile": 1.0 }, "96_384": { "autotile": 1.0, "autotile_index": 0.0, "tileset": "tiles_911", "coord": [ 3.0, 1.0 ] }, "-32_384": { "autotile": 1.0, "autotile_index": 0.0, "tileset": "tiles_911", "coord": [ 2.0, 1.0 ] }, "704_32": { "autotile": 1.0, "autotile_index": 0.0, "tileset": "tiles_911", "coord": [ 2.0, 1.0 ] }, "-448_352": { "autotile": 1.0, "autotile_index": 0.0, "tileset": "tiles_911", "coord": [ 2.0, 0.0 ] }, "1216_448": { "autotile": 1.0, "autotile_index": 0.0, "tileset": "tiles_911", "coord": [ 3.0, 1.0 ] }, "480_320": { "autotile": 1.0, "autotile_index": 0.0, "tileset": "tiles_911", "coord": [ 2.0, 1.0 ] }, "448_32": { "autotile": 1.0, "autotile_index": 0.0, "tileset": "tiles_911", "coord": [ 2.0, 1.0 ] }, "-672_384": { "autotile": 1.0, "autotile_index": 0.0, "tileset": "tiles_911", "coord": [ 2.0, 1.0 ] }, "896_608": { "autotile": 1.0, "autotile_index": 0.0, "tileset": "tiles_911", "coord": [ 2.0, 2.0 ] }, "800_0": { "autotile": 1.0, "autotile_index": 0.0, "tileset": "tiles_911", "coord": [ 2.0, 1.0 ] }, "864_576": { "autotile": 1.0, "autotile_index": 0.0, "tileset": "tiles_911", "coord": [ 2.0, 1.0 ] }, "-256_576": { "autotile": 1.0, "autotile_index": 0.0, "tileset": "tiles_911", "coord": [ 2.0, 1.0 ] }, "1088_640": { "autotile": 1.0, "autotile_index": 0.0, "tileset": "tiles_911", "coord": [ 2.0, 2.0 ] }, "128_544": { "autotile": 1.0, "autotile_index": 0.0, "tileset": "tiles_911", "coord": [ 3.0, 0.0 ] }, "96_192": { "autotile": 1.0, "autotile_index": 0.0, "tileset": "tiles_911", "coord": [ 4.0, 4.0 ] }, "-640_544": { "coord": [ 3.0, 0.0 ], "autotile_index": 0.0, "tileset": "tiles_911", "autotile": 1.0 }, "288_608": { "autotile": 1.0, "autotile_index": 0.0, "tileset": "tiles_911", "coord": [ 2.0, 2.0 ] }, "416_576": { "autotile": 1.0, "autotile_index": 0.0, "tileset": "tiles_911", "coord": [ 2.0, 1.0 ] }, "1248_320": { "autotile": 1.0, "autotile_index": 0.0, "tileset": "tiles_911", "coord": [ 3.0, 1.0 ] }, "-96_576": { "autotile": 1.0, "autotile_index": 0.0, "tileset": "tiles_911", "coord": [ 2.0, 1.0 ] }, "-384_576": { "autotile": 1.0, "autotile_index": 0.0, "tileset": "tiles_911", "coord": [ 2.0, 1.0 ] }, "224_576": { "autotile": 1.0, "autotile_index": 0.0, "tileset": "tiles_911", "coord": [ 2.0, 1.0 ] }, "896_576": { "autotile": 1.0, "autotile_index": 0.0, "tileset": "tiles_911", "coord": [ 2.0, 1.0 ] }, "1088_512": { "autotile": 1.0, "autotile_index": 0.0, "tileset": "tiles_911", "coord": [ 2.0, 2.0 ] }, "544_320": { "autotile": 1.0, "autotile_index": 0.0, "tileset": "tiles_911", "coord": [ 3.0, 1.0 ] }, "128_192": { "autotile": 1.0, "autotile_index": 0.0, "tileset": "tiles_911", "coord": [ 1.0, 0.0 ] }, "1056_608": { "autotile": 1.0, "autotile_index": 0.0, "tileset": "tiles_911", "coord": [ 2.0, 2.0 ] }, "-640_352": { "autotile": 1.0, "autotile_index": 0.0, "tileset": "tiles_911", "coord": [ 2.0, 0.0 ] }, "864_640": { "autotile": 1.0, "autotile_index": 0.0, "tileset": "tiles_911", "coord": [ 2.0, 2.0 ] }, "160_288": { "autotile": 1.0, "autotile_index": 0.0, "tileset": "tiles_911", "coord": [ 2.0, 1.0 ] }, "1024_640": { "autotile": 1.0, "autotile_index": 0.0, "tileset": "tiles_911", "coord": [ 2.0, 2.0 ] }, "32_576": { "autotile": 1.0, "autotile_index": 0.0, "tileset": "tiles_911", "coord": [ 2.0, 1.0 ] }, "1248_288": { "autotile": 1.0, "autotile_index": 0.0, "tileset": "tiles_911", "coord": [ 3.0, 1.0 ] }, "-224_352": { "coord": [ 2.0, 0.0 ], "autotile_index": 0.0, "tileset": "tiles_911", "autotile": 1.0 }, "288_576": { "autotile": 1.0, "autotile_index": 0.0, "tileset": "tiles_911", "coord": [ 2.0, 1.0 ] }, "640_0": { "autotile": 1.0, "autotile_index": 0.0, "tileset": "tiles_911", "coord": [ 2.0, 1.0 ] }, "832_544": { "autotile": 1.0, "autotile_index": 0.0, "tileset": "tiles_911", "coord": [ 3.0, 0.0 ] }, "-672_544": { "autotile": 1.0, "autotile_index": 0.0, "tileset": "tiles_911", "coord": [ 2.0, 0.0 ] }, "-576_352": { "autotile": 1.0, "autotile_index": 0.0, "tileset": "tiles_911", "coord": [ 1.0, 0.0 ] }, "800_32": { "autotile": 1.0, "autotile_index": 0.0, "tileset": "tiles_911", "coord": [ 2.0, 1.0 ] }, "96_32": { "autotile": 1.0, "autotile_index": 0.0, "tileset": "tiles_911", "coord": [ 4.0, 2.0 ] }, "192_640": { "autotile": 1.0, "autotile_index": 0.0, "tileset": "tiles_911", "coord": [ 2.0, 2.0 ] }, "1056_480": { "autotile": 1.0, "autotile_index": 0.0, "tileset": "tiles_911", "coord": [ 1.0, 2.0 ] }, "1248_640": { "autotile": 1.0, "autotile_index": 0.0, "tileset": "tiles_911", "coord": [ 3.0, 1.0 ] }, "512_32": { "autotile": 1.0, "autotile_index": 0.0, "tileset": "tiles_911", "coord": [ 2.0, 1.0 ] }, "-672_576": { "autotile": 1.0, "autotile_index": 0.0, "tileset": "tiles_911", "coord": [ 2.0, 1.0 ] }, "256_192": { "coord": [ 1.0, 0.0 ], "autotile_index": 0.0, "tileset": "tiles_911", "autotile": 1.0 }, "-736_352": { "autotile": 1.0, "autotile_index": 0.0, "tileset": "tiles_911", "coord": [ 1.0, 0.0 ] }, "160_320": { "autotile": 1.0, "autotile_index": 0.0, "tileset": "tiles_911", "coord": [ 2.0, 1.0 ] }, "416_480": { "autotile": 1.0, "autotile_index": 0.0, "tileset": "tiles_911", "coord": [ 1.0, 0.0 ] }, "1248_384": { "autotile": 1.0, "autotile_index": 0.0, "tileset": "tiles_911", "coord": [ 3.0, 1.0 ] }, "-352_576": { "autotile": 1.0, "autotile_index": 0.0, "tileset": "tiles_911", "coord": [ 2.0, 1.0 ] }, "768_0": { "autotile": 1.0, "autotile_index": 0.0, "tileset": "tiles_911", "coord": [ 2.0, 1.0 ] }, "1184_448": { "autotile": 1.0, "autotile_index": 0.0, "tileset": "tiles_911", "coord": [ 2.0, 1.0 ] }, "832_224": { "coord": [ 4.0, 0.0 ], "autotile_index": 0.0, "tileset": "tiles_911", "autotile": 0.0 }, "1248_160": { "autotile": 1.0, "autotile_index": 0.0, "tileset": "tiles_911", "coord": [ 3.0, 1.0 ] }, "512_512": { "autotile": 1.0, "autotile_index": 0.0, "tileset": "tiles_911", "coord": [ 3.0, 1.0 ] }, "64_608": { "autotile": 1.0, "autotile_index": 0.0, "tileset": "tiles_911", "coord": [ 2.0, 1.0 ] }, "96_160": { "autotile": 1.0, "autotile_index": 0.0, "tileset": "tiles_911", "coord": [ 3.0, 1.0 ] }, "-320_544": { "coord": [ 1.0, 0.0 ], "autotile_index": 0.0, "tileset": "tiles_911", "autotile": 1.0 }, "96_640": { "autotile": 1.0, "autotile_index": 0.0, "tileset": "tiles_911", "coord": [ 1.0, 2.0 ] }, "-160_352": { "coord": [ 1.0, 0.0 ], "autotile_index": 0.0, "tileset": "tiles_911", "autotile": 1.0 }, "-256_416": { "coord": [ 2.0, 1.0 ], "autotile_index": 0.0, "tileset": "tiles_911", "autotile": 1.0 }, "416_512": { "autotile": 1.0, "autotile_index": 0.0, "tileset": "tiles_911", "coord": [ 2.0, 1.0 ] }, "992_544": { "autotile": 1.0, "autotile_index": 0.0, "tileset": "tiles_911", "coord": [ 1.0, 0.0 ] }, "-64_352": { "autotile": 1.0, "autotile_index": 0.0, "tileset": "tiles_911", "coord": [ 2.0, 0.0 ] }, "416_320": { "coord": [ 2.0, 1.0 ], "autotile_index": 0.0, "tileset": "tiles_911", "autotile": 1.0 }, "-224_416": { "coord": [ 1.0, 2.0 ], "autotile_index": 0.0, "tileset": "tiles_911", "autotile": 1.0 }, "-544_384": { "autotile": 1.0, "autotile_index": 0.0, "tileset": "tiles_911", "coord": [ 2.0, 1.0 ] }, "512_480": { "autotile": 1.0, "autotile_index": 0.0, "tileset": "tiles_911", "coord": [ 1.0, 0.0 ] }, "-256_352": { "coord": [ 2.0, 0.0 ], "autotile_index": 0.0, "tileset": "tiles_911", "autotile": 1.0 }, "1088_352": { "coord": [ 6.0, 6.0 ], "autotile_index": 0.0, "tileset": "tiles_911", "autotile": 0.0 }, "-480_352": { "autotile": 1.0, "autotile_index": 0.0, "tileset": "tiles_911", "coord": [ 3.0, 0.0 ] }, "512_0": { "autotile": 1.0, "autotile_index": 0.0, "tileset": "tiles_911", "coord": [ 2.0, 1.0 ] }, "448_544": { "autotile": 1.0, "autotile_index": 0.0, "tileset": "tiles_911", "coord": [ 1.0, 2.0 ] }, "480_544": { "autotile": 1.0, "autotile_index": 0.0, "tileset": "tiles_911", "coord": [ 3.0, 2.0 ] }, "-256_544": { "coord": [ 2.0, 0.0 ], "autotile_index": 0.0, "tileset": "tiles_911", "autotile": 1.0 }, "1120_0": { "autotile": 1.0, "autotile_index": 0.0, "tileset": "tiles_911", "coord": [ 2.0, 1.0 ] }, "64_544": { "autotile": 1.0, "autotile_index": 0.0, "tileset": "tiles_911", "coord": [ 2.0, 0.0 ] }, "96_128": { "autotile": 1.0, "autotile_index": 0.0, "tileset": "tiles_911", "coord": [ 3.0, 1.0 ] }, "1024_608": { "autotile": 1.0, "autotile_index": 0.0, "tileset": "tiles_911", "coord": [ 2.0, 2.0 ] }, "-768_352": { "autotile": 1.0, "autotile_index": 0.0, "tileset": "tiles_911", "coord": [ 2.0, 0.0 ] }, "224_32": { "autotile": 1.0, "autotile_index": 0.0, "tileset": "tiles_911", "coord": [ 2.0, 1.0 ] }, "896_32": { "autotile": 1.0, "autotile_index": 0.0, "tileset": "tiles_911", "coord": [ 2.0, 1.0 ] }, "992_576": { "autotile": 1.0, "autotile_index": 0.0, "tileset": "tiles_911", "coord": [ 2.0, 1.0 ] }, "576_576": { "autotile": 1.0, "autotile_index": 0.0, "tileset": "tiles_911", "coord": [ 2.0, 1.0 ] }, "416_0": { "autotile": 1.0, "autotile_index": 0.0, "tileset": "tiles_911", "coord": [ 2.0, 1.0 ] }, "320_320": { "coord": [ 2.0, 1.0 ], "autotile_index": 0.0, "tileset": "tiles_911", "autotile": 1.0 }, "1024_448": { "autotile": 1.0, "autotile_index": 0.0, "tileset": "tiles_911", "coord": [ 2.0, 1.0 ] }, "896_640": { "autotile": 1.0, "autotile_index": 0.0, "tileset": "tiles_911", "coord": [ 2.0, 2.0 ] }, "1120_352": { "coord": [ 7.0, 6.0 ], "autotile_index": 0.0, "tileset": "tiles_911", "autotile": 0.0 } } }, "backgrounds": { "5": { "x": 0.0, "scroll_x": 0.0, "tile_y": 1.0, "hspeed": 0.0, "scroll_y": 0.0, "y": 0.0, "sprite": "9_11_background", "tile_x": 1.0, "vspeed": 0.0, "image_speed": 15.0, "panic_sprite": -1.0 } }, "properties": { "song": "", "roomX": -768.0, "levelWidth": 1344.0, "roomY": 0.0, "levelHeight": 668.0, "songTransitionTime": 100.0 } }