{ "editorVersion": 5.0, "instances": [ { "layer": 0.0, "deleted": 0.0, "variables": { "x": -64.0, "y": 320.0, "targetRoom": "room11", "image_xscale": 1.0, "image_yscale": 1.0, "flipX": 0.0, "flipY": 0.0 }, "object": 800.0 }, { "layer": 0.0, "deleted": 0.0, "variables": { "x": -64.0, "flipX": 0.0, "y": 256.0, "flipY": 0.0 }, "object": 806.0 }, { "layer": 0.0, "deleted": 0.0, "variables": { "x": 640.0, "flipX": 1.0, "y": 305.0, "flipY": 0.0 }, "object": 769.0 }, { "layer": 0.0, "deleted": 0.0, "variables": { "x": 384.0, "flipX": 1.0, "y": 384.0, "flipY": 0.0 }, "object": 11.0 }, { "layer": 0.0, "deleted": 0.0, "variables": { "x": 352.0, "flipX": 1.0, "y": 352.0, "flipY": 0.0 }, "object": 11.0 }, { "layer": 0.0, "deleted": 0.0, "variables": { "x": 320.0, "flipX": 1.0, "y": 384.0, "flipY": 0.0 }, "object": 11.0 }, { "layer": 0.0, "deleted": 0.0, "variables": { "x": 288.0, "flipX": 1.0, "y": 352.0, "flipY": 0.0 }, "object": 11.0 }, { "layer": 0.0, "deleted": 0.0, "variables": { "x": -192.0, "y": 352.0, "image_xscale": 8.0, "image_yscale": 2.0, "flipX": 0.0, "flipY": 0.0 }, "object": 517.0 }, { "layer": 0.0, "deleted": 0.0, "variables": { "x": -192.0, "y": 416.0, "image_xscale": 28.0, "image_yscale": 2.0, "flipX": 0.0, "flipY": 0.0 }, "object": 517.0 }, { "layer": 0.0, "deleted": 0.0, "variables": { "x": 704.0, "y": 320.0, "image_xscale": 4.0, "image_yscale": 5.0, "flipX": 0.0, "flipY": 0.0 }, "object": 517.0 }, { "layer": 0.0, "deleted": 0.0, "variables": { "x": 832.0, "y": 384.0, "image_xscale": 2.0, "image_yscale": 3.0, "flipX": 0.0, "flipY": 0.0 }, "object": 517.0 }, { "layer": 0.0, "deleted": 0.0, "variables": { "x": 832.0, "y": 320.0, "image_xscale": 2.0, "image_yscale": 2.0, "flipX": 1.0, "flipY": 0.0 }, "object": 516.0 }, { "layer": 0.0, "deleted": 0.0, "variables": { "x": 512.0, "y": 128.0, "image_xscale": 8.0, "image_yscale": 2.0, "flipX": 1.0, "flipY": 0.0 }, "object": 517.0 }, { "layer": 0.0, "deleted": 0.0, "variables": { "x": -192.0, "y": 64.0, "image_xscale": 30.0, "image_yscale": 2.0, "flipX": 1.0, "flipY": 0.0 }, "object": 517.0 }, { "layer": 0.0, "deleted": 0.0, "variables": { "x": -256.0, "y": 64.0, "image_xscale": 2.0, "image_yscale": 13.0, "flipX": 1.0, "flipY": 0.0 }, "object": 517.0 }, { "layer": 0.0, "deleted": 0.0, "variables": { "x": 512.0, "flipX": 0.0, "y": 352.0, "flipY": 0.0 }, "object": 746.0 }, { "layer": 0.0, "deleted": 0.0, "variables": { "x": 512.0, "flipX": 0.0, "y": 288.0, "flipY": 0.0 }, "object": 746.0 }, { "layer": 0.0, "deleted": 0.0, "variables": { "x": 512.0, "y": 192.0, "image_xscale": 2.0, "image_yscale": 3.0, "flipX": 0.0, "flipY": 0.0 }, "object": 517.0 }, { "layer": 0.0, "deleted": 0.0, "variables": { "x": 448.0, "flipX": 0.0, "y": 384.0, "flipY": 0.0 }, "object": 748.0 }, { "layer": 0.0, "deleted": 0.0, "variables": { "x": 640.0, "flipX": 0.0, "y": 288.0, "flipY": 0.0 }, "object": 288.0 } ], "tile_data": { "5": { "800_512": { "autotile": 0.0, "autotile_index": 0.0, "tileset": "tiles_TRAIN_WHEELS", "coord": [ 3.0, 1.0 ] }, "0_448": { "autotile": 1.0, "autotile_index": 0.0, "tileset": "tnsp tiles", "coord": [ 3.0, 4.0 ] }, "448_512": { "autotile": 0.0, "autotile_index": 0.0, "tileset": "tiles_TRAIN_WHEELS", "coord": [ 0.0, 1.0 ] }, "-192_384": { "autotile": 1.0, "autotile_index": 0.0, "tileset": "tnsp tiles", "coord": [ 3.0, 1.0 ] }, "320_480": { "autotile": 0.0, "autotile_index": 0.0, "tileset": "tiles_TRAIN_WHEELS", "coord": [ 4.0, 0.0 ] }, "32_96": { "autotile": 1.0, "autotile_index": 0.0, "tileset": "tnsp tiles", "coord": [ 4.0, 4.0 ] }, "32_416": { "autotile": 1.0, "autotile_index": 0.0, "tileset": "tnsp tiles", "coord": [ 1.0, 7.0 ] }, "544_192": { "autotile": 1.0, "autotile_index": 0.0, "tileset": "tnsp tiles", "coord": [ 5.0, 2.0 ] }, "-192_96": { "autotile": 1.0, "autotile_index": 0.0, "tileset": "tnsp tiles", "coord": [ 3.0, 4.0 ] }, "320_416": { "autotile": 1.0, "autotile_index": 0.0, "tileset": "tnsp tiles", "coord": [ 2.0, 0.0 ] }, "544_448": { "autotile": 1.0, "autotile_index": 0.0, "tileset": "tnsp tiles", "coord": [ 3.0, 4.0 ] }, "-256_128": { "autotile": 1.0, "autotile_index": 0.0, "tileset": "tnsp tiles", "coord": [ 4.0, 2.0 ] }, "544_416": { "autotile": 1.0, "autotile_index": 0.0, "tileset": "tnsp tiles", "coord": [ 2.0, 0.0 ] }, "640_448": { "autotile": 1.0, "autotile_index": 0.0, "tileset": "tnsp tiles", "coord": [ 4.0, 4.0 ] }, "704_192": { "autotile": 0.0, "autotile_index": 0.0, "tileset": "tnsp tiles", "coord": [ 5.0, 9.0 ] }, "800_416": { "coord": [ 3.0, 3.0 ], "autotile_index": 0.0, "tileset": "tnsp tiles", "autotile": 1.0 }, "-192_416": { "autotile": 1.0, "autotile_index": 0.0, "tileset": "tnsp tiles", "coord": [ 3.0, 3.0 ] }, "704_160": { "autotile": 0.0, "autotile_index": 0.0, "tileset": "tnsp tiles", "coord": [ 4.0, 4.0 ] }, "320_96": { "autotile": 1.0, "autotile_index": 0.0, "tileset": "tnsp tiles", "coord": [ 4.0, 4.0 ] }, "800_448": { "coord": [ 3.0, 4.0 ], "autotile_index": 0.0, "tileset": "tnsp tiles", "autotile": 1.0 }, "96_96": { "autotile": 1.0, "autotile_index": 0.0, "tileset": "tnsp tiles", "coord": [ 4.0, 4.0 ] }, "96_64": { "autotile": 1.0, "autotile_index": 0.0, "tileset": "tnsp tiles", "coord": [ 2.0, 0.0 ] }, "96_448": { "autotile": 1.0, "autotile_index": 0.0, "tileset": "tnsp tiles", "coord": [ 2.0, 4.0 ] }, "128_416": { "autotile": 1.0, "autotile_index": 0.0, "tileset": "tnsp tiles", "coord": [ 4.0, 0.0 ] }, "416_96": { "autotile": 1.0, "autotile_index": 0.0, "tileset": "tnsp tiles", "coord": [ 2.0, 4.0 ] }, "-224_192": { "autotile": 1.0, "autotile_index": 0.0, "tileset": "tnsp tiles", "coord": [ 5.0, 2.0 ] }, "-96_192": { "autotile": 0.0, "autotile_index": 0.0, "tileset": "tnsp tiles", "coord": [ 17.0, 14.0 ] }, "-224_64": { "autotile": 1.0, "autotile_index": 0.0, "tileset": "tnsp tiles", "coord": [ 4.0, 0.0 ] }, "544_128": { "autotile": 1.0, "autotile_index": 0.0, "tileset": "tnsp tiles", "coord": [ 2.0, 3.0 ] }, "832_352": { "coord": [ 8.0, 4.0 ], "autotile_index": 0.0, "tileset": "tnsp tiles", "autotile": 0.0 }, "-32_352": { "autotile": 1.0, "autotile_index": 0.0, "tileset": "tnsp tiles", "coord": [ 2.0, 0.0 ] }, "480_416": { "autotile": 1.0, "autotile_index": 0.0, "tileset": "tnsp tiles", "coord": [ 4.0, 0.0 ] }, "704_288": { "autotile": 0.0, "autotile_index": 0.0, "tileset": "tnsp tiles", "coord": [ 5.0, 10.0 ] }, "-160_416": { "autotile": 1.0, "autotile_index": 0.0, "tileset": "tnsp tiles", "coord": [ 3.0, 3.0 ] }, "736_224": { "autotile": 0.0, "autotile_index": 0.0, "tileset": "tnsp tiles", "coord": [ 6.0, 10.0 ] }, "544_96": { "autotile": 1.0, "autotile_index": 0.0, "tileset": "tnsp tiles", "coord": [ 2.0, 1.0 ] }, "384_416": { "autotile": 1.0, "autotile_index": 0.0, "tileset": "tnsp tiles", "coord": [ 2.0, 0.0 ] }, "-192_448": { "autotile": 1.0, "autotile_index": 0.0, "tileset": "tnsp tiles", "coord": [ 2.0, 4.0 ] }, "256_480": { "autotile": 0.0, "autotile_index": 0.0, "tileset": "tiles_TRAIN_WHEELS", "coord": [ 2.0, 0.0 ] }, "608_512": { "autotile": 0.0, "autotile_index": 0.0, "tileset": "tiles_TRAIN_WHEELS", "coord": [ 5.0, 1.0 ] }, "-160_64": { "autotile": 1.0, "autotile_index": 0.0, "tileset": "tnsp tiles", "coord": [ 2.0, 0.0 ] }, "128_384": { "autotile": 0.0, "autotile_index": 0.0, "tileset": "tnsp tiles", "coord": [ 12.0, 16.0 ] }, "96_416": { "autotile": 1.0, "autotile_index": 0.0, "tileset": "tnsp tiles", "coord": [ 4.0, 0.0 ] }, "512_96": { "autotile": 1.0, "autotile_index": 0.0, "tileset": "tnsp tiles", "coord": [ 3.0, 5.0 ] }, "608_416": { "autotile": 1.0, "autotile_index": 0.0, "tileset": "tnsp tiles", "coord": [ 3.0, 0.0 ] }, "576_448": { "autotile": 1.0, "autotile_index": 0.0, "tileset": "tnsp tiles", "coord": [ 2.0, 4.0 ] }, "-192_352": { "autotile": 1.0, "autotile_index": 0.0, "tileset": "tnsp tiles", "coord": [ 2.0, 0.0 ] }, "384_96": { "autotile": 1.0, "autotile_index": 0.0, "tileset": "tnsp tiles", "coord": [ 4.0, 4.0 ] }, "-64_480": { "autotile": 0.0, "autotile_index": 0.0, "tileset": "tiles_TRAIN_WHEELS", "coord": [ 0.0, 0.0 ] }, "640_96": { "autotile": 1.0, "autotile_index": 0.0, "tileset": "tnsp tiles", "coord": [ 3.0, 1.0 ] }, "480_448": { "autotile": 1.0, "autotile_index": 0.0, "tileset": "tnsp tiles", "coord": [ 2.0, 4.0 ] }, "512_448": { "autotile": 1.0, "autotile_index": 0.0, "tileset": "tnsp tiles", "coord": [ 2.0, 4.0 ] }, "704_64": { "autotile": 1.0, "autotile_index": 0.0, "tileset": "tnsp tiles", "coord": [ 4.0, 0.0 ] }, "160_64": { "autotile": 1.0, "autotile_index": 0.0, "tileset": "tnsp tiles", "coord": [ 4.0, 0.0 ] }, "832_512": { "autotile": 0.0, "autotile_index": 0.0, "tileset": "tiles_TRAIN_WHEELS", "coord": [ 4.0, 1.0 ] }, "-192_512": { "autotile": 0.0, "autotile_index": 0.0, "tileset": "tiles_TRAIN_WHEELS", "coord": [ 4.0, 1.0 ] }, "384_64": { "autotile": 1.0, "autotile_index": 0.0, "tileset": "tnsp tiles", "coord": [ 2.0, 0.0 ] }, "-96_416": { "autotile": 1.0, "autotile_index": 0.0, "tileset": "tnsp tiles", "coord": [ 3.0, 3.0 ] }, "768_480": { "autotile": 0.0, "autotile_index": 0.0, "tileset": "tiles_TRAIN_WHEELS", "coord": [ 2.0, 0.0 ] }, "-32_64": { "autotile": 1.0, "autotile_index": 0.0, "tileset": "tnsp tiles", "coord": [ 4.0, 0.0 ] }, "-224_480": { "autotile": 0.0, "autotile_index": 0.0, "tileset": "tiles_TRAIN_WHEELS", "coord": [ 3.0, 0.0 ] }, "736_128": { "autotile": 1.0, "autotile_index": 0.0, "tileset": "tnsp tiles", "coord": [ 5.0, 2.0 ] }, "736_480": { "autotile": 0.0, "autotile_index": 0.0, "tileset": "tiles_TRAIN_WHEELS", "coord": [ 1.0, 0.0 ] }, "768_384": { "coord": [ 3.0, 2.0 ], "autotile_index": 0.0, "tileset": "tnsp tiles", "autotile": 1.0 }, "-256_448": { "autotile": 1.0, "autotile_index": 0.0, "tileset": "tnsp tiles", "coord": [ 3.0, 4.0 ] }, "-32_96": { "autotile": 1.0, "autotile_index": 0.0, "tileset": "tnsp tiles", "coord": [ 4.0, 4.0 ] }, "672_128": { "autotile": 1.0, "autotile_index": 0.0, "tileset": "tnsp tiles", "coord": [ 3.0, 3.0 ] }, "224_480": { "autotile": 0.0, "autotile_index": 0.0, "tileset": "tiles_TRAIN_WHEELS", "coord": [ 1.0, 0.0 ] }, "-64_160": { "autotile": 0.0, "autotile_index": 0.0, "tileset": "tnsp tiles", "coord": [ 18.0, 13.0 ] }, "832_448": { "coord": [ 4.0, 4.0 ], "autotile_index": 0.0, "tileset": "tnsp tiles", "autotile": 1.0 }, "64_512": { "autotile": 0.0, "autotile_index": 0.0, "tileset": "tiles_TRAIN_WHEELS", "coord": [ 4.0, 1.0 ] }, "608_128": { "autotile": 1.0, "autotile_index": 0.0, "tileset": "tnsp tiles", "coord": [ 3.0, 3.0 ] }, "288_416": { "autotile": 1.0, "autotile_index": 0.0, "tileset": "tnsp tiles", "coord": [ 2.0, 0.0 ] }, "32_64": { "autotile": 1.0, "autotile_index": 0.0, "tileset": "tnsp tiles", "coord": [ 3.0, 0.0 ] }, "-64_384": { "autotile": 1.0, "autotile_index": 0.0, "tileset": "tnsp tiles", "coord": [ 3.0, 1.0 ] }, "-224_288": { "autotile": 1.0, "autotile_index": 0.0, "tileset": "tnsp tiles", "coord": [ 5.0, 3.0 ] }, "-256_480": { "autotile": 0.0, "autotile_index": 0.0, "tileset": "tiles_TRAIN_WHEELS", "coord": [ 2.0, 0.0 ] }, "736_192": { "autotile": 0.0, "autotile_index": 0.0, "tileset": "tnsp tiles", "coord": [ 6.0, 9.0 ] }, "544_512": { "autotile": 0.0, "autotile_index": 0.0, "tileset": "tiles_TRAIN_WHEELS", "coord": [ 3.0, 1.0 ] }, "-96_64": { "autotile": 1.0, "autotile_index": 0.0, "tileset": "tnsp tiles", "coord": [ 4.0, 0.0 ] }, "-128_448": { "autotile": 1.0, "autotile_index": 0.0, "tileset": "tnsp tiles", "coord": [ 4.0, 4.0 ] }, "0_352": { "autotile": 1.0, "autotile_index": 0.0, "tileset": "tnsp tiles", "coord": [ 2.0, 0.0 ] }, "320_448": { "autotile": 1.0, "autotile_index": 0.0, "tileset": "tnsp tiles", "coord": [ 4.0, 4.0 ] }, "-32_448": { "autotile": 1.0, "autotile_index": 0.0, "tileset": "tnsp tiles", "coord": [ 4.0, 4.0 ] }, "224_416": { "autotile": 1.0, "autotile_index": 0.0, "tileset": "tnsp tiles", "coord": [ 3.0, 0.0 ] }, "-256_192": { "autotile": 1.0, "autotile_index": 0.0, "tileset": "tnsp tiles", "coord": [ 4.0, 2.0 ] }, "672_416": { "autotile": 1.0, "autotile_index": 0.0, "tileset": "tnsp tiles", "coord": [ 2.0, 0.0 ] }, "448_64": { "autotile": 1.0, "autotile_index": 0.0, "tileset": "tnsp tiles", "coord": [ 4.0, 0.0 ] }, "-224_512": { "autotile": 0.0, "autotile_index": 0.0, "tileset": "tiles_TRAIN_WHEELS", "coord": [ 3.0, 1.0 ] }, "512_224": { "autotile": 1.0, "autotile_index": 0.0, "tileset": "tnsp tiles", "coord": [ 1.0, 3.0 ] }, "800_352": { "coord": [ 4.0, 1.0 ], "autotile_index": 0.0, "tileset": "tnsp tiles", "autotile": 0.0 }, "224_96": { "autotile": 1.0, "autotile_index": 0.0, "tileset": "tnsp tiles", "coord": [ 2.0, 4.0 ] }, "192_384": { "autotile": 0.0, "autotile_index": 0.0, "tileset": "tnsp tiles", "coord": [ 14.0, 16.0 ] }, "832_416": { "coord": [ 4.0, 3.0 ], "autotile_index": 0.0, "tileset": "tnsp tiles", "autotile": 1.0 }, "736_512": { "autotile": 0.0, "autotile_index": 0.0, "tileset": "tiles_TRAIN_WHEELS", "coord": [ 1.0, 1.0 ] }, "736_288": { "autotile": 0.0, "autotile_index": 0.0, "tileset": "tnsp tiles", "coord": [ 6.0, 10.0 ] }, "-160_96": { "autotile": 1.0, "autotile_index": 0.0, "tileset": "tnsp tiles", "coord": [ 2.0, 4.0 ] }, "64_64": { "autotile": 1.0, "autotile_index": 0.0, "tileset": "tnsp tiles", "coord": [ 2.0, 0.0 ] }, "64_96": { "autotile": 1.0, "autotile_index": 0.0, "tileset": "tnsp tiles", "coord": [ 4.0, 4.0 ] }, "288_96": { "autotile": 1.0, "autotile_index": 0.0, "tileset": "tnsp tiles", "coord": [ 2.0, 4.0 ] }, "160_384": { "autotile": 0.0, "autotile_index": 0.0, "tileset": "tnsp tiles", "coord": [ 13.0, 16.0 ] }, "512_480": { "autotile": 0.0, "autotile_index": 0.0, "tileset": "tiles_TRAIN_WHEELS", "coord": [ 2.0, 0.0 ] }, "64_416": { "autotile": 1.0, "autotile_index": 0.0, "tileset": "tnsp tiles", "coord": [ 3.0, 0.0 ] }, "-32_384": { "autotile": 1.0, "autotile_index": 0.0, "tileset": "tnsp tiles", "coord": [ 3.0, 1.0 ] }, "448_416": { "autotile": 1.0, "autotile_index": 0.0, "tileset": "tnsp tiles", "coord": [ 2.0, 0.0 ] }, "704_416": { "autotile": 1.0, "autotile_index": 0.0, "tileset": "tnsp tiles", "coord": [ 3.0, 7.0 ] }, "32_448": { "autotile": 1.0, "autotile_index": 0.0, "tileset": "tnsp tiles", "coord": [ 2.0, 4.0 ] }, "672_448": { "autotile": 1.0, "autotile_index": 0.0, "tileset": "tnsp tiles", "coord": [ 3.0, 4.0 ] }, "32_512": { "autotile": 0.0, "autotile_index": 0.0, "tileset": "tiles_TRAIN_WHEELS", "coord": [ 3.0, 1.0 ] }, "-256_416": { "autotile": 1.0, "autotile_index": 0.0, "tileset": "tnsp tiles", "coord": [ 3.0, 3.0 ] }, "512_416": { "autotile": 1.0, "autotile_index": 0.0, "tileset": "tnsp tiles", "coord": [ 2.0, 0.0 ] }, "-224_224": { "autotile": 1.0, "autotile_index": 0.0, "tileset": "tnsp tiles", "coord": [ 5.0, 1.0 ] }, "-160_352": { "autotile": 1.0, "autotile_index": 0.0, "tileset": "tnsp tiles", "coord": [ 2.0, 0.0 ] }, "448_96": { "autotile": 1.0, "autotile_index": 0.0, "tileset": "tnsp tiles", "coord": [ 3.0, 4.0 ] }, "-128_352": { "autotile": 1.0, "autotile_index": 0.0, "tileset": "tnsp tiles", "coord": [ 3.0, 0.0 ] }, "-192_64": { "autotile": 1.0, "autotile_index": 0.0, "tileset": "tnsp tiles", "coord": [ 2.0, 0.0 ] }, "256_64": { "autotile": 1.0, "autotile_index": 0.0, "tileset": "tnsp tiles", "coord": [ 2.0, 0.0 ] }, "768_352": { "coord": [ 3.0, 1.0 ], "autotile_index": 0.0, "tileset": "tnsp tiles", "autotile": 0.0 }, "-224_448": { "autotile": 1.0, "autotile_index": 0.0, "tileset": "tnsp tiles", "coord": [ 4.0, 4.0 ] }, "192_352": { "autotile": 0.0, "autotile_index": 0.0, "tileset": "tnsp tiles", "coord": [ 14.0, 15.0 ] }, "800_480": { "autotile": 0.0, "autotile_index": 0.0, "tileset": "tiles_TRAIN_WHEELS", "coord": [ 3.0, 0.0 ] }, "480_96": { "autotile": 1.0, "autotile_index": 0.0, "tileset": "tnsp tiles", "coord": [ 4.0, 4.0 ] }, "640_64": { "autotile": 1.0, "autotile_index": 0.0, "tileset": "tnsp tiles", "coord": [ 4.0, 0.0 ] }, "576_512": { "autotile": 0.0, "autotile_index": 0.0, "tileset": "tiles_TRAIN_WHEELS", "coord": [ 4.0, 1.0 ] }, "736_160": { "autotile": 0.0, "autotile_index": 0.0, "tileset": "tnsp tiles", "coord": [ 5.0, 4.0 ] }, "352_448": { "autotile": 1.0, "autotile_index": 0.0, "tileset": "tnsp tiles", "coord": [ 3.0, 4.0 ] }, "0_384": { "autotile": 1.0, "autotile_index": 0.0, "tileset": "tnsp tiles", "coord": [ 4.0, 1.0 ] }, "448_448": { "autotile": 1.0, "autotile_index": 0.0, "tileset": "tnsp tiles", "coord": [ 3.0, 4.0 ] }, "-64_416": { "autotile": 1.0, "autotile_index": 0.0, "tileset": "tnsp tiles", "coord": [ 3.0, 3.0 ] }, "640_416": { "autotile": 1.0, "autotile_index": 0.0, "tileset": "tnsp tiles", "coord": [ 2.0, 0.0 ] }, "-64_352": { "autotile": 1.0, "autotile_index": 0.0, "tileset": "tnsp tiles", "coord": [ 2.0, 0.0 ] }, "192_512": { "autotile": 0.0, "autotile_index": 0.0, "tileset": "tiles_TRAIN_WHEELS", "coord": [ 0.0, 1.0 ] }, "384_448": { "autotile": 1.0, "autotile_index": 0.0, "tileset": "tnsp tiles", "coord": [ 2.0, 4.0 ] }, "-64_96": { "autotile": 1.0, "autotile_index": 0.0, "tileset": "tnsp tiles", "coord": [ 3.0, 4.0 ] }, "832_320": { "coord": [ 8.0, 3.0 ], "autotile_index": 0.0, "tileset": "tnsp tiles", "autotile": 0.0 }, "416_416": { "autotile": 1.0, "autotile_index": 0.0, "tileset": "tnsp tiles", "coord": [ 3.0, 0.0 ] }, "-224_96": { "autotile": 1.0, "autotile_index": 0.0, "tileset": "tnsp tiles", "coord": [ 1.0, 5.0 ] }, "0_96": { "autotile": 1.0, "autotile_index": 0.0, "tileset": "tnsp tiles", "coord": [ 2.0, 4.0 ] }, "832_480": { "autotile": 0.0, "autotile_index": 0.0, "tileset": "tiles_TRAIN_WHEELS", "coord": [ 4.0, 0.0 ] }, "160_352": { "autotile": 0.0, "autotile_index": 0.0, "tileset": "tnsp tiles", "coord": [ 13.0, 15.0 ] }, "704_320": { "coord": [ 1.0, 0.0 ], "autotile_index": 0.0, "tileset": "tnsp tiles", "autotile": 0.0 }, "-224_128": { "autotile": 1.0, "autotile_index": 0.0, "tileset": "tnsp tiles", "coord": [ 5.0, 1.0 ] }, "672_160": { "autotile": 1.0, "autotile_index": 0.0, "tileset": "tnsp tiles", "coord": [ 2.0, 4.0 ] }, "0_512": { "autotile": 0.0, "autotile_index": 0.0, "tileset": "tiles_TRAIN_WHEELS", "coord": [ 2.0, 1.0 ] }, "608_448": { "autotile": 1.0, "autotile_index": 0.0, "tileset": "tnsp tiles", "coord": [ 2.0, 4.0 ] }, "672_96": { "autotile": 1.0, "autotile_index": 0.0, "tileset": "tnsp tiles", "coord": [ 3.0, 1.0 ] }, "-96_96": { "autotile": 1.0, "autotile_index": 0.0, "tileset": "tnsp tiles", "coord": [ 2.0, 4.0 ] }, "192_448": { "autotile": 1.0, "autotile_index": 0.0, "tileset": "tnsp tiles", "coord": [ 2.0, 4.0 ] }, "-64_64": { "autotile": 1.0, "autotile_index": 0.0, "tileset": "tnsp tiles", "coord": [ 2.0, 0.0 ] }, "192_96": { "autotile": 1.0, "autotile_index": 0.0, "tileset": "tnsp tiles", "coord": [ 2.0, 4.0 ] }, "-256_384": { "autotile": 1.0, "autotile_index": 0.0, "tileset": "tnsp tiles", "coord": [ 3.0, 3.0 ] }, "128_64": { "autotile": 1.0, "autotile_index": 0.0, "tileset": "tnsp tiles", "coord": [ 3.0, 0.0 ] }, "640_128": { "autotile": 1.0, "autotile_index": 0.0, "tileset": "tnsp tiles", "coord": [ 3.0, 3.0 ] }, "352_416": { "autotile": 1.0, "autotile_index": 0.0, "tileset": "tnsp tiles", "coord": [ 4.0, 0.0 ] }, "-160_448": { "autotile": 1.0, "autotile_index": 0.0, "tileset": "tnsp tiles", "coord": [ 4.0, 4.0 ] }, "288_448": { "autotile": 1.0, "autotile_index": 0.0, "tileset": "tnsp tiles", "coord": [ 3.0, 4.0 ] }, "96_480": { "autotile": 0.0, "autotile_index": 0.0, "tileset": "tiles_TRAIN_WHEELS", "coord": [ 5.0, 0.0 ] }, "-96_352": { "autotile": 1.0, "autotile_index": 0.0, "tileset": "tnsp tiles", "coord": [ 4.0, 0.0 ] }, "-256_288": { "autotile": 1.0, "autotile_index": 0.0, "tileset": "tnsp tiles", "coord": [ 4.0, 2.0 ] }, "-128_416": { "autotile": 1.0, "autotile_index": 0.0, "tileset": "tnsp tiles", "coord": [ 3.0, 3.0 ] }, "-96_384": { "autotile": 1.0, "autotile_index": 0.0, "tileset": "tnsp tiles", "coord": [ 3.0, 1.0 ] }, "160_96": { "autotile": 1.0, "autotile_index": 0.0, "tileset": "tnsp tiles", "coord": [ 4.0, 4.0 ] }, "160_448": { "autotile": 1.0, "autotile_index": 0.0, "tileset": "tnsp tiles", "coord": [ 2.0, 4.0 ] }, "-128_384": { "autotile": 1.0, "autotile_index": 0.0, "tileset": "tnsp tiles", "coord": [ 3.0, 1.0 ] }, "704_384": { "autotile": 1.0, "autotile_index": 0.0, "tileset": "tnsp tiles", "coord": [ 1.0, 1.0 ] }, "-256_96": { "autotile": 1.0, "autotile_index": 0.0, "tileset": "tnsp tiles", "coord": [ 4.0, 1.0 ] }, "288_480": { "autotile": 0.0, "autotile_index": 0.0, "tileset": "tiles_TRAIN_WHEELS", "coord": [ 3.0, 0.0 ] }, "544_64": { "autotile": 1.0, "autotile_index": 0.0, "tileset": "tnsp tiles", "coord": [ 2.0, 0.0 ] }, "512_64": { "autotile": 1.0, "autotile_index": 0.0, "tileset": "tnsp tiles", "coord": [ 2.0, 0.0 ] }, "736_320": { "coord": [ 4.0, 0.0 ], "autotile_index": 0.0, "tileset": "tnsp tiles", "autotile": 0.0 }, "-192_480": { "autotile": 0.0, "autotile_index": 0.0, "tileset": "tiles_TRAIN_WHEELS", "coord": [ 4.0, 0.0 ] }, "512_512": { "autotile": 0.0, "autotile_index": 0.0, "tileset": "tiles_TRAIN_WHEELS", "coord": [ 2.0, 1.0 ] }, "704_352": { "coord": [ 1.0, 2.0 ], "autotile_index": 0.0, "tileset": "tnsp tiles", "autotile": 0.0 }, "-224_384": { "autotile": 1.0, "autotile_index": 0.0, "tileset": "tnsp tiles", "coord": [ 3.0, 1.0 ] }, "576_96": { "autotile": 1.0, "autotile_index": 0.0, "tileset": "tnsp tiles", "coord": [ 3.0, 1.0 ] }, "768_320": { "coord": [ 3.0, 0.0 ], "autotile_index": 0.0, "tileset": "tnsp tiles", "autotile": 0.0 }, "64_448": { "autotile": 1.0, "autotile_index": 0.0, "tileset": "tnsp tiles", "coord": [ 3.0, 4.0 ] }, "320_512": { "autotile": 0.0, "autotile_index": 0.0, "tileset": "tiles_TRAIN_WHEELS", "coord": [ 4.0, 1.0 ] }, "416_448": { "autotile": 1.0, "autotile_index": 0.0, "tileset": "tnsp tiles", "coord": [ 3.0, 4.0 ] }, "608_160": { "autotile": 1.0, "autotile_index": 0.0, "tileset": "tnsp tiles", "coord": [ 2.0, 4.0 ] }, "-256_320": { "autotile": 1.0, "autotile_index": 0.0, "tileset": "tnsp tiles", "coord": [ 4.0, 2.0 ] }, "704_448": { "autotile": 1.0, "autotile_index": 0.0, "tileset": "tnsp tiles", "coord": [ 2.0, 4.0 ] }, "64_480": { "autotile": 0.0, "autotile_index": 0.0, "tileset": "tiles_TRAIN_WHEELS", "coord": [ 4.0, 0.0 ] }, "704_224": { "autotile": 0.0, "autotile_index": 0.0, "tileset": "tnsp tiles", "coord": [ 5.0, 10.0 ] }, "0_416": { "autotile": 1.0, "autotile_index": 0.0, "tileset": "tnsp tiles", "coord": [ 4.0, 3.0 ] }, "-224_320": { "autotile": 1.0, "autotile_index": 0.0, "tileset": "tnsp tiles", "coord": [ 5.0, 3.0 ] }, "352_96": { "autotile": 1.0, "autotile_index": 0.0, "tileset": "tnsp tiles", "coord": [ 2.0, 4.0 ] }, "256_512": { "autotile": 0.0, "autotile_index": 0.0, "tileset": "tiles_TRAIN_WHEELS", "coord": [ 2.0, 1.0 ] }, "-128_64": { "autotile": 1.0, "autotile_index": 0.0, "tileset": "tnsp tiles", "coord": [ 2.0, 0.0 ] }, "-224_256": { "autotile": 1.0, "autotile_index": 0.0, "tileset": "tnsp tiles", "coord": [ 5.0, 1.0 ] }, "512_256": { "autotile": 1.0, "autotile_index": 0.0, "tileset": "tnsp tiles", "coord": [ 1.0, 4.0 ] }, "-64_448": { "autotile": 1.0, "autotile_index": 0.0, "tileset": "tnsp tiles", "coord": [ 4.0, 4.0 ] }, "576_480": { "autotile": 0.0, "autotile_index": 0.0, "tileset": "tiles_TRAIN_WHEELS", "coord": [ 4.0, 0.0 ] }, "352_512": { "autotile": 0.0, "autotile_index": 0.0, "tileset": "tiles_TRAIN_WHEELS", "coord": [ 5.0, 1.0 ] }, "736_256": { "autotile": 0.0, "autotile_index": 0.0, "tileset": "tnsp tiles", "coord": [ 6.0, 9.0 ] }, "512_160": { "autotile": 1.0, "autotile_index": 0.0, "tileset": "tnsp tiles", "coord": [ 1.0, 1.0 ] }, "0_480": { "autotile": 0.0, "autotile_index": 0.0, "tileset": "tiles_TRAIN_WHEELS", "coord": [ 2.0, 0.0 ] }, "-64_512": { "autotile": 0.0, "autotile_index": 0.0, "tileset": "tiles_TRAIN_WHEELS", "coord": [ 0.0, 1.0 ] }, "-96_448": { "autotile": 1.0, "autotile_index": 0.0, "tileset": "tnsp tiles", "coord": [ 4.0, 4.0 ] }, "576_416": { "autotile": 1.0, "autotile_index": 0.0, "tileset": "tnsp tiles", "coord": [ 2.0, 0.0 ] }, "544_480": { "autotile": 0.0, "autotile_index": 0.0, "tileset": "tiles_TRAIN_WHEELS", "coord": [ 3.0, 0.0 ] }, "32_352": { "autotile": 1.0, "autotile_index": 0.0, "tileset": "tnsp tiles", "coord": [ 5.0, 0.0 ] }, "800_384": { "coord": [ 3.0, 2.0 ], "autotile_index": 0.0, "tileset": "tnsp tiles", "autotile": 1.0 }, "-224_160": { "autotile": 1.0, "autotile_index": 0.0, "tileset": "tnsp tiles", "coord": [ 5.0, 3.0 ] }, "-128_96": { "autotile": 1.0, "autotile_index": 0.0, "tileset": "tnsp tiles", "coord": [ 4.0, 4.0 ] }, "224_448": { "autotile": 1.0, "autotile_index": 0.0, "tileset": "tnsp tiles", "coord": [ 2.0, 4.0 ] }, "672_64": { "autotile": 1.0, "autotile_index": 0.0, "tileset": "tnsp tiles", "coord": [ 4.0, 0.0 ] }, "192_416": { "autotile": 1.0, "autotile_index": 0.0, "tileset": "tnsp tiles", "coord": [ 3.0, 0.0 ] }, "736_384": { "autotile": 1.0, "autotile_index": 0.0, "tileset": "tnsp tiles", "coord": [ 2.0, 2.0 ] }, "192_480": { "autotile": 0.0, "autotile_index": 0.0, "tileset": "tiles_TRAIN_WHEELS", "coord": [ 0.0, 0.0 ] }, "864_448": { "coord": [ 5.0, 4.0 ], "autotile_index": 0.0, "tileset": "tnsp tiles", "autotile": 1.0 }, "640_160": { "autotile": 1.0, "autotile_index": 0.0, "tileset": "tnsp tiles", "coord": [ 3.0, 4.0 ] }, "544_160": { "autotile": 1.0, "autotile_index": 0.0, "tileset": "tnsp tiles", "coord": [ 1.0, 5.0 ] }, "-32_416": { "autotile": 1.0, "autotile_index": 0.0, "tileset": "tnsp tiles", "coord": [ 3.0, 3.0 ] }, "-160_512": { "autotile": 0.0, "autotile_index": 0.0, "tileset": "tiles_TRAIN_WHEELS", "coord": [ 5.0, 1.0 ] }, "768_448": { "coord": [ 4.0, 4.0 ], "autotile_index": 0.0, "tileset": "tnsp tiles", "autotile": 1.0 }, "704_96": { "autotile": 1.0, "autotile_index": 0.0, "tileset": "tnsp tiles", "coord": [ 4.0, 1.0 ] }, "256_448": { "autotile": 1.0, "autotile_index": 0.0, "tileset": "tnsp tiles", "coord": [ 3.0, 4.0 ] }, "576_160": { "autotile": 1.0, "autotile_index": 0.0, "tileset": "tnsp tiles", "coord": [ 2.0, 4.0 ] }, "832_384": { "coord": [ 4.0, 2.0 ], "autotile_index": 0.0, "tileset": "tnsp tiles", "autotile": 1.0 }, "736_64": { "autotile": 1.0, "autotile_index": 0.0, "tileset": "tnsp tiles", "coord": [ 5.0, 0.0 ] }, "864_480": { "autotile": 0.0, "autotile_index": 0.0, "tileset": "tiles_TRAIN_WHEELS", "coord": [ 5.0, 0.0 ] }, "-96_160": { "autotile": 0.0, "autotile_index": 0.0, "tileset": "tnsp tiles", "coord": [ 17.0, 13.0 ] }, "128_352": { "autotile": 0.0, "autotile_index": 0.0, "tileset": "tnsp tiles", "coord": [ 12.0, 15.0 ] }, "288_512": { "autotile": 0.0, "autotile_index": 0.0, "tileset": "tiles_TRAIN_WHEELS", "coord": [ 3.0, 1.0 ] }, "160_416": { "autotile": 1.0, "autotile_index": 0.0, "tileset": "tnsp tiles", "coord": [ 4.0, 0.0 ] }, "480_64": { "autotile": 1.0, "autotile_index": 0.0, "tileset": "tnsp tiles", "coord": [ 2.0, 0.0 ] }, "128_448": { "autotile": 1.0, "autotile_index": 0.0, "tileset": "tnsp tiles", "coord": [ 3.0, 4.0 ] }, "480_512": { "autotile": 0.0, "autotile_index": 0.0, "tileset": "tiles_TRAIN_WHEELS", "coord": [ 1.0, 1.0 ] }, "512_192": { "autotile": 1.0, "autotile_index": 0.0, "tileset": "tnsp tiles", "coord": [ 1.0, 2.0 ] }, "320_64": { "autotile": 1.0, "autotile_index": 0.0, "tileset": "tnsp tiles", "coord": [ 4.0, 0.0 ] }, "-256_64": { "autotile": 1.0, "autotile_index": 0.0, "tileset": "tnsp tiles", "coord": [ 4.0, 0.0 ] }, "-256_224": { "autotile": 1.0, "autotile_index": 0.0, "tileset": "tnsp tiles", "coord": [ 4.0, 2.0 ] }, "96_512": { "autotile": 0.0, "autotile_index": 0.0, "tileset": "tiles_TRAIN_WHEELS", "coord": [ 5.0, 1.0 ] }, "224_64": { "autotile": 1.0, "autotile_index": 0.0, "tileset": "tnsp tiles", "coord": [ 3.0, 0.0 ] }, "736_448": { "autotile": 1.0, "autotile_index": 0.0, "tileset": "tnsp tiles", "coord": [ 4.0, 4.0 ] }, "256_96": { "autotile": 1.0, "autotile_index": 0.0, "tileset": "tnsp tiles", "coord": [ 2.0, 4.0 ] }, "608_96": { "autotile": 1.0, "autotile_index": 0.0, "tileset": "tnsp tiles", "coord": [ 3.0, 1.0 ] }, "736_352": { "coord": [ 2.0, 1.0 ], "autotile_index": 0.0, "tileset": "tnsp tiles", "autotile": 0.0 }, "-160_384": { "autotile": 1.0, "autotile_index": 0.0, "tileset": "tnsp tiles", "coord": [ 3.0, 1.0 ] }, "-160_480": { "autotile": 0.0, "autotile_index": 0.0, "tileset": "tiles_TRAIN_WHEELS", "coord": [ 5.0, 0.0 ] }, "-64_128": { "autotile": 0.0, "autotile_index": 0.0, "tileset": "tnsp tiles", "coord": [ 18.0, 12.0 ] }, "864_352": { "coord": [ 8.0, 3.0 ], "autotile_index": 0.0, "tileset": "tnsp tiles", "autotile": 0.0 }, "32_480": { "autotile": 0.0, "autotile_index": 0.0, "tileset": "tiles_TRAIN_WHEELS", "coord": [ 3.0, 0.0 ] }, "128_96": { "autotile": 1.0, "autotile_index": 0.0, "tileset": "tnsp tiles", "coord": [ 3.0, 4.0 ] }, "-32_512": { "autotile": 0.0, "autotile_index": 0.0, "tileset": "tiles_TRAIN_WHEELS", "coord": [ 1.0, 1.0 ] }, "480_480": { "autotile": 0.0, "autotile_index": 0.0, "tileset": "tiles_TRAIN_WHEELS", "coord": [ 1.0, 0.0 ] }, "32_384": { "autotile": 1.0, "autotile_index": 0.0, "tileset": "tnsp tiles", "coord": [ 5.0, 2.0 ] }, "864_416": { "coord": [ 5.0, 1.0 ], "autotile_index": 0.0, "tileset": "tnsp tiles", "autotile": 1.0 }, "800_320": { "coord": [ 4.0, 0.0 ], "autotile_index": 0.0, "tileset": "tnsp tiles", "autotile": 0.0 }, "-224_352": { "autotile": 1.0, "autotile_index": 0.0, "tileset": "tnsp tiles", "coord": [ 1.0, 7.0 ] }, "352_480": { "autotile": 0.0, "autotile_index": 0.0, "tileset": "tiles_TRAIN_WHEELS", "coord": [ 5.0, 0.0 ] }, "256_416": { "autotile": 1.0, "autotile_index": 0.0, "tileset": "tnsp tiles", "coord": [ 4.0, 0.0 ] }, "192_64": { "autotile": 1.0, "autotile_index": 0.0, "tileset": "tnsp tiles", "coord": [ 2.0, 0.0 ] }, "-224_416": { "autotile": 1.0, "autotile_index": 0.0, "tileset": "tnsp tiles", "coord": [ 3.0, 3.0 ] }, "-256_256": { "autotile": 1.0, "autotile_index": 0.0, "tileset": "tnsp tiles", "coord": [ 4.0, 2.0 ] }, "768_512": { "autotile": 0.0, "autotile_index": 0.0, "tileset": "tiles_TRAIN_WHEELS", "coord": [ 2.0, 1.0 ] }, "608_64": { "autotile": 1.0, "autotile_index": 0.0, "tileset": "tnsp tiles", "coord": [ 3.0, 0.0 ] }, "608_480": { "autotile": 0.0, "autotile_index": 0.0, "tileset": "tiles_TRAIN_WHEELS", "coord": [ 5.0, 0.0 ] }, "0_64": { "autotile": 1.0, "autotile_index": 0.0, "tileset": "tnsp tiles", "coord": [ 3.0, 0.0 ] }, "-96_128": { "autotile": 0.0, "autotile_index": 0.0, "tileset": "tnsp tiles", "coord": [ 17.0, 12.0 ] }, "416_64": { "autotile": 1.0, "autotile_index": 0.0, "tileset": "tnsp tiles", "coord": [ 4.0, 0.0 ] }, "768_416": { "coord": [ 3.0, 3.0 ], "autotile_index": 0.0, "tileset": "tnsp tiles", "autotile": 1.0 }, "864_512": { "autotile": 0.0, "autotile_index": 0.0, "tileset": "tiles_TRAIN_WHEELS", "coord": [ 5.0, 1.0 ] }, "576_128": { "autotile": 1.0, "autotile_index": 0.0, "tileset": "tnsp tiles", "coord": [ 3.0, 3.0 ] }, "704_512": { "autotile": 0.0, "autotile_index": 0.0, "tileset": "tiles_TRAIN_WHEELS", "coord": [ 0.0, 1.0 ] }, "704_128": { "autotile": 1.0, "autotile_index": 0.0, "tileset": "tnsp tiles", "coord": [ 4.0, 3.0 ] }, "224_512": { "autotile": 0.0, "autotile_index": 0.0, "tileset": "tiles_TRAIN_WHEELS", "coord": [ 1.0, 1.0 ] }, "736_416": { "autotile": 1.0, "autotile_index": 0.0, "tileset": "tnsp tiles", "coord": [ 2.0, 3.0 ] }, "704_480": { "autotile": 0.0, "autotile_index": 0.0, "tileset": "tiles_TRAIN_WHEELS", "coord": [ 0.0, 0.0 ] }, "544_256": { "autotile": 1.0, "autotile_index": 0.0, "tileset": "tnsp tiles", "coord": [ 5.0, 4.0 ] }, "352_64": { "autotile": 1.0, "autotile_index": 0.0, "tileset": "tnsp tiles", "coord": [ 2.0, 0.0 ] }, "-256_512": { "autotile": 0.0, "autotile_index": 0.0, "tileset": "tiles_TRAIN_WHEELS", "coord": [ 2.0, 1.0 ] }, "288_64": { "autotile": 1.0, "autotile_index": 0.0, "tileset": "tnsp tiles", "coord": [ 4.0, 0.0 ] }, "544_224": { "autotile": 1.0, "autotile_index": 0.0, "tileset": "tnsp tiles", "coord": [ 5.0, 2.0 ] }, "-256_160": { "autotile": 1.0, "autotile_index": 0.0, "tileset": "tnsp tiles", "coord": [ 4.0, 2.0 ] }, "-256_352": { "autotile": 1.0, "autotile_index": 0.0, "tileset": "tnsp tiles", "coord": [ 4.0, 2.0 ] }, "704_256": { "autotile": 0.0, "autotile_index": 0.0, "tileset": "tnsp tiles", "coord": [ 5.0, 9.0 ] }, "-64_192": { "autotile": 0.0, "autotile_index": 0.0, "tileset": "tnsp tiles", "coord": [ 18.0, 14.0 ] }, "576_64": { "autotile": 1.0, "autotile_index": 0.0, "tileset": "tnsp tiles", "coord": [ 2.0, 0.0 ] }, "448_480": { "autotile": 0.0, "autotile_index": 0.0, "tileset": "tiles_TRAIN_WHEELS", "coord": [ 0.0, 0.0 ] }, "512_128": { "autotile": 1.0, "autotile_index": 0.0, "tileset": "tnsp tiles", "coord": [ 1.0, 1.0 ] }, "-32_480": { "autotile": 0.0, "autotile_index": 0.0, "tileset": "tiles_TRAIN_WHEELS", "coord": [ 1.0, 0.0 ] }, "864_384": { "coord": [ 5.0, 1.0 ], "autotile_index": 0.0, "tileset": "tnsp tiles", "autotile": 1.0 }, "736_96": { "autotile": 1.0, "autotile_index": 0.0, "tileset": "tnsp tiles", "coord": [ 5.0, 3.0 ] } }, "6": { "448_192": { "autotile": 0.0, "autotile_index": 0.0, "tileset": "tnsp tiles", "coord": [ 1.0, 10.0 ] }, "-32_256": { "autotile": 0.0, "autotile_index": 0.0, "tileset": "tnsp tiles", "coord": [ 1.0, 9.0 ] }, "480_352": { "coord": [ 4.0, 9.0 ], "autotile_index": 0.0, "tileset": "tnsp tiles", "autotile": 0.0 }, "-96_256": { "autotile": 0.0, "autotile_index": 0.0, "tileset": "tnsp tiles", "coord": [ 1.0, 9.0 ] }, "-96_320": { "autotile": 0.0, "autotile_index": 0.0, "tileset": "tnsp tiles", "coord": [ 3.0, 8.0 ] }, "-192_384": { "autotile": 0.0, "autotile_index": 0.0, "tileset": "tnsp tiles", "coord": [ 2.0, 10.0 ] }, "32_128": { "autotile": 0.0, "autotile_index": 0.0, "tileset": "tnsp tiles", "coord": [ 1.0, 8.0 ] }, "288_256": { "autotile": 0.0, "autotile_index": 0.0, "tileset": "tnsp tiles", "coord": [ 6.0, 9.0 ] }, "544_192": { "autotile": 0.0, "autotile_index": 0.0, "tileset": "tnsp tiles", "coord": [ 1.0, 10.0 ] }, "448_288": { "autotile": 0.0, "autotile_index": 0.0, "tileset": "tnsp tiles", "coord": [ 7.0, 10.0 ] }, "576_288": { "coord": [ 7.0, 9.0 ], "autotile_index": 0.0, "tileset": "tnsp tiles", "autotile": 0.0 }, "576_384": { "coord": [ 7.0, 10.0 ], "autotile_index": 0.0, "tileset": "tnsp tiles", "autotile": 0.0 }, "416_128": { "autotile": 0.0, "autotile_index": 0.0, "tileset": "tnsp tiles", "coord": [ 1.0, 8.0 ] }, "608_352": { "autotile": 0.0, "autotile_index": 0.0, "tileset": "tnsp tiles", "coord": [ 3.0, 9.0 ] }, "480_160": { "autotile": 0.0, "autotile_index": 0.0, "tileset": "tnsp tiles", "coord": [ 1.0, 9.0 ] }, "-32_128": { "autotile": 0.0, "autotile_index": 0.0, "tileset": "tnsp tiles", "coord": [ 1.0, 8.0 ] }, "-128_320": { "autotile": 0.0, "autotile_index": 0.0, "tileset": "tnsp tiles", "coord": [ 3.0, 8.0 ] }, "384_160": { "autotile": 0.0, "autotile_index": 0.0, "tileset": "tnsp tiles", "coord": [ 1.0, 9.0 ] }, "384_224": { "autotile": 0.0, "autotile_index": 0.0, "tileset": "tnsp tiles", "coord": [ 5.0, 8.0 ] }, "192_160": { "autotile": 0.0, "autotile_index": 0.0, "tileset": "tnsp tiles", "coord": [ 1.0, 9.0 ] }, "608_384": { "autotile": 0.0, "autotile_index": 0.0, "tileset": "tnsp tiles", "coord": [ 3.0, 10.0 ] }, "608_256": { "autotile": 0.0, "autotile_index": 0.0, "tileset": "tnsp tiles", "coord": [ 1.0, 8.0 ] }, "448_320": { "autotile": 0.0, "autotile_index": 0.0, "tileset": "tnsp tiles", "coord": [ 7.0, 11.0 ] }, "192_288": { "autotile": 0.0, "autotile_index": 0.0, "tileset": "tnsp tiles", "coord": [ 1.0, 10.0 ] }, "128_288": { "autotile": 0.0, "autotile_index": 0.0, "tileset": "tnsp tiles", "coord": [ 3.0, 8.0 ] }, "288_192": { "autotile": 0.0, "autotile_index": 0.0, "tileset": "tnsp tiles", "coord": [ 1.0, 10.0 ] }, "64_160": { "autotile": 0.0, "autotile_index": 0.0, "tileset": "tnsp tiles", "coord": [ 1.0, 9.0 ] }, "640_384": { "autotile": 0.0, "autotile_index": 0.0, "tileset": "tnsp tiles", "coord": [ 3.0, 10.0 ] }, "-192_128": { "autotile": 0.0, "autotile_index": 0.0, "tileset": "tnsp tiles", "coord": [ 1.0, 8.0 ] }, "-192_192": { "autotile": 0.0, "autotile_index": 0.0, "tileset": "tnsp tiles", "coord": [ 1.0, 10.0 ] }, "-128_288": { "autotile": 0.0, "autotile_index": 0.0, "tileset": "tnsp tiles", "coord": [ 1.0, 10.0 ] }, "128_256": { "autotile": 0.0, "autotile_index": 0.0, "tileset": "tnsp tiles", "coord": [ 1.0, 9.0 ] }, "-96_192": { "autotile": 0.0, "autotile_index": 0.0, "tileset": "tnsp tiles", "coord": [ 1.0, 10.0 ] }, "544_128": { "autotile": 0.0, "autotile_index": 0.0, "tileset": "tnsp tiles", "coord": [ 1.0, 8.0 ] }, "-32_352": { "autotile": 0.0, "autotile_index": 0.0, "tileset": "tnsp tiles", "coord": [ 3.0, 9.0 ] }, "672_288": { "autotile": 0.0, "autotile_index": 0.0, "tileset": "tnsp tiles", "coord": [ 4.0, 10.0 ] }, "160_224": { "autotile": 0.0, "autotile_index": 0.0, "tileset": "tnsp tiles", "coord": [ 1.0, 8.0 ] }, "64_192": { "autotile": 0.0, "autotile_index": 0.0, "tileset": "tnsp tiles", "coord": [ 1.0, 10.0 ] }, "224_160": { "autotile": 0.0, "autotile_index": 0.0, "tileset": "tnsp tiles", "coord": [ 1.0, 9.0 ] }, "416_192": { "autotile": 0.0, "autotile_index": 0.0, "tileset": "tnsp tiles", "coord": [ 1.0, 10.0 ] }, "384_352": { "autotile": 0.0, "autotile_index": 0.0, "tileset": "tnsp tiles", "coord": [ 3.0, 9.0 ] }, "96_288": { "autotile": 0.0, "autotile_index": 0.0, "tileset": "tnsp tiles", "coord": [ 2.0, 8.0 ] }, "-64_256": { "autotile": 0.0, "autotile_index": 0.0, "tileset": "tnsp tiles", "coord": [ 1.0, 9.0 ] }, "352_160": { "autotile": 0.0, "autotile_index": 0.0, "tileset": "tnsp tiles", "coord": [ 1.0, 9.0 ] }, "96_192": { "autotile": 0.0, "autotile_index": 0.0, "tileset": "tnsp tiles", "coord": [ 1.0, 10.0 ] }, "672_192": { "autotile": 0.0, "autotile_index": 0.0, "tileset": "tnsp tiles", "coord": [ 4.0, 9.0 ] }, "192_224": { "autotile": 0.0, "autotile_index": 0.0, "tileset": "tnsp tiles", "coord": [ 1.0, 8.0 ] }, "608_224": { "autotile": 0.0, "autotile_index": 0.0, "tileset": "tnsp tiles", "coord": [ 1.0, 8.0 ] }, "224_288": { "autotile": 0.0, "autotile_index": 0.0, "tileset": "tnsp tiles", "coord": [ 4.0, 10.0 ] }, "128_384": { "autotile": 0.0, "autotile_index": 0.0, "tileset": "tnsp tiles", "coord": [ 3.0, 10.0 ] }, "32_224": { "autotile": 0.0, "autotile_index": 0.0, "tileset": "tnsp tiles", "coord": [ 1.0, 8.0 ] }, "672_352": { "autotile": 0.0, "autotile_index": 0.0, "tileset": "tnsp tiles", "coord": [ 3.0, 9.0 ] }, "640_352": { "autotile": 0.0, "autotile_index": 0.0, "tileset": "tnsp tiles", "coord": [ 3.0, 9.0 ] }, "-32_160": { "autotile": 0.0, "autotile_index": 0.0, "tileset": "tnsp tiles", "coord": [ 1.0, 9.0 ] }, "-192_352": { "autotile": 0.0, "autotile_index": 0.0, "tileset": "tnsp tiles", "coord": [ 2.0, 10.0 ] }, "480_288": { "coord": [ 4.0, 9.0 ], "autotile_index": 0.0, "tileset": "tnsp tiles", "autotile": 0.0 }, "-192_224": { "autotile": 0.0, "autotile_index": 0.0, "tileset": "tnsp tiles", "coord": [ 1.0, 8.0 ] }, "-32_192": { "autotile": 0.0, "autotile_index": 0.0, "tileset": "tnsp tiles", "coord": [ 1.0, 10.0 ] }, "416_256": { "autotile": 0.0, "autotile_index": 0.0, "tileset": "tnsp tiles", "coord": [ 6.0, 9.0 ] }, "-192_320": { "autotile": 0.0, "autotile_index": 0.0, "tileset": "tnsp tiles", "coord": [ 2.0, 9.0 ] }, "672_320": { "autotile": 0.0, "autotile_index": 0.0, "tileset": "tnsp tiles", "coord": [ 4.0, 11.0 ] }, "160_192": { "autotile": 0.0, "autotile_index": 0.0, "tileset": "tnsp tiles", "coord": [ 1.0, 10.0 ] }, "256_288": { "autotile": 0.0, "autotile_index": 0.0, "tileset": "tnsp tiles", "coord": [ 5.0, 10.0 ] }, "224_224": { "autotile": 0.0, "autotile_index": 0.0, "tileset": "tnsp tiles", "coord": [ 4.0, 8.0 ] }, "448_384": { "autotile": 0.0, "autotile_index": 0.0, "tileset": "tnsp tiles", "coord": [ 3.0, 10.0 ] }, "0_192": { "autotile": 0.0, "autotile_index": 0.0, "tileset": "tnsp tiles", "coord": [ 1.0, 10.0 ] }, "64_128": { "autotile": 0.0, "autotile_index": 0.0, "tileset": "tnsp tiles", "coord": [ 1.0, 8.0 ] }, "256_352": { "autotile": 0.0, "autotile_index": 0.0, "tileset": "tnsp tiles", "coord": [ 3.0, 9.0 ] }, "640_256": { "autotile": 0.0, "autotile_index": 0.0, "tileset": "tnsp tiles", "coord": [ 2.0, 8.0 ] }, "416_320": { "autotile": 0.0, "autotile_index": 0.0, "tileset": "tnsp tiles", "coord": [ 6.0, 11.0 ] }, "224_128": { "autotile": 0.0, "autotile_index": 0.0, "tileset": "tnsp tiles", "coord": [ 1.0, 8.0 ] }, "64_288": { "autotile": 0.0, "autotile_index": 0.0, "tileset": "tnsp tiles", "coord": [ 1.0, 8.0 ] }, "-160_224": { "autotile": 0.0, "autotile_index": 0.0, "tileset": "tnsp tiles", "coord": [ 1.0, 8.0 ] }, "672_128": { "autotile": 0.0, "autotile_index": 0.0, "tileset": "tnsp tiles", "coord": [ 3.0, 8.0 ] }, "576_352": { "coord": [ 7.0, 9.0 ], "autotile_index": 0.0, "tileset": "tnsp tiles", "autotile": 0.0 }, "-64_160": { "autotile": 0.0, "autotile_index": 0.0, "tileset": "tnsp tiles", "coord": [ 1.0, 9.0 ] }, "224_192": { "autotile": 0.0, "autotile_index": 0.0, "tileset": "tnsp tiles", "coord": [ 1.0, 10.0 ] }, "608_128": { "autotile": 0.0, "autotile_index": 0.0, "tileset": "tnsp tiles", "coord": [ 1.0, 8.0 ] }, "-64_384": { "autotile": 0.0, "autotile_index": 0.0, "tileset": "tnsp tiles", "coord": [ 3.0, 10.0 ] }, "448_128": { "autotile": 0.0, "autotile_index": 0.0, "tileset": "tnsp tiles", "coord": [ 1.0, 8.0 ] }, "256_192": { "autotile": 0.0, "autotile_index": 0.0, "tileset": "tnsp tiles", "coord": [ 1.0, 10.0 ] }, "128_320": { "autotile": 0.0, "autotile_index": 0.0, "tileset": "tnsp tiles", "coord": [ 3.0, 9.0 ] }, "416_160": { "autotile": 0.0, "autotile_index": 0.0, "tileset": "tnsp tiles", "coord": [ 1.0, 9.0 ] }, "-64_224": { "autotile": 0.0, "autotile_index": 0.0, "tileset": "tnsp tiles", "coord": [ 1.0, 8.0 ] }, "-224_288": { "autotile": 0.0, "autotile_index": 0.0, "tileset": "tnsp tiles", "coord": [ 1.0, 8.0 ] }, "480_256": { "coord": [ 4.0, 8.0 ], "autotile_index": 0.0, "tileset": "tnsp tiles", "autotile": 0.0 }, "288_128": { "autotile": 0.0, "autotile_index": 0.0, "tileset": "tnsp tiles", "coord": [ 1.0, 8.0 ] }, "416_384": { "autotile": 0.0, "autotile_index": 0.0, "tileset": "tnsp tiles", "coord": [ 3.0, 10.0 ] }, "96_352": { "autotile": 0.0, "autotile_index": 0.0, "tileset": "tnsp tiles", "coord": [ 2.0, 10.0 ] }, "160_256": { "autotile": 0.0, "autotile_index": 0.0, "tileset": "tnsp tiles", "coord": [ 1.0, 9.0 ] }, "0_352": { "autotile": 0.0, "autotile_index": 0.0, "tileset": "tnsp tiles", "coord": [ 3.0, 9.0 ] }, "-128_128": { "autotile": 0.0, "autotile_index": 0.0, "tileset": "tnsp tiles", "coord": [ 1.0, 8.0 ] }, "-160_320": { "autotile": 0.0, "autotile_index": 0.0, "tileset": "tnsp tiles", "coord": [ 3.0, 9.0 ] }, "512_224": { "autotile": 0.0, "autotile_index": 0.0, "tileset": "tnsp tiles", "coord": [ 2.0, 8.0 ] }, "-192_160": { "autotile": 0.0, "autotile_index": 0.0, "tileset": "tnsp tiles", "coord": [ 1.0, 9.0 ] }, "192_384": { "autotile": 0.0, "autotile_index": 0.0, "tileset": "tnsp tiles", "coord": [ 3.0, 10.0 ] }, "224_384": { "autotile": 0.0, "autotile_index": 0.0, "tileset": "tnsp tiles", "coord": [ 3.0, 10.0 ] }, "192_256": { "autotile": 0.0, "autotile_index": 0.0, "tileset": "tnsp tiles", "coord": [ 1.0, 9.0 ] }, "160_320": { "autotile": 0.0, "autotile_index": 0.0, "tileset": "tnsp tiles", "coord": [ 3.0, 9.0 ] }, "64_320": { "autotile": 0.0, "autotile_index": 0.0, "tileset": "tnsp tiles", "coord": [ 1.0, 9.0 ] }, "160_384": { "autotile": 0.0, "autotile_index": 0.0, "tileset": "tnsp tiles", "coord": [ 3.0, 10.0 ] }, "64_224": { "autotile": 0.0, "autotile_index": 0.0, "tileset": "tnsp tiles", "coord": [ 1.0, 8.0 ] }, "224_352": { "autotile": 0.0, "autotile_index": 0.0, "tileset": "tnsp tiles", "coord": [ 3.0, 9.0 ] }, "-32_384": { "autotile": 0.0, "autotile_index": 0.0, "tileset": "tnsp tiles", "coord": [ 3.0, 10.0 ] }, "-128_160": { "autotile": 0.0, "autotile_index": 0.0, "tileset": "tnsp tiles", "coord": [ 1.0, 9.0 ] }, "352_224": { "autotile": 0.0, "autotile_index": 0.0, "tileset": "tnsp tiles", "coord": [ 4.0, 8.0 ] }, "320_224": { "autotile": 0.0, "autotile_index": 0.0, "tileset": "tnsp tiles", "coord": [ 7.0, 8.0 ] }, "256_224": { "autotile": 0.0, "autotile_index": 0.0, "tileset": "tnsp tiles", "coord": [ 5.0, 8.0 ] }, "608_192": { "autotile": 0.0, "autotile_index": 0.0, "tileset": "tnsp tiles", "coord": [ 1.0, 8.0 ] }, "384_288": { "autotile": 0.0, "autotile_index": 0.0, "tileset": "tnsp tiles", "coord": [ 5.0, 10.0 ] }, "608_320": { "autotile": 0.0, "autotile_index": 0.0, "tileset": "tnsp tiles", "coord": [ 3.0, 8.0 ] }, "0_128": { "autotile": 0.0, "autotile_index": 0.0, "tileset": "tnsp tiles", "coord": [ 1.0, 8.0 ] }, "320_352": { "autotile": 0.0, "autotile_index": 0.0, "tileset": "tnsp tiles", "coord": [ 3.0, 9.0 ] }, "-160_352": { "autotile": 0.0, "autotile_index": 0.0, "tileset": "tnsp tiles", "coord": [ 3.0, 10.0 ] }, "352_320": { "autotile": 0.0, "autotile_index": 0.0, "tileset": "tnsp tiles", "coord": [ 4.0, 11.0 ] }, "-160_128": { "autotile": 0.0, "autotile_index": 0.0, "tileset": "tnsp tiles", "coord": [ 1.0, 8.0 ] }, "416_352": { "autotile": 0.0, "autotile_index": 0.0, "tileset": "tnsp tiles", "coord": [ 3.0, 9.0 ] }, "352_128": { "autotile": 0.0, "autotile_index": 0.0, "tileset": "tnsp tiles", "coord": [ 1.0, 8.0 ] }, "-128_352": { "autotile": 0.0, "autotile_index": 0.0, "tileset": "tnsp tiles", "coord": [ 3.0, 9.0 ] }, "-64_288": { "autotile": 0.0, "autotile_index": 0.0, "tileset": "tnsp tiles", "coord": [ 1.0, 10.0 ] }, "640_288": { "autotile": 0.0, "autotile_index": 0.0, "tileset": "tnsp tiles", "coord": [ 2.0, 8.0 ] }, "32_256": { "autotile": 0.0, "autotile_index": 0.0, "tileset": "tnsp tiles", "coord": [ 1.0, 9.0 ] }, "672_384": { "autotile": 0.0, "autotile_index": 0.0, "tileset": "tnsp tiles", "coord": [ 3.0, 10.0 ] }, "192_352": { "autotile": 0.0, "autotile_index": 0.0, "tileset": "tnsp tiles", "coord": [ 3.0, 9.0 ] }, "256_160": { "autotile": 0.0, "autotile_index": 0.0, "tileset": "tnsp tiles", "coord": [ 1.0, 9.0 ] }, "96_384": { "autotile": 0.0, "autotile_index": 0.0, "tileset": "tnsp tiles", "coord": [ 3.0, 10.0 ] }, "0_384": { "autotile": 0.0, "autotile_index": 0.0, "tileset": "tnsp tiles", "coord": [ 3.0, 10.0 ] }, "128_192": { "autotile": 0.0, "autotile_index": 0.0, "tileset": "tnsp tiles", "coord": [ 1.0, 10.0 ] }, "256_384": { "autotile": 0.0, "autotile_index": 0.0, "tileset": "tnsp tiles", "coord": [ 3.0, 10.0 ] }, "-64_352": { "autotile": 0.0, "autotile_index": 0.0, "tileset": "tnsp tiles", "coord": [ 3.0, 9.0 ] }, "32_160": { "autotile": 0.0, "autotile_index": 0.0, "tileset": "tnsp tiles", "coord": [ 1.0, 9.0 ] }, "0_224": { "autotile": 0.0, "autotile_index": 0.0, "tileset": "tnsp tiles", "coord": [ 1.0, 8.0 ] }, "608_288": { "autotile": 0.0, "autotile_index": 0.0, "tileset": "tnsp tiles", "coord": [ 1.0, 8.0 ] }, "96_160": { "autotile": 0.0, "autotile_index": 0.0, "tileset": "tnsp tiles", "coord": [ 1.0, 9.0 ] }, "352_384": { "autotile": 0.0, "autotile_index": 0.0, "tileset": "tnsp tiles", "coord": [ 3.0, 10.0 ] }, "288_320": { "autotile": 0.0, "autotile_index": 0.0, "tileset": "tnsp tiles", "coord": [ 6.0, 11.0 ] }, "-32_288": { "autotile": 0.0, "autotile_index": 0.0, "tileset": "tnsp tiles", "coord": [ 1.0, 10.0 ] }, "96_320": { "autotile": 0.0, "autotile_index": 0.0, "tileset": "tnsp tiles", "coord": [ 2.0, 9.0 ] }, "96_128": { "autotile": 0.0, "autotile_index": 0.0, "tileset": "tnsp tiles", "coord": [ 1.0, 8.0 ] }, "160_352": { "autotile": 0.0, "autotile_index": 0.0, "tileset": "tnsp tiles", "coord": [ 3.0, 10.0 ] }, "704_320": { "autotile": 0.0, "autotile_index": 0.0, "tileset": "tnsp tiles", "coord": [ 5.0, 11.0 ] }, "672_160": { "autotile": 0.0, "autotile_index": 0.0, "tileset": "tnsp tiles", "coord": [ 3.0, 8.0 ] }, "-128_256": { "autotile": 0.0, "autotile_index": 0.0, "tileset": "tnsp tiles", "coord": [ 1.0, 9.0 ] }, "288_288": { "autotile": 0.0, "autotile_index": 0.0, "tileset": "tnsp tiles", "coord": [ 6.0, 10.0 ] }, "640_128": { "autotile": 0.0, "autotile_index": 0.0, "tileset": "tnsp tiles", "coord": [ 2.0, 8.0 ] }, "256_320": { "autotile": 0.0, "autotile_index": 0.0, "tileset": "tnsp tiles", "coord": [ 5.0, 11.0 ] }, "384_320": { "autotile": 0.0, "autotile_index": 0.0, "tileset": "tnsp tiles", "coord": [ 5.0, 11.0 ] }, "-96_352": { "autotile": 0.0, "autotile_index": 0.0, "tileset": "tnsp tiles", "coord": [ 3.0, 9.0 ] }, "640_192": { "autotile": 0.0, "autotile_index": 0.0, "tileset": "tnsp tiles", "coord": [ 2.0, 8.0 ] }, "-96_384": { "autotile": 0.0, "autotile_index": 0.0, "tileset": "tnsp tiles", "coord": [ 3.0, 10.0 ] }, "-128_384": { "autotile": 0.0, "autotile_index": 0.0, "tileset": "tnsp tiles", "coord": [ 3.0, 10.0 ] }, "576_256": { "coord": [ 7.0, 8.0 ], "autotile_index": 0.0, "tileset": "tnsp tiles", "autotile": 0.0 }, "-192_256": { "autotile": 0.0, "autotile_index": 0.0, "tileset": "tnsp tiles", "coord": [ 1.0, 9.0 ] }, "384_192": { "autotile": 0.0, "autotile_index": 0.0, "tileset": "tnsp tiles", "coord": [ 1.0, 10.0 ] }, "448_352": { "autotile": 0.0, "autotile_index": 0.0, "tileset": "tnsp tiles", "coord": [ 3.0, 9.0 ] }, "-96_288": { "autotile": 0.0, "autotile_index": 0.0, "tileset": "tnsp tiles", "coord": [ 1.0, 10.0 ] }, "576_224": { "autotile": 0.0, "autotile_index": 0.0, "tileset": "tnsp tiles", "coord": [ 3.0, 8.0 ] }, "-224_384": { "autotile": 0.0, "autotile_index": 0.0, "tileset": "tnsp tiles", "coord": [ 1.0, 10.0 ] }, "608_160": { "autotile": 0.0, "autotile_index": 0.0, "tileset": "tnsp tiles", "coord": [ 1.0, 8.0 ] }, "640_224": { "autotile": 0.0, "autotile_index": 0.0, "tileset": "tnsp tiles", "coord": [ 2.0, 8.0 ] }, "384_256": { "autotile": 0.0, "autotile_index": 0.0, "tileset": "tnsp tiles", "coord": [ 5.0, 9.0 ] }, "128_160": { "autotile": 0.0, "autotile_index": 0.0, "tileset": "tnsp tiles", "coord": [ 1.0, 9.0 ] }, "-224_320": { "autotile": 0.0, "autotile_index": 0.0, "tileset": "tnsp tiles", "coord": [ 1.0, 9.0 ] }, "64_384": { "autotile": 0.0, "autotile_index": 0.0, "tileset": "tnsp tiles", "coord": [ 3.0, 10.0 ] }, "576_320": { "coord": [ 7.0, 10.0 ], "autotile_index": 0.0, "tileset": "tnsp tiles", "autotile": 0.0 }, "-128_224": { "autotile": 0.0, "autotile_index": 0.0, "tileset": "tnsp tiles", "coord": [ 1.0, 8.0 ] }, "-96_224": { "autotile": 0.0, "autotile_index": 0.0, "tileset": "tnsp tiles", "coord": [ 1.0, 8.0 ] }, "352_288": { "autotile": 0.0, "autotile_index": 0.0, "tileset": "tnsp tiles", "coord": [ 4.0, 10.0 ] }, "448_160": { "autotile": 0.0, "autotile_index": 0.0, "tileset": "tnsp tiles", "coord": [ 1.0, 9.0 ] }, "672_224": { "autotile": 0.0, "autotile_index": 0.0, "tileset": "tnsp tiles", "coord": [ 4.0, 10.0 ] }, "96_256": { "autotile": 0.0, "autotile_index": 0.0, "tileset": "tnsp tiles", "coord": [ 1.0, 9.0 ] }, "480_384": { "coord": [ 4.0, 10.0 ], "autotile_index": 0.0, "tileset": "tnsp tiles", "autotile": 0.0 }, "512_256": { "coord": [ 5.0, 8.0 ], "autotile_index": 0.0, "tileset": "tnsp tiles", "autotile": 0.0 }, "160_160": { "autotile": 0.0, "autotile_index": 0.0, "tileset": "tnsp tiles", "coord": [ 1.0, 9.0 ] }, "512_160": { "autotile": 0.0, "autotile_index": 0.0, "tileset": "tnsp tiles", "coord": [ 1.0, 9.0 ] }, "256_256": { "autotile": 0.0, "autotile_index": 0.0, "tileset": "tnsp tiles", "coord": [ 5.0, 9.0 ] }, "384_128": { "autotile": 0.0, "autotile_index": 0.0, "tileset": "tnsp tiles", "coord": [ 1.0, 8.0 ] }, "64_352": { "autotile": 0.0, "autotile_index": 0.0, "tileset": "tnsp tiles", "coord": [ 1.0, 10.0 ] }, "352_256": { "autotile": 0.0, "autotile_index": 0.0, "tileset": "tnsp tiles", "coord": [ 4.0, 9.0 ] }, "32_288": { "autotile": 0.0, "autotile_index": 0.0, "tileset": "tnsp tiles", "coord": [ 1.0, 10.0 ] }, "-64_320": { "autotile": 0.0, "autotile_index": 0.0, "tileset": "tnsp tiles", "coord": [ 3.0, 8.0 ] }, "480_192": { "autotile": 0.0, "autotile_index": 0.0, "tileset": "tnsp tiles", "coord": [ 1.0, 10.0 ] }, "160_128": { "autotile": 0.0, "autotile_index": 0.0, "tileset": "tnsp tiles", "coord": [ 1.0, 8.0 ] }, "448_224": { "autotile": 0.0, "autotile_index": 0.0, "tileset": "tnsp tiles", "coord": [ 7.0, 8.0 ] }, "0_160": { "autotile": 0.0, "autotile_index": 0.0, "tileset": "tnsp tiles", "coord": [ 1.0, 9.0 ] }, "32_352": { "autotile": 0.0, "autotile_index": 0.0, "tileset": "tnsp tiles", "coord": [ 3.0, 9.0 ] }, "384_384": { "autotile": 0.0, "autotile_index": 0.0, "tileset": "tnsp tiles", "coord": [ 3.0, 10.0 ] }, "192_320": { "autotile": 0.0, "autotile_index": 0.0, "tileset": "tnsp tiles", "coord": [ 3.0, 8.0 ] }, "-160_256": { "autotile": 0.0, "autotile_index": 0.0, "tileset": "tnsp tiles", "coord": [ 1.0, 9.0 ] }, "640_160": { "autotile": 0.0, "autotile_index": 0.0, "tileset": "tnsp tiles", "coord": [ 2.0, 8.0 ] }, "544_160": { "autotile": 0.0, "autotile_index": 0.0, "tileset": "tnsp tiles", "coord": [ 1.0, 9.0 ] }, "-32_320": { "autotile": 0.0, "autotile_index": 0.0, "tileset": "tnsp tiles", "coord": [ 3.0, 8.0 ] }, "-128_192": { "autotile": 0.0, "autotile_index": 0.0, "tileset": "tnsp tiles", "coord": [ 1.0, 10.0 ] }, "576_160": { "autotile": 0.0, "autotile_index": 0.0, "tileset": "tnsp tiles", "coord": [ 1.0, 9.0 ] }, "-96_160": { "autotile": 0.0, "autotile_index": 0.0, "tileset": "tnsp tiles", "coord": [ 1.0, 9.0 ] }, "128_352": { "autotile": 0.0, "autotile_index": 0.0, "tileset": "tnsp tiles", "coord": [ 3.0, 10.0 ] }, "0_320": { "autotile": 0.0, "autotile_index": 0.0, "tileset": "tnsp tiles", "coord": [ 3.0, 8.0 ] }, "672_256": { "autotile": 0.0, "autotile_index": 0.0, "tileset": "tnsp tiles", "coord": [ 4.0, 9.0 ] }, "-160_160": { "autotile": 0.0, "autotile_index": 0.0, "tileset": "tnsp tiles", "coord": [ 1.0, 9.0 ] }, "512_192": { "autotile": 0.0, "autotile_index": 0.0, "tileset": "tnsp tiles", "coord": [ 1.0, 10.0 ] }, "224_256": { "autotile": 0.0, "autotile_index": 0.0, "tileset": "tnsp tiles", "coord": [ 4.0, 9.0 ] }, "320_384": { "autotile": 0.0, "autotile_index": 0.0, "tileset": "tnsp tiles", "coord": [ 3.0, 10.0 ] }, "320_160": { "autotile": 0.0, "autotile_index": 0.0, "tileset": "tnsp tiles", "coord": [ 1.0, 9.0 ] }, "0_256": { "autotile": 0.0, "autotile_index": 0.0, "tileset": "tnsp tiles", "coord": [ 1.0, 9.0 ] }, "0_288": { "autotile": 0.0, "autotile_index": 0.0, "tileset": "tnsp tiles", "coord": [ 1.0, 10.0 ] }, "-32_224": { "autotile": 0.0, "autotile_index": 0.0, "tileset": "tnsp tiles", "coord": [ 1.0, 8.0 ] }, "192_192": { "autotile": 0.0, "autotile_index": 0.0, "tileset": "tnsp tiles", "coord": [ 1.0, 10.0 ] }, "256_128": { "autotile": 0.0, "autotile_index": 0.0, "tileset": "tnsp tiles", "coord": [ 1.0, 8.0 ] }, "-192_288": { "autotile": 0.0, "autotile_index": 0.0, "tileset": "tnsp tiles", "coord": [ 1.0, 10.0 ] }, "-160_384": { "autotile": 0.0, "autotile_index": 0.0, "tileset": "tnsp tiles", "coord": [ 3.0, 10.0 ] }, "288_384": { "autotile": 0.0, "autotile_index": 0.0, "tileset": "tnsp tiles", "coord": [ 3.0, 10.0 ] }, "32_320": { "autotile": 0.0, "autotile_index": 0.0, "tileset": "tnsp tiles", "coord": [ 3.0, 8.0 ] }, "-64_128": { "autotile": 0.0, "autotile_index": 0.0, "tileset": "tnsp tiles", "coord": [ 1.0, 8.0 ] }, "320_288": { "autotile": 0.0, "autotile_index": 0.0, "tileset": "tnsp tiles", "coord": [ 7.0, 10.0 ] }, "192_128": { "autotile": 0.0, "autotile_index": 0.0, "tileset": "tnsp tiles", "coord": [ 1.0, 8.0 ] }, "480_320": { "coord": [ 4.0, 10.0 ], "autotile_index": 0.0, "tileset": "tnsp tiles", "autotile": 0.0 }, "96_224": { "autotile": 0.0, "autotile_index": 0.0, "tileset": "tnsp tiles", "coord": [ 1.0, 8.0 ] }, "32_384": { "autotile": 0.0, "autotile_index": 0.0, "tileset": "tnsp tiles", "coord": [ 3.0, 10.0 ] }, "320_256": { "autotile": 0.0, "autotile_index": 0.0, "tileset": "tnsp tiles", "coord": [ 7.0, 9.0 ] }, "-224_352": { "autotile": 0.0, "autotile_index": 0.0, "tileset": "tnsp tiles", "coord": [ 1.0, 10.0 ] }, "352_192": { "autotile": 0.0, "autotile_index": 0.0, "tileset": "tnsp tiles", "coord": [ 1.0, 10.0 ] }, "-96_128": { "autotile": 0.0, "autotile_index": 0.0, "tileset": "tnsp tiles", "coord": [ 1.0, 8.0 ] }, "32_192": { "autotile": 0.0, "autotile_index": 0.0, "tileset": "tnsp tiles", "coord": [ 1.0, 10.0 ] }, "160_288": { "autotile": 0.0, "autotile_index": 0.0, "tileset": "tnsp tiles", "coord": [ 3.0, 8.0 ] }, "480_224": { "autotile": 0.0, "autotile_index": 0.0, "tileset": "tnsp tiles", "coord": [ 1.0, 8.0 ] }, "320_192": { "autotile": 0.0, "autotile_index": 0.0, "tileset": "tnsp tiles", "coord": [ 1.0, 10.0 ] }, "576_128": { "autotile": 0.0, "autotile_index": 0.0, "tileset": "tnsp tiles", "coord": [ 1.0, 8.0 ] }, "352_352": { "autotile": 0.0, "autotile_index": 0.0, "tileset": "tnsp tiles", "coord": [ 3.0, 9.0 ] }, "416_288": { "autotile": 0.0, "autotile_index": 0.0, "tileset": "tnsp tiles", "coord": [ 6.0, 10.0 ] }, "576_192": { "autotile": 0.0, "autotile_index": 0.0, "tileset": "tnsp tiles", "coord": [ 1.0, 10.0 ] }, "128_224": { "autotile": 0.0, "autotile_index": 0.0, "tileset": "tnsp tiles", "coord": [ 1.0, 8.0 ] }, "448_256": { "autotile": 0.0, "autotile_index": 0.0, "tileset": "tnsp tiles", "coord": [ 7.0, 9.0 ] }, "288_224": { "autotile": 0.0, "autotile_index": 0.0, "tileset": "tnsp tiles", "coord": [ 6.0, 8.0 ] }, "-160_192": { "autotile": 0.0, "autotile_index": 0.0, "tileset": "tnsp tiles", "coord": [ 1.0, 10.0 ] }, "544_256": { "coord": [ 6.0, 8.0 ], "autotile_index": 0.0, "tileset": "tnsp tiles", "autotile": 0.0 }, "-160_288": { "autotile": 0.0, "autotile_index": 0.0, "tileset": "tnsp tiles", "coord": [ 1.0, 10.0 ] }, "544_224": { "autotile": 0.0, "autotile_index": 0.0, "tileset": "tnsp tiles", "coord": [ 3.0, 8.0 ] }, "288_160": { "autotile": 0.0, "autotile_index": 0.0, "tileset": "tnsp tiles", "coord": [ 1.0, 9.0 ] }, "64_256": { "autotile": 0.0, "autotile_index": 0.0, "tileset": "tnsp tiles", "coord": [ 1.0, 9.0 ] }, "416_224": { "autotile": 0.0, "autotile_index": 0.0, "tileset": "tnsp tiles", "coord": [ 6.0, 8.0 ] }, "640_320": { "autotile": 0.0, "autotile_index": 0.0, "tileset": "tnsp tiles", "coord": [ 3.0, 8.0 ] }, "224_320": { "autotile": 0.0, "autotile_index": 0.0, "tileset": "tnsp tiles", "coord": [ 4.0, 11.0 ] }, "-64_192": { "autotile": 0.0, "autotile_index": 0.0, "tileset": "tnsp tiles", "coord": [ 1.0, 10.0 ] }, "512_128": { "autotile": 0.0, "autotile_index": 0.0, "tileset": "tnsp tiles", "coord": [ 1.0, 8.0 ] }, "128_128": { "autotile": 0.0, "autotile_index": 0.0, "tileset": "tnsp tiles", "coord": [ 1.0, 8.0 ] }, "320_128": { "autotile": 0.0, "autotile_index": 0.0, "tileset": "tnsp tiles", "coord": [ 1.0, 8.0 ] }, "480_128": { "autotile": 0.0, "autotile_index": 0.0, "tileset": "tnsp tiles", "coord": [ 1.0, 8.0 ] }, "320_320": { "autotile": 0.0, "autotile_index": 0.0, "tileset": "tnsp tiles", "coord": [ 7.0, 11.0 ] }, "288_352": { "autotile": 0.0, "autotile_index": 0.0, "tileset": "tnsp tiles", "coord": [ 3.0, 9.0 ] } } }, "backgrounds": { "5": { "x": 12.0, "scroll_x": 0.65000000000000002220446049250313, "tile_y": 0.0, "hspeed": -20.25, "panic_sprite": -1.0, "scroll_y": 0.0, "y": -2.0, "sprite": "bg_desertcloudH", "tile_x": 1.0, "vspeed": 0.0, "image_speed": 0.0 }, "6": { "x": 3.0, "scroll_x": 0.69999999999999995559107901499374, "tile_y": 1.0, "hspeed": -20.0, "panic_sprite": -1.0, "scroll_y": 0.0, "y": 10.0, "sprite": "bg_tnsp", "tile_x": 1.0, "vspeed": 0.0, "image_speed": 0.0 } }, "properties": { "song": "the non stop pizza", "roomX": -256.0, "levelWidth": 960.0, "roomY": 0.0, "levelHeight": 540.0, "songTransitionTime": 100.0 } }