{ "editorVersion": 5.0, "instances": [ { "layer": 0.0, "deleted": 0.0, "variables": { "x": -832.0, "y": 416.0, "image_xscale": 13.0, "image_yscale": 2.0, "flipX": 0.0, "flipY": 0.0 }, "object": 517.0 }, { "layer": 0.0, "deleted": 0.0, "variables": { "x": -736.0, "y": 320.0, "targetRoom": "room3", "image_xscale": 1.0, "image_yscale": 1.0, "flipX": 0.0, "flipY": 0.0 }, "object": 795.0 }, { "layer": 0.0, "deleted": 0.0, "variables": { "x": -704.0, "y": 384.0, "image_xscale": 1.0, "image_yscale": 1.0, "flipX": 0.0, "flipY": 0.0 }, "object": 805.0 } ], "tile_data": { "5": { "-544_448": { "autotile": 1.0, "autotile_index": 0.0, "tileset": "tnsp tiles", "coord": [ 2, 4 ] }, "-32_448": { "autotile": 1.0, "autotile_index": 0.0, "tileset": "tnsp tiles", "coord": [ 4, 4 ] }, "-256_448": { "autotile": 1.0, "autotile_index": 0.0, "tileset": "tnsp tiles", "coord": [ 4, 4 ] }, "-800_320": { "autotile": 1.0, "autotile_index": 0.0, "tileset": "tnsp tiles", "coord": [ 5, 2 ] }, "-736_448": { "autotile": 1.0, "autotile_index": 0.0, "tileset": "tnsp tiles", "coord": [ 2, 4 ] }, "-704_448": { "autotile": 1.0, "autotile_index": 0.0, "tileset": "tnsp tiles", "coord": [ 3, 4 ] }, "-320_448": { "autotile": 1.0, "autotile_index": 0.0, "tileset": "tnsp tiles", "coord": [ 4, 4 ] }, "-640_416": { "autotile": 1.0, "autotile_index": 0.0, "tileset": "tnsp tiles", "coord": [ 4, 0 ] }, "-160_448": { "autotile": 1.0, "autotile_index": 0.0, "tileset": "tnsp tiles", "coord": [ 3, 4 ] }, "-64_448": { "autotile": 1.0, "autotile_index": 0.0, "tileset": "tnsp tiles", "coord": [ 3, 4 ] }, "-800_448": { "autotile": 1.0, "autotile_index": 0.0, "tileset": "tnsp tiles", "coord": [ 2, 4 ] }, "-800_384": { "autotile": 1.0, "autotile_index": 0.0, "tileset": "tnsp tiles", "coord": [ 5, 3 ] }, "-64_416": { "autotile": 1.0, "autotile_index": 0.0, "tileset": "tnsp tiles", "coord": [ 2, 0 ] }, "-128_416": { "autotile": 1.0, "autotile_index": 0.0, "tileset": "tnsp tiles", "coord": [ 2, 0 ] }, "-288_416": { "autotile": 1.0, "autotile_index": 0.0, "tileset": "tnsp tiles", "coord": [ 3, 0 ] }, "-800_288": { "autotile": 1.0, "autotile_index": 0.0, "tileset": "tnsp tiles", "coord": [ 5, 1 ] }, "-160_416": { "autotile": 1.0, "autotile_index": 0.0, "tileset": "tnsp tiles", "coord": [ 4, 0 ] }, "0_448": { "autotile": 1.0, "autotile_index": 0.0, "tileset": "tnsp tiles", "coord": [ 5, 4 ] }, "-800_224": { "autotile": 1.0, "autotile_index": 0.0, "tileset": "tnsp tiles", "coord": [ 5, 0 ] }, "-128_448": { "autotile": 1.0, "autotile_index": 0.0, "tileset": "tnsp tiles", "coord": [ 3, 4 ] }, "-512_448": { "autotile": 1.0, "autotile_index": 0.0, "tileset": "tnsp tiles", "coord": [ 2, 4 ] }, "-576_416": { "autotile": 1.0, "autotile_index": 0.0, "tileset": "tnsp tiles", "coord": [ 4, 0 ] }, "-832_384": { "autotile": 1.0, "autotile_index": 0.0, "tileset": "tnsp tiles", "coord": [ 1, 1 ] }, "-416_416": { "autotile": 1.0, "autotile_index": 0.0, "tileset": "tnsp tiles", "coord": [ 2, 0 ] }, "-672_416": { "autotile": 1.0, "autotile_index": 0.0, "tileset": "tnsp tiles", "coord": [ 4, 0 ] }, "-448_416": { "autotile": 1.0, "autotile_index": 0.0, "tileset": "tnsp tiles", "coord": [ 3, 0 ] }, "-416_448": { "autotile": 1.0, "autotile_index": 0.0, "tileset": "tnsp tiles", "coord": [ 3, 4 ] }, "-800_416": { "autotile": 1.0, "autotile_index": 0.0, "tileset": "tnsp tiles", "coord": [ 1, 7 ] }, "-192_416": { "autotile": 1.0, "autotile_index": 0.0, "tileset": "tnsp tiles", "coord": [ 3, 0 ] }, "-768_416": { "autotile": 1.0, "autotile_index": 0.0, "tileset": "tnsp tiles", "coord": [ 2, 0 ] }, "-448_448": { "autotile": 1.0, "autotile_index": 0.0, "tileset": "tnsp tiles", "coord": [ 3, 4 ] }, "-96_416": { "autotile": 1.0, "autotile_index": 0.0, "tileset": "tnsp tiles", "coord": [ 2, 0 ] }, "-800_256": { "autotile": 1.0, "autotile_index": 0.0, "tileset": "tnsp tiles", "coord": [ 5, 1 ] }, "-608_416": { "autotile": 1.0, "autotile_index": 0.0, "tileset": "tnsp tiles", "coord": [ 4, 0 ] }, "-384_416": { "autotile": 1.0, "autotile_index": 0.0, "tileset": "tnsp tiles", "coord": [ 3, 0 ] }, "-352_448": { "autotile": 1.0, "autotile_index": 0.0, "tileset": "tnsp tiles", "coord": [ 3, 4 ] }, "-832_448": { "autotile": 1.0, "autotile_index": 0.0, "tileset": "tnsp tiles", "coord": [ 1, 4 ] }, "-512_416": { "autotile": 1.0, "autotile_index": 0.0, "tileset": "tnsp tiles", "coord": [ 2, 0 ] }, "-832_224": { "autotile": 1.0, "autotile_index": 0.0, "tileset": "tnsp tiles", "coord": [ 1, 0 ] }, "-480_416": { "autotile": 1.0, "autotile_index": 0.0, "tileset": "tnsp tiles", "coord": [ 3, 0 ] }, "-576_448": { "autotile": 1.0, "autotile_index": 0.0, "tileset": "tnsp tiles", "coord": [ 2, 4 ] }, "-832_352": { "autotile": 1.0, "autotile_index": 0.0, "tileset": "tnsp tiles", "coord": [ 1, 1 ] }, "-352_416": { "autotile": 1.0, "autotile_index": 0.0, "tileset": "tnsp tiles", "coord": [ 3, 0 ] }, "-96_448": { "autotile": 1.0, "autotile_index": 0.0, "tileset": "tnsp tiles", "coord": [ 4, 4 ] }, "-768_448": { "autotile": 1.0, "autotile_index": 0.0, "tileset": "tnsp tiles", "coord": [ 3, 4 ] }, "-32_416": { "autotile": 1.0, "autotile_index": 0.0, "tileset": "tnsp tiles", "coord": [ 2, 0 ] }, "-384_448": { "autotile": 1.0, "autotile_index": 0.0, "tileset": "tnsp tiles", "coord": [ 4, 4 ] }, "-288_448": { "autotile": 1.0, "autotile_index": 0.0, "tileset": "tnsp tiles", "coord": [ 3, 4 ] }, "-480_448": { "autotile": 1.0, "autotile_index": 0.0, "tileset": "tnsp tiles", "coord": [ 3, 4 ] }, "0_416": { "autotile": 1.0, "autotile_index": 0.0, "tileset": "tnsp tiles", "coord": [ 5, 0 ] }, "-832_288": { "autotile": 1.0, "autotile_index": 0.0, "tileset": "tnsp tiles", "coord": [ 1, 2 ] }, "-544_416": { "autotile": 1.0, "autotile_index": 0.0, "tileset": "tnsp tiles", "coord": [ 2, 0 ] }, "-800_352": { "autotile": 1.0, "autotile_index": 0.0, "tileset": "tnsp tiles", "coord": [ 5, 1 ] }, "-704_416": { "autotile": 1.0, "autotile_index": 0.0, "tileset": "tnsp tiles", "coord": [ 4, 0 ] }, "-224_416": { "autotile": 1.0, "autotile_index": 0.0, "tileset": "tnsp tiles", "coord": [ 3, 0 ] }, "-736_416": { "autotile": 1.0, "autotile_index": 0.0, "tileset": "tnsp tiles", "coord": [ 4, 0 ] }, "-320_416": { "autotile": 1.0, "autotile_index": 0.0, "tileset": "tnsp tiles", "coord": [ 4, 0 ] }, "-832_320": { "autotile": 1.0, "autotile_index": 0.0, "tileset": "tnsp tiles", "coord": [ 1, 2 ] }, "-640_448": { "autotile": 1.0, "autotile_index": 0.0, "tileset": "tnsp tiles", "coord": [ 3, 4 ] }, "-224_448": { "autotile": 1.0, "autotile_index": 0.0, "tileset": "tnsp tiles", "coord": [ 4, 4 ] }, "-192_448": { "autotile": 1.0, "autotile_index": 0.0, "tileset": "tnsp tiles", "coord": [ 4, 4 ] }, "-672_448": { "autotile": 1.0, "autotile_index": 0.0, "tileset": "tnsp tiles", "coord": [ 3, 4 ] }, "-832_256": { "autotile": 1.0, "autotile_index": 0.0, "tileset": "tnsp tiles", "coord": [ 1, 3 ] }, "-832_416": { "autotile": 1.0, "autotile_index": 0.0, "tileset": "tnsp tiles", "coord": [ 1, 2 ] }, "-256_416": { "autotile": 1.0, "autotile_index": 0.0, "tileset": "tnsp tiles", "coord": [ 2, 0 ] }, "-608_448": { "autotile": 1.0, "autotile_index": 0.0, "tileset": "tnsp tiles", "coord": [ 4, 4 ] } } }, "backgrounds": { "5": { "x": 13.0, "scroll_x": 0.65000000000000002220446049250313, "tile_y": 0.0, "hspeed": -20.25, "scroll_y": 0.0, "panic_sprite": -1.0, "y": -1.0, "sprite": "bg_desertcloudH", "tile_x": 1.0, "vspeed": 0.0, "image_speed": 0.0 }, "6": { "x": 3.0, "scroll_x": 0.69999999999999995559107901499374, "tile_y": 1.0, "hspeed": -20.0, "scroll_y": 0.0, "panic_sprite": -1.0, "y": 10.0, "sprite": "bg_desert", "tile_x": 1.0, "vspeed": 0.0, "image_speed": 0.0 } }, "properties": { "songTransitionTime": 100.0, "roomX": -896.0, "levelWidth": 960.0, "roomY": -256.0, "levelHeight": 540.0, "song": "event:\/music\/w2\/saloon" } }