{ "editorVersion": 5.0, "instances": [ { "layer": 0.0, "deleted": 0.0, "variables": { "x": 704.0, "y": 306.0, "image_xscale": 1.0, "image_yscale": 1.0, "escape": "true", "flipX": 0.0, "flipY": 0.0 }, "object": 681.0 }, { "layer": 0.0, "deleted": 0.0, "variables": { "x": 576.0, "flipX": 0.0, "y": -128.0, "flipY": 0.0 }, "object": 746.0 }, { "layer": 0.0, "deleted": 0.0, "variables": { "x": 576.0, "flipX": 0.0, "y": -192.0, "flipY": 0.0 }, "object": 746.0 }, { "layer": 0.0, "deleted": 1.0, "variables": { "x": 832.0, "flipX": 0.0, "y": 64.0, "flipY": 0.0 }, "object": 746.0 }, { "layer": 0.0, "deleted": 0.0, "variables": { "x": 704.0, "y": -109.0, "image_xscale": 1.0, "image_yscale": 1.0, "escape": "true", "flipX": 0.0, "flipY": 0.0 }, "object": 797.0 }, { "layer": 0.0, "deleted": 0.0, "variables": { "x": 896.0, "flipX": 0.0, "y": 64.0, "flipY": 0.0 }, "object": 11.0 }, { "layer": 0.0, "deleted": 0.0, "variables": { "x": 928.0, "flipX": 0.0, "y": 32.0, "flipY": 0.0 }, "object": 11.0 }, { "layer": 0.0, "deleted": 0.0, "variables": { "x": 960.0, "flipX": 0.0, "y": 0.0, "flipY": 0.0 }, "object": 11.0 }, { "layer": 0.0, "deleted": 0.0, "variables": { "x": 992.0, "flipX": 0.0, "y": -32.0, "flipY": 0.0 }, "object": 11.0 }, { "layer": 0.0, "deleted": 0.0, "variables": { "x": 864.0, "y": 320.0, "targetRoom": "room15", "image_xscale": 1.0, "image_yscale": 1.0, "flipX": 0.0, "flipY": 0.0 }, "object": 795.0 }, { "layer": 0.0, "deleted": 0.0, "variables": { "x": 160.0, "flipX": 1.0, "y": 19.0, "flipY": 0.0 }, "object": 212.0 }, { "layer": 0.0, "deleted": 0.0, "variables": { "x": 352.0, "y": 64.0, "image_xscale": 1.0, "image_yscale": 1.0, "flipX": 0.0, "flipY": 0.0 }, "object": 795.0 }, { "layer": 0.0, "deleted": 0.0, "variables": { "x": -64.0, "flipX": 0.0, "y": 32.0, "flipY": 0.0 }, "object": 729.0 }, { "layer": 0.0, "deleted": 0.0, "variables": { "x": -96.0, "flipX": 0.0, "y": 32.0, "flipY": 0.0 }, "object": 729.0 }, { "layer": 0.0, "deleted": 0.0, "variables": { "x": -32.0, "flipX": 0.0, "y": 32.0, "flipY": 0.0 }, "object": 729.0 }, { "layer": 0.0, "deleted": 0.0, "variables": { "x": 0.0, "flipX": 0.0, "y": 32.0, "flipY": 0.0 }, "object": 729.0 }, { "layer": 0.0, "deleted": 0.0, "variables": { "x": 192.0, "flipX": 0.0, "y": 128.0, "flipY": 0.0 }, "object": 617.0 }, { "layer": 0.0, "deleted": 0.0, "variables": { "x": 192.0, "flipX": 0.0, "y": 96.0, "flipY": 0.0 }, "object": 617.0 }, { "layer": 0.0, "deleted": 0.0, "variables": { "x": 640.0, "y": -64.0, "image_xscale": 4.0, "image_yscale": 3.0, "flipX": 0.0, "flipY": 0.0 }, "object": 517.0 }, { "layer": 0.0, "deleted": 0.0, "variables": { "x": 832.0, "y": 128.0, "image_xscale": 6.0, "image_yscale": 3.0, "flipX": 0.0, "flipY": 0.0 }, "object": 517.0 }, { "layer": 0.0, "deleted": 0.0, "variables": { "x": 640.0, "y": 352.0, "image_xscale": 5.0, "image_yscale": 2.0, "flipX": 0.0, "flipY": 0.0 }, "object": 517.0 }, { "layer": 0.0, "deleted": 0.0, "variables": { "x": 576.0, "y": -64.0, "image_xscale": 2.0, "image_yscale": 15.0, "flipX": 0.0, "flipY": 0.0 }, "object": 517.0 }, { "layer": 0.0, "deleted": 0.0, "variables": { "x": 576.0, "y": 416.0, "image_xscale": 16.0, "image_yscale": 2.0, "flipX": 0.0, "flipY": 0.0 }, "object": 517.0 }, { "layer": 0.0, "deleted": 0.0, "variables": { "x": 1024.0, "y": -192.0, "image_xscale": 2.0, "image_yscale": 19.0, "flipX": 0.0, "flipY": 0.0 }, "object": 517.0 }, { "layer": 0.0, "deleted": 0.0, "variables": { "x": -512.0, "y": -256.0, "image_xscale": 50.0, "image_yscale": 2.0, "flipX": 0.0, "flipY": 0.0 }, "object": 517.0 }, { "layer": 0.0, "deleted": 0.0, "variables": { "x": -96.0, "y": -192.0, "image_xscale": 4.0, "image_yscale": 7.0, "flipX": 0.0, "flipY": 0.0 }, "object": 517.0 }, { "layer": 0.0, "deleted": 0.0, "variables": { "x": -96.0, "y": 64.0, "image_xscale": 9.0, "image_yscale": 3.0, "flipX": 0.0, "flipY": 0.0 }, "object": 517.0 }, { "layer": 0.0, "deleted": 0.0, "variables": { "x": -96.0, "y": 160.0, "image_xscale": 21.0, "image_yscale": 10.0, "flipX": 0.0, "flipY": 0.0 }, "object": 517.0 }, { "layer": 0.0, "deleted": 0.0, "variables": { "x": -448.0, "y": 416.0, "image_xscale": 11.0, "image_yscale": 2.0, "flipX": 0.0, "flipY": 0.0 }, "object": 517.0 }, { "layer": 0.0, "deleted": 0.0, "variables": { "x": -512.0, "y": -192.0, "image_xscale": 2.0, "image_yscale": 21.0, "flipX": 0.0, "flipY": 0.0 }, "object": 517.0 }, { "layer": 0.0, "deleted": 0.0, "variables": { "x": 896.0, "y": 0.0, "image_xscale": 4.0, "image_yscale": 4.0, "flipX": 0.0, "flipY": 0.0 }, "object": 516.0 }, { "layer": 0.0, "deleted": 0.0, "variables": { "x": 864.0, "flipX": 0.0, "y": 96.0, "flipY": 0.0 }, "object": 11.0 }, { "layer": 0.0, "deleted": 0.0, "variables": { "x": 96.0, "y": 18.5, "image_xscale": 1.0, "image_yscale": 1.0, "escape": "true", "flipX": 0.0, "flipY": 0.0 }, "object": 667.0 }, { "layer": 0.0, "deleted": 0.0, "variables": { "x": 896.0, "flipX": 0.0, "y": 384.0, "flipY": 0.0 }, "object": 804.0 }, { "layer": 0.0, "deleted": 0.0, "variables": { "x": -224.0, "y": 64.0, "image_xscale": 4.0, "image_yscale": 1.0, "flipX": 0.0, "flipY": 0.0 }, "object": 722.0 } ], "tile_data": { "5": { "448_192": { "autotile": 1.0, "autotile_index": 0.0, "tileset": "tnsp tiles", "coord": [ 3.0, 1.0 ] }, "-32_256": { "coord": [ 3.0, 2.0 ], "autotile_index": 0.0, "tileset": "tnsp tiles", "autotile": 1.0 }, "608_-256": { "autotile": 1.0, "autotile_index": 0.0, "tileset": "tnsp tiles", "coord": [ 3.0, 0.0 ] }, "0_448": { "coord": [ 4.0, 4.0 ], "autotile_index": 0.0, "tileset": "tnsp tiles", "autotile": 1.0 }, "480_352": { "autotile": 1.0, "autotile_index": 0.0, "tileset": "tnsp tiles", "coord": [ 3.0, 2.0 ] }, "960_448": { "autotile": 1.0, "autotile_index": 0.0, "tileset": "tnsp tiles", "coord": [ 3.0, 4.0 ] }, "-512_32": { "autotile": 1.0, "autotile_index": 0.0, "tileset": "tnsp tiles", "coord": [ 1.0, 1.0 ] }, "-96_256": { "coord": [ 1.0, 1.0 ], "autotile_index": 0.0, "tileset": "tnsp tiles", "autotile": 1.0 }, "32_128": { "autotile": 1.0, "autotile_index": 0.0, "tileset": "tnsp tiles", "coord": [ 3.0, 2.0 ] }, "960_128": { "autotile": 1.0, "autotile_index": 0.0, "tileset": "tnsp tiles", "coord": [ 3.0, 2.0 ] }, "64_-256": { "coord": [ 3.0, 0.0 ], "autotile_index": 0.0, "tileset": "tnsp tiles", "autotile": 1.0 }, "-480_32": { "autotile": 1.0, "autotile_index": 0.0, "tileset": "tnsp tiles", "coord": [ 5.0, 2.0 ] }, "288_256": { "autotile": 1.0, "autotile_index": 0.0, "tileset": "tnsp tiles", "coord": [ 3.0, 2.0 ] }, "-192_96": { "coord": [ 7.0, 1.0 ], "autotile_index": 0.0, "tileset": "tnsp tiles", "autotile": 0.0 }, "576_288": { "autotile": 1.0, "autotile_index": 0.0, "tileset": "tnsp tiles", "coord": [ 4.0, 2.0 ] }, "320_416": { "autotile": 1.0, "autotile_index": 0.0, "tileset": "tnsp tiles", "coord": [ 3.0, 3.0 ] }, "576_384": { "autotile": 1.0, "autotile_index": 0.0, "tileset": "tnsp tiles", "coord": [ 3.0, 3.0 ] }, "-64_-192": { "coord": [ 2.0, 2.0 ], "autotile_index": 0.0, "tileset": "tnsp tiles", "autotile": 1.0 }, "672_-64": { "autotile": 1.0, "autotile_index": 0.0, "tileset": "tnsp tiles", "coord": [ 2.0, 0.0 ] }, "-512_-128": { "autotile": 1.0, "autotile_index": 0.0, "tileset": "tnsp tiles", "coord": [ 1.0, 3.0 ] }, "-32_128": { "coord": [ 3.0, 2.0 ], "autotile_index": 0.0, "tileset": "tnsp tiles", "autotile": 1.0 }, "928_192": { "autotile": 1.0, "autotile_index": 0.0, "tileset": "tnsp tiles", "coord": [ 2.0, 4.0 ] }, "992_64": { "autotile": 1.0, "autotile_index": 0.0, "tileset": "tnsp tiles", "coord": [ 2.0, 1.0 ] }, "-480_128": { "autotile": 1.0, "autotile_index": 0.0, "tileset": "tnsp tiles", "coord": [ 5.0, 2.0 ] }, "544_-224": { "autotile": 1.0, "autotile_index": 0.0, "tileset": "tnsp tiles", "coord": [ 4.0, 4.0 ] }, "-512_0": { "autotile": 1.0, "autotile_index": 0.0, "tileset": "tnsp tiles", "coord": [ 1.0, 1.0 ] }, "576_32": { "autotile": 1.0, "autotile_index": 0.0, "tileset": "tnsp tiles", "coord": [ 1.0, 2.0 ] }, "640_-64": { "autotile": 1.0, "autotile_index": 0.0, "tileset": "tnsp tiles", "coord": [ 4.0, 0.0 ] }, "-192_416": { "autotile": 1.0, "autotile_index": 0.0, "tileset": "tnsp tiles", "coord": [ 3.0, 0.0 ] }, "-96_-96": { "coord": [ 1.0, 1.0 ], "autotile_index": 0.0, "tileset": "tnsp tiles", "autotile": 1.0 }, "576_-224": { "autotile": 1.0, "autotile_index": 0.0, "tileset": "tnsp tiles", "coord": [ 2.0, 4.0 ] }, "96_64": { "autotile": 1.0, "autotile_index": 0.0, "tileset": "tnsp tiles", "coord": [ 2.0, 0.0 ] }, "192_288": { "autotile": 1.0, "autotile_index": 0.0, "tileset": "tnsp tiles", "coord": [ 3.0, 2.0 ] }, "128_288": { "autotile": 1.0, "autotile_index": 0.0, "tileset": "tnsp tiles", "coord": [ 3.0, 2.0 ] }, "672_-256": { "autotile": 1.0, "autotile_index": 0.0, "tileset": "tnsp tiles", "coord": [ 4.0, 0.0 ] }, "768_-256": { "autotile": 1.0, "autotile_index": 0.0, "tileset": "tnsp tiles", "coord": [ 4.0, 0.0 ] }, "288_192": { "autotile": 1.0, "autotile_index": 0.0, "tileset": "tnsp tiles", "coord": [ 3.0, 1.0 ] }, "-192_128": { "coord": [ 7.0, 2.0 ], "autotile_index": 0.0, "tileset": "tnsp tiles", "autotile": 0.0 }, "96_448": { "autotile": 1.0, "autotile_index": 0.0, "tileset": "tnsp tiles", "coord": [ 4.0, 4.0 ] }, "128_416": { "autotile": 1.0, "autotile_index": 0.0, "tileset": "tnsp tiles", "coord": [ 3.0, 3.0 ] }, "928_128": { "autotile": 1.0, "autotile_index": 0.0, "tileset": "tnsp tiles", "coord": [ 2.0, 1.0 ] }, "-256_-256": { "autotile": 1.0, "autotile_index": 0.0, "tileset": "tnsp tiles", "coord": [ 3.0, 0.0 ] }, "128_256": { "autotile": 1.0, "autotile_index": 0.0, "tileset": "tnsp tiles", "coord": [ 3.0, 2.0 ] }, "896_128": { "autotile": 0.0, "autotile_index": 0.0, "tileset": "tnsp tiles", "coord": [ 6.0, 4.0 ] }, "-96_192": { "coord": [ 1.0, 3.0 ], "autotile_index": 0.0, "tileset": "tnsp tiles", "autotile": 1.0 }, "-160_416": { "coord": [ 2.0, 0.0 ], "autotile_index": 0.0, "tileset": "tnsp tiles", "autotile": 1.0 }, "416_192": { "autotile": 1.0, "autotile_index": 0.0, "tileset": "tnsp tiles", "coord": [ 3.0, 1.0 ] }, "192_-256": { "autotile": 1.0, "autotile_index": 0.0, "tileset": "tnsp tiles", "coord": [ 3.0, 0.0 ] }, "384_352": { "autotile": 1.0, "autotile_index": 0.0, "tileset": "tnsp tiles", "coord": [ 3.0, 2.0 ] }, "96_288": { "autotile": 1.0, "autotile_index": 0.0, "tileset": "tnsp tiles", "coord": [ 3.0, 2.0 ] }, "-64_256": { "coord": [ 2.0, 2.0 ], "autotile_index": 0.0, "tileset": "tnsp tiles", "autotile": 1.0 }, "896_160": { "autotile": 1.0, "autotile_index": 0.0, "tileset": "tnsp tiles", "coord": [ 3.0, 2.0 ] }, "-384_-224": { "autotile": 1.0, "autotile_index": 0.0, "tileset": "tnsp tiles", "coord": [ 3.0, 4.0 ] }, "-192_448": { "autotile": 1.0, "autotile_index": 0.0, "tileset": "tnsp tiles", "coord": [ 4.0, 4.0 ] }, "608_224": { "autotile": 1.0, "autotile_index": 0.0, "tileset": "tnsp tiles", "coord": [ 5.0, 3.0 ] }, "-32_-64": { "coord": [ 4.0, 2.0 ], "autotile_index": 0.0, "tileset": "tnsp tiles", "autotile": 1.0 }, "-160_64": { "coord": [ 7.0, 0.0 ], "autotile_index": 0.0, "tileset": "tnsp tiles", "autotile": 0.0 }, "96_416": { "autotile": 1.0, "autotile_index": 0.0, "tileset": "tnsp tiles", "coord": [ 3.0, 3.0 ] }, "640_352": { "autotile": 1.0, "autotile_index": 0.0, "tileset": "tnsp tiles", "coord": [ 3.0, 0.0 ] }, "0_-96": { "coord": [ 5.0, 3.0 ], "autotile_index": 0.0, "tileset": "tnsp tiles", "autotile": 1.0 }, "-32_160": { "coord": [ 3.0, 2.0 ], "autotile_index": 0.0, "tileset": "tnsp tiles", "autotile": 1.0 }, "-448_448": { "autotile": 1.0, "autotile_index": 0.0, "tileset": "tnsp tiles", "coord": [ 2.0, 4.0 ] }, "1056_224": { "autotile": 1.0, "autotile_index": 0.0, "tileset": "tnsp tiles", "coord": [ 5.0, 1.0 ] }, "832_-256": { "autotile": 1.0, "autotile_index": 0.0, "tileset": "tnsp tiles", "coord": [ 3.0, 0.0 ] }, "-352_-256": { "autotile": 1.0, "autotile_index": 0.0, "tileset": "tnsp tiles", "coord": [ 2.0, 0.0 ] }, "-32_192": { "coord": [ 3.0, 2.0 ], "autotile_index": 0.0, "tileset": "tnsp tiles", "autotile": 1.0 }, "512_448": { "autotile": 1.0, "autotile_index": 0.0, "tileset": "tnsp tiles", "coord": [ 2.0, 4.0 ] }, "1024_128": { "autotile": 1.0, "autotile_index": 0.0, "tileset": "tnsp tiles", "coord": [ 4.0, 2.0 ] }, "-64_-224": { "coord": [ 2.0, 1.0 ], "autotile_index": 0.0, "tileset": "tnsp tiles", "autotile": 1.0 }, "416_256": { "autotile": 1.0, "autotile_index": 0.0, "tileset": "tnsp tiles", "coord": [ 3.0, 2.0 ] }, "160_64": { "autotile": 1.0, "autotile_index": 0.0, "tileset": "tnsp tiles", "coord": [ 5.0, 0.0 ] }, "-512_416": { "autotile": 1.0, "autotile_index": 0.0, "tileset": "tnsp tiles", "coord": [ 1.0, 1.0 ] }, "160_192": { "autotile": 1.0, "autotile_index": 0.0, "tileset": "tnsp tiles", "coord": [ 3.0, 1.0 ] }, "-96_416": { "coord": [ 3.0, 7.0 ], "autotile_index": 0.0, "tileset": "tnsp tiles", "autotile": 1.0 }, "-32_64": { "coord": [ 4.0, 0.0 ], "autotile_index": 0.0, "tileset": "tnsp tiles", "autotile": 1.0 }, "1056_192": { "autotile": 1.0, "autotile_index": 0.0, "tileset": "tnsp tiles", "coord": [ 5.0, 2.0 ] }, "-96_-160": { "coord": [ 1.0, 2.0 ], "autotile_index": 0.0, "tileset": "tnsp tiles", "autotile": 1.0 }, "-512_-64": { "autotile": 1.0, "autotile_index": 0.0, "tileset": "tnsp tiles", "coord": [ 1.0, 2.0 ] }, "448_384": { "autotile": 1.0, "autotile_index": 0.0, "tileset": "tnsp tiles", "coord": [ 3.0, 2.0 ] }, "64_128": { "autotile": 1.0, "autotile_index": 0.0, "tileset": "tnsp tiles", "coord": [ 3.0, 2.0 ] }, "768_384": { "autotile": 1.0, "autotile_index": 0.0, "tileset": "tnsp tiles", "coord": [ 5.0, 2.0 ] }, "992_416": { "autotile": 1.0, "autotile_index": 0.0, "tileset": "tnsp tiles", "coord": [ 3.0, 0.0 ] }, "1024_448": { "autotile": 1.0, "autotile_index": 0.0, "tileset": "tnsp tiles", "coord": [ 2.0, 4.0 ] }, "416_320": { "autotile": 1.0, "autotile_index": 0.0, "tileset": "tnsp tiles", "coord": [ 3.0, 2.0 ] }, "-480_448": { "autotile": 1.0, "autotile_index": 0.0, "tileset": "tnsp tiles", "coord": [ 4.0, 4.0 ] }, "736_-32": { "autotile": 1.0, "autotile_index": 0.0, "tileset": "tnsp tiles", "coord": [ 5.0, 2.0 ] }, "-32_96": { "coord": [ 3.0, 1.0 ], "autotile_index": 0.0, "tileset": "tnsp tiles", "autotile": 1.0 }, "576_352": { "autotile": 1.0, "autotile_index": 0.0, "tileset": "tnsp tiles", "coord": [ 4.0, 2.0 ] }, "1056_128": { "autotile": 1.0, "autotile_index": 0.0, "tileset": "tnsp tiles", "coord": [ 5.0, 1.0 ] }, "288_416": { "autotile": 1.0, "autotile_index": 0.0, "tileset": "tnsp tiles", "coord": [ 3.0, 3.0 ] }, "32_64": { "coord": [ 4.0, 0.0 ], "autotile_index": 0.0, "tileset": "tnsp tiles", "autotile": 1.0 }, "-320_-224": { "autotile": 1.0, "autotile_index": 0.0, "tileset": "tnsp tiles", "coord": [ 4.0, 4.0 ] }, "896_416": { "autotile": 1.0, "autotile_index": 0.0, "tileset": "tnsp tiles", "coord": [ 3.0, 0.0 ] }, "-64_224": { "coord": [ 2.0, 2.0 ], "autotile_index": 0.0, "tileset": "tnsp tiles", "autotile": 1.0 }, "-416_416": { "autotile": 1.0, "autotile_index": 0.0, "tileset": "tnsp tiles", "coord": [ 2.0, 0.0 ] }, "544_352": { "autotile": 1.0, "autotile_index": 0.0, "tileset": "tnsp tiles", "coord": [ 3.0, 2.0 ] }, "96_352": { "autotile": 1.0, "autotile_index": 0.0, "tileset": "tnsp tiles", "coord": [ 3.0, 2.0 ] }, "-32_448": { "coord": [ 4.0, 4.0 ], "autotile_index": 0.0, "tileset": "tnsp tiles", "autotile": 1.0 }, "832_128": { "autotile": 1.0, "autotile_index": 0.0, "tileset": "tnsp tiles", "coord": [ 1.0, 0.0 ] }, "-416_-256": { "autotile": 1.0, "autotile_index": 0.0, "tileset": "tnsp tiles", "coord": [ 4.0, 0.0 ] }, "224_416": { "autotile": 1.0, "autotile_index": 0.0, "tileset": "tnsp tiles", "coord": [ 3.0, 3.0 ] }, "-96_-128": { "coord": [ 1.0, 3.0 ], "autotile_index": 0.0, "tileset": "tnsp tiles", "autotile": 1.0 }, "-128_128": { "coord": [ 7.0, 2.0 ], "autotile_index": 0.0, "tileset": "tnsp tiles", "autotile": 0.0 }, "512_224": { "autotile": 1.0, "autotile_index": 0.0, "tileset": "tnsp tiles", "coord": [ 3.0, 2.0 ] }, "192_384": { "autotile": 1.0, "autotile_index": 0.0, "tileset": "tnsp tiles", "coord": [ 3.0, 2.0 ] }, "-32_-160": { "coord": [ 4.0, 2.0 ], "autotile_index": 0.0, "tileset": "tnsp tiles", "autotile": 1.0 }, "192_256": { "autotile": 1.0, "autotile_index": 0.0, "tileset": "tnsp tiles", "coord": [ 3.0, 2.0 ] }, "160_320": { "autotile": 1.0, "autotile_index": 0.0, "tileset": "tnsp tiles", "coord": [ 3.0, 2.0 ] }, "800_-256": { "autotile": 1.0, "autotile_index": 0.0, "tileset": "tnsp tiles", "coord": [ 2.0, 0.0 ] }, "672_-32": { "autotile": 1.0, "autotile_index": 0.0, "tileset": "tnsp tiles", "coord": [ 3.0, 2.0 ] }, "64_96": { "autotile": 1.0, "autotile_index": 0.0, "tileset": "tnsp tiles", "coord": [ 3.0, 1.0 ] }, "352_-256": { "autotile": 1.0, "autotile_index": 0.0, "tileset": "tnsp tiles", "coord": [ 4.0, 0.0 ] }, "1024_320": { "autotile": 1.0, "autotile_index": 0.0, "tileset": "tnsp tiles", "coord": [ 1.0, 1.0 ] }, "-32_384": { "coord": [ 3.0, 2.0 ], "autotile_index": 0.0, "tileset": "tnsp tiles", "autotile": 1.0 }, "448_416": { "autotile": 1.0, "autotile_index": 0.0, "tileset": "tnsp tiles", "coord": [ 3.0, 3.0 ] }, "352_224": { "autotile": 1.0, "autotile_index": 0.0, "tileset": "tnsp tiles", "coord": [ 3.0, 2.0 ] }, "1024_32": { "autotile": 1.0, "autotile_index": 0.0, "tileset": "tnsp tiles", "coord": [ 3.0, 2.0 ] }, "320_224": { "autotile": 1.0, "autotile_index": 0.0, "tileset": "tnsp tiles", "coord": [ 3.0, 2.0 ] }, "-512_384": { "autotile": 1.0, "autotile_index": 0.0, "tileset": "tnsp tiles", "coord": [ 1.0, 1.0 ] }, "320_352": { "autotile": 1.0, "autotile_index": 0.0, "tileset": "tnsp tiles", "coord": [ 3.0, 2.0 ] }, "-480_-192": { "autotile": 1.0, "autotile_index": 0.0, "tileset": "tnsp tiles", "coord": [ 5.0, 2.0 ] }, "576_-64": { "autotile": 1.0, "autotile_index": 0.0, "tileset": "tnsp tiles", "coord": [ 1.0, 0.0 ] }, "416_352": { "autotile": 1.0, "autotile_index": 0.0, "tileset": "tnsp tiles", "coord": [ 3.0, 2.0 ] }, "-192_64": { "coord": [ 7.0, 0.0 ], "autotile_index": 0.0, "tileset": "tnsp tiles", "autotile": 0.0 }, "-224_448": { "autotile": 1.0, "autotile_index": 0.0, "tileset": "tnsp tiles", "coord": [ 3.0, 4.0 ] }, "32_256": { "coord": [ 3.0, 2.0 ], "autotile_index": 0.0, "tileset": "tnsp tiles", "autotile": 1.0 }, "928_448": { "autotile": 1.0, "autotile_index": 0.0, "tileset": "tnsp tiles", "coord": [ 3.0, 4.0 ] }, "992_96": { "autotile": 1.0, "autotile_index": 0.0, "tileset": "tnsp tiles", "coord": [ 3.0, 2.0 ] }, "-384_416": { "autotile": 1.0, "autotile_index": 0.0, "tileset": "tnsp tiles", "coord": [ 3.0, 0.0 ] }, "672_384": { "autotile": 1.0, "autotile_index": 0.0, "tileset": "tnsp tiles", "coord": [ 3.0, 1.0 ] }, "640_-224": { "autotile": 1.0, "autotile_index": 0.0, "tileset": "tnsp tiles", "coord": [ 4.0, 4.0 ] }, "256_160": { "autotile": 1.0, "autotile_index": 0.0, "tileset": "tnsp tiles", "coord": [ 3.0, 0.0 ] }, "928_64": { "autotile": 0.0, "autotile_index": 0.0, "tileset": "tnsp tiles", "coord": [ 6.0, 3.0 ] }, "1024_96": { "autotile": 1.0, "autotile_index": 0.0, "tileset": "tnsp tiles", "coord": [ 4.0, 2.0 ] }, "-512_224": { "autotile": 1.0, "autotile_index": 0.0, "tileset": "tnsp tiles", "coord": [ 1.0, 2.0 ] }, "576_-256": { "autotile": 1.0, "autotile_index": 0.0, "tileset": "tnsp tiles", "coord": [ 4.0, 0.0 ] }, "352_448": { "autotile": 1.0, "autotile_index": 0.0, "tileset": "tnsp tiles", "coord": [ 4.0, 4.0 ] }, "0_384": { "coord": [ 3.0, 2.0 ], "autotile_index": 0.0, "tileset": "tnsp tiles", "autotile": 1.0 }, "320_-256": { "autotile": 1.0, "autotile_index": 0.0, "tileset": "tnsp tiles", "coord": [ 3.0, 0.0 ] }, "448_448": { "autotile": 1.0, "autotile_index": 0.0, "tileset": "tnsp tiles", "coord": [ 4.0, 4.0 ] }, "-512_-32": { "autotile": 1.0, "autotile_index": 0.0, "tileset": "tnsp tiles", "coord": [ 1.0, 3.0 ] }, "640_416": { "autotile": 1.0, "autotile_index": 0.0, "tileset": "tnsp tiles", "coord": [ 3.0, 3.0 ] }, "-64_352": { "coord": [ 2.0, 2.0 ], "autotile_index": 0.0, "tileset": "tnsp tiles", "autotile": 1.0 }, "32_160": { "coord": [ 3.0, 2.0 ], "autotile_index": 0.0, "tileset": "tnsp tiles", "autotile": 1.0 }, "0_224": { "coord": [ 3.0, 2.0 ], "autotile_index": 0.0, "tileset": "tnsp tiles", "autotile": 1.0 }, "352_384": { "autotile": 1.0, "autotile_index": 0.0, "tileset": "tnsp tiles", "coord": [ 3.0, 2.0 ] }, "288_320": { "autotile": 1.0, "autotile_index": 0.0, "tileset": "tnsp tiles", "coord": [ 3.0, 2.0 ] }, "-32_288": { "coord": [ 3.0, 2.0 ], "autotile_index": 0.0, "tileset": "tnsp tiles", "autotile": 1.0 }, "-32_-224": { "coord": [ 4.0, 1.0 ], "autotile_index": 0.0, "tileset": "tnsp tiles", "autotile": 1.0 }, "640_0": { "autotile": 1.0, "autotile_index": 0.0, "tileset": "tnsp tiles", "coord": [ 2.0, 4.0 ] }, "0_96": { "coord": [ 3.0, 1.0 ], "autotile_index": 0.0, "tileset": "tnsp tiles", "autotile": 1.0 }, "-224_96": { "coord": [ 6.0, 1.0 ], "autotile_index": 0.0, "tileset": "tnsp tiles", "autotile": 0.0 }, "96_128": { "autotile": 1.0, "autotile_index": 0.0, "tileset": "tnsp tiles", "coord": [ 3.0, 2.0 ] }, "160_352": { "autotile": 1.0, "autotile_index": 0.0, "tileset": "tnsp tiles", "coord": [ 3.0, 2.0 ] }, "224_-224": { "autotile": 1.0, "autotile_index": 0.0, "tileset": "tnsp tiles", "coord": [ 2.0, 4.0 ] }, "-96_96": { "coord": [ 1.0, 2.0 ], "autotile_index": 0.0, "tileset": "tnsp tiles", "autotile": 1.0 }, "-64_64": { "coord": [ 3.0, 0.0 ], "autotile_index": 0.0, "tileset": "tnsp tiles", "autotile": 1.0 }, "704_0": { "autotile": 1.0, "autotile_index": 0.0, "tileset": "tnsp tiles", "coord": [ 2.0, 4.0 ] }, "576_-32": { "autotile": 1.0, "autotile_index": 0.0, "tileset": "tnsp tiles", "coord": [ 1.0, 2.0 ] }, "-32_-256": { "coord": [ 3.0, 0.0 ], "autotile_index": 0.0, "tileset": "tnsp tiles", "autotile": 1.0 }, "288_288": { "autotile": 1.0, "autotile_index": 0.0, "tileset": "tnsp tiles", "coord": [ 3.0, 2.0 ] }, "-416_448": { "autotile": 1.0, "autotile_index": 0.0, "tileset": "tnsp tiles", "coord": [ 2.0, 4.0 ] }, "352_416": { "autotile": 1.0, "autotile_index": 0.0, "tileset": "tnsp tiles", "coord": [ 3.0, 3.0 ] }, "32_-224": { "coord": [ 4.0, 4.0 ], "autotile_index": 0.0, "tileset": "tnsp tiles", "autotile": 1.0 }, "288_448": { "autotile": 1.0, "autotile_index": 0.0, "tileset": "tnsp tiles", "coord": [ 3.0, 4.0 ] }, "-192_-224": { "autotile": 1.0, "autotile_index": 0.0, "tileset": "tnsp tiles", "coord": [ 3.0, 4.0 ] }, "-512_160": { "autotile": 1.0, "autotile_index": 0.0, "tileset": "tnsp tiles", "coord": [ 1.0, 2.0 ] }, "-96_384": { "coord": [ 1.0, 1.0 ], "autotile_index": 0.0, "tileset": "tnsp tiles", "autotile": 1.0 }, "160_96": { "autotile": 1.0, "autotile_index": 0.0, "tileset": "tnsp tiles", "coord": [ 5.0, 1.0 ] }, "160_448": { "autotile": 1.0, "autotile_index": 0.0, "tileset": "tnsp tiles", "coord": [ 4.0, 4.0 ] }, "640_-256": { "autotile": 1.0, "autotile_index": 0.0, "tileset": "tnsp tiles", "coord": [ 2.0, 0.0 ] }, "384_192": { "autotile": 1.0, "autotile_index": 0.0, "tileset": "tnsp tiles", "coord": [ 3.0, 1.0 ] }, "-96_-256": { "coord": [ 4.0, 0.0 ], "autotile_index": 0.0, "tileset": "tnsp tiles", "autotile": 1.0 }, "1056_-224": { "autotile": 1.0, "autotile_index": 0.0, "tileset": "tnsp tiles", "coord": [ 5.0, 1.0 ] }, "864_-256": { "autotile": 1.0, "autotile_index": 0.0, "tileset": "tnsp tiles", "coord": [ 4.0, 0.0 ] }, "576_224": { "autotile": 1.0, "autotile_index": 0.0, "tileset": "tnsp tiles", "coord": [ 4.0, 2.0 ] }, "-96_288": { "coord": [ 1.0, 2.0 ], "autotile_index": 0.0, "tileset": "tnsp tiles", "autotile": 1.0 }, "-224_384": { "autotile": 0.0, "autotile_index": 0.0, "tileset": "tnsp tiles", "coord": [ 6.0, 2.0 ] }, "32_-256": { "coord": [ 4.0, 0.0 ], "autotile_index": 0.0, "tileset": "tnsp tiles", "autotile": 1.0 }, "416_448": { "autotile": 1.0, "autotile_index": 0.0, "tileset": "tnsp tiles", "coord": [ 3.0, 4.0 ] }, "96_-256": { "autotile": 1.0, "autotile_index": 0.0, "tileset": "tnsp tiles", "coord": [ 2.0, 0.0 ] }, "576_0": { "autotile": 1.0, "autotile_index": 0.0, "tileset": "tnsp tiles", "coord": [ 1.0, 2.0 ] }, "992_192": { "autotile": 1.0, "autotile_index": 0.0, "tileset": "tnsp tiles", "coord": [ 2.0, 4.0 ] }, "384_256": { "autotile": 1.0, "autotile_index": 0.0, "tileset": "tnsp tiles", "coord": [ 3.0, 2.0 ] }, "128_160": { "autotile": 1.0, "autotile_index": 0.0, "tileset": "tnsp tiles", "coord": [ 4.0, 2.0 ] }, "-224_320": { "autotile": 0.0, "autotile_index": 0.0, "tileset": "tnsp tiles", "coord": [ 6.0, 1.0 ] }, "352_-224": { "autotile": 1.0, "autotile_index": 0.0, "tileset": "tnsp tiles", "coord": [ 2.0, 4.0 ] }, "64_384": { "autotile": 1.0, "autotile_index": 0.0, "tileset": "tnsp tiles", "coord": [ 3.0, 2.0 ] }, "-512_-160": { "autotile": 1.0, "autotile_index": 0.0, "tileset": "tnsp tiles", "coord": [ 1.0, 3.0 ] }, "352_288": { "autotile": 1.0, "autotile_index": 0.0, "tileset": "tnsp tiles", "coord": [ 3.0, 2.0 ] }, "448_160": { "autotile": 1.0, "autotile_index": 0.0, "tileset": "tnsp tiles", "coord": [ 3.0, 0.0 ] }, "-128_64": { "coord": [ 7.0, 0.0 ], "autotile_index": 0.0, "tileset": "tnsp tiles", "autotile": 0.0 }, "96_256": { "autotile": 1.0, "autotile_index": 0.0, "tileset": "tnsp tiles", "coord": [ 3.0, 2.0 ] }, "480_384": { "autotile": 1.0, "autotile_index": 0.0, "tileset": "tnsp tiles", "coord": [ 3.0, 2.0 ] }, "160_160": { "autotile": 1.0, "autotile_index": 0.0, "tileset": "tnsp tiles", "coord": [ 1.0, 7.0 ] }, "-64_448": { "coord": [ 4.0, 4.0 ], "autotile_index": 0.0, "tileset": "tnsp tiles", "autotile": 1.0 }, "928_-256": { "autotile": 1.0, "autotile_index": 0.0, "tileset": "tnsp tiles", "coord": [ 4.0, 0.0 ] }, "224_-256": { "autotile": 1.0, "autotile_index": 0.0, "tileset": "tnsp tiles", "coord": [ 3.0, 0.0 ] }, "512_160": { "autotile": 1.0, "autotile_index": 0.0, "tileset": "tnsp tiles", "coord": [ 2.0, 0.0 ] }, "1024_224": { "autotile": 1.0, "autotile_index": 0.0, "tileset": "tnsp tiles", "coord": [ 1.0, 3.0 ] }, "-384_-256": { "autotile": 1.0, "autotile_index": 0.0, "tileset": "tnsp tiles", "coord": [ 2.0, 0.0 ] }, "-384_448": { "autotile": 1.0, "autotile_index": 0.0, "tileset": "tnsp tiles", "coord": [ 3.0, 4.0 ] }, "-288_416": { "autotile": 1.0, "autotile_index": 0.0, "tileset": "tnsp tiles", "coord": [ 3.0, 0.0 ] }, "-96_448": { "coord": [ 4.0, 4.0 ], "autotile_index": 0.0, "tileset": "tnsp tiles", "autotile": 1.0 }, "352_256": { "autotile": 1.0, "autotile_index": 0.0, "tileset": "tnsp tiles", "coord": [ 3.0, 2.0 ] }, "512_-256": { "autotile": 1.0, "autotile_index": 0.0, "tileset": "tnsp tiles", "coord": [ 3.0, 0.0 ] }, "-64_320": { "coord": [ 2.0, 2.0 ], "autotile_index": 0.0, "tileset": "tnsp tiles", "autotile": 1.0 }, "896_192": { "autotile": 1.0, "autotile_index": 0.0, "tileset": "tnsp tiles", "coord": [ 2.0, 4.0 ] }, "-352_416": { "autotile": 1.0, "autotile_index": 0.0, "tileset": "tnsp tiles", "coord": [ 4.0, 0.0 ] }, "-64_-128": { "coord": [ 2.0, 2.0 ], "autotile_index": 0.0, "tileset": "tnsp tiles", "autotile": 1.0 }, "256_-256": { "autotile": 1.0, "autotile_index": 0.0, "tileset": "tnsp tiles", "coord": [ 2.0, 0.0 ] }, "1024_288": { "autotile": 1.0, "autotile_index": 0.0, "tileset": "tnsp tiles", "coord": [ 1.0, 3.0 ] }, "448_224": { "autotile": 1.0, "autotile_index": 0.0, "tileset": "tnsp tiles", "coord": [ 3.0, 2.0 ] }, "480_192": { "autotile": 1.0, "autotile_index": 0.0, "tileset": "tnsp tiles", "coord": [ 3.0, 1.0 ] }, "160_128": { "autotile": 1.0, "autotile_index": 0.0, "tileset": "tnsp tiles", "coord": [ 5.0, 3.0 ] }, "0_160": { "coord": [ 3.0, 2.0 ], "autotile_index": 0.0, "tileset": "tnsp tiles", "autotile": 1.0 }, "-224_160": { "autotile": 0.0, "autotile_index": 0.0, "tileset": "tnsp tiles", "coord": [ 6.0, 1.0 ] }, "192_320": { "autotile": 1.0, "autotile_index": 0.0, "tileset": "tnsp tiles", "coord": [ 3.0, 2.0 ] }, "1024_-160": { "autotile": 1.0, "autotile_index": 0.0, "tileset": "tnsp tiles", "coord": [ 1.0, 2.0 ] }, "224_448": { "autotile": 1.0, "autotile_index": 0.0, "tileset": "tnsp tiles", "coord": [ 2.0, 4.0 ] }, "192_416": { "autotile": 1.0, "autotile_index": 0.0, "tileset": "tnsp tiles", "coord": [ 3.0, 3.0 ] }, "-160_-224": { "coord": [ 4.0, 4.0 ], "autotile_index": 0.0, "tileset": "tnsp tiles", "autotile": 1.0 }, "736_384": { "autotile": 1.0, "autotile_index": 0.0, "tileset": "tnsp tiles", "coord": [ 4.0, 1.0 ] }, "992_160": { "autotile": 1.0, "autotile_index": 0.0, "tileset": "tnsp tiles", "coord": [ 3.0, 3.0 ] }, "864_160": { "autotile": 1.0, "autotile_index": 0.0, "tileset": "tnsp tiles", "coord": [ 3.0, 2.0 ] }, "448_-224": { "autotile": 1.0, "autotile_index": 0.0, "tileset": "tnsp tiles", "coord": [ 4.0, 4.0 ] }, "544_160": { "autotile": 1.0, "autotile_index": 0.0, "tileset": "tnsp tiles", "coord": [ 3.0, 0.0 ] }, "-32_416": { "coord": [ 3.0, 3.0 ], "autotile_index": 0.0, "tileset": "tnsp tiles", "autotile": 1.0 }, "1056_320": { "autotile": 1.0, "autotile_index": 0.0, "tileset": "tnsp tiles", "coord": [ 5.0, 3.0 ] }, "992_-256": { "autotile": 1.0, "autotile_index": 0.0, "tileset": "tnsp tiles", "coord": [ 2.0, 0.0 ] }, "-32_320": { "coord": [ 3.0, 2.0 ], "autotile_index": 0.0, "tileset": "tnsp tiles", "autotile": 1.0 }, "-32_-32": { "coord": [ 4.0, 3.0 ], "autotile_index": 0.0, "tileset": "tnsp tiles", "autotile": 1.0 }, "-480_-128": { "autotile": 1.0, "autotile_index": 0.0, "tileset": "tnsp tiles", "coord": [ 5.0, 2.0 ] }, "256_448": { "autotile": 1.0, "autotile_index": 0.0, "tileset": "tnsp tiles", "coord": [ 3.0, 4.0 ] }, "-224_-224": { "autotile": 1.0, "autotile_index": 0.0, "tileset": "tnsp tiles", "coord": [ 4.0, 4.0 ] }, "-480_416": { "autotile": 1.0, "autotile_index": 0.0, "tileset": "tnsp tiles", "coord": [ 1.0, 7.0 ] }, "928_416": { "autotile": 1.0, "autotile_index": 0.0, "tileset": "tnsp tiles", "coord": [ 3.0, 0.0 ] }, "992_32": { "autotile": 0.0, "autotile_index": 0.0, "tileset": "tnsp tiles", "coord": [ 6.0, 4.0 ] }, "128_352": { "autotile": 1.0, "autotile_index": 0.0, "tileset": "tnsp tiles", "coord": [ 3.0, 2.0 ] }, "832_-224": { "autotile": 1.0, "autotile_index": 0.0, "tileset": "tnsp tiles", "coord": [ 2.0, 4.0 ] }, "608_-224": { "autotile": 1.0, "autotile_index": 0.0, "tileset": "tnsp tiles", "coord": [ 4.0, 4.0 ] }, "0_320": { "coord": [ 3.0, 2.0 ], "autotile_index": 0.0, "tileset": "tnsp tiles", "autotile": 1.0 }, "128_448": { "autotile": 1.0, "autotile_index": 0.0, "tileset": "tnsp tiles", "coord": [ 2.0, 4.0 ] }, "512_192": { "autotile": 1.0, "autotile_index": 0.0, "tileset": "tnsp tiles", "coord": [ 3.0, 1.0 ] }, "1024_-64": { "autotile": 1.0, "autotile_index": 0.0, "tileset": "tnsp tiles", "coord": [ 1.0, 3.0 ] }, "320_384": { "autotile": 1.0, "autotile_index": 0.0, "tileset": "tnsp tiles", "coord": [ 3.0, 2.0 ] }, "768_-224": { "autotile": 1.0, "autotile_index": 0.0, "tileset": "tnsp tiles", "coord": [ 2.0, 4.0 ] }, "-480_-96": { "autotile": 1.0, "autotile_index": 0.0, "tileset": "tnsp tiles", "coord": [ 5.0, 1.0 ] }, "320_-224": { "autotile": 1.0, "autotile_index": 0.0, "tileset": "tnsp tiles", "coord": [ 3.0, 4.0 ] }, "1056_-192": { "autotile": 1.0, "autotile_index": 0.0, "tileset": "tnsp tiles", "coord": [ 5.0, 2.0 ] }, "736_448": { "autotile": 1.0, "autotile_index": 0.0, "tileset": "tnsp tiles", "coord": [ 4.0, 4.0 ] }, "0_288": { "coord": [ 3.0, 2.0 ], "autotile_index": 0.0, "tileset": "tnsp tiles", "autotile": 1.0 }, "-416_-224": { "autotile": 1.0, "autotile_index": 0.0, "tileset": "tnsp tiles", "coord": [ 3.0, 4.0 ] }, "32_320": { "coord": [ 3.0, 2.0 ], "autotile_index": 0.0, "tileset": "tnsp tiles", "autotile": 1.0 }, "1056_32": { "autotile": 1.0, "autotile_index": 0.0, "tileset": "tnsp tiles", "coord": [ 5.0, 1.0 ] }, "-480_-32": { "autotile": 1.0, "autotile_index": 0.0, "tileset": "tnsp tiles", "coord": [ 5.0, 1.0 ] }, "-64_128": { "coord": [ 2.0, 2.0 ], "autotile_index": 0.0, "tileset": "tnsp tiles", "autotile": 1.0 }, "32_384": { "coord": [ 3.0, 2.0 ], "autotile_index": 0.0, "tileset": "tnsp tiles", "autotile": 1.0 }, "864_416": { "autotile": 1.0, "autotile_index": 0.0, "tileset": "tnsp tiles", "coord": [ 3.0, 0.0 ] }, "864_-224": { "autotile": 1.0, "autotile_index": 0.0, "tileset": "tnsp tiles", "coord": [ 3.0, 4.0 ] }, "320_256": { "autotile": 1.0, "autotile_index": 0.0, "tileset": "tnsp tiles", "coord": [ 3.0, 2.0 ] }, "256_416": { "autotile": 1.0, "autotile_index": 0.0, "tileset": "tnsp tiles", "coord": [ 3.0, 3.0 ] }, "1056_0": { "autotile": 1.0, "autotile_index": 0.0, "tileset": "tnsp tiles", "coord": [ 5.0, 2.0 ] }, "608_64": { "autotile": 1.0, "autotile_index": 0.0, "tileset": "tnsp tiles", "coord": [ 5.0, 1.0 ] }, "0_64": { "coord": [ 2.0, 0.0 ], "autotile_index": 0.0, "tileset": "tnsp tiles", "autotile": 1.0 }, "32_192": { "coord": [ 3.0, 2.0 ], "autotile_index": 0.0, "tileset": "tnsp tiles", "autotile": 1.0 }, "-320_-256": { "autotile": 1.0, "autotile_index": 0.0, "tileset": "tnsp tiles", "coord": [ 3.0, 0.0 ] }, "1024_-256": { "autotile": 1.0, "autotile_index": 0.0, "tileset": "tnsp tiles", "coord": [ 4.0, 0.0 ] }, "768_416": { "autotile": 1.0, "autotile_index": 0.0, "tileset": "tnsp tiles", "coord": [ 1.0, 7.0 ] }, "480_224": { "autotile": 1.0, "autotile_index": 0.0, "tileset": "tnsp tiles", "coord": [ 3.0, 2.0 ] }, "-480_64": { "autotile": 1.0, "autotile_index": 0.0, "tileset": "tnsp tiles", "coord": [ 5.0, 3.0 ] }, "1024_64": { "autotile": 1.0, "autotile_index": 0.0, "tileset": "tnsp tiles", "coord": [ 4.0, 1.0 ] }, "-96_-32": { "coord": [ 1.0, 3.0 ], "autotile_index": 0.0, "tileset": "tnsp tiles", "autotile": 1.0 }, "1024_352": { "autotile": 1.0, "autotile_index": 0.0, "tileset": "tnsp tiles", "coord": [ 1.0, 1.0 ] }, "384_-256": { "autotile": 1.0, "autotile_index": 0.0, "tileset": "tnsp tiles", "coord": [ 3.0, 0.0 ] }, "960_-224": { "autotile": 1.0, "autotile_index": 0.0, "tileset": "tnsp tiles", "coord": [ 2.0, 4.0 ] }, "960_416": { "autotile": 1.0, "autotile_index": 0.0, "tileset": "tnsp tiles", "coord": [ 3.0, 0.0 ] }, "-352_-224": { "autotile": 1.0, "autotile_index": 0.0, "tileset": "tnsp tiles", "coord": [ 4.0, 4.0 ] }, "288_224": { "autotile": 1.0, "autotile_index": 0.0, "tileset": "tnsp tiles", "coord": [ 3.0, 2.0 ] }, "-480_160": { "autotile": 1.0, "autotile_index": 0.0, "tileset": "tnsp tiles", "coord": [ 5.0, 1.0 ] }, "288_160": { "autotile": 1.0, "autotile_index": 0.0, "tileset": "tnsp tiles", "coord": [ 4.0, 0.0 ] }, "64_256": { "autotile": 1.0, "autotile_index": 0.0, "tileset": "tnsp tiles", "coord": [ 3.0, 2.0 ] }, "416_224": { "autotile": 1.0, "autotile_index": 0.0, "tileset": "tnsp tiles", "coord": [ 3.0, 2.0 ] }, "576_64": { "autotile": 1.0, "autotile_index": 0.0, "tileset": "tnsp tiles", "coord": [ 1.0, 1.0 ] }, "-64_192": { "coord": [ 2.0, 2.0 ], "autotile_index": 0.0, "tileset": "tnsp tiles", "autotile": 1.0 }, "1056_416": { "autotile": 1.0, "autotile_index": 0.0, "tileset": "tnsp tiles", "coord": [ 5.0, 2.0 ] }, "1056_-32": { "autotile": 1.0, "autotile_index": 0.0, "tileset": "tnsp tiles", "coord": [ 5.0, 2.0 ] }, "288_352": { "autotile": 1.0, "autotile_index": 0.0, "tileset": "tnsp tiles", "coord": [ 3.0, 2.0 ] }, "512_-224": { "autotile": 1.0, "autotile_index": 0.0, "tileset": "tnsp tiles", "coord": [ 4.0, 4.0 ] }, "-448_416": { "autotile": 1.0, "autotile_index": 0.0, "tileset": "tnsp tiles", "coord": [ 4.0, 0.0 ] }, "960_96": { "autotile": 1.0, "autotile_index": 0.0, "tileset": "tnsp tiles", "coord": [ 2.0, 1.0 ] }, "480_-256": { "autotile": 1.0, "autotile_index": 0.0, "tileset": "tnsp tiles", "coord": [ 2.0, 0.0 ] }, "960_-256": { "autotile": 1.0, "autotile_index": 0.0, "tileset": "tnsp tiles", "coord": [ 3.0, 0.0 ] }, "-96_320": { "coord": [ 1.0, 2.0 ], "autotile_index": 0.0, "tileset": "tnsp tiles", "autotile": 1.0 }, "-64_0": { "coord": [ 2.0, 4.0 ], "autotile_index": 0.0, "tileset": "tnsp tiles", "autotile": 1.0 }, "32_416": { "coord": [ 3.0, 3.0 ], "autotile_index": 0.0, "tileset": "tnsp tiles", "autotile": 1.0 }, "32_96": { "autotile": 1.0, "autotile_index": 0.0, "tileset": "tnsp tiles", "coord": [ 3.0, 1.0 ] }, "544_192": { "autotile": 1.0, "autotile_index": 0.0, "tileset": "tnsp tiles", "coord": [ 3.0, 1.0 ] }, "448_288": { "autotile": 1.0, "autotile_index": 0.0, "tileset": "tnsp tiles", "coord": [ 3.0, 2.0 ] }, "544_448": { "autotile": 1.0, "autotile_index": 0.0, "tileset": "tnsp tiles", "coord": [ 2.0, 4.0 ] }, "1024_-192": { "autotile": 1.0, "autotile_index": 0.0, "tileset": "tnsp tiles", "coord": [ 1.0, 2.0 ] }, "-288_448": { "autotile": 1.0, "autotile_index": 0.0, "tileset": "tnsp tiles", "coord": [ 4.0, 4.0 ] }, "608_352": { "autotile": 1.0, "autotile_index": 0.0, "tileset": "tnsp tiles", "coord": [ 1.0, 7.0 ] }, "0_0": { "coord": [ 5.0, 4.0 ], "autotile_index": 0.0, "tileset": "tnsp tiles", "autotile": 1.0 }, "-480_-256": { "autotile": 1.0, "autotile_index": 0.0, "tileset": "tnsp tiles", "coord": [ 4.0, 0.0 ] }, "480_160": { "autotile": 1.0, "autotile_index": 0.0, "tileset": "tnsp tiles", "coord": [ 4.0, 0.0 ] }, "544_416": { "autotile": 1.0, "autotile_index": 0.0, "tileset": "tnsp tiles", "coord": [ 3.0, 3.0 ] }, "0_-256": { "coord": [ 2.0, 0.0 ], "autotile_index": 0.0, "tileset": "tnsp tiles", "autotile": 1.0 }, "384_160": { "autotile": 1.0, "autotile_index": 0.0, "tileset": "tnsp tiles", "coord": [ 3.0, 0.0 ] }, "640_448": { "autotile": 1.0, "autotile_index": 0.0, "tileset": "tnsp tiles", "coord": [ 3.0, 4.0 ] }, "800_416": { "autotile": 1.0, "autotile_index": 0.0, "tileset": "tnsp tiles", "coord": [ 4.0, 0.0 ] }, "128_-224": { "autotile": 1.0, "autotile_index": 0.0, "tileset": "tnsp tiles", "coord": [ 2.0, 4.0 ] }, "384_224": { "autotile": 1.0, "autotile_index": 0.0, "tileset": "tnsp tiles", "coord": [ 3.0, 2.0 ] }, "960_64": { "autotile": 0.0, "autotile_index": 0.0, "tileset": "tnsp tiles", "coord": [ 6.0, 4.0 ] }, "544_-256": { "autotile": 1.0, "autotile_index": 0.0, "tileset": "tnsp tiles", "coord": [ 4.0, 0.0 ] }, "0_-32": { "coord": [ 5.0, 1.0 ], "autotile_index": 0.0, "tileset": "tnsp tiles", "autotile": 1.0 }, "160_-256": { "autotile": 1.0, "autotile_index": 0.0, "tileset": "tnsp tiles", "coord": [ 3.0, 0.0 ] }, "1024_160": { "autotile": 1.0, "autotile_index": 0.0, "tileset": "tnsp tiles", "coord": [ 4.0, 3.0 ] }, "800_448": { "autotile": 1.0, "autotile_index": 0.0, "tileset": "tnsp tiles", "coord": [ 4.0, 4.0 ] }, "-192_-256": { "autotile": 1.0, "autotile_index": 0.0, "tileset": "tnsp tiles", "coord": [ 4.0, 0.0 ] }, "192_160": { "autotile": 1.0, "autotile_index": 0.0, "tileset": "tnsp tiles", "coord": [ 4.0, 0.0 ] }, "96_96": { "autotile": 1.0, "autotile_index": 0.0, "tileset": "tnsp tiles", "coord": [ 3.0, 1.0 ] }, "608_384": { "autotile": 1.0, "autotile_index": 0.0, "tileset": "tnsp tiles", "coord": [ 3.0, 1.0 ] }, "608_256": { "autotile": 1.0, "autotile_index": 0.0, "tileset": "tnsp tiles", "coord": [ 5.0, 2.0 ] }, "448_320": { "autotile": 1.0, "autotile_index": 0.0, "tileset": "tnsp tiles", "coord": [ 3.0, 2.0 ] }, "-64_-96": { "coord": [ 2.0, 2.0 ], "autotile_index": 0.0, "tileset": "tnsp tiles", "autotile": 1.0 }, "896_96": { "autotile": 0.0, "autotile_index": 0.0, "tileset": "tnsp tiles", "coord": [ 6.0, 3.0 ] }, "640_384": { "autotile": 1.0, "autotile_index": 0.0, "tileset": "tnsp tiles", "coord": [ 3.0, 1.0 ] }, "64_160": { "autotile": 1.0, "autotile_index": 0.0, "tileset": "tnsp tiles", "coord": [ 3.0, 2.0 ] }, "-224_192": { "autotile": 0.0, "autotile_index": 0.0, "tileset": "tnsp tiles", "coord": [ 6.0, 1.0 ] }, "800_-224": { "autotile": 1.0, "autotile_index": 0.0, "tileset": "tnsp tiles", "coord": [ 2.0, 4.0 ] }, "1056_-96": { "autotile": 1.0, "autotile_index": 0.0, "tileset": "tnsp tiles", "coord": [ 5.0, 3.0 ] }, "-64_-160": { "coord": [ 2.0, 2.0 ], "autotile_index": 0.0, "tileset": "tnsp tiles", "autotile": 1.0 }, "-224_64": { "coord": [ 6.0, 0.0 ], "autotile_index": 0.0, "tileset": "tnsp tiles", "autotile": 0.0 }, "-32_352": { "coord": [ 3.0, 2.0 ], "autotile_index": 0.0, "tileset": "tnsp tiles", "autotile": 1.0 }, "1056_-64": { "autotile": 1.0, "autotile_index": 0.0, "tileset": "tnsp tiles", "coord": [ 5.0, 3.0 ] }, "-480_96": { "autotile": 1.0, "autotile_index": 0.0, "tileset": "tnsp tiles", "coord": [ 5.0, 1.0 ] }, "480_416": { "autotile": 1.0, "autotile_index": 0.0, "tileset": "tnsp tiles", "coord": [ 3.0, 3.0 ] }, "-480_352": { "autotile": 1.0, "autotile_index": 0.0, "tileset": "tnsp tiles", "coord": [ 5.0, 2.0 ] }, "-64_-32": { "coord": [ 2.0, 3.0 ], "autotile_index": 0.0, "tileset": "tnsp tiles", "autotile": 1.0 }, "160_224": { "autotile": 1.0, "autotile_index": 0.0, "tileset": "tnsp tiles", "coord": [ 3.0, 2.0 ] }, "64_192": { "autotile": 1.0, "autotile_index": 0.0, "tileset": "tnsp tiles", "coord": [ 3.0, 2.0 ] }, "224_160": { "autotile": 1.0, "autotile_index": 0.0, "tileset": "tnsp tiles", "coord": [ 4.0, 0.0 ] }, "-352_448": { "autotile": 1.0, "autotile_index": 0.0, "tileset": "tnsp tiles", "coord": [ 3.0, 4.0 ] }, "352_160": { "autotile": 1.0, "autotile_index": 0.0, "tileset": "tnsp tiles", "coord": [ 4.0, 0.0 ] }, "928_160": { "autotile": 1.0, "autotile_index": 0.0, "tileset": "tnsp tiles", "coord": [ 2.0, 3.0 ] }, "384_416": { "autotile": 1.0, "autotile_index": 0.0, "tileset": "tnsp tiles", "coord": [ 3.0, 3.0 ] }, "96_192": { "autotile": 1.0, "autotile_index": 0.0, "tileset": "tnsp tiles", "coord": [ 3.0, 2.0 ] }, "1024_192": { "autotile": 1.0, "autotile_index": 0.0, "tileset": "tnsp tiles", "coord": [ 3.0, 5.0 ] }, "-480_384": { "autotile": 1.0, "autotile_index": 0.0, "tileset": "tnsp tiles", "coord": [ 5.0, 2.0 ] }, "192_224": { "autotile": 1.0, "autotile_index": 0.0, "tileset": "tnsp tiles", "coord": [ 3.0, 2.0 ] }, "224_288": { "autotile": 1.0, "autotile_index": 0.0, "tileset": "tnsp tiles", "coord": [ 3.0, 2.0 ] }, "128_384": { "autotile": 1.0, "autotile_index": 0.0, "tileset": "tnsp tiles", "coord": [ 3.0, 2.0 ] }, "32_224": { "coord": [ 3.0, 2.0 ], "autotile_index": 0.0, "tileset": "tnsp tiles", "autotile": 1.0 }, "672_352": { "autotile": 1.0, "autotile_index": 0.0, "tileset": "tnsp tiles", "coord": [ 3.0, 0.0 ] }, "896_448": { "autotile": 1.0, "autotile_index": 0.0, "tileset": "tnsp tiles", "coord": [ 3.0, 4.0 ] }, "608_416": { "autotile": 1.0, "autotile_index": 0.0, "tileset": "tnsp tiles", "coord": [ 3.0, 3.0 ] }, "576_448": { "autotile": 1.0, "autotile_index": 0.0, "tileset": "tnsp tiles", "coord": [ 2.0, 4.0 ] }, "-480_-160": { "autotile": 1.0, "autotile_index": 0.0, "tileset": "tnsp tiles", "coord": [ 5.0, 2.0 ] }, "480_288": { "autotile": 1.0, "autotile_index": 0.0, "tileset": "tnsp tiles", "coord": [ 3.0, 2.0 ] }, "992_128": { "autotile": 1.0, "autotile_index": 0.0, "tileset": "tnsp tiles", "coord": [ 3.0, 2.0 ] }, "384_-224": { "autotile": 1.0, "autotile_index": 0.0, "tileset": "tnsp tiles", "coord": [ 3.0, 4.0 ] }, "480_448": { "autotile": 1.0, "autotile_index": 0.0, "tileset": "tnsp tiles", "coord": [ 2.0, 4.0 ] }, "1056_-256": { "autotile": 1.0, "autotile_index": 0.0, "tileset": "tnsp tiles", "coord": [ 5.0, 0.0 ] }, "512_288": { "autotile": 1.0, "autotile_index": 0.0, "tileset": "tnsp tiles", "coord": [ 3.0, 2.0 ] }, "-128_-256": { "coord": [ 3.0, 0.0 ], "autotile_index": 0.0, "tileset": "tnsp tiles", "autotile": 1.0 }, "1024_256": { "autotile": 1.0, "autotile_index": 0.0, "tileset": "tnsp tiles", "coord": [ 1.0, 3.0 ] }, "-256_-224": { "autotile": 1.0, "autotile_index": 0.0, "tileset": "tnsp tiles", "coord": [ 2.0, 4.0 ] }, "256_288": { "autotile": 1.0, "autotile_index": 0.0, "tileset": "tnsp tiles", "coord": [ 3.0, 2.0 ] }, "224_224": { "autotile": 1.0, "autotile_index": 0.0, "tileset": "tnsp tiles", "coord": [ 3.0, 2.0 ] }, "0_192": { "coord": [ 3.0, 2.0 ], "autotile_index": 0.0, "tileset": "tnsp tiles", "autotile": 1.0 }, "1024_384": { "autotile": 1.0, "autotile_index": 0.0, "tileset": "tnsp tiles", "coord": [ 1.0, 3.0 ] }, "256_352": { "autotile": 1.0, "autotile_index": 0.0, "tileset": "tnsp tiles", "coord": [ 3.0, 2.0 ] }, "1024_-224": { "autotile": 1.0, "autotile_index": 0.0, "tileset": "tnsp tiles", "coord": [ 3.0, 5.0 ] }, "-256_448": { "autotile": 1.0, "autotile_index": 0.0, "tileset": "tnsp tiles", "coord": [ 2.0, 4.0 ] }, "64_288": { "autotile": 1.0, "autotile_index": 0.0, "tileset": "tnsp tiles", "coord": [ 3.0, 2.0 ] }, "-64_160": { "coord": [ 2.0, 2.0 ], "autotile_index": 0.0, "tileset": "tnsp tiles", "autotile": 1.0 }, "832_448": { "autotile": 1.0, "autotile_index": 0.0, "tileset": "tnsp tiles", "coord": [ 2.0, 4.0 ] }, "832_192": { "autotile": 1.0, "autotile_index": 0.0, "tileset": "tnsp tiles", "coord": [ 1.0, 4.0 ] }, "-288_-256": { "autotile": 1.0, "autotile_index": 0.0, "tileset": "tnsp tiles", "coord": [ 4.0, 0.0 ] }, "224_192": { "autotile": 1.0, "autotile_index": 0.0, "tileset": "tnsp tiles", "coord": [ 3.0, 1.0 ] }, "608_128": { "autotile": 1.0, "autotile_index": 0.0, "tileset": "tnsp tiles", "coord": [ 5.0, 1.0 ] }, "512_352": { "autotile": 1.0, "autotile_index": 0.0, "tileset": "tnsp tiles", "coord": [ 3.0, 2.0 ] }, "-64_384": { "coord": [ 2.0, 2.0 ], "autotile_index": 0.0, "tileset": "tnsp tiles", "autotile": 1.0 }, "-320_448": { "autotile": 1.0, "autotile_index": 0.0, "tileset": "tnsp tiles", "coord": [ 4.0, 4.0 ] }, "1056_160": { "autotile": 1.0, "autotile_index": 0.0, "tileset": "tnsp tiles", "coord": [ 5.0, 1.0 ] }, "-32_-128": { "coord": [ 4.0, 2.0 ], "autotile_index": 0.0, "tileset": "tnsp tiles", "autotile": 1.0 }, "608_0": { "autotile": 1.0, "autotile_index": 0.0, "tileset": "tnsp tiles", "coord": [ 1.0, 5.0 ] }, "256_192": { "autotile": 1.0, "autotile_index": 0.0, "tileset": "tnsp tiles", "coord": [ 3.0, 1.0 ] }, "128_320": { "autotile": 1.0, "autotile_index": 0.0, "tileset": "tnsp tiles", "coord": [ 3.0, 2.0 ] }, "0_-192": { "coord": [ 5.0, 2.0 ], "autotile_index": 0.0, "tileset": "tnsp tiles", "autotile": 1.0 }, "-512_320": { "autotile": 1.0, "autotile_index": 0.0, "tileset": "tnsp tiles", "coord": [ 1.0, 3.0 ] }, "416_160": { "autotile": 1.0, "autotile_index": 0.0, "tileset": "tnsp tiles", "coord": [ 4.0, 0.0 ] }, "1056_256": { "autotile": 1.0, "autotile_index": 0.0, "tileset": "tnsp tiles", "coord": [ 5.0, 3.0 ] }, "-480_0": { "autotile": 1.0, "autotile_index": 0.0, "tileset": "tnsp tiles", "coord": [ 5.0, 2.0 ] }, "480_256": { "autotile": 1.0, "autotile_index": 0.0, "tileset": "tnsp tiles", "coord": [ 3.0, 2.0 ] }, "-224_288": { "autotile": 0.0, "autotile_index": 0.0, "tileset": "tnsp tiles", "coord": [ 6.0, 1.0 ] }, "-32_-96": { "coord": [ 4.0, 2.0 ], "autotile_index": 0.0, "tileset": "tnsp tiles", "autotile": 1.0 }, "192_-224": { "autotile": 1.0, "autotile_index": 0.0, "tileset": "tnsp tiles", "coord": [ 4.0, 4.0 ] }, "416_384": { "autotile": 1.0, "autotile_index": 0.0, "tileset": "tnsp tiles", "coord": [ 3.0, 2.0 ] }, "1056_448": { "autotile": 1.0, "autotile_index": 0.0, "tileset": "tnsp tiles", "coord": [ 5.0, 4.0 ] }, "-448_-256": { "autotile": 1.0, "autotile_index": 0.0, "tileset": "tnsp tiles", "coord": [ 3.0, 0.0 ] }, "544_320": { "autotile": 1.0, "autotile_index": 0.0, "tileset": "tnsp tiles", "coord": [ 3.0, 2.0 ] }, "-96_64": { "coord": [ 1.0, 0.0 ], "autotile_index": 0.0, "tileset": "tnsp tiles", "autotile": 1.0 }, "160_256": { "autotile": 1.0, "autotile_index": 0.0, "tileset": "tnsp tiles", "coord": [ 3.0, 2.0 ] }, "-128_448": { "coord": [ 3.0, 4.0 ], "autotile_index": 0.0, "tileset": "tnsp tiles", "autotile": 1.0 }, "0_352": { "coord": [ 3.0, 2.0 ], "autotile_index": 0.0, "tileset": "tnsp tiles", "autotile": 1.0 }, "320_448": { "autotile": 1.0, "autotile_index": 0.0, "tileset": "tnsp tiles", "coord": [ 4.0, 4.0 ] }, "736_-64": { "autotile": 1.0, "autotile_index": 0.0, "tileset": "tnsp tiles", "coord": [ 5.0, 0.0 ] }, "672_416": { "autotile": 1.0, "autotile_index": 0.0, "tileset": "tnsp tiles", "coord": [ 3.0, 3.0 ] }, "-512_-256": { "autotile": 1.0, "autotile_index": 0.0, "tileset": "tnsp tiles", "coord": [ 1.0, 0.0 ] }, "224_384": { "autotile": 1.0, "autotile_index": 0.0, "tileset": "tnsp tiles", "coord": [ 3.0, 2.0 ] }, "832_416": { "autotile": 1.0, "autotile_index": 0.0, "tileset": "tnsp tiles", "coord": [ 4.0, 0.0 ] }, "1056_288": { "autotile": 1.0, "autotile_index": 0.0, "tileset": "tnsp tiles", "coord": [ 5.0, 1.0 ] }, "608_32": { "autotile": 1.0, "autotile_index": 0.0, "tileset": "tnsp tiles", "coord": [ 5.0, 3.0 ] }, "-160_96": { "coord": [ 7.0, 1.0 ], "autotile_index": 0.0, "tileset": "tnsp tiles", "autotile": 0.0 }, "64_64": { "coord": [ 4.0, 0.0 ], "autotile_index": 0.0, "tileset": "tnsp tiles", "autotile": 1.0 }, "928_96": { "autotile": 0.0, "autotile_index": 0.0, "tileset": "tnsp tiles", "coord": [ 6.0, 4.0 ] }, "64_320": { "autotile": 1.0, "autotile_index": 0.0, "tileset": "tnsp tiles", "coord": [ 3.0, 2.0 ] }, "160_384": { "autotile": 1.0, "autotile_index": 0.0, "tileset": "tnsp tiles", "coord": [ 3.0, 2.0 ] }, "64_224": { "autotile": 1.0, "autotile_index": 0.0, "tileset": "tnsp tiles", "coord": [ 3.0, 2.0 ] }, "704_-32": { "autotile": 1.0, "autotile_index": 0.0, "tileset": "tnsp tiles", "coord": [ 3.0, 2.0 ] }, "64_416": { "autotile": 1.0, "autotile_index": 0.0, "tileset": "tnsp tiles", "coord": [ 3.0, 3.0 ] }, "960_160": { "autotile": 1.0, "autotile_index": 0.0, "tileset": "tnsp tiles", "coord": [ 3.0, 3.0 ] }, "224_352": { "autotile": 1.0, "autotile_index": 0.0, "tileset": "tnsp tiles", "coord": [ 3.0, 2.0 ] }, "-512_128": { "autotile": 1.0, "autotile_index": 0.0, "tileset": "tnsp tiles", "coord": [ 1.0, 1.0 ] }, "-480_224": { "autotile": 1.0, "autotile_index": 0.0, "tileset": "tnsp tiles", "coord": [ 5.0, 1.0 ] }, "704_416": { "autotile": 1.0, "autotile_index": 0.0, "tileset": "tnsp tiles", "coord": [ 3.0, 3.0 ] }, "32_448": { "coord": [ 4.0, 4.0 ], "autotile_index": 0.0, "tileset": "tnsp tiles", "autotile": 1.0 }, "992_-224": { "autotile": 1.0, "autotile_index": 0.0, "tileset": "tnsp tiles", "coord": [ 4.0, 4.0 ] }, "672_448": { "autotile": 1.0, "autotile_index": 0.0, "tileset": "tnsp tiles", "coord": [ 2.0, 4.0 ] }, "-256_416": { "autotile": 1.0, "autotile_index": 0.0, "tileset": "tnsp tiles", "coord": [ 2.0, 0.0 ] }, "256_224": { "autotile": 1.0, "autotile_index": 0.0, "tileset": "tnsp tiles", "coord": [ 3.0, 2.0 ] }, "544_288": { "autotile": 1.0, "autotile_index": 0.0, "tileset": "tnsp tiles", "coord": [ 3.0, 2.0 ] }, "512_416": { "autotile": 1.0, "autotile_index": 0.0, "tileset": "tnsp tiles", "coord": [ 3.0, 3.0 ] }, "384_288": { "autotile": 1.0, "autotile_index": 0.0, "tileset": "tnsp tiles", "coord": [ 3.0, 2.0 ] }, "608_192": { "autotile": 1.0, "autotile_index": 0.0, "tileset": "tnsp tiles", "coord": [ 5.0, 1.0 ] }, "608_320": { "autotile": 1.0, "autotile_index": 0.0, "tileset": "tnsp tiles", "coord": [ 5.0, 1.0 ] }, "0_128": { "coord": [ 3.0, 2.0 ], "autotile_index": 0.0, "tileset": "tnsp tiles", "autotile": 1.0 }, "-224_224": { "autotile": 0.0, "autotile_index": 0.0, "tileset": "tnsp tiles", "coord": [ 6.0, 1.0 ] }, "736_0": { "autotile": 1.0, "autotile_index": 0.0, "tileset": "tnsp tiles", "coord": [ 5.0, 4.0 ] }, "352_320": { "autotile": 1.0, "autotile_index": 0.0, "tileset": "tnsp tiles", "coord": [ 3.0, 2.0 ] }, "-160_128": { "coord": [ 7.0, 2.0 ], "autotile_index": 0.0, "tileset": "tnsp tiles", "autotile": 0.0 }, "-64_288": { "coord": [ 2.0, 2.0 ], "autotile_index": 0.0, "tileset": "tnsp tiles", "autotile": 1.0 }, "768_352": { "autotile": 1.0, "autotile_index": 0.0, "tileset": "tnsp tiles", "coord": [ 5.0, 0.0 ] }, "-480_288": { "autotile": 1.0, "autotile_index": 0.0, "tileset": "tnsp tiles", "coord": [ 5.0, 2.0 ] }, "-448_-224": { "autotile": 1.0, "autotile_index": 0.0, "tileset": "tnsp tiles", "coord": [ 2.0, 4.0 ] }, "192_352": { "autotile": 1.0, "autotile_index": 0.0, "tileset": "tnsp tiles", "coord": [ 3.0, 2.0 ] }, "1056_64": { "autotile": 1.0, "autotile_index": 0.0, "tileset": "tnsp tiles", "coord": [ 5.0, 2.0 ] }, "96_384": { "autotile": 1.0, "autotile_index": 0.0, "tileset": "tnsp tiles", "coord": [ 3.0, 2.0 ] }, "1024_-128": { "autotile": 1.0, "autotile_index": 0.0, "tileset": "tnsp tiles", "coord": [ 1.0, 3.0 ] }, "608_-32": { "autotile": 1.0, "autotile_index": 0.0, "tileset": "tnsp tiles", "coord": [ 3.0, 2.0 ] }, "-64_416": { "coord": [ 2.0, 3.0 ], "autotile_index": 0.0, "tileset": "tnsp tiles", "autotile": 1.0 }, "256_384": { "autotile": 1.0, "autotile_index": 0.0, "tileset": "tnsp tiles", "coord": [ 3.0, 2.0 ] }, "128_192": { "autotile": 1.0, "autotile_index": 0.0, "tileset": "tnsp tiles", "coord": [ 3.0, 3.0 ] }, "-512_288": { "autotile": 1.0, "autotile_index": 0.0, "tileset": "tnsp tiles", "coord": [ 1.0, 1.0 ] }, "-96_0": { "coord": [ 1.0, 4.0 ], "autotile_index": 0.0, "tileset": "tnsp tiles", "autotile": 1.0 }, "-480_256": { "autotile": 1.0, "autotile_index": 0.0, "tileset": "tnsp tiles", "coord": [ 5.0, 3.0 ] }, "384_448": { "autotile": 1.0, "autotile_index": 0.0, "tileset": "tnsp tiles", "coord": [ 4.0, 4.0 ] }, "608_288": { "autotile": 1.0, "autotile_index": 0.0, "tileset": "tnsp tiles", "coord": [ 5.0, 1.0 ] }, "96_160": { "autotile": 1.0, "autotile_index": 0.0, "tileset": "tnsp tiles", "coord": [ 3.0, 2.0 ] }, "-64_96": { "coord": [ 2.0, 1.0 ], "autotile_index": 0.0, "tileset": "tnsp tiles", "autotile": 1.0 }, "928_-224": { "autotile": 1.0, "autotile_index": 0.0, "tileset": "tnsp tiles", "coord": [ 4.0, 4.0 ] }, "416_416": { "autotile": 1.0, "autotile_index": 0.0, "tileset": "tnsp tiles", "coord": [ 3.0, 3.0 ] }, "96_320": { "autotile": 1.0, "autotile_index": 0.0, "tileset": "tnsp tiles", "coord": [ 3.0, 2.0 ] }, "-224_128": { "autotile": 0.0, "autotile_index": 0.0, "tileset": "tnsp tiles", "coord": [ 6.0, 1.0 ] }, "608_448": { "autotile": 1.0, "autotile_index": 0.0, "tileset": "tnsp tiles", "coord": [ 2.0, 4.0 ] }, "288_-256": { "autotile": 1.0, "autotile_index": 0.0, "tileset": "tnsp tiles", "coord": [ 2.0, 0.0 ] }, "1024_-96": { "autotile": 1.0, "autotile_index": 0.0, "tileset": "tnsp tiles", "coord": [ 1.0, 3.0 ] }, "192_448": { "autotile": 1.0, "autotile_index": 0.0, "tileset": "tnsp tiles", "coord": [ 4.0, 4.0 ] }, "-512_192": { "autotile": 1.0, "autotile_index": 0.0, "tileset": "tnsp tiles", "coord": [ 1.0, 1.0 ] }, "-96_-224": { "coord": [ 3.0, 5.0 ], "autotile_index": 0.0, "tileset": "tnsp tiles", "autotile": 1.0 }, "128_64": { "autotile": 1.0, "autotile_index": 0.0, "tileset": "tnsp tiles", "coord": [ 3.0, 0.0 ] }, "256_320": { "autotile": 1.0, "autotile_index": 0.0, "tileset": "tnsp tiles", "coord": [ 3.0, 2.0 ] }, "-160_448": { "coord": [ 4.0, 4.0 ], "autotile_index": 0.0, "tileset": "tnsp tiles", "autotile": 1.0 }, "384_320": { "autotile": 1.0, "autotile_index": 0.0, "tileset": "tnsp tiles", "coord": [ 3.0, 2.0 ] }, "-288_-224": { "autotile": 1.0, "autotile_index": 0.0, "tileset": "tnsp tiles", "coord": [ 4.0, 4.0 ] }, "-512_96": { "autotile": 1.0, "autotile_index": 0.0, "tileset": "tnsp tiles", "coord": [ 1.0, 1.0 ] }, "-96_352": { "coord": [ 1.0, 3.0 ], "autotile_index": 0.0, "tileset": "tnsp tiles", "autotile": 1.0 }, "-128_416": { "coord": [ 4.0, 0.0 ], "autotile_index": 0.0, "tileset": "tnsp tiles", "autotile": 1.0 }, "-32_0": { "coord": [ 4.0, 4.0 ], "autotile_index": 0.0, "tileset": "tnsp tiles", "autotile": 1.0 }, "576_256": { "autotile": 1.0, "autotile_index": 0.0, "tileset": "tnsp tiles", "coord": [ 4.0, 2.0 ] }, "64_-224": { "coord": [ 2.0, 4.0 ], "autotile_index": 0.0, "tileset": "tnsp tiles", "autotile": 1.0 }, "-512_-192": { "autotile": 1.0, "autotile_index": 0.0, "tileset": "tnsp tiles", "coord": [ 1.0, 2.0 ] }, "704_384": { "autotile": 1.0, "autotile_index": 0.0, "tileset": "tnsp tiles", "coord": [ 3.0, 1.0 ] }, "544_384": { "autotile": 1.0, "autotile_index": 0.0, "tileset": "tnsp tiles", "coord": [ 3.0, 2.0 ] }, "-320_416": { "autotile": 1.0, "autotile_index": 0.0, "tileset": "tnsp tiles", "coord": [ 2.0, 0.0 ] }, "448_352": { "autotile": 1.0, "autotile_index": 0.0, "tileset": "tnsp tiles", "coord": [ 3.0, 2.0 ] }, "864_128": { "autotile": 1.0, "autotile_index": 0.0, "tileset": "tnsp tiles", "coord": [ 3.0, 0.0 ] }, "1056_352": { "autotile": 1.0, "autotile_index": 0.0, "tileset": "tnsp tiles", "coord": [ 5.0, 1.0 ] }, "704_352": { "autotile": 1.0, "autotile_index": 0.0, "tileset": "tnsp tiles", "coord": [ 2.0, 0.0 ] }, "0_-128": { "coord": [ 5.0, 2.0 ], "autotile_index": 0.0, "tileset": "tnsp tiles", "autotile": 1.0 }, "576_96": { "autotile": 1.0, "autotile_index": 0.0, "tileset": "tnsp tiles", "coord": [ 1.0, 3.0 ] }, "64_448": { "autotile": 1.0, "autotile_index": 0.0, "tileset": "tnsp tiles", "coord": [ 3.0, 4.0 ] }, "416_-224": { "autotile": 1.0, "autotile_index": 0.0, "tileset": "tnsp tiles", "coord": [ 4.0, 4.0 ] }, "0_-224": { "coord": [ 1.0, 5.0 ], "autotile_index": 0.0, "tileset": "tnsp tiles", "autotile": 1.0 }, "1056_384": { "autotile": 1.0, "autotile_index": 0.0, "tileset": "tnsp tiles", "coord": [ 5.0, 3.0 ] }, "608_160": { "autotile": 1.0, "autotile_index": 0.0, "tileset": "tnsp tiles", "coord": [ 5.0, 1.0 ] }, "1024_0": { "autotile": 0.0, "autotile_index": 0.0, "tileset": "tnsp tiles", "coord": [ 6.0, 4.0 ] }, "704_448": { "autotile": 1.0, "autotile_index": 0.0, "tileset": "tnsp tiles", "coord": [ 3.0, 4.0 ] }, "-480_320": { "autotile": 1.0, "autotile_index": 0.0, "tileset": "tnsp tiles", "coord": [ 5.0, 3.0 ] }, "0_-64": { "coord": [ 5.0, 2.0 ], "autotile_index": 0.0, "tileset": "tnsp tiles", "autotile": 1.0 }, "0_416": { "coord": [ 3.0, 3.0 ], "autotile_index": 0.0, "tileset": "tnsp tiles", "autotile": 1.0 }, "704_-224": { "autotile": 1.0, "autotile_index": 0.0, "tileset": "tnsp tiles", "coord": [ 3.0, 4.0 ] }, "576_320": { "autotile": 1.0, "autotile_index": 0.0, "tileset": "tnsp tiles", "coord": [ 4.0, 2.0 ] }, "-480_192": { "autotile": 1.0, "autotile_index": 0.0, "tileset": "tnsp tiles", "coord": [ 5.0, 2.0 ] }, "416_-256": { "autotile": 1.0, "autotile_index": 0.0, "tileset": "tnsp tiles", "coord": [ 4.0, 0.0 ] }, "832_160": { "autotile": 1.0, "autotile_index": 0.0, "tileset": "tnsp tiles", "coord": [ 1.0, 1.0 ] }, "-96_224": { "coord": [ 1.0, 2.0 ], "autotile_index": 0.0, "tileset": "tnsp tiles", "autotile": 1.0 }, "-64_-64": { "coord": [ 2.0, 2.0 ], "autotile_index": 0.0, "tileset": "tnsp tiles", "autotile": 1.0 }, "-224_256": { "autotile": 0.0, "autotile_index": 0.0, "tileset": "tnsp tiles", "coord": [ 6.0, 1.0 ] }, "512_256": { "autotile": 1.0, "autotile_index": 0.0, "tileset": "tnsp tiles", "coord": [ 3.0, 2.0 ] }, "96_-224": { "autotile": 1.0, "autotile_index": 0.0, "tileset": "tnsp tiles", "coord": [ 3.0, 4.0 ] }, "-480_-224": { "autotile": 1.0, "autotile_index": 0.0, "tileset": "tnsp tiles", "coord": [ 1.0, 5.0 ] }, "512_320": { "autotile": 1.0, "autotile_index": 0.0, "tileset": "tnsp tiles", "coord": [ 3.0, 2.0 ] }, "672_0": { "autotile": 1.0, "autotile_index": 0.0, "tileset": "tnsp tiles", "coord": [ 3.0, 4.0 ] }, "256_256": { "autotile": 1.0, "autotile_index": 0.0, "tileset": "tnsp tiles", "coord": [ 3.0, 2.0 ] }, "-32_-192": { "coord": [ 4.0, 2.0 ], "autotile_index": 0.0, "tileset": "tnsp tiles", "autotile": 1.0 }, "1024_416": { "autotile": 1.0, "autotile_index": 0.0, "tileset": "tnsp tiles", "coord": [ 3.0, 7.0 ] }, "-96_-192": { "coord": [ 1.0, 1.0 ], "autotile_index": 0.0, "tileset": "tnsp tiles", "autotile": 1.0 }, "64_352": { "autotile": 1.0, "autotile_index": 0.0, "tileset": "tnsp tiles", "coord": [ 3.0, 2.0 ] }, "576_416": { "autotile": 1.0, "autotile_index": 0.0, "tileset": "tnsp tiles", "coord": [ 3.0, 3.0 ] }, "992_0": { "autotile": 0.0, "autotile_index": 0.0, "tileset": "tnsp tiles", "coord": [ 6.0, 3.0 ] }, "32_288": { "coord": [ 3.0, 2.0 ], "autotile_index": 0.0, "tileset": "tnsp tiles", "autotile": 1.0 }, "672_-224": { "autotile": 1.0, "autotile_index": 0.0, "tileset": "tnsp tiles", "coord": [ 4.0, 4.0 ] }, "704_-64": { "autotile": 1.0, "autotile_index": 0.0, "tileset": "tnsp tiles", "coord": [ 2.0, 0.0 ] }, "-512_-96": { "autotile": 1.0, "autotile_index": 0.0, "tileset": "tnsp tiles", "coord": [ 1.0, 2.0 ] }, "32_352": { "coord": [ 3.0, 2.0 ], "autotile_index": 0.0, "tileset": "tnsp tiles", "autotile": 1.0 }, "384_384": { "autotile": 1.0, "autotile_index": 0.0, "tileset": "tnsp tiles", "coord": [ 3.0, 2.0 ] }, "-128_96": { "coord": [ 7.0, 1.0 ], "autotile_index": 0.0, "tileset": "tnsp tiles", "autotile": 0.0 }, "896_-256": { "autotile": 1.0, "autotile_index": 0.0, "tileset": "tnsp tiles", "coord": [ 4.0, 0.0 ] }, "864_448": { "autotile": 1.0, "autotile_index": 0.0, "tileset": "tnsp tiles", "coord": [ 2.0, 4.0 ] }, "-160_-256": { "coord": [ 4.0, 0.0 ], "autotile_index": 0.0, "tileset": "tnsp tiles", "autotile": 1.0 }, "704_-256": { "autotile": 1.0, "autotile_index": 0.0, "tileset": "tnsp tiles", "coord": [ 3.0, 0.0 ] }, "960_192": { "autotile": 1.0, "autotile_index": 0.0, "tileset": "tnsp tiles", "coord": [ 2.0, 4.0 ] }, "-128_-224": { "coord": [ 4.0, 4.0 ], "autotile_index": 0.0, "tileset": "tnsp tiles", "autotile": 1.0 }, "768_448": { "autotile": 1.0, "autotile_index": 0.0, "tileset": "tnsp tiles", "coord": [ 2.0, 4.0 ] }, "576_160": { "autotile": 1.0, "autotile_index": 0.0, "tileset": "tnsp tiles", "coord": [ 3.0, 7.0 ] }, "1024_-32": { "autotile": 1.0, "autotile_index": 0.0, "tileset": "tnsp tiles", "coord": [ 1.0, 2.0 ] }, "864_192": { "autotile": 1.0, "autotile_index": 0.0, "tileset": "tnsp tiles", "coord": [ 2.0, 4.0 ] }, "992_448": { "autotile": 1.0, "autotile_index": 0.0, "tileset": "tnsp tiles", "coord": [ 3.0, 4.0 ] }, "-96_160": { "coord": [ 1.0, 1.0 ], "autotile_index": 0.0, "tileset": "tnsp tiles", "autotile": 1.0 }, "160_416": { "autotile": 1.0, "autotile_index": 0.0, "tileset": "tnsp tiles", "coord": [ 3.0, 3.0 ] }, "608_-64": { "autotile": 1.0, "autotile_index": 0.0, "tileset": "tnsp tiles", "coord": [ 2.0, 0.0 ] }, "-512_352": { "autotile": 1.0, "autotile_index": 0.0, "tileset": "tnsp tiles", "coord": [ 1.0, 2.0 ] }, "-224_-256": { "autotile": 1.0, "autotile_index": 0.0, "tileset": "tnsp tiles", "coord": [ 2.0, 0.0 ] }, "-512_256": { "autotile": 1.0, "autotile_index": 0.0, "tileset": "tnsp tiles", "coord": [ 1.0, 3.0 ] }, "448_-256": { "autotile": 1.0, "autotile_index": 0.0, "tileset": "tnsp tiles", "coord": [ 4.0, 0.0 ] }, "512_384": { "autotile": 1.0, "autotile_index": 0.0, "tileset": "tnsp tiles", "coord": [ 3.0, 2.0 ] }, "640_-32": { "autotile": 1.0, "autotile_index": 0.0, "tileset": "tnsp tiles", "coord": [ 3.0, 2.0 ] }, "224_256": { "autotile": 1.0, "autotile_index": 0.0, "tileset": "tnsp tiles", "coord": [ 3.0, 2.0 ] }, "-512_448": { "autotile": 1.0, "autotile_index": 0.0, "tileset": "tnsp tiles", "coord": [ 1.0, 4.0 ] }, "0_-160": { "coord": [ 5.0, 2.0 ], "autotile_index": 0.0, "tileset": "tnsp tiles", "autotile": 1.0 }, "320_160": { "autotile": 1.0, "autotile_index": 0.0, "tileset": "tnsp tiles", "coord": [ 3.0, 0.0 ] }, "0_256": { "coord": [ 3.0, 2.0 ], "autotile_index": 0.0, "tileset": "tnsp tiles", "autotile": 1.0 }, "-32_224": { "coord": [ 3.0, 2.0 ], "autotile_index": 0.0, "tileset": "tnsp tiles", "autotile": 1.0 }, "192_192": { "autotile": 1.0, "autotile_index": 0.0, "tileset": "tnsp tiles", "coord": [ 3.0, 1.0 ] }, "736_352": { "autotile": 1.0, "autotile_index": 0.0, "tileset": "tnsp tiles", "coord": [ 3.0, 0.0 ] }, "608_96": { "autotile": 1.0, "autotile_index": 0.0, "tileset": "tnsp tiles", "coord": [ 5.0, 1.0 ] }, "256_-224": { "autotile": 1.0, "autotile_index": 0.0, "tileset": "tnsp tiles", "coord": [ 3.0, 4.0 ] }, "1056_96": { "autotile": 1.0, "autotile_index": 0.0, "tileset": "tnsp tiles", "coord": [ 5.0, 1.0 ] }, "288_384": { "autotile": 1.0, "autotile_index": 0.0, "tileset": "tnsp tiles", "coord": [ 3.0, 2.0 ] }, "-480_-64": { "autotile": 1.0, "autotile_index": 0.0, "tileset": "tnsp tiles", "coord": [ 5.0, 3.0 ] }, "128_96": { "autotile": 1.0, "autotile_index": 0.0, "tileset": "tnsp tiles", "coord": [ 4.0, 1.0 ] }, "896_-224": { "autotile": 1.0, "autotile_index": 0.0, "tileset": "tnsp tiles", "coord": [ 2.0, 4.0 ] }, "320_288": { "autotile": 1.0, "autotile_index": 0.0, "tileset": "tnsp tiles", "coord": [ 3.0, 2.0 ] }, "480_320": { "autotile": 1.0, "autotile_index": 0.0, "tileset": "tnsp tiles", "coord": [ 3.0, 2.0 ] }, "96_224": { "autotile": 1.0, "autotile_index": 0.0, "tileset": "tnsp tiles", "coord": [ 3.0, 2.0 ] }, "1056_-128": { "autotile": 1.0, "autotile_index": 0.0, "tileset": "tnsp tiles", "coord": [ 5.0, 2.0 ] }, "480_-224": { "autotile": 1.0, "autotile_index": 0.0, "tileset": "tnsp tiles", "coord": [ 2.0, 4.0 ] }, "-224_352": { "autotile": 0.0, "autotile_index": 0.0, "tileset": "tnsp tiles", "coord": [ 6.0, 1.0 ] }, "288_-224": { "autotile": 1.0, "autotile_index": 0.0, "tileset": "tnsp tiles", "coord": [ 4.0, 4.0 ] }, "352_192": { "autotile": 1.0, "autotile_index": 0.0, "tileset": "tnsp tiles", "coord": [ 3.0, 1.0 ] }, "-224_416": { "autotile": 1.0, "autotile_index": 0.0, "tileset": "tnsp tiles", "coord": [ 2.0, 0.0 ] }, "1056_-160": { "autotile": 1.0, "autotile_index": 0.0, "tileset": "tnsp tiles", "coord": [ 5.0, 1.0 ] }, "-96_128": { "coord": [ 1.0, 3.0 ], "autotile_index": 0.0, "tileset": "tnsp tiles", "autotile": 1.0 }, "160_288": { "autotile": 1.0, "autotile_index": 0.0, "tileset": "tnsp tiles", "coord": [ 3.0, 2.0 ] }, "-512_64": { "autotile": 1.0, "autotile_index": 0.0, "tileset": "tnsp tiles", "coord": [ 1.0, 2.0 ] }, "960_32": { "autotile": 0.0, "autotile_index": 0.0, "tileset": "tnsp tiles", "coord": [ 6.0, 3.0 ] }, "128_-256": { "autotile": 1.0, "autotile_index": 0.0, "tileset": "tnsp tiles", "coord": [ 2.0, 0.0 ] }, "320_192": { "autotile": 1.0, "autotile_index": 0.0, "tileset": "tnsp tiles", "coord": [ 3.0, 1.0 ] }, "576_128": { "autotile": 1.0, "autotile_index": 0.0, "tileset": "tnsp tiles", "coord": [ 1.0, 3.0 ] }, "352_352": { "autotile": 1.0, "autotile_index": 0.0, "tileset": "tnsp tiles", "coord": [ 3.0, 2.0 ] }, "736_-224": { "autotile": 1.0, "autotile_index": 0.0, "tileset": "tnsp tiles", "coord": [ 4.0, 4.0 ] }, "416_288": { "autotile": 1.0, "autotile_index": 0.0, "tileset": "tnsp tiles", "coord": [ 3.0, 2.0 ] }, "-512_-224": { "autotile": 1.0, "autotile_index": 0.0, "tileset": "tnsp tiles", "coord": [ 1.0, 1.0 ] }, "-96_-64": { "coord": [ 1.0, 1.0 ], "autotile_index": 0.0, "tileset": "tnsp tiles", "autotile": 1.0 }, "736_-256": { "autotile": 1.0, "autotile_index": 0.0, "tileset": "tnsp tiles", "coord": [ 3.0, 0.0 ] }, "576_192": { "autotile": 1.0, "autotile_index": 0.0, "tileset": "tnsp tiles", "coord": [ 4.0, 1.0 ] }, "128_224": { "autotile": 1.0, "autotile_index": 0.0, "tileset": "tnsp tiles", "coord": [ 3.0, 2.0 ] }, "736_416": { "autotile": 1.0, "autotile_index": 0.0, "tileset": "tnsp tiles", "coord": [ 4.0, 3.0 ] }, "448_256": { "autotile": 1.0, "autotile_index": 0.0, "tileset": "tnsp tiles", "coord": [ 3.0, 2.0 ] }, "544_256": { "autotile": 1.0, "autotile_index": 0.0, "tileset": "tnsp tiles", "coord": [ 3.0, 2.0 ] }, "544_224": { "autotile": 1.0, "autotile_index": 0.0, "tileset": "tnsp tiles", "coord": [ 3.0, 2.0 ] }, "224_320": { "autotile": 1.0, "autotile_index": 0.0, "tileset": "tnsp tiles", "coord": [ 3.0, 2.0 ] }, "160_-224": { "autotile": 1.0, "autotile_index": 0.0, "tileset": "tnsp tiles", "coord": [ 2.0, 4.0 ] }, "-64_-256": { "coord": [ 4.0, 0.0 ], "autotile_index": 0.0, "tileset": "tnsp tiles", "autotile": 1.0 }, "128_128": { "autotile": 1.0, "autotile_index": 0.0, "tileset": "tnsp tiles", "coord": [ 4.0, 2.0 ] }, "320_320": { "autotile": 1.0, "autotile_index": 0.0, "tileset": "tnsp tiles", "coord": [ 3.0, 2.0 ] } } }, "backgrounds": { "5": { "x": 12.0, "scroll_x": 0.65000000000000002220446049250313, "tile_y": 0.0, "hspeed": -20.25, "panic_sprite": -1.0, "scroll_y": 0.0, "y": -2.0, "sprite": "bg_desertcloudH", "tile_x": 1.0, "vspeed": 0.0, "image_speed": 0.0 }, "6": { "x": 3.0, "scroll_x": 0.69999999999999995559107901499374, "tile_y": 1.0, "hspeed": -20.0, "panic_sprite": -1.0, "scroll_y": 0.0, "y": 10.0, "sprite": "bg_tnsp", "tile_x": 1.0, "vspeed": 0.0, "image_speed": 0.0 } }, "properties": { "songTransitionTime": 100.0, "roomX": -576.0, "levelWidth": 1152.0, "roomY": -320.0, "levelHeight": 540.0, "song": "the non stop pizza" } }