{ "editorVersion": 5.0, "instances": [ { "layer": 0.0, "deleted": 0.0, "variables": { "x": 320.0, "y": 64.0, "image_xscale": 1.0, "image_yscale": 1.0, "flipX": 0.0, "flipY": 0.0 }, "object": 270.0 }, { "layer": 0.0, "deleted": 0.0, "variables": { "x": 192.0, "flipX": 0.0, "y": 64.0, "flipY": 0.0 }, "object": 248.0 }, { "layer": 0.0, "deleted": 0.0, "variables": { "x": 832.0, "flipX": 0.0, "y": 192.0, "flipY": 0.0 }, "object": 250.0 }, { "layer": 0.0, "deleted": 0.0, "variables": { "x": 1344.0, "flipX": 0.0, "y": 96.0, "flipY": 0.0 }, "object": 250.0 }, { "layer": 0.0, "deleted": 0.0, "variables": { "x": 128.0, "y": 128.0, "image_xscale": 8.0, "image_yscale": 9.0, "flipX": 0.0, "flipY": 0.0 }, "object": 517.0 }, { "layer": 0.0, "deleted": 0.0, "variables": { "x": 384.0, "flipX": 0.0, "y": 96.0, "flipY": 0.0 }, "object": 752.0 }, { "layer": 0.0, "deleted": 0.0, "variables": { "x": 512.0, "flipX": 0.0, "y": 128.0, "flipY": 0.0 }, "object": 752.0 }, { "layer": 0.0, "deleted": 0.0, "variables": { "x": 640.0, "flipX": 0.0, "y": 160.0, "flipY": 0.0 }, "object": 752.0 }, { "layer": 0.0, "deleted": 0.0, "variables": { "x": 768.0, "flipX": 0.0, "y": 192.0, "flipY": 0.0 }, "object": 752.0 }, { "layer": 0.0, "deleted": 0.0, "variables": { "x": 928.0, "flipX": 0.0, "y": 192.0, "flipY": 0.0 }, "object": 752.0 }, { "layer": 0.0, "deleted": 0.0, "variables": { "x": 1056.0, "flipX": 0.0, "y": 160.0, "flipY": 0.0 }, "object": 752.0 }, { "layer": 0.0, "deleted": 0.0, "variables": { "x": 1184.0, "flipX": 0.0, "y": 128.0, "flipY": 0.0 }, "object": 752.0 }, { "layer": 0.0, "deleted": 0.0, "variables": { "x": 1312.0, "flipX": 0.0, "y": 96.0, "flipY": 0.0 }, "object": 752.0 }, { "layer": 0.0, "deleted": 0.0, "variables": { "x": 576.0, "flipX": 0.0, "y": 160.0, "flipY": 0.0 }, "object": 763.0 }, { "layer": 0.0, "deleted": 0.0, "variables": { "x": 1120.0, "flipX": 0.0, "y": 160.0, "flipY": 0.0 }, "object": 763.0 }, { "layer": 0.0, "deleted": 0.0, "variables": { "x": 1472.0, "flipX": 0.0, "y": 128.0, "flipY": 0.0 }, "object": 763.0 }, { "layer": 0.0, "deleted": 0.0, "variables": { "x": 1632.0, "y": 96.0, "targetRoom": "room7", "image_xscale": 1.0, "secret": "true", "image_yscale": 1.0, "flipX": 0.0, "flipY": 0.0 }, "object": 98.0 }, { "layer": 0.0, "deleted": 0.0, "variables": { "x": 1536.0, "flipX": 0.0, "y": 128.0, "flipY": 0.0 }, "object": 763.0 }, { "layer": 0.0, "deleted": 0.0, "variables": { "x": 128.0, "y": 416.0, "image_xscale": 50.0, "image_yscale": 4.0, "flipX": 0.0, "flipY": 0.0 }, "object": 517.0 }, { "layer": 0.0, "deleted": 0.0, "variables": { "x": 1344.0, "y": 160.0, "image_xscale": 12.0, "image_yscale": 8.0, "flipX": 0.0, "flipY": 0.0 }, "object": 517.0 }, { "layer": 0.0, "deleted": 0.0, "variables": { "x": 1728.0, "y": -256.0, "image_xscale": 4.0, "image_yscale": 25.0, "flipX": 0.0, "flipY": 0.0 }, "object": 517.0 }, { "layer": 0.0, "deleted": 0.0, "variables": { "x": 128.0, "y": -256.0, "image_xscale": 50.0, "image_yscale": 4.0, "flipX": 0.0, "flipY": 0.0 }, "object": 517.0 }, { "layer": 0.0, "deleted": 0.0, "variables": { "x": 0.0, "y": -256.0, "image_xscale": 4.0, "image_yscale": 25.0, "flipX": 0.0, "flipY": 0.0 }, "object": 517.0 }, { "layer": 0.0, "deleted": 0.0, "variables": { "x": 768.0, "y": 256.0, "image_xscale": 4.0, "image_yscale": 5.0, "flipX": 0.0, "flipY": 0.0 }, "object": 517.0 }, { "layer": 0.0, "deleted": 0.0, "variables": { "x": 832.0, "y": -128.0, "image_xscale": 2.0, "image_yscale": 9.0, "flipX": 0.0, "flipY": 0.0 }, "object": 517.0 }, { "layer": 0.0, "deleted": 0.0, "variables": { "x": 1280.0, "y": -128.0, "image_xscale": 4.0, "image_yscale": 6.0, "flipX": 0.0, "flipY": 0.0 }, "object": 517.0 } ], "tile_data": { "5": { "768_512": { "autotile": 1.0, "autotile_index": 0.0, "tileset": "tile_secret", "coord": [ 3.0, 3.0 ] }, "1536_512": { "autotile": 1.0, "autotile_index": 0.0, "tileset": "tile_secret", "coord": [ 3.0, 3.0 ] }, "160_288": { "autotile": 1.0, "autotile_index": 0.0, "tileset": "tile_secret", "coord": [ 3.0, 3.0 ] }, "640_-192": { "autotile": 1.0, "autotile_index": 0.0, "tileset": "tile_secret", "coord": [ 3.0, 4.0 ] }, "992_-224": { "autotile": 1.0, "autotile_index": 0.0, "tileset": "tile_secret", "coord": [ 3.0, 3.0 ] }, "1440_512": { "autotile": 1.0, "autotile_index": 0.0, "tileset": "tile_secret", "coord": [ 3.0, 3.0 ] }, "1408_-192": { "coord": [ 3.0, 4.0 ], "autotile_index": 0.0, "tileset": "tile_secret", "autotile": 1.0 }, "1120_448": { "autotile": 1.0, "autotile_index": 0.0, "tileset": "tile_secret", "coord": [ 3.0, 2.0 ] }, "1280_448": { "coord": [ 3.0, 2.0 ], "autotile_index": 0.0, "tileset": "tile_secret", "autotile": 1.0 }, "1280_-192": { "coord": [ 3.0, 4.0 ], "autotile_index": 0.0, "tileset": "tile_secret", "autotile": 1.0 }, "1312_416": { "coord": [ 4.0, 1.0 ], "autotile_index": 0.0, "tileset": "tile_secret", "autotile": 1.0 }, "1280_-224": { "autotile": 1.0, "autotile_index": 0.0, "tileset": "tile_secret", "coord": [ 3.0, 3.0 ] }, "640_416": { "autotile": 1.0, "autotile_index": 0.0, "tileset": "tile_secret", "coord": [ 4.0, 1.0 ] }, "96_-96": { "autotile": 1.0, "autotile_index": 0.0, "tileset": "tile_secret", "coord": [ 5.0, 4.0 ] }, "1376_288": { "coord": [ 2.0, 3.0 ], "autotile_index": 0.0, "tileset": "tile_secret", "autotile": 1.0 }, "1664_320": { "coord": [ 3.0, 3.0 ], "autotile_index": 0.0, "tileset": "tile_secret", "autotile": 1.0 }, "1568_-192": { "autotile": 1.0, "autotile_index": 0.0, "tileset": "tile_secret", "coord": [ 3.0, 4.0 ] }, "1792_96": { "autotile": 1.0, "autotile_index": 0.0, "tileset": "tile_secret", "coord": [ 3.0, 3.0 ] }, "512_-224": { "autotile": 1.0, "autotile_index": 0.0, "tileset": "tile_secret", "coord": [ 3.0, 3.0 ] }, "1440_256": { "coord": [ 3.0, 3.0 ], "autotile_index": 0.0, "tileset": "tile_secret", "autotile": 1.0 }, "1280_512": { "autotile": 1.0, "autotile_index": 0.0, "tileset": "tile_secret", "coord": [ 3.0, 3.0 ] }, "1728_-32": { "autotile": 1.0, "autotile_index": 0.0, "tileset": "tile_secret", "coord": [ 1.0, 2.0 ] }, "96_448": { "autotile": 1.0, "autotile_index": 0.0, "tileset": "tile_secret", "coord": [ 3.0, 3.0 ] }, "672_-256": { "autotile": 1.0, "autotile_index": 0.0, "tileset": "tile_secret", "coord": [ 3.0, 3.0 ] }, "1632_480": { "autotile": 1.0, "autotile_index": 0.0, "tileset": "tile_secret", "coord": [ 3.0, 3.0 ] }, "288_448": { "autotile": 1.0, "autotile_index": 0.0, "tileset": "tile_secret", "coord": [ 3.0, 3.0 ] }, "0_-32": { "autotile": 1.0, "autotile_index": 0.0, "tileset": "tile_secret", "coord": [ 3.0, 3.0 ] }, "160_352": { "autotile": 1.0, "autotile_index": 0.0, "tileset": "tile_secret", "coord": [ 3.0, 3.0 ] }, "1696_352": { "coord": [ 3.0, 3.0 ], "autotile_index": 0.0, "tileset": "tile_secret", "autotile": 1.0 }, "1536_-160": { "autotile": 1.0, "autotile_index": 0.0, "tileset": "tile_secret", "coord": [ 2.0, 5.0 ] }, "1344_192": { "coord": [ 1.0, 2.0 ], "autotile_index": 0.0, "tileset": "tile_secret", "autotile": 1.0 }, "928_-256": { "autotile": 1.0, "autotile_index": 0.0, "tileset": "tile_secret", "coord": [ 3.0, 3.0 ] }, "800_-224": { "autotile": 1.0, "autotile_index": 0.0, "tileset": "tile_secret", "coord": [ 3.0, 3.0 ] }, "64_416": { "autotile": 1.0, "autotile_index": 0.0, "tileset": "tile_secret", "coord": [ 3.0, 3.0 ] }, "1184_512": { "autotile": 1.0, "autotile_index": 0.0, "tileset": "tile_secret", "coord": [ 3.0, 3.0 ] }, "736_448": { "coord": [ 3.0, 2.0 ], "autotile_index": 0.0, "tileset": "tile_secret", "autotile": 1.0 }, "1152_-160": { "autotile": 1.0, "autotile_index": 0.0, "tileset": "tile_secret", "coord": [ 2.0, 5.0 ] }, "1440_224": { "coord": [ 3.0, 3.0 ], "autotile_index": 0.0, "tileset": "tile_secret", "autotile": 1.0 }, "672_-192": { "autotile": 1.0, "autotile_index": 0.0, "tileset": "tile_secret", "coord": [ 3.0, 4.0 ] }, "1664_160": { "coord": [ 4.0, 1.0 ], "autotile_index": 0.0, "tileset": "tile_secret", "autotile": 1.0 }, "1120_-192": { "autotile": 1.0, "autotile_index": 0.0, "tileset": "tile_secret", "coord": [ 3.0, 4.0 ] }, "1728_-64": { "autotile": 1.0, "autotile_index": 0.0, "tileset": "tile_secret", "coord": [ 1.0, 2.0 ] }, "160_448": { "autotile": 1.0, "autotile_index": 0.0, "tileset": "tile_secret", "coord": [ 3.0, 3.0 ] }, "1664_288": { "coord": [ 3.0, 3.0 ], "autotile_index": 0.0, "tileset": "tile_secret", "autotile": 1.0 }, "864_288": { "coord": [ 5.0, 4.0 ], "autotile_index": 0.0, "tileset": "tile_secret", "autotile": 1.0 }, "1632_416": { "coord": [ 3.0, 3.0 ], "autotile_index": 0.0, "tileset": "tile_secret", "autotile": 1.0 }, "1376_512": { "autotile": 1.0, "autotile_index": 0.0, "tileset": "tile_secret", "coord": [ 3.0, 3.0 ] }, "1280_-128": { "coord": [ 1.0, 2.0 ], "autotile_index": 0.0, "tileset": "tile_secret", "autotile": 1.0 }, "1792_-128": { "autotile": 1.0, "autotile_index": 0.0, "tileset": "tile_secret", "coord": [ 3.0, 3.0 ] }, "1248_-224": { "autotile": 1.0, "autotile_index": 0.0, "tileset": "tile_secret", "coord": [ 3.0, 3.0 ] }, "224_320": { "autotile": 1.0, "autotile_index": 0.0, "tileset": "tile_secret", "coord": [ 3.0, 3.0 ] }, "64_64": { "autotile": 1.0, "autotile_index": 0.0, "tileset": "tile_secret", "coord": [ 4.0, 3.0 ] }, "0_448": { "autotile": 1.0, "autotile_index": 0.0, "tileset": "tile_secret", "coord": [ 3.0, 3.0 ] }, "1568_288": { "coord": [ 3.0, 3.0 ], "autotile_index": 0.0, "tileset": "tile_secret", "autotile": 1.0 }, "1664_-160": { "autotile": 1.0, "autotile_index": 0.0, "tileset": "tile_secret", "coord": [ 2.0, 5.0 ] }, "1408_352": { "coord": [ 3.0, 3.0 ], "autotile_index": 0.0, "tileset": "tile_secret", "autotile": 1.0 }, "768_-160": { "coord": [ 2.0, 5.0 ], "autotile_index": 0.0, "tileset": "tile_secret", "autotile": 1.0 }, "864_64": { "coord": [ 5.0, 4.0 ], "autotile_index": 0.0, "tileset": "tile_secret", "autotile": 1.0 }, "576_480": { "autotile": 1.0, "autotile_index": 0.0, "tileset": "tile_secret", "coord": [ 3.0, 3.0 ] }, "1600_320": { "coord": [ 3.0, 3.0 ], "autotile_index": 0.0, "tileset": "tile_secret", "autotile": 1.0 }, "32_-192": { "autotile": 1.0, "autotile_index": 0.0, "tileset": "tile_secret", "coord": [ 3.0, 3.0 ] }, "0_384": { "autotile": 1.0, "autotile_index": 0.0, "tileset": "tile_secret", "coord": [ 3.0, 3.0 ] }, "416_480": { "autotile": 1.0, "autotile_index": 0.0, "tileset": "tile_secret", "coord": [ 3.0, 3.0 ] }, "1056_-224": { "autotile": 1.0, "autotile_index": 0.0, "tileset": "tile_secret", "coord": [ 3.0, 3.0 ] }, "640_-256": { "autotile": 1.0, "autotile_index": 0.0, "tileset": "tile_secret", "coord": [ 3.0, 3.0 ] }, "1184_480": { "autotile": 1.0, "autotile_index": 0.0, "tileset": "tile_secret", "coord": [ 3.0, 3.0 ] }, "1376_384": { "coord": [ 2.0, 3.0 ], "autotile_index": 0.0, "tileset": "tile_secret", "autotile": 1.0 }, "96_-160": { "autotile": 1.0, "autotile_index": 0.0, "tileset": "tile_secret", "coord": [ 2.0, 7.0 ] }, "1824_288": { "autotile": 1.0, "autotile_index": 0.0, "tileset": "tile_secret", "coord": [ 3.0, 3.0 ] }, "192_-256": { "autotile": 1.0, "autotile_index": 0.0, "tileset": "tile_secret", "coord": [ 3.0, 3.0 ] }, "96_192": { "autotile": 1.0, "autotile_index": 0.0, "tileset": "tile_secret", "coord": [ 3.0, 3.0 ] }, "1664_512": { "autotile": 1.0, "autotile_index": 0.0, "tileset": "tile_secret", "coord": [ 3.0, 3.0 ] }, "1088_512": { "autotile": 1.0, "autotile_index": 0.0, "tileset": "tile_secret", "coord": [ 3.0, 3.0 ] }, "832_512": { "autotile": 1.0, "autotile_index": 0.0, "tileset": "tile_secret", "coord": [ 3.0, 3.0 ] }, "1664_384": { "coord": [ 3.0, 3.0 ], "autotile_index": 0.0, "tileset": "tile_secret", "autotile": 1.0 }, "832_256": { "coord": [ 4.0, 1.0 ], "autotile_index": 0.0, "tileset": "tile_secret", "autotile": 1.0 }, "800_512": { "autotile": 1.0, "autotile_index": 0.0, "tileset": "tile_secret", "coord": [ 3.0, 3.0 ] }, "224_352": { "autotile": 1.0, "autotile_index": 0.0, "tileset": "tile_secret", "coord": [ 3.0, 3.0 ] }, "1312_0": { "coord": [ 2.0, 4.0 ], "autotile_index": 0.0, "tileset": "tile_secret", "autotile": 1.0 }, "64_-96": { "autotile": 1.0, "autotile_index": 0.0, "tileset": "tile_secret", "coord": [ 4.0, 3.0 ] }, "256_256": { "autotile": 1.0, "autotile_index": 0.0, "tileset": "tile_secret", "coord": [ 3.0, 3.0 ] }, "1152_512": { "autotile": 1.0, "autotile_index": 0.0, "tileset": "tile_secret", "coord": [ 3.0, 3.0 ] }, "224_160": { "autotile": 1.0, "autotile_index": 0.0, "tileset": "tile_secret", "coord": [ 3.0, 2.0 ] }, "608_448": { "autotile": 1.0, "autotile_index": 0.0, "tileset": "tile_secret", "coord": [ 3.0, 2.0 ] }, "96_416": { "autotile": 1.0, "autotile_index": 0.0, "tileset": "tile_secret", "coord": [ 3.0, 3.0 ] }, "928_-160": { "coord": [ 2.0, 5.0 ], "autotile_index": 0.0, "tileset": "tile_secret", "autotile": 1.0 }, "544_-160": { "autotile": 1.0, "autotile_index": 0.0, "tileset": "tile_secret", "coord": [ 2.0, 5.0 ] }, "64_480": { "autotile": 1.0, "autotile_index": 0.0, "tileset": "tile_secret", "coord": [ 3.0, 3.0 ] }, "1472_512": { "autotile": 1.0, "autotile_index": 0.0, "tileset": "tile_secret", "coord": [ 3.0, 3.0 ] }, "1568_320": { "coord": [ 3.0, 3.0 ], "autotile_index": 0.0, "tileset": "tile_secret", "autotile": 1.0 }, "1056_448": { "autotile": 1.0, "autotile_index": 0.0, "tileset": "tile_secret", "coord": [ 3.0, 2.0 ] }, "1696_-192": { "autotile": 1.0, "autotile_index": 0.0, "tileset": "tile_secret", "coord": [ 3.0, 4.0 ] }, "1824_-128": { "autotile": 1.0, "autotile_index": 0.0, "tileset": "tile_secret", "coord": [ 3.0, 3.0 ] }, "1632_160": { "coord": [ 4.0, 1.0 ], "autotile_index": 0.0, "tileset": "tile_secret", "autotile": 1.0 }, "1472_160": { "coord": [ 4.0, 1.0 ], "autotile_index": 0.0, "tileset": "tile_secret", "autotile": 1.0 }, "1344_512": { "autotile": 1.0, "autotile_index": 0.0, "tileset": "tile_secret", "coord": [ 3.0, 3.0 ] }, "0_512": { "autotile": 1.0, "autotile_index": 0.0, "tileset": "tile_secret", "coord": [ 3.0, 3.0 ] }, "768_448": { "coord": [ 3.0, 2.0 ], "autotile_index": 0.0, "tileset": "tile_secret", "autotile": 1.0 }, "768_384": { "coord": [ 1.0, 2.0 ], "autotile_index": 0.0, "tileset": "tile_secret", "autotile": 1.0 }, "1344_-64": { "coord": [ 4.0, 3.0 ], "autotile_index": 0.0, "tileset": "tile_secret", "autotile": 1.0 }, "288_-192": { "autotile": 1.0, "autotile_index": 0.0, "tileset": "tile_secret", "coord": [ 3.0, 4.0 ] }, "1536_384": { "coord": [ 3.0, 3.0 ], "autotile_index": 0.0, "tileset": "tile_secret", "autotile": 1.0 }, "1792_64": { "autotile": 1.0, "autotile_index": 0.0, "tileset": "tile_secret", "coord": [ 3.0, 3.0 ] }, "320_224": { "autotile": 1.0, "autotile_index": 0.0, "tileset": "tile_secret", "coord": [ 4.0, 3.0 ] }, "1760_64": { "autotile": 1.0, "autotile_index": 0.0, "tileset": "tile_secret", "coord": [ 2.0, 3.0 ] }, "320_128": { "autotile": 1.0, "autotile_index": 0.0, "tileset": "tile_secret", "coord": [ 4.0, 1.0 ] }, "32_128": { "autotile": 1.0, "autotile_index": 0.0, "tileset": "tile_secret", "coord": [ 3.0, 3.0 ] }, "320_-192": { "autotile": 1.0, "autotile_index": 0.0, "tileset": "tile_secret", "coord": [ 3.0, 4.0 ] }, "1408_512": { "autotile": 1.0, "autotile_index": 0.0, "tileset": "tile_secret", "coord": [ 3.0, 3.0 ] }, "1632_-256": { "autotile": 1.0, "autotile_index": 0.0, "tileset": "tile_secret", "coord": [ 3.0, 3.0 ] }, "96_128": { "autotile": 1.0, "autotile_index": 0.0, "tileset": "tile_secret", "coord": [ 2.0, 9.0 ] }, "480_512": { "autotile": 1.0, "autotile_index": 0.0, "tileset": "tile_secret", "coord": [ 3.0, 3.0 ] }, "544_512": { "autotile": 1.0, "autotile_index": 0.0, "tileset": "tile_secret", "coord": [ 3.0, 3.0 ] }, "0_-96": { "autotile": 1.0, "autotile_index": 0.0, "tileset": "tile_secret", "coord": [ 3.0, 3.0 ] }, "1728_96": { "coord": [ 1.0, 2.0 ], "autotile_index": 0.0, "tileset": "tile_secret", "autotile": 1.0 }, "64_-224": { "autotile": 1.0, "autotile_index": 0.0, "tileset": "tile_secret", "coord": [ 3.0, 3.0 ] }, "320_256": { "autotile": 1.0, "autotile_index": 0.0, "tileset": "tile_secret", "coord": [ 4.0, 3.0 ] }, "1760_320": { "coord": [ 3.0, 3.0 ], "autotile_index": 0.0, "tileset": "tile_secret", "autotile": 1.0 }, "32_64": { "autotile": 1.0, "autotile_index": 0.0, "tileset": "tile_secret", "coord": [ 3.0, 3.0 ] }, "1376_-128": { "coord": [ 5.0, 4.0 ], "autotile_index": 0.0, "tileset": "tile_secret", "autotile": 1.0 }, "1824_128": { "autotile": 1.0, "autotile_index": 0.0, "tileset": "tile_secret", "coord": [ 3.0, 3.0 ] }, "1472_320": { "coord": [ 3.0, 3.0 ], "autotile_index": 0.0, "tileset": "tile_secret", "autotile": 1.0 }, "0_-224": { "autotile": 1.0, "autotile_index": 0.0, "tileset": "tile_secret", "coord": [ 3.0, 3.0 ] }, "864_480": { "autotile": 1.0, "autotile_index": 0.0, "tileset": "tile_secret", "coord": [ 3.0, 3.0 ] }, "352_160": { "autotile": 1.0, "autotile_index": 0.0, "tileset": "tile_secret", "coord": [ 5.0, 4.0 ] }, "736_512": { "autotile": 1.0, "autotile_index": 0.0, "tileset": "tile_secret", "coord": [ 3.0, 3.0 ] }, "288_480": { "autotile": 1.0, "autotile_index": 0.0, "tileset": "tile_secret", "coord": [ 3.0, 3.0 ] }, "448_480": { "autotile": 1.0, "autotile_index": 0.0, "tileset": "tile_secret", "coord": [ 3.0, 3.0 ] }, "192_288": { "autotile": 1.0, "autotile_index": 0.0, "tileset": "tile_secret", "coord": [ 3.0, 3.0 ] }, "1184_416": { "autotile": 1.0, "autotile_index": 0.0, "tileset": "tile_secret", "coord": [ 4.0, 1.0 ] }, "1600_416": { "coord": [ 3.0, 3.0 ], "autotile_index": 0.0, "tileset": "tile_secret", "autotile": 1.0 }, "1344_448": { "coord": [ 3.0, 2.0 ], "autotile_index": 0.0, "tileset": "tile_secret", "autotile": 1.0 }, "544_416": { "autotile": 1.0, "autotile_index": 0.0, "tileset": "tile_secret", "coord": [ 4.0, 1.0 ] }, "96_480": { "autotile": 1.0, "autotile_index": 0.0, "tileset": "tile_secret", "coord": [ 3.0, 3.0 ] }, "1536_160": { "coord": [ 4.0, 1.0 ], "autotile_index": 0.0, "tileset": "tile_secret", "autotile": 1.0 }, "1280_-96": { "coord": [ 1.0, 2.0 ], "autotile_index": 0.0, "tileset": "tile_secret", "autotile": 1.0 }, "832_64": { "coord": [ 1.0, 2.0 ], "autotile_index": 0.0, "tileset": "tile_secret", "autotile": 1.0 }, "1056_-256": { "autotile": 1.0, "autotile_index": 0.0, "tileset": "tile_secret", "coord": [ 3.0, 3.0 ] }, "1568_224": { "coord": [ 3.0, 3.0 ], "autotile_index": 0.0, "tileset": "tile_secret", "autotile": 1.0 }, "832_96": { "coord": [ 1.0, 2.0 ], "autotile_index": 0.0, "tileset": "tile_secret", "autotile": 1.0 }, "832_-256": { "autotile": 1.0, "autotile_index": 0.0, "tileset": "tile_secret", "coord": [ 3.0, 3.0 ] }, "864_416": { "coord": [ 2.0, 9.0 ], "autotile_index": 0.0, "tileset": "tile_secret", "autotile": 1.0 }, "864_0": { "coord": [ 5.0, 4.0 ], "autotile_index": 0.0, "tileset": "tile_secret", "autotile": 1.0 }, "832_448": { "coord": [ 1.0, 10.0 ], "autotile_index": 0.0, "tileset": "tile_secret", "autotile": 1.0 }, "1728_288": { "coord": [ 3.0, 3.0 ], "autotile_index": 0.0, "tileset": "tile_secret", "autotile": 1.0 }, "1152_-224": { "autotile": 1.0, "autotile_index": 0.0, "tileset": "tile_secret", "coord": [ 3.0, 3.0 ] }, "1600_160": { "coord": [ 4.0, 1.0 ], "autotile_index": 0.0, "tileset": "tile_secret", "autotile": 1.0 }, "1728_512": { "autotile": 1.0, "autotile_index": 0.0, "tileset": "tile_secret", "coord": [ 3.0, 3.0 ] }, "1632_352": { "coord": [ 3.0, 3.0 ], "autotile_index": 0.0, "tileset": "tile_secret", "autotile": 1.0 }, "1216_480": { "autotile": 1.0, "autotile_index": 0.0, "tileset": "tile_secret", "coord": [ 3.0, 3.0 ] }, "864_384": { "coord": [ 5.0, 4.0 ], "autotile_index": 0.0, "tileset": "tile_secret", "autotile": 1.0 }, "1824_-256": { "autotile": 1.0, "autotile_index": 0.0, "tileset": "tile_secret", "coord": [ 3.0, 3.0 ] }, "32_384": { "autotile": 1.0, "autotile_index": 0.0, "tileset": "tile_secret", "coord": [ 3.0, 3.0 ] }, "928_480": { "autotile": 1.0, "autotile_index": 0.0, "tileset": "tile_secret", "coord": [ 3.0, 3.0 ] }, "96_352": { "autotile": 1.0, "autotile_index": 0.0, "tileset": "tile_secret", "coord": [ 3.0, 3.0 ] }, "128_352": { "autotile": 1.0, "autotile_index": 0.0, "tileset": "tile_secret", "coord": [ 3.0, 3.0 ] }, "1824_224": { "autotile": 1.0, "autotile_index": 0.0, "tileset": "tile_secret", "coord": [ 3.0, 3.0 ] }, "1024_480": { "autotile": 1.0, "autotile_index": 0.0, "tileset": "tile_secret", "coord": [ 3.0, 3.0 ] }, "192_416": { "autotile": 1.0, "autotile_index": 0.0, "tileset": "tile_secret", "coord": [ 3.0, 3.0 ] }, "32_0": { "autotile": 1.0, "autotile_index": 0.0, "tileset": "tile_secret", "coord": [ 3.0, 3.0 ] }, "768_352": { "coord": [ 1.0, 2.0 ], "autotile_index": 0.0, "tileset": "tile_secret", "autotile": 1.0 }, "928_-224": { "autotile": 1.0, "autotile_index": 0.0, "tileset": "tile_secret", "coord": [ 3.0, 3.0 ] }, "736_-160": { "autotile": 1.0, "autotile_index": 0.0, "tileset": "tile_secret", "coord": [ 2.0, 5.0 ] }, "0_224": { "autotile": 1.0, "autotile_index": 0.0, "tileset": "tile_secret", "coord": [ 3.0, 3.0 ] }, "224_416": { "autotile": 1.0, "autotile_index": 0.0, "tileset": "tile_secret", "coord": [ 3.0, 3.0 ] }, "1760_352": { "coord": [ 3.0, 3.0 ], "autotile_index": 0.0, "tileset": "tile_secret", "autotile": 1.0 }, "128_448": { "autotile": 1.0, "autotile_index": 0.0, "tileset": "tile_secret", "coord": [ 3.0, 3.0 ] }, "1632_-192": { "autotile": 1.0, "autotile_index": 0.0, "tileset": "tile_secret", "coord": [ 3.0, 4.0 ] }, "160_416": { "autotile": 1.0, "autotile_index": 0.0, "tileset": "tile_secret", "coord": [ 3.0, 3.0 ] }, "1184_-224": { "autotile": 1.0, "autotile_index": 0.0, "tileset": "tile_secret", "coord": [ 3.0, 3.0 ] }, "960_480": { "autotile": 1.0, "autotile_index": 0.0, "tileset": "tile_secret", "coord": [ 3.0, 3.0 ] }, "288_352": { "autotile": 1.0, "autotile_index": 0.0, "tileset": "tile_secret", "coord": [ 3.0, 3.0 ] }, "160_128": { "autotile": 1.0, "autotile_index": 0.0, "tileset": "tile_secret", "coord": [ 4.0, 1.0 ] }, "1024_-224": { "autotile": 1.0, "autotile_index": 0.0, "tileset": "tile_secret", "coord": [ 3.0, 3.0 ] }, "1792_384": { "autotile": 1.0, "autotile_index": 0.0, "tileset": "tile_secret", "coord": [ 3.0, 3.0 ] }, "1600_512": { "autotile": 1.0, "autotile_index": 0.0, "tileset": "tile_secret", "coord": [ 3.0, 3.0 ] }, "448_416": { "autotile": 1.0, "autotile_index": 0.0, "tileset": "tile_secret", "coord": [ 4.0, 1.0 ] }, "864_352": { "coord": [ 5.0, 4.0 ], "autotile_index": 0.0, "tileset": "tile_secret", "autotile": 1.0 }, "64_-192": { "autotile": 1.0, "autotile_index": 0.0, "tileset": "tile_secret", "coord": [ 1.0, 6.0 ] }, "1152_416": { "autotile": 1.0, "autotile_index": 0.0, "tileset": "tile_secret", "coord": [ 4.0, 1.0 ] }, "864_512": { "autotile": 1.0, "autotile_index": 0.0, "tileset": "tile_secret", "coord": [ 3.0, 3.0 ] }, "256_224": { "autotile": 1.0, "autotile_index": 0.0, "tileset": "tile_secret", "coord": [ 3.0, 3.0 ] }, "64_448": { "autotile": 1.0, "autotile_index": 0.0, "tileset": "tile_secret", "coord": [ 3.0, 3.0 ] }, "1248_-192": { "coord": [ 3.0, 4.0 ], "autotile_index": 0.0, "tileset": "tile_secret", "autotile": 1.0 }, "1376_-32": { "coord": [ 5.0, 4.0 ], "autotile_index": 0.0, "tileset": "tile_secret", "autotile": 1.0 }, "288_192": { "autotile": 1.0, "autotile_index": 0.0, "tileset": "tile_secret", "coord": [ 3.0, 3.0 ] }, "832_416": { "coord": [ 4.0, 3.0 ], "autotile_index": 0.0, "tileset": "tile_secret", "autotile": 1.0 }, "1824_160": { "autotile": 1.0, "autotile_index": 0.0, "tileset": "tile_secret", "coord": [ 3.0, 3.0 ] }, "1216_-256": { "autotile": 1.0, "autotile_index": 0.0, "tileset": "tile_secret", "coord": [ 3.0, 3.0 ] }, "64_352": { "autotile": 1.0, "autotile_index": 0.0, "tileset": "tile_secret", "coord": [ 3.0, 3.0 ] }, "1408_192": { "coord": [ 3.0, 2.0 ], "autotile_index": 0.0, "tileset": "tile_secret", "autotile": 1.0 }, "736_-256": { "autotile": 1.0, "autotile_index": 0.0, "tileset": "tile_secret", "coord": [ 3.0, 3.0 ] }, "384_-256": { "autotile": 1.0, "autotile_index": 0.0, "tileset": "tile_secret", "coord": [ 3.0, 3.0 ] }, "1376_448": { "coord": [ 5.0, 10.0 ], "autotile_index": 0.0, "tileset": "tile_secret", "autotile": 1.0 }, "224_-160": { "autotile": 1.0, "autotile_index": 0.0, "tileset": "tile_secret", "coord": [ 2.0, 5.0 ] }, "992_-160": { "autotile": 1.0, "autotile_index": 0.0, "tileset": "tile_secret", "coord": [ 2.0, 5.0 ] }, "352_-160": { "autotile": 1.0, "autotile_index": 0.0, "tileset": "tile_secret", "coord": [ 2.0, 5.0 ] }, "1728_-224": { "autotile": 1.0, "autotile_index": 0.0, "tileset": "tile_secret", "coord": [ 3.0, 3.0 ] }, "1344_480": { "autotile": 1.0, "autotile_index": 0.0, "tileset": "tile_secret", "coord": [ 3.0, 3.0 ] }, "320_320": { "autotile": 1.0, "autotile_index": 0.0, "tileset": "tile_secret", "coord": [ 4.0, 3.0 ] }, "1376_320": { "coord": [ 2.0, 3.0 ], "autotile_index": 0.0, "tileset": "tile_secret", "autotile": 1.0 }, "128_416": { "autotile": 1.0, "autotile_index": 0.0, "tileset": "tile_secret", "coord": [ 3.0, 3.0 ] }, "128_-224": { "autotile": 1.0, "autotile_index": 0.0, "tileset": "tile_secret", "coord": [ 3.0, 3.0 ] }, "864_-96": { "coord": [ 5.0, 4.0 ], "autotile_index": 0.0, "tileset": "tile_secret", "autotile": 1.0 }, "1568_352": { "coord": [ 3.0, 3.0 ], "autotile_index": 0.0, "tileset": "tile_secret", "autotile": 1.0 }, "640_-160": { "autotile": 1.0, "autotile_index": 0.0, "tileset": "tile_secret", "coord": [ 2.0, 5.0 ] }, "1504_-224": { "autotile": 1.0, "autotile_index": 0.0, "tileset": "tile_secret", "coord": [ 3.0, 3.0 ] }, "1696_224": { "coord": [ 3.0, 3.0 ], "autotile_index": 0.0, "tileset": "tile_secret", "autotile": 1.0 }, "1600_352": { "coord": [ 3.0, 3.0 ], "autotile_index": 0.0, "tileset": "tile_secret", "autotile": 1.0 }, "1280_416": { "coord": [ 4.0, 1.0 ], "autotile_index": 0.0, "tileset": "tile_secret", "autotile": 1.0 }, "1536_-224": { "autotile": 1.0, "autotile_index": 0.0, "tileset": "tile_secret", "coord": [ 3.0, 3.0 ] }, "1632_-224": { "autotile": 1.0, "autotile_index": 0.0, "tileset": "tile_secret", "coord": [ 3.0, 3.0 ] }, "704_-224": { "autotile": 1.0, "autotile_index": 0.0, "tileset": "tile_secret", "coord": [ 3.0, 3.0 ] }, "768_-256": { "autotile": 1.0, "autotile_index": 0.0, "tileset": "tile_secret", "coord": [ 3.0, 3.0 ] }, "1536_416": { "coord": [ 3.0, 3.0 ], "autotile_index": 0.0, "tileset": "tile_secret", "autotile": 1.0 }, "256_448": { "autotile": 1.0, "autotile_index": 0.0, "tileset": "tile_secret", "coord": [ 3.0, 3.0 ] }, "96_288": { "autotile": 1.0, "autotile_index": 0.0, "tileset": "tile_secret", "coord": [ 3.0, 3.0 ] }, "384_448": { "autotile": 1.0, "autotile_index": 0.0, "tileset": "tile_secret", "coord": [ 3.0, 2.0 ] }, "0_288": { "autotile": 1.0, "autotile_index": 0.0, "tileset": "tile_secret", "coord": [ 3.0, 3.0 ] }, "1376_-160": { "coord": [ 2.0, 7.0 ], "autotile_index": 0.0, "tileset": "tile_secret", "autotile": 1.0 }, "896_480": { "autotile": 1.0, "autotile_index": 0.0, "tileset": "tile_secret", "coord": [ 3.0, 3.0 ] }, "1472_224": { "coord": [ 3.0, 3.0 ], "autotile_index": 0.0, "tileset": "tile_secret", "autotile": 1.0 }, "832_352": { "coord": [ 4.0, 3.0 ], "autotile_index": 0.0, "tileset": "tile_secret", "autotile": 1.0 }, "896_-192": { "coord": [ 3.0, 4.0 ], "autotile_index": 0.0, "tileset": "tile_secret", "autotile": 1.0 }, "128_512": { "autotile": 1.0, "autotile_index": 0.0, "tileset": "tile_secret", "coord": [ 3.0, 3.0 ] }, "64_-64": { "autotile": 1.0, "autotile_index": 0.0, "tileset": "tile_secret", "coord": [ 4.0, 3.0 ] }, "832_-32": { "coord": [ 1.0, 2.0 ], "autotile_index": 0.0, "tileset": "tile_secret", "autotile": 1.0 }, "0_0": { "autotile": 1.0, "autotile_index": 0.0, "tileset": "tile_secret", "coord": [ 3.0, 3.0 ] }, "96_96": { "autotile": 1.0, "autotile_index": 0.0, "tileset": "tile_secret", "coord": [ 5.0, 4.0 ] }, "1760_-128": { "autotile": 1.0, "autotile_index": 0.0, "tileset": "tile_secret", "coord": [ 2.0, 3.0 ] }, "288_128": { "autotile": 1.0, "autotile_index": 0.0, "tileset": "tile_secret", "coord": [ 4.0, 1.0 ] }, "1056_-192": { "autotile": 1.0, "autotile_index": 0.0, "tileset": "tile_secret", "coord": [ 3.0, 4.0 ] }, "992_416": { "autotile": 1.0, "autotile_index": 0.0, "tileset": "tile_secret", "coord": [ 4.0, 1.0 ] }, "1728_-256": { "autotile": 1.0, "autotile_index": 0.0, "tileset": "tile_secret", "coord": [ 3.0, 3.0 ] }, "256_-224": { "autotile": 1.0, "autotile_index": 0.0, "tileset": "tile_secret", "coord": [ 3.0, 3.0 ] }, "1664_448": { "coord": [ 3.0, 3.0 ], "autotile_index": 0.0, "tileset": "tile_secret", "autotile": 1.0 }, "832_-64": { "coord": [ 1.0, 2.0 ], "autotile_index": 0.0, "tileset": "tile_secret", "autotile": 1.0 }, "320_160": { "autotile": 1.0, "autotile_index": 0.0, "tileset": "tile_secret", "coord": [ 4.0, 2.0 ] }, "1088_416": { "autotile": 1.0, "autotile_index": 0.0, "tileset": "tile_secret", "coord": [ 4.0, 1.0 ] }, "1312_-192": { "coord": [ 5.0, 6.0 ], "autotile_index": 0.0, "tileset": "tile_secret", "autotile": 1.0 }, "352_448": { "autotile": 1.0, "autotile_index": 0.0, "tileset": "tile_secret", "coord": [ 3.0, 2.0 ] }, "352_256": { "autotile": 1.0, "autotile_index": 0.0, "tileset": "tile_secret", "coord": [ 5.0, 4.0 ] }, "32_480": { "autotile": 1.0, "autotile_index": 0.0, "tileset": "tile_secret", "coord": [ 3.0, 3.0 ] }, "1248_480": { "autotile": 1.0, "autotile_index": 0.0, "tileset": "tile_secret", "coord": [ 3.0, 3.0 ] }, "1568_-160": { "autotile": 1.0, "autotile_index": 0.0, "tileset": "tile_secret", "coord": [ 2.0, 5.0 ] }, "128_320": { "autotile": 1.0, "autotile_index": 0.0, "tileset": "tile_secret", "coord": [ 3.0, 3.0 ] }, "1568_-256": { "autotile": 1.0, "autotile_index": 0.0, "tileset": "tile_secret", "coord": [ 3.0, 3.0 ] }, "192_448": { "autotile": 1.0, "autotile_index": 0.0, "tileset": "tile_secret", "coord": [ 3.0, 3.0 ] }, "320_288": { "autotile": 1.0, "autotile_index": 0.0, "tileset": "tile_secret", "coord": [ 4.0, 3.0 ] }, "864_-64": { "coord": [ 5.0, 4.0 ], "autotile_index": 0.0, "tileset": "tile_secret", "autotile": 1.0 }, "832_480": { "autotile": 1.0, "autotile_index": 0.0, "tileset": "tile_secret", "coord": [ 3.0, 3.0 ] }, "256_352": { "autotile": 1.0, "autotile_index": 0.0, "tileset": "tile_secret", "coord": [ 3.0, 3.0 ] }, "1312_-160": { "coord": [ 2.0, 3.0 ], "autotile_index": 0.0, "tileset": "tile_secret", "autotile": 1.0 }, "864_-256": { "autotile": 1.0, "autotile_index": 0.0, "tileset": "tile_secret", "coord": [ 3.0, 3.0 ] }, "160_-224": { "autotile": 1.0, "autotile_index": 0.0, "tileset": "tile_secret", "coord": [ 3.0, 3.0 ] }, "64_320": { "autotile": 1.0, "autotile_index": 0.0, "tileset": "tile_secret", "coord": [ 3.0, 3.0 ] }, "928_416": { "coord": [ 4.0, 1.0 ], "autotile_index": 0.0, "tileset": "tile_secret", "autotile": 1.0 }, "1280_32": { "coord": [ 1.0, 5.0 ], "autotile_index": 0.0, "tileset": "tile_secret", "autotile": 1.0 }, "1536_288": { "coord": [ 3.0, 3.0 ], "autotile_index": 0.0, "tileset": "tile_secret", "autotile": 1.0 }, "384_-160": { "autotile": 1.0, "autotile_index": 0.0, "tileset": "tile_secret", "coord": [ 2.0, 5.0 ] }, "160_512": { "autotile": 1.0, "autotile_index": 0.0, "tileset": "tile_secret", "coord": [ 3.0, 3.0 ] }, "1440_-160": { "coord": [ 2.0, 5.0 ], "autotile_index": 0.0, "tileset": "tile_secret", "autotile": 1.0 }, "1376_352": { "coord": [ 2.0, 3.0 ], "autotile_index": 0.0, "tileset": "tile_secret", "autotile": 1.0 }, "1664_224": { "coord": [ 3.0, 3.0 ], "autotile_index": 0.0, "tileset": "tile_secret", "autotile": 1.0 }, "1760_-160": { "autotile": 1.0, "autotile_index": 0.0, "tileset": "tile_secret", "coord": [ 2.0, 3.0 ] }, "768_320": { "coord": [ 1.0, 2.0 ], "autotile_index": 0.0, "tileset": "tile_secret", "autotile": 1.0 }, "512_416": { "autotile": 1.0, "autotile_index": 0.0, "tileset": "tile_secret", "coord": [ 4.0, 1.0 ] }, "1472_256": { "coord": [ 3.0, 3.0 ], "autotile_index": 0.0, "tileset": "tile_secret", "autotile": 1.0 }, "0_320": { "autotile": 1.0, "autotile_index": 0.0, "tileset": "tile_secret", "coord": [ 3.0, 3.0 ] }, "1632_320": { "coord": [ 3.0, 3.0 ], "autotile_index": 0.0, "tileset": "tile_secret", "autotile": 1.0 }, "1760_-96": { "autotile": 1.0, "autotile_index": 0.0, "tileset": "tile_secret", "coord": [ 2.0, 3.0 ] }, "1408_384": { "coord": [ 3.0, 3.0 ], "autotile_index": 0.0, "tileset": "tile_secret", "autotile": 1.0 }, "1056_512": { "autotile": 1.0, "autotile_index": 0.0, "tileset": "tile_secret", "coord": [ 3.0, 3.0 ] }, "1184_448": { "autotile": 1.0, "autotile_index": 0.0, "tileset": "tile_secret", "coord": [ 3.0, 2.0 ] }, "1472_-192": { "autotile": 1.0, "autotile_index": 0.0, "tileset": "tile_secret", "coord": [ 3.0, 4.0 ] }, "384_480": { "autotile": 1.0, "autotile_index": 0.0, "tileset": "tile_secret", "coord": [ 3.0, 3.0 ] }, "32_-64": { "autotile": 1.0, "autotile_index": 0.0, "tileset": "tile_secret", "coord": [ 3.0, 3.0 ] }, "1216_448": { "autotile": 1.0, "autotile_index": 0.0, "tileset": "tile_secret", "coord": [ 3.0, 2.0 ] }, "32_160": { "autotile": 1.0, "autotile_index": 0.0, "tileset": "tile_secret", "coord": [ 3.0, 3.0 ] }, "1728_0": { "autotile": 1.0, "autotile_index": 0.0, "tileset": "tile_secret", "coord": [ 1.0, 2.0 ] }, "864_-192": { "coord": [ 3.0, 4.0 ], "autotile_index": 0.0, "tileset": "tile_secret", "autotile": 1.0 }, "320_-256": { "autotile": 1.0, "autotile_index": 0.0, "tileset": "tile_secret", "coord": [ 3.0, 3.0 ] }, "704_416": { "coord": [ 4.0, 1.0 ], "autotile_index": 0.0, "tileset": "tile_secret", "autotile": 1.0 }, "1408_416": { "coord": [ 3.0, 3.0 ], "autotile_index": 0.0, "tileset": "tile_secret", "autotile": 1.0 }, "192_192": { "autotile": 1.0, "autotile_index": 0.0, "tileset": "tile_secret", "coord": [ 3.0, 3.0 ] }, "800_352": { "coord": [ 2.0, 3.0 ], "autotile_index": 0.0, "tileset": "tile_secret", "autotile": 1.0 }, "960_-224": { "autotile": 1.0, "autotile_index": 0.0, "tileset": "tile_secret", "coord": [ 3.0, 3.0 ] }, "1504_352": { "coord": [ 3.0, 3.0 ], "autotile_index": 0.0, "tileset": "tile_secret", "autotile": 1.0 }, "896_448": { "coord": [ 3.0, 2.0 ], "autotile_index": 0.0, "tileset": "tile_secret", "autotile": 1.0 }, "320_480": { "autotile": 1.0, "autotile_index": 0.0, "tileset": "tile_secret", "coord": [ 3.0, 3.0 ] }, "320_192": { "autotile": 1.0, "autotile_index": 0.0, "tileset": "tile_secret", "coord": [ 4.0, 3.0 ] }, "1280_-32": { "coord": [ 1.0, 2.0 ], "autotile_index": 0.0, "tileset": "tile_secret", "autotile": 1.0 }, "0_480": { "autotile": 1.0, "autotile_index": 0.0, "tileset": "tile_secret", "coord": [ 3.0, 3.0 ] }, "160_480": { "autotile": 1.0, "autotile_index": 0.0, "tileset": "tile_secret", "coord": [ 3.0, 3.0 ] }, "672_512": { "autotile": 1.0, "autotile_index": 0.0, "tileset": "tile_secret", "coord": [ 3.0, 3.0 ] }, "320_352": { "autotile": 1.0, "autotile_index": 0.0, "tileset": "tile_secret", "coord": [ 4.0, 3.0 ] }, "768_288": { "coord": [ 1.0, 2.0 ], "autotile_index": 0.0, "tileset": "tile_secret", "autotile": 1.0 }, "1696_-256": { "autotile": 1.0, "autotile_index": 0.0, "tileset": "tile_secret", "coord": [ 3.0, 3.0 ] }, "1664_480": { "autotile": 1.0, "autotile_index": 0.0, "tileset": "tile_secret", "coord": [ 3.0, 3.0 ] }, "1728_384": { "coord": [ 3.0, 3.0 ], "autotile_index": 0.0, "tileset": "tile_secret", "autotile": 1.0 }, "1312_32": { "coord": [ 2.0, 5.0 ], "autotile_index": 0.0, "tileset": "tile_secret", "autotile": 1.0 }, "1504_416": { "coord": [ 3.0, 3.0 ], "autotile_index": 0.0, "tileset": "tile_secret", "autotile": 1.0 }, "32_-128": { "autotile": 1.0, "autotile_index": 0.0, "tileset": "tile_secret", "coord": [ 3.0, 3.0 ] }, "288_384": { "autotile": 1.0, "autotile_index": 0.0, "tileset": "tile_secret", "coord": [ 3.0, 3.0 ] }, "1792_192": { "autotile": 1.0, "autotile_index": 0.0, "tileset": "tile_secret", "coord": [ 3.0, 3.0 ] }, "1632_512": { "autotile": 1.0, "autotile_index": 0.0, "tileset": "tile_secret", "coord": [ 3.0, 3.0 ] }, "256_384": { "autotile": 1.0, "autotile_index": 0.0, "tileset": "tile_secret", "coord": [ 3.0, 3.0 ] }, "1728_-128": { "autotile": 1.0, "autotile_index": 0.0, "tileset": "tile_secret", "coord": [ 1.0, 2.0 ] }, "32_32": { "autotile": 1.0, "autotile_index": 0.0, "tileset": "tile_secret", "coord": [ 3.0, 3.0 ] }, "1728_256": { "coord": [ 3.0, 3.0 ], "autotile_index": 0.0, "tileset": "tile_secret", "autotile": 1.0 }, "256_480": { "autotile": 1.0, "autotile_index": 0.0, "tileset": "tile_secret", "coord": [ 3.0, 3.0 ] }, "224_192": { "autotile": 1.0, "autotile_index": 0.0, "tileset": "tile_secret", "coord": [ 3.0, 3.0 ] }, "512_448": { "autotile": 1.0, "autotile_index": 0.0, "tileset": "tile_secret", "coord": [ 3.0, 2.0 ] }, "864_-160": { "coord": [ 2.0, 7.0 ], "autotile_index": 0.0, "tileset": "tile_secret", "autotile": 1.0 }, "800_-256": { "autotile": 1.0, "autotile_index": 0.0, "tileset": "tile_secret", "coord": [ 3.0, 3.0 ] }, "416_-160": { "autotile": 1.0, "autotile_index": 0.0, "tileset": "tile_secret", "coord": [ 2.0, 5.0 ] }, "96_224": { "autotile": 1.0, "autotile_index": 0.0, "tileset": "tile_secret", "coord": [ 3.0, 3.0 ] }, "896_-256": { "autotile": 1.0, "autotile_index": 0.0, "tileset": "tile_secret", "coord": [ 3.0, 3.0 ] }, "416_448": { "autotile": 1.0, "autotile_index": 0.0, "tileset": "tile_secret", "coord": [ 3.0, 2.0 ] }, "1344_416": { "coord": [ 4.0, 9.0 ], "autotile_index": 0.0, "tileset": "tile_secret", "autotile": 1.0 }, "384_512": { "autotile": 1.0, "autotile_index": 0.0, "tileset": "tile_secret", "coord": [ 3.0, 3.0 ] }, "64_192": { "autotile": 1.0, "autotile_index": 0.0, "tileset": "tile_secret", "coord": [ 3.0, 3.0 ] }, "1248_448": { "autotile": 1.0, "autotile_index": 0.0, "tileset": "tile_secret", "coord": [ 3.0, 2.0 ] }, "0_-64": { "autotile": 1.0, "autotile_index": 0.0, "tileset": "tile_secret", "coord": [ 3.0, 3.0 ] }, "1728_160": { "coord": [ 4.0, 9.0 ], "autotile_index": 0.0, "tileset": "tile_secret", "autotile": 1.0 }, "32_448": { "autotile": 1.0, "autotile_index": 0.0, "tileset": "tile_secret", "coord": [ 3.0, 3.0 ] }, "864_-224": { "autotile": 1.0, "autotile_index": 0.0, "tileset": "tile_secret", "coord": [ 3.0, 3.0 ] }, "288_416": { "autotile": 1.0, "autotile_index": 0.0, "tileset": "tile_secret", "coord": [ 3.0, 3.0 ] }, "224_-224": { "autotile": 1.0, "autotile_index": 0.0, "tileset": "tile_secret", "coord": [ 3.0, 3.0 ] }, "192_384": { "autotile": 1.0, "autotile_index": 0.0, "tileset": "tile_secret", "coord": [ 3.0, 3.0 ] }, "160_256": { "autotile": 1.0, "autotile_index": 0.0, "tileset": "tile_secret", "coord": [ 3.0, 3.0 ] }, "224_512": { "autotile": 1.0, "autotile_index": 0.0, "tileset": "tile_secret", "coord": [ 3.0, 3.0 ] }, "1792_-64": { "autotile": 1.0, "autotile_index": 0.0, "tileset": "tile_secret", "coord": [ 3.0, 3.0 ] }, "64_288": { "autotile": 1.0, "autotile_index": 0.0, "tileset": "tile_secret", "coord": [ 3.0, 3.0 ] }, "1824_-160": { "autotile": 1.0, "autotile_index": 0.0, "tileset": "tile_secret", "coord": [ 3.0, 3.0 ] }, "832_-128": { "coord": [ 1.0, 2.0 ], "autotile_index": 0.0, "tileset": "tile_secret", "autotile": 1.0 }, "1760_-192": { "autotile": 1.0, "autotile_index": 0.0, "tileset": "tile_secret", "coord": [ 5.0, 6.0 ] }, "256_-192": { "autotile": 1.0, "autotile_index": 0.0, "tileset": "tile_secret", "coord": [ 3.0, 4.0 ] }, "1376_256": { "coord": [ 2.0, 3.0 ], "autotile_index": 0.0, "tileset": "tile_secret", "autotile": 1.0 }, "1792_512": { "autotile": 1.0, "autotile_index": 0.0, "tileset": "tile_secret", "coord": [ 3.0, 3.0 ] }, "64_256": { "autotile": 1.0, "autotile_index": 0.0, "tileset": "tile_secret", "coord": [ 3.0, 3.0 ] }, "1440_160": { "coord": [ 4.0, 1.0 ], "autotile_index": 0.0, "tileset": "tile_secret", "autotile": 1.0 }, "352_-224": { "autotile": 1.0, "autotile_index": 0.0, "tileset": "tile_secret", "coord": [ 3.0, 3.0 ] }, "864_32": { "coord": [ 5.0, 4.0 ], "autotile_index": 0.0, "tileset": "tile_secret", "autotile": 1.0 }, "1088_-224": { "autotile": 1.0, "autotile_index": 0.0, "tileset": "tile_secret", "coord": [ 3.0, 3.0 ] }, "128_384": { "autotile": 1.0, "autotile_index": 0.0, "tileset": "tile_secret", "coord": [ 3.0, 3.0 ] }, "576_-160": { "autotile": 1.0, "autotile_index": 0.0, "tileset": "tile_secret", "coord": [ 2.0, 5.0 ] }, "1728_32": { "autotile": 1.0, "autotile_index": 0.0, "tileset": "tile_secret", "coord": [ 1.0, 2.0 ] }, "480_448": { "autotile": 1.0, "autotile_index": 0.0, "tileset": "tile_secret", "coord": [ 3.0, 2.0 ] }, "32_512": { "autotile": 1.0, "autotile_index": 0.0, "tileset": "tile_secret", "coord": [ 3.0, 3.0 ] }, "1344_-128": { "coord": [ 4.0, 3.0 ], "autotile_index": 0.0, "tileset": "tile_secret", "autotile": 1.0 }, "384_-192": { "autotile": 1.0, "autotile_index": 0.0, "tileset": "tile_secret", "coord": [ 3.0, 4.0 ] }, "1344_384": { "coord": [ 1.0, 2.0 ], "autotile_index": 0.0, "tileset": "tile_secret", "autotile": 1.0 }, "544_448": { "autotile": 1.0, "autotile_index": 0.0, "tileset": "tile_secret", "coord": [ 3.0, 2.0 ] }, "192_480": { "autotile": 1.0, "autotile_index": 0.0, "tileset": "tile_secret", "coord": [ 3.0, 3.0 ] }, "1216_512": { "autotile": 1.0, "autotile_index": 0.0, "tileset": "tile_secret", "coord": [ 3.0, 3.0 ] }, "64_-32": { "autotile": 1.0, "autotile_index": 0.0, "tileset": "tile_secret", "coord": [ 4.0, 3.0 ] }, "1696_320": { "coord": [ 3.0, 3.0 ], "autotile_index": 0.0, "tileset": "tile_secret", "autotile": 1.0 }, "768_-224": { "autotile": 1.0, "autotile_index": 0.0, "tileset": "tile_secret", "coord": [ 3.0, 3.0 ] }, "1472_-256": { "autotile": 1.0, "autotile_index": 0.0, "tileset": "tile_secret", "coord": [ 3.0, 3.0 ] }, "768_-192": { "coord": [ 3.0, 4.0 ], "autotile_index": 0.0, "tileset": "tile_secret", "autotile": 1.0 }, "1728_224": { "coord": [ 3.0, 3.0 ], "autotile_index": 0.0, "tileset": "tile_secret", "autotile": 1.0 }, "352_320": { "autotile": 1.0, "autotile_index": 0.0, "tileset": "tile_secret", "coord": [ 5.0, 4.0 ] }, "672_480": { "autotile": 1.0, "autotile_index": 0.0, "tileset": "tile_secret", "coord": [ 3.0, 3.0 ] }, "1440_448": { "coord": [ 3.0, 3.0 ], "autotile_index": 0.0, "tileset": "tile_secret", "autotile": 1.0 }, "448_-256": { "autotile": 1.0, "autotile_index": 0.0, "tileset": "tile_secret", "coord": [ 3.0, 3.0 ] }, "736_-192": { "autotile": 1.0, "autotile_index": 0.0, "tileset": "tile_secret", "coord": [ 3.0, 4.0 ] }, "1792_288": { "autotile": 1.0, "autotile_index": 0.0, "tileset": "tile_secret", "coord": [ 3.0, 3.0 ] }, "1760_384": { "coord": [ 3.0, 3.0 ], "autotile_index": 0.0, "tileset": "tile_secret", "autotile": 1.0 }, "832_32": { "coord": [ 1.0, 2.0 ], "autotile_index": 0.0, "tileset": "tile_secret", "autotile": 1.0 }, "352_288": { "autotile": 1.0, "autotile_index": 0.0, "tileset": "tile_secret", "coord": [ 5.0, 4.0 ] }, "0_32": { "autotile": 1.0, "autotile_index": 0.0, "tileset": "tile_secret", "coord": [ 3.0, 3.0 ] }, "384_416": { "autotile": 1.0, "autotile_index": 0.0, "tileset": "tile_secret", "coord": [ 4.0, 1.0 ] }, "1696_416": { "coord": [ 3.0, 3.0 ], "autotile_index": 0.0, "tileset": "tile_secret", "autotile": 1.0 }, "928_-192": { "coord": [ 3.0, 4.0 ], "autotile_index": 0.0, "tileset": "tile_secret", "autotile": 1.0 }, "704_-192": { "autotile": 1.0, "autotile_index": 0.0, "tileset": "tile_secret", "coord": [ 3.0, 4.0 ] }, "1088_480": { "autotile": 1.0, "autotile_index": 0.0, "tileset": "tile_secret", "coord": [ 3.0, 3.0 ] }, "896_416": { "coord": [ 4.0, 1.0 ], "autotile_index": 0.0, "tileset": "tile_secret", "autotile": 1.0 }, "32_-32": { "autotile": 1.0, "autotile_index": 0.0, "tileset": "tile_secret", "coord": [ 3.0, 3.0 ] }, "256_128": { "autotile": 1.0, "autotile_index": 0.0, "tileset": "tile_secret", "coord": [ 4.0, 1.0 ] }, "672_416": { "autotile": 1.0, "autotile_index": 0.0, "tileset": "tile_secret", "coord": [ 4.0, 1.0 ] }, "256_288": { "autotile": 1.0, "autotile_index": 0.0, "tileset": "tile_secret", "coord": [ 3.0, 3.0 ] }, "1728_448": { "coord": [ 3.0, 3.0 ], "autotile_index": 0.0, "tileset": "tile_secret", "autotile": 1.0 }, "224_384": { "autotile": 1.0, "autotile_index": 0.0, "tileset": "tile_secret", "coord": [ 3.0, 3.0 ] }, "1344_32": { "coord": [ 2.0, 5.0 ], "autotile_index": 0.0, "tileset": "tile_secret", "autotile": 1.0 }, "1408_-224": { "autotile": 1.0, "autotile_index": 0.0, "tileset": "tile_secret", "coord": [ 3.0, 3.0 ] }, "544_-256": { "autotile": 1.0, "autotile_index": 0.0, "tileset": "tile_secret", "coord": [ 3.0, 3.0 ] }, "0_96": { "autotile": 1.0, "autotile_index": 0.0, "tileset": "tile_secret", "coord": [ 3.0, 3.0 ] }, "288_160": { "autotile": 1.0, "autotile_index": 0.0, "tileset": "tile_secret", "coord": [ 3.0, 2.0 ] }, "1376_160": { "coord": [ 4.0, 1.0 ], "autotile_index": 0.0, "tileset": "tile_secret", "autotile": 1.0 }, "320_512": { "autotile": 1.0, "autotile_index": 0.0, "tileset": "tile_secret", "coord": [ 3.0, 3.0 ] }, "1792_416": { "autotile": 1.0, "autotile_index": 0.0, "tileset": "tile_secret", "coord": [ 3.0, 3.0 ] }, "800_256": { "coord": [ 4.0, 1.0 ], "autotile_index": 0.0, "tileset": "tile_secret", "autotile": 1.0 }, "1504_224": { "coord": [ 3.0, 3.0 ], "autotile_index": 0.0, "tileset": "tile_secret", "autotile": 1.0 }, "1440_288": { "coord": [ 3.0, 3.0 ], "autotile_index": 0.0, "tileset": "tile_secret", "autotile": 1.0 }, "960_-160": { "autotile": 1.0, "autotile_index": 0.0, "tileset": "tile_secret", "coord": [ 2.0, 5.0 ] }, "640_480": { "autotile": 1.0, "autotile_index": 0.0, "tileset": "tile_secret", "coord": [ 3.0, 3.0 ] }, "1824_64": { "autotile": 1.0, "autotile_index": 0.0, "tileset": "tile_secret", "coord": [ 3.0, 3.0 ] }, "992_-192": { "autotile": 1.0, "autotile_index": 0.0, "tileset": "tile_secret", "coord": [ 3.0, 4.0 ] }, "1792_352": { "autotile": 1.0, "autotile_index": 0.0, "tileset": "tile_secret", "coord": [ 3.0, 3.0 ] }, "160_224": { "autotile": 1.0, "autotile_index": 0.0, "tileset": "tile_secret", "coord": [ 3.0, 3.0 ] }, "1792_-192": { "autotile": 1.0, "autotile_index": 0.0, "tileset": "tile_secret", "coord": [ 3.0, 3.0 ] }, "1408_480": { "autotile": 1.0, "autotile_index": 0.0, "tileset": "tile_secret", "coord": [ 3.0, 3.0 ] }, "448_512": { "autotile": 1.0, "autotile_index": 0.0, "tileset": "tile_secret", "coord": [ 3.0, 3.0 ] }, "192_-192": { "autotile": 1.0, "autotile_index": 0.0, "tileset": "tile_secret", "coord": [ 3.0, 4.0 ] }, "1696_-160": { "autotile": 1.0, "autotile_index": 0.0, "tileset": "tile_secret", "coord": [ 2.0, 5.0 ] }, "1024_-256": { "autotile": 1.0, "autotile_index": 0.0, "tileset": "tile_secret", "coord": [ 3.0, 3.0 ] }, "1760_-32": { "autotile": 1.0, "autotile_index": 0.0, "tileset": "tile_secret", "coord": [ 2.0, 3.0 ] }, "960_448": { "autotile": 1.0, "autotile_index": 0.0, "tileset": "tile_secret", "coord": [ 3.0, 2.0 ] }, "608_-256": { "autotile": 1.0, "autotile_index": 0.0, "tileset": "tile_secret", "coord": [ 3.0, 3.0 ] }, "576_-256": { "autotile": 1.0, "autotile_index": 0.0, "tileset": "tile_secret", "coord": [ 3.0, 3.0 ] }, "1536_480": { "autotile": 1.0, "autotile_index": 0.0, "tileset": "tile_secret", "coord": [ 3.0, 3.0 ] }, "1024_-192": { "autotile": 1.0, "autotile_index": 0.0, "tileset": "tile_secret", "coord": [ 3.0, 4.0 ] }, "1600_-224": { "autotile": 1.0, "autotile_index": 0.0, "tileset": "tile_secret", "coord": [ 3.0, 3.0 ] }, "160_384": { "autotile": 1.0, "autotile_index": 0.0, "tileset": "tile_secret", "coord": [ 3.0, 3.0 ] }, "1536_-256": { "autotile": 1.0, "autotile_index": 0.0, "tileset": "tile_secret", "coord": [ 3.0, 3.0 ] }, "544_480": { "autotile": 1.0, "autotile_index": 0.0, "tileset": "tile_secret", "coord": [ 3.0, 3.0 ] }, "64_224": { "autotile": 1.0, "autotile_index": 0.0, "tileset": "tile_secret", "coord": [ 3.0, 3.0 ] }, "1088_-160": { "autotile": 1.0, "autotile_index": 0.0, "tileset": "tile_secret", "coord": [ 2.0, 5.0 ] }, "1664_352": { "coord": [ 3.0, 3.0 ], "autotile_index": 0.0, "tileset": "tile_secret", "autotile": 1.0 }, "160_160": { "autotile": 1.0, "autotile_index": 0.0, "tileset": "tile_secret", "coord": [ 3.0, 2.0 ] }, "96_-224": { "autotile": 1.0, "autotile_index": 0.0, "tileset": "tile_secret", "coord": [ 3.0, 3.0 ] }, "32_224": { "autotile": 1.0, "autotile_index": 0.0, "tileset": "tile_secret", "coord": [ 3.0, 3.0 ] }, "1056_416": { "autotile": 1.0, "autotile_index": 0.0, "tileset": "tile_secret", "coord": [ 4.0, 1.0 ] }, "512_480": { "autotile": 1.0, "autotile_index": 0.0, "tileset": "tile_secret", "coord": [ 3.0, 3.0 ] }, "1440_192": { "coord": [ 3.0, 2.0 ], "autotile_index": 0.0, "tileset": "tile_secret", "autotile": 1.0 }, "1024_-160": { "autotile": 1.0, "autotile_index": 0.0, "tileset": "tile_secret", "coord": [ 2.0, 5.0 ] }, "1536_224": { "coord": [ 3.0, 3.0 ], "autotile_index": 0.0, "tileset": "tile_secret", "autotile": 1.0 }, "0_128": { "autotile": 1.0, "autotile_index": 0.0, "tileset": "tile_secret", "coord": [ 3.0, 3.0 ] }, "1504_512": { "autotile": 1.0, "autotile_index": 0.0, "tileset": "tile_secret", "coord": [ 3.0, 3.0 ] }, "608_-160": { "autotile": 1.0, "autotile_index": 0.0, "tileset": "tile_secret", "coord": [ 2.0, 5.0 ] }, "320_-224": { "autotile": 1.0, "autotile_index": 0.0, "tileset": "tile_secret", "coord": [ 3.0, 3.0 ] }, "1408_320": { "coord": [ 3.0, 3.0 ], "autotile_index": 0.0, "tileset": "tile_secret", "autotile": 1.0 }, "192_224": { "autotile": 1.0, "autotile_index": 0.0, "tileset": "tile_secret", "coord": [ 3.0, 3.0 ] }, "1088_-192": { "autotile": 1.0, "autotile_index": 0.0, "tileset": "tile_secret", "coord": [ 3.0, 4.0 ] }, "1280_-256": { "autotile": 1.0, "autotile_index": 0.0, "tileset": "tile_secret", "coord": [ 3.0, 3.0 ] }, "96_-64": { "autotile": 1.0, "autotile_index": 0.0, "tileset": "tile_secret", "coord": [ 5.0, 4.0 ] }, "192_128": { "autotile": 1.0, "autotile_index": 0.0, "tileset": "tile_secret", "coord": [ 4.0, 1.0 ] }, "896_-224": { "autotile": 1.0, "autotile_index": 0.0, "tileset": "tile_secret", "coord": [ 3.0, 3.0 ] }, "800_288": { "coord": [ 2.0, 2.0 ], "autotile_index": 0.0, "tileset": "tile_secret", "autotile": 1.0 }, "640_448": { "autotile": 1.0, "autotile_index": 0.0, "tileset": "tile_secret", "coord": [ 3.0, 2.0 ] }, "96_256": { "autotile": 1.0, "autotile_index": 0.0, "tileset": "tile_secret", "coord": [ 3.0, 3.0 ] }, "352_384": { "autotile": 1.0, "autotile_index": 0.0, "tileset": "tile_secret", "coord": [ 5.0, 4.0 ] }, "96_32": { "autotile": 1.0, "autotile_index": 0.0, "tileset": "tile_secret", "coord": [ 5.0, 4.0 ] }, "928_448": { "coord": [ 3.0, 2.0 ], "autotile_index": 0.0, "tileset": "tile_secret", "autotile": 1.0 }, "1504_288": { "coord": [ 3.0, 3.0 ], "autotile_index": 0.0, "tileset": "tile_secret", "autotile": 1.0 }, "1504_-192": { "autotile": 1.0, "autotile_index": 0.0, "tileset": "tile_secret", "coord": [ 3.0, 4.0 ] }, "96_160": { "autotile": 1.0, "autotile_index": 0.0, "tileset": "tile_secret", "coord": [ 3.0, 2.0 ] }, "1472_416": { "coord": [ 3.0, 3.0 ], "autotile_index": 0.0, "tileset": "tile_secret", "autotile": 1.0 }, "128_-256": { "autotile": 1.0, "autotile_index": 0.0, "tileset": "tile_secret", "coord": [ 3.0, 3.0 ] }, "1568_192": { "coord": [ 3.0, 2.0 ], "autotile_index": 0.0, "tileset": "tile_secret", "autotile": 1.0 }, "1312_448": { "coord": [ 3.0, 2.0 ], "autotile_index": 0.0, "tileset": "tile_secret", "autotile": 1.0 }, "672_448": { "autotile": 1.0, "autotile_index": 0.0, "tileset": "tile_secret", "coord": [ 3.0, 2.0 ] }, "0_160": { "autotile": 1.0, "autotile_index": 0.0, "tileset": "tile_secret", "coord": [ 3.0, 3.0 ] }, "96_-192": { "autotile": 1.0, "autotile_index": 0.0, "tileset": "tile_secret", "coord": [ 3.0, 4.0 ] }, "576_416": { "autotile": 1.0, "autotile_index": 0.0, "tileset": "tile_secret", "coord": [ 4.0, 1.0 ] }, "1568_512": { "autotile": 1.0, "autotile_index": 0.0, "tileset": "tile_secret", "coord": [ 3.0, 3.0 ] }, "608_416": { "autotile": 1.0, "autotile_index": 0.0, "tileset": "tile_secret", "coord": [ 4.0, 1.0 ] }, "64_0": { "autotile": 1.0, "autotile_index": 0.0, "tileset": "tile_secret", "coord": [ 4.0, 3.0 ] }, "1632_192": { "coord": [ 3.0, 2.0 ], "autotile_index": 0.0, "tileset": "tile_secret", "autotile": 1.0 }, "64_-256": { "autotile": 1.0, "autotile_index": 0.0, "tileset": "tile_secret", "coord": [ 3.0, 3.0 ] }, "352_352": { "autotile": 1.0, "autotile_index": 0.0, "tileset": "tile_secret", "coord": [ 5.0, 4.0 ] }, "704_448": { "coord": [ 3.0, 2.0 ], "autotile_index": 0.0, "tileset": "tile_secret", "autotile": 1.0 }, "128_256": { "autotile": 1.0, "autotile_index": 0.0, "tileset": "tile_secret", "coord": [ 3.0, 3.0 ] }, "1376_-256": { "autotile": 1.0, "autotile_index": 0.0, "tileset": "tile_secret", "coord": [ 3.0, 3.0 ] }, "1760_96": { "coord": [ 2.0, 3.0 ], "autotile_index": 0.0, "tileset": "tile_secret", "autotile": 1.0 }, "544_-192": { "autotile": 1.0, "autotile_index": 0.0, "tileset": "tile_secret", "coord": [ 3.0, 4.0 ] }, "320_384": { "autotile": 1.0, "autotile_index": 0.0, "tileset": "tile_secret", "coord": [ 4.0, 3.0 ] }, "1504_384": { "coord": [ 3.0, 3.0 ], "autotile_index": 0.0, "tileset": "tile_secret", "autotile": 1.0 }, "1344_-32": { "coord": [ 4.0, 3.0 ], "autotile_index": 0.0, "tileset": "tile_secret", "autotile": 1.0 }, "1472_-160": { "autotile": 1.0, "autotile_index": 0.0, "tileset": "tile_secret", "coord": [ 2.0, 5.0 ] }, "1600_224": { "coord": [ 3.0, 3.0 ], "autotile_index": 0.0, "tileset": "tile_secret", "autotile": 1.0 }, "1792_480": { "autotile": 1.0, "autotile_index": 0.0, "tileset": "tile_secret", "coord": [ 3.0, 3.0 ] }, "224_224": { "autotile": 1.0, "autotile_index": 0.0, "tileset": "tile_secret", "coord": [ 3.0, 3.0 ] }, "480_480": { "autotile": 1.0, "autotile_index": 0.0, "tileset": "tile_secret", "coord": [ 3.0, 3.0 ] }, "1248_416": { "autotile": 1.0, "autotile_index": 0.0, "tileset": "tile_secret", "coord": [ 4.0, 1.0 ] }, "992_512": { "autotile": 1.0, "autotile_index": 0.0, "tileset": "tile_secret", "coord": [ 3.0, 3.0 ] }, "1504_448": { "coord": [ 3.0, 3.0 ], "autotile_index": 0.0, "tileset": "tile_secret", "autotile": 1.0 }, "1152_480": { "autotile": 1.0, "autotile_index": 0.0, "tileset": "tile_secret", "coord": [ 3.0, 3.0 ] }, "1312_-224": { "autotile": 1.0, "autotile_index": 0.0, "tileset": "tile_secret", "coord": [ 3.0, 3.0 ] }, "1600_-256": { "autotile": 1.0, "autotile_index": 0.0, "tileset": "tile_secret", "coord": [ 3.0, 3.0 ] }, "1600_192": { "coord": [ 3.0, 2.0 ], "autotile_index": 0.0, "tileset": "tile_secret", "autotile": 1.0 }, "1728_416": { "coord": [ 3.0, 3.0 ], "autotile_index": 0.0, "tileset": "tile_secret", "autotile": 1.0 }, "256_192": { "autotile": 1.0, "autotile_index": 0.0, "tileset": "tile_secret", "coord": [ 3.0, 3.0 ] }, "64_-160": { "autotile": 1.0, "autotile_index": 0.0, "tileset": "tile_secret", "coord": [ 4.0, 3.0 ] }, "1760_128": { "coord": [ 2.0, 3.0 ], "autotile_index": 0.0, "tileset": "tile_secret", "autotile": 1.0 }, "32_320": { "autotile": 1.0, "autotile_index": 0.0, "tileset": "tile_secret", "coord": [ 3.0, 3.0 ] }, "32_-160": { "autotile": 1.0, "autotile_index": 0.0, "tileset": "tile_secret", "coord": [ 3.0, 3.0 ] }, "1344_-224": { "autotile": 1.0, "autotile_index": 0.0, "tileset": "tile_secret", "coord": [ 3.0, 3.0 ] }, "1824_0": { "autotile": 1.0, "autotile_index": 0.0, "tileset": "tile_secret", "coord": [ 3.0, 3.0 ] }, "672_-160": { "autotile": 1.0, "autotile_index": 0.0, "tileset": "tile_secret", "coord": [ 2.0, 5.0 ] }, "1824_96": { "autotile": 1.0, "autotile_index": 0.0, "tileset": "tile_secret", "coord": [ 3.0, 3.0 ] }, "1376_-224": { "autotile": 1.0, "autotile_index": 0.0, "tileset": "tile_secret", "coord": [ 3.0, 3.0 ] }, "256_512": { "autotile": 1.0, "autotile_index": 0.0, "tileset": "tile_secret", "coord": [ 3.0, 3.0 ] }, "800_448": { "coord": [ 5.0, 10.0 ], "autotile_index": 0.0, "tileset": "tile_secret", "autotile": 1.0 }, "1344_352": { "coord": [ 1.0, 2.0 ], "autotile_index": 0.0, "tileset": "tile_secret", "autotile": 1.0 }, "832_384": { "coord": [ 4.0, 3.0 ], "autotile_index": 0.0, "tileset": "tile_secret", "autotile": 1.0 }, "416_416": { "autotile": 1.0, "autotile_index": 0.0, "tileset": "tile_secret", "coord": [ 4.0, 1.0 ] }, "1344_320": { "coord": [ 1.0, 2.0 ], "autotile_index": 0.0, "tileset": "tile_secret", "autotile": 1.0 }, "1536_256": { "coord": [ 3.0, 3.0 ], "autotile_index": 0.0, "tileset": "tile_secret", "autotile": 1.0 }, "1120_-224": { "autotile": 1.0, "autotile_index": 0.0, "tileset": "tile_secret", "coord": [ 3.0, 3.0 ] }, "1824_448": { "autotile": 1.0, "autotile_index": 0.0, "tileset": "tile_secret", "coord": [ 3.0, 3.0 ] }, "736_-224": { "autotile": 1.0, "autotile_index": 0.0, "tileset": "tile_secret", "coord": [ 3.0, 3.0 ] }, "1632_288": { "coord": [ 3.0, 3.0 ], "autotile_index": 0.0, "tileset": "tile_secret", "autotile": 1.0 }, "1568_384": { "coord": [ 3.0, 3.0 ], "autotile_index": 0.0, "tileset": "tile_secret", "autotile": 1.0 }, "1440_320": { "coord": [ 3.0, 3.0 ], "autotile_index": 0.0, "tileset": "tile_secret", "autotile": 1.0 }, "288_-256": { "autotile": 1.0, "autotile_index": 0.0, "tileset": "tile_secret", "coord": [ 3.0, 3.0 ] }, "192_352": { "autotile": 1.0, "autotile_index": 0.0, "tileset": "tile_secret", "coord": [ 3.0, 3.0 ] }, "608_-192": { "autotile": 1.0, "autotile_index": 0.0, "tileset": "tile_secret", "coord": [ 3.0, 4.0 ] }, "96_-32": { "autotile": 1.0, "autotile_index": 0.0, "tileset": "tile_secret", "coord": [ 5.0, 4.0 ] }, "352_-192": { "autotile": 1.0, "autotile_index": 0.0, "tileset": "tile_secret", "coord": [ 3.0, 4.0 ] }, "1312_-64": { "coord": [ 2.0, 3.0 ], "autotile_index": 0.0, "tileset": "tile_secret", "autotile": 1.0 }, "1280_-160": { "coord": [ 4.0, 7.0 ], "autotile_index": 0.0, "tileset": "tile_secret", "autotile": 1.0 }, "1536_-192": { "autotile": 1.0, "autotile_index": 0.0, "tileset": "tile_secret", "coord": [ 3.0, 4.0 ] }, "352_128": { "autotile": 1.0, "autotile_index": 0.0, "tileset": "tile_secret", "coord": [ 5.0, 1.0 ] }, "832_320": { "coord": [ 4.0, 3.0 ], "autotile_index": 0.0, "tileset": "tile_secret", "autotile": 1.0 }, "1760_416": { "coord": [ 3.0, 3.0 ], "autotile_index": 0.0, "tileset": "tile_secret", "autotile": 1.0 }, "1472_480": { "autotile": 1.0, "autotile_index": 0.0, "tileset": "tile_secret", "coord": [ 3.0, 3.0 ] }, "1440_352": { "coord": [ 3.0, 3.0 ], "autotile_index": 0.0, "tileset": "tile_secret", "autotile": 1.0 }, "128_128": { "autotile": 1.0, "autotile_index": 0.0, "tileset": "tile_secret", "coord": [ 4.0, 1.0 ] }, "1376_480": { "autotile": 1.0, "autotile_index": 0.0, "tileset": "tile_secret", "coord": [ 3.0, 3.0 ] }, "1792_-224": { "autotile": 1.0, "autotile_index": 0.0, "tileset": "tile_secret", "coord": [ 3.0, 3.0 ] }, "1504_160": { "coord": [ 4.0, 1.0 ], "autotile_index": 0.0, "tileset": "tile_secret", "autotile": 1.0 }, "128_224": { "autotile": 1.0, "autotile_index": 0.0, "tileset": "tile_secret", "coord": [ 3.0, 3.0 ] }, "64_96": { "autotile": 1.0, "autotile_index": 0.0, "tileset": "tile_secret", "coord": [ 4.0, 3.0 ] }, "128_-160": { "autotile": 1.0, "autotile_index": 0.0, "tileset": "tile_secret", "coord": [ 2.0, 5.0 ] }, "1600_-192": { "autotile": 1.0, "autotile_index": 0.0, "tileset": "tile_secret", "coord": [ 3.0, 4.0 ] }, "1312_480": { "autotile": 1.0, "autotile_index": 0.0, "tileset": "tile_secret", "coord": [ 3.0, 3.0 ] }, "1248_512": { "autotile": 1.0, "autotile_index": 0.0, "tileset": "tile_secret", "coord": [ 3.0, 3.0 ] }, "1696_448": { "coord": [ 3.0, 3.0 ], "autotile_index": 0.0, "tileset": "tile_secret", "autotile": 1.0 }, "1664_-192": { "autotile": 1.0, "autotile_index": 0.0, "tileset": "tile_secret", "coord": [ 3.0, 4.0 ] }, "1344_160": { "coord": [ 1.0, 1.0 ], "autotile_index": 0.0, "tileset": "tile_secret", "autotile": 1.0 }, "608_-224": { "autotile": 1.0, "autotile_index": 0.0, "tileset": "tile_secret", "coord": [ 3.0, 3.0 ] }, "1664_256": { "coord": [ 3.0, 3.0 ], "autotile_index": 0.0, "tileset": "tile_secret", "autotile": 1.0 }, "1472_448": { "coord": [ 3.0, 3.0 ], "autotile_index": 0.0, "tileset": "tile_secret", "autotile": 1.0 }, "416_512": { "autotile": 1.0, "autotile_index": 0.0, "tileset": "tile_secret", "coord": [ 3.0, 3.0 ] }, "1152_-256": { "autotile": 1.0, "autotile_index": 0.0, "tileset": "tile_secret", "coord": [ 3.0, 3.0 ] }, "864_256": { "coord": [ 5.0, 1.0 ], "autotile_index": 0.0, "tileset": "tile_secret", "autotile": 1.0 }, "1120_-160": { "autotile": 1.0, "autotile_index": 0.0, "tileset": "tile_secret", "coord": [ 2.0, 5.0 ] }, "1632_256": { "coord": [ 3.0, 3.0 ], "autotile_index": 0.0, "tileset": "tile_secret", "autotile": 1.0 }, "128_160": { "autotile": 1.0, "autotile_index": 0.0, "tileset": "tile_secret", "coord": [ 3.0, 2.0 ] }, "1824_352": { "autotile": 1.0, "autotile_index": 0.0, "tileset": "tile_secret", "coord": [ 3.0, 3.0 ] }, "224_-192": { "autotile": 1.0, "autotile_index": 0.0, "tileset": "tile_secret", "coord": [ 3.0, 4.0 ] }, "1728_-96": { "autotile": 1.0, "autotile_index": 0.0, "tileset": "tile_secret", "coord": [ 1.0, 2.0 ] }, "1440_-192": { "coord": [ 3.0, 4.0 ], "autotile_index": 0.0, "tileset": "tile_secret", "autotile": 1.0 }, "1696_384": { "coord": [ 3.0, 3.0 ], "autotile_index": 0.0, "tileset": "tile_secret", "autotile": 1.0 }, "1664_416": { "coord": [ 3.0, 3.0 ], "autotile_index": 0.0, "tileset": "tile_secret", "autotile": 1.0 }, "832_0": { "coord": [ 1.0, 2.0 ], "autotile_index": 0.0, "tileset": "tile_secret", "autotile": 1.0 }, "480_-160": { "autotile": 1.0, "autotile_index": 0.0, "tileset": "tile_secret", "coord": [ 2.0, 5.0 ] }, "1408_160": { "coord": [ 4.0, 1.0 ], "autotile_index": 0.0, "tileset": "tile_secret", "autotile": 1.0 }, "480_-256": { "autotile": 1.0, "autotile_index": 0.0, "tileset": "tile_secret", "coord": [ 3.0, 3.0 ] }, "512_-192": { "autotile": 1.0, "autotile_index": 0.0, "tileset": "tile_secret", "coord": [ 3.0, 4.0 ] }, "1632_448": { "coord": [ 3.0, 3.0 ], "autotile_index": 0.0, "tileset": "tile_secret", "autotile": 1.0 }, "832_-192": { "coord": [ 3.0, 4.0 ], "autotile_index": 0.0, "tileset": "tile_secret", "autotile": 1.0 }, "160_-256": { "autotile": 1.0, "autotile_index": 0.0, "tileset": "tile_secret", "coord": [ 3.0, 3.0 ] }, "1792_160": { "autotile": 1.0, "autotile_index": 0.0, "tileset": "tile_secret", "coord": [ 3.0, 3.0 ] }, "1760_224": { "coord": [ 3.0, 3.0 ], "autotile_index": 0.0, "tileset": "tile_secret", "autotile": 1.0 }, "1536_320": { "coord": [ 3.0, 3.0 ], "autotile_index": 0.0, "tileset": "tile_secret", "autotile": 1.0 }, "1568_-224": { "autotile": 1.0, "autotile_index": 0.0, "tileset": "tile_secret", "coord": [ 3.0, 3.0 ] }, "1792_-32": { "autotile": 1.0, "autotile_index": 0.0, "tileset": "tile_secret", "coord": [ 3.0, 3.0 ] }, "1824_-64": { "autotile": 1.0, "autotile_index": 0.0, "tileset": "tile_secret", "coord": [ 3.0, 3.0 ] }, "1824_256": { "autotile": 1.0, "autotile_index": 0.0, "tileset": "tile_secret", "coord": [ 3.0, 3.0 ] }, "1504_-160": { "autotile": 1.0, "autotile_index": 0.0, "tileset": "tile_secret", "coord": [ 2.0, 5.0 ] }, "512_-256": { "autotile": 1.0, "autotile_index": 0.0, "tileset": "tile_secret", "coord": [ 3.0, 3.0 ] }, "1728_320": { "coord": [ 3.0, 3.0 ], "autotile_index": 0.0, "tileset": "tile_secret", "autotile": 1.0 }, "1632_-160": { "autotile": 1.0, "autotile_index": 0.0, "tileset": "tile_secret", "coord": [ 2.0, 5.0 ] }, "512_-160": { "autotile": 1.0, "autotile_index": 0.0, "tileset": "tile_secret", "coord": [ 2.0, 5.0 ] }, "1344_288": { "coord": [ 1.0, 2.0 ], "autotile_index": 0.0, "tileset": "tile_secret", "autotile": 1.0 }, "1120_480": { "autotile": 1.0, "autotile_index": 0.0, "tileset": "tile_secret", "coord": [ 3.0, 3.0 ] }, "736_416": { "coord": [ 4.0, 1.0 ], "autotile_index": 0.0, "tileset": "tile_secret", "autotile": 1.0 }, "864_96": { "coord": [ 5.0, 4.0 ], "autotile_index": 0.0, "tileset": "tile_secret", "autotile": 1.0 }, "1568_256": { "coord": [ 3.0, 3.0 ], "autotile_index": 0.0, "tileset": "tile_secret", "autotile": 1.0 }, "256_160": { "autotile": 1.0, "autotile_index": 0.0, "tileset": "tile_secret", "coord": [ 3.0, 2.0 ] }, "800_480": { "autotile": 1.0, "autotile_index": 0.0, "tileset": "tile_secret", "coord": [ 3.0, 3.0 ] }, "1312_-96": { "coord": [ 2.0, 3.0 ], "autotile_index": 0.0, "tileset": "tile_secret", "autotile": 1.0 }, "160_192": { "autotile": 1.0, "autotile_index": 0.0, "tileset": "tile_secret", "coord": [ 3.0, 3.0 ] }, "128_192": { "autotile": 1.0, "autotile_index": 0.0, "tileset": "tile_secret", "coord": [ 3.0, 3.0 ] }, "1664_-256": { "autotile": 1.0, "autotile_index": 0.0, "tileset": "tile_secret", "coord": [ 3.0, 3.0 ] }, "1760_-224": { "autotile": 1.0, "autotile_index": 0.0, "tileset": "tile_secret", "coord": [ 3.0, 3.0 ] }, "768_256": { "coord": [ 1.0, 1.0 ], "autotile_index": 0.0, "tileset": "tile_secret", "autotile": 1.0 }, "832_-96": { "coord": [ 1.0, 2.0 ], "autotile_index": 0.0, "tileset": "tile_secret", "autotile": 1.0 }, "1312_-256": { "autotile": 1.0, "autotile_index": 0.0, "tileset": "tile_secret", "coord": [ 3.0, 3.0 ] }, "640_-224": { "autotile": 1.0, "autotile_index": 0.0, "tileset": "tile_secret", "coord": [ 3.0, 3.0 ] }, "1696_480": { "autotile": 1.0, "autotile_index": 0.0, "tileset": "tile_secret", "coord": [ 3.0, 3.0 ] }, "1216_-192": { "coord": [ 3.0, 4.0 ], "autotile_index": 0.0, "tileset": "tile_secret", "autotile": 1.0 }, "832_288": { "coord": [ 4.0, 2.0 ], "autotile_index": 0.0, "tileset": "tile_secret", "autotile": 1.0 }, "1024_416": { "autotile": 1.0, "autotile_index": 0.0, "tileset": "tile_secret", "coord": [ 4.0, 1.0 ] }, "1632_224": { "coord": [ 3.0, 3.0 ], "autotile_index": 0.0, "tileset": "tile_secret", "autotile": 1.0 }, "1472_192": { "coord": [ 3.0, 2.0 ], "autotile_index": 0.0, "tileset": "tile_secret", "autotile": 1.0 }, "1696_192": { "coord": [ 3.0, 2.0 ], "autotile_index": 0.0, "tileset": "tile_secret", "autotile": 1.0 }, "1408_224": { "coord": [ 3.0, 3.0 ], "autotile_index": 0.0, "tileset": "tile_secret", "autotile": 1.0 }, "960_-256": { "autotile": 1.0, "autotile_index": 0.0, "tileset": "tile_secret", "coord": [ 3.0, 3.0 ] }, "1568_448": { "coord": [ 3.0, 3.0 ], "autotile_index": 0.0, "tileset": "tile_secret", "autotile": 1.0 }, "1440_480": { "autotile": 1.0, "autotile_index": 0.0, "tileset": "tile_secret", "coord": [ 3.0, 3.0 ] }, "1344_-160": { "coord": [ 4.0, 3.0 ], "autotile_index": 0.0, "tileset": "tile_secret", "autotile": 1.0 }, "1824_-192": { "autotile": 1.0, "autotile_index": 0.0, "tileset": "tile_secret", "coord": [ 3.0, 3.0 ] }, "1664_192": { "coord": [ 3.0, 2.0 ], "autotile_index": 0.0, "tileset": "tile_secret", "autotile": 1.0 }, "1600_448": { "coord": [ 3.0, 3.0 ], "autotile_index": 0.0, "tileset": "tile_secret", "autotile": 1.0 }, "1024_512": { "autotile": 1.0, "autotile_index": 0.0, "tileset": "tile_secret", "coord": [ 3.0, 3.0 ] }, "1792_-256": { "autotile": 1.0, "autotile_index": 0.0, "tileset": "tile_secret", "coord": [ 3.0, 3.0 ] }, "96_64": { "autotile": 1.0, "autotile_index": 0.0, "tileset": "tile_secret", "coord": [ 5.0, 4.0 ] }, "1824_192": { "autotile": 1.0, "autotile_index": 0.0, "tileset": "tile_secret", "coord": [ 3.0, 3.0 ] }, "0_-128": { "autotile": 1.0, "autotile_index": 0.0, "tileset": "tile_secret", "coord": [ 3.0, 3.0 ] }, "224_-256": { "autotile": 1.0, "autotile_index": 0.0, "tileset": "tile_secret", "coord": [ 3.0, 3.0 ] }, "608_512": { "autotile": 1.0, "autotile_index": 0.0, "tileset": "tile_secret", "coord": [ 3.0, 3.0 ] }, "96_512": { "autotile": 1.0, "autotile_index": 0.0, "tileset": "tile_secret", "coord": [ 3.0, 3.0 ] }, "256_-160": { "autotile": 1.0, "autotile_index": 0.0, "tileset": "tile_secret", "coord": [ 2.0, 5.0 ] }, "384_-224": { "autotile": 1.0, "autotile_index": 0.0, "tileset": "tile_secret", "coord": [ 3.0, 3.0 ] }, "512_512": { "autotile": 1.0, "autotile_index": 0.0, "tileset": "tile_secret", "coord": [ 3.0, 3.0 ] }, "96_384": { "autotile": 1.0, "autotile_index": 0.0, "tileset": "tile_secret", "coord": [ 3.0, 3.0 ] }, "1600_480": { "autotile": 1.0, "autotile_index": 0.0, "tileset": "tile_secret", "coord": [ 3.0, 3.0 ] }, "1184_-192": { "autotile": 1.0, "autotile_index": 0.0, "tileset": "tile_secret", "coord": [ 3.0, 4.0 ] }, "1184_-256": { "autotile": 1.0, "autotile_index": 0.0, "tileset": "tile_secret", "coord": [ 3.0, 3.0 ] }, "288_512": { "autotile": 1.0, "autotile_index": 0.0, "tileset": "tile_secret", "coord": [ 3.0, 3.0 ] }, "0_-192": { "autotile": 1.0, "autotile_index": 0.0, "tileset": "tile_secret", "coord": [ 3.0, 3.0 ] }, "1152_448": { "autotile": 1.0, "autotile_index": 0.0, "tileset": "tile_secret", "coord": [ 3.0, 2.0 ] }, "1760_0": { "autotile": 1.0, "autotile_index": 0.0, "tileset": "tile_secret", "coord": [ 2.0, 3.0 ] }, "1504_480": { "autotile": 1.0, "autotile_index": 0.0, "tileset": "tile_secret", "coord": [ 3.0, 3.0 ] }, "320_448": { "autotile": 1.0, "autotile_index": 0.0, "tileset": "tile_secret", "coord": [ 1.0, 10.0 ] }, "1760_256": { "coord": [ 3.0, 3.0 ], "autotile_index": 0.0, "tileset": "tile_secret", "autotile": 1.0 }, "1728_-160": { "autotile": 1.0, "autotile_index": 0.0, "tileset": "tile_secret", "coord": [ 4.0, 7.0 ] }, "800_320": { "coord": [ 2.0, 3.0 ], "autotile_index": 0.0, "tileset": "tile_secret", "autotile": 1.0 }, "224_128": { "autotile": 1.0, "autotile_index": 0.0, "tileset": "tile_secret", "coord": [ 4.0, 1.0 ] }, "0_352": { "autotile": 1.0, "autotile_index": 0.0, "tileset": "tile_secret", "coord": [ 3.0, 3.0 ] }, "800_416": { "coord": [ 2.0, 3.0 ], "autotile_index": 0.0, "tileset": "tile_secret", "autotile": 1.0 }, "1568_480": { "autotile": 1.0, "autotile_index": 0.0, "tileset": "tile_secret", "coord": [ 3.0, 3.0 ] }, "1824_512": { "autotile": 1.0, "autotile_index": 0.0, "tileset": "tile_secret", "coord": [ 3.0, 3.0 ] }, "288_320": { "autotile": 1.0, "autotile_index": 0.0, "tileset": "tile_secret", "coord": [ 3.0, 3.0 ] }, "576_512": { "autotile": 1.0, "autotile_index": 0.0, "tileset": "tile_secret", "coord": [ 3.0, 3.0 ] }, "192_256": { "autotile": 1.0, "autotile_index": 0.0, "tileset": "tile_secret", "coord": [ 3.0, 3.0 ] }, "1376_32": { "coord": [ 5.0, 5.0 ], "autotile_index": 0.0, "tileset": "tile_secret", "autotile": 1.0 }, "1824_416": { "autotile": 1.0, "autotile_index": 0.0, "tileset": "tile_secret", "coord": [ 3.0, 3.0 ] }, "64_512": { "autotile": 1.0, "autotile_index": 0.0, "tileset": "tile_secret", "coord": [ 3.0, 3.0 ] }, "1504_256": { "coord": [ 3.0, 3.0 ], "autotile_index": 0.0, "tileset": "tile_secret", "autotile": 1.0 }, "96_0": { "autotile": 1.0, "autotile_index": 0.0, "tileset": "tile_secret", "coord": [ 5.0, 4.0 ] }, "352_192": { "autotile": 1.0, "autotile_index": 0.0, "tileset": "tile_secret", "coord": [ 5.0, 4.0 ] }, "320_416": { "autotile": 1.0, "autotile_index": 0.0, "tileset": "tile_secret", "coord": [ 4.0, 3.0 ] }, "1760_160": { "coord": [ 2.0, 3.0 ], "autotile_index": 0.0, "tileset": "tile_secret", "autotile": 1.0 }, "1760_480": { "autotile": 1.0, "autotile_index": 0.0, "tileset": "tile_secret", "coord": [ 3.0, 3.0 ] }, "480_416": { "autotile": 1.0, "autotile_index": 0.0, "tileset": "tile_secret", "coord": [ 4.0, 1.0 ] }, "576_448": { "autotile": 1.0, "autotile_index": 0.0, "tileset": "tile_secret", "coord": [ 3.0, 2.0 ] }, "1152_-192": { "autotile": 1.0, "autotile_index": 0.0, "tileset": "tile_secret", "coord": [ 3.0, 4.0 ] }, "32_96": { "autotile": 1.0, "autotile_index": 0.0, "tileset": "tile_secret", "coord": [ 3.0, 3.0 ] }, "1472_-224": { "autotile": 1.0, "autotile_index": 0.0, "tileset": "tile_secret", "coord": [ 3.0, 3.0 ] }, "960_416": { "autotile": 1.0, "autotile_index": 0.0, "tileset": "tile_secret", "coord": [ 4.0, 1.0 ] }, "1696_512": { "autotile": 1.0, "autotile_index": 0.0, "tileset": "tile_secret", "coord": [ 3.0, 3.0 ] }, "1760_512": { "autotile": 1.0, "autotile_index": 0.0, "tileset": "tile_secret", "coord": [ 3.0, 3.0 ] }, "1824_32": { "autotile": 1.0, "autotile_index": 0.0, "tileset": "tile_secret", "coord": [ 3.0, 3.0 ] }, "192_-160": { "autotile": 1.0, "autotile_index": 0.0, "tileset": "tile_secret", "coord": [ 2.0, 5.0 ] }, "1504_192": { "coord": [ 3.0, 2.0 ], "autotile_index": 0.0, "tileset": "tile_secret", "autotile": 1.0 }, "1696_160": { "coord": [ 4.0, 1.0 ], "autotile_index": 0.0, "tileset": "tile_secret", "autotile": 1.0 }, "1088_448": { "autotile": 1.0, "autotile_index": 0.0, "tileset": "tile_secret", "coord": [ 3.0, 2.0 ] }, "288_224": { "autotile": 1.0, "autotile_index": 0.0, "tileset": "tile_secret", "coord": [ 3.0, 3.0 ] }, "1216_-160": { "coord": [ 2.0, 5.0 ], "autotile_index": 0.0, "tileset": "tile_secret", "autotile": 1.0 }, "864_320": { "coord": [ 5.0, 4.0 ], "autotile_index": 0.0, "tileset": "tile_secret", "autotile": 1.0 }, "1472_384": { "coord": [ 3.0, 3.0 ], "autotile_index": 0.0, "tileset": "tile_secret", "autotile": 1.0 }, "288_-160": { "autotile": 1.0, "autotile_index": 0.0, "tileset": "tile_secret", "coord": [ 2.0, 5.0 ] }, "1280_-64": { "coord": [ 1.0, 2.0 ], "autotile_index": 0.0, "tileset": "tile_secret", "autotile": 1.0 }, "352_416": { "autotile": 1.0, "autotile_index": 0.0, "tileset": "tile_secret", "coord": [ 2.0, 9.0 ] }, "1792_448": { "autotile": 1.0, "autotile_index": 0.0, "tileset": "tile_secret", "coord": [ 3.0, 3.0 ] }, "1600_-160": { "autotile": 1.0, "autotile_index": 0.0, "tileset": "tile_secret", "coord": [ 2.0, 5.0 ] }, "480_-192": { "autotile": 1.0, "autotile_index": 0.0, "tileset": "tile_secret", "coord": [ 3.0, 4.0 ] }, "96_320": { "autotile": 1.0, "autotile_index": 0.0, "tileset": "tile_secret", "coord": [ 3.0, 3.0 ] }, "1184_-160": { "autotile": 1.0, "autotile_index": 0.0, "tileset": "tile_secret", "coord": [ 2.0, 5.0 ] }, "1440_-224": { "autotile": 1.0, "autotile_index": 0.0, "tileset": "tile_secret", "coord": [ 3.0, 3.0 ] }, "1056_480": { "autotile": 1.0, "autotile_index": 0.0, "tileset": "tile_secret", "coord": [ 3.0, 3.0 ] }, "352_-256": { "autotile": 1.0, "autotile_index": 0.0, "tileset": "tile_secret", "coord": [ 3.0, 3.0 ] }, "1792_0": { "autotile": 1.0, "autotile_index": 0.0, "tileset": "tile_secret", "coord": [ 3.0, 3.0 ] }, "1760_448": { "coord": [ 3.0, 3.0 ], "autotile_index": 0.0, "tileset": "tile_secret", "autotile": 1.0 }, "1824_320": { "autotile": 1.0, "autotile_index": 0.0, "tileset": "tile_secret", "coord": [ 3.0, 3.0 ] }, "288_256": { "autotile": 1.0, "autotile_index": 0.0, "tileset": "tile_secret", "coord": [ 3.0, 3.0 ] }, "64_32": { "autotile": 1.0, "autotile_index": 0.0, "tileset": "tile_secret", "coord": [ 4.0, 3.0 ] }, "1760_-256": { "autotile": 1.0, "autotile_index": 0.0, "tileset": "tile_secret", "coord": [ 3.0, 3.0 ] }, "1056_-160": { "autotile": 1.0, "autotile_index": 0.0, "tileset": "tile_secret", "coord": [ 2.0, 5.0 ] }, "1376_0": { "coord": [ 5.0, 4.0 ], "autotile_index": 0.0, "tileset": "tile_secret", "autotile": 1.0 }, "1248_-256": { "autotile": 1.0, "autotile_index": 0.0, "tileset": "tile_secret", "coord": [ 3.0, 3.0 ] }, "1760_192": { "coord": [ 5.0, 10.0 ], "autotile_index": 0.0, "tileset": "tile_secret", "autotile": 1.0 }, "1696_256": { "coord": [ 3.0, 3.0 ], "autotile_index": 0.0, "tileset": "tile_secret", "autotile": 1.0 }, "352_512": { "autotile": 1.0, "autotile_index": 0.0, "tileset": "tile_secret", "coord": [ 3.0, 3.0 ] }, "1376_-64": { "coord": [ 5.0, 4.0 ], "autotile_index": 0.0, "tileset": "tile_secret", "autotile": 1.0 }, "1792_32": { "autotile": 1.0, "autotile_index": 0.0, "tileset": "tile_secret", "coord": [ 3.0, 3.0 ] }, "1408_288": { "coord": [ 3.0, 3.0 ], "autotile_index": 0.0, "tileset": "tile_secret", "autotile": 1.0 }, "256_416": { "autotile": 1.0, "autotile_index": 0.0, "tileset": "tile_secret", "coord": [ 3.0, 3.0 ] }, "224_480": { "autotile": 1.0, "autotile_index": 0.0, "tileset": "tile_secret", "coord": [ 3.0, 3.0 ] }, "1760_32": { "autotile": 1.0, "autotile_index": 0.0, "tileset": "tile_secret", "coord": [ 2.0, 3.0 ] }, "64_160": { "autotile": 1.0, "autotile_index": 0.0, "tileset": "tile_secret", "coord": [ 1.0, 10.0 ] }, "1344_-192": { "coord": [ 1.0, 6.0 ], "autotile_index": 0.0, "tileset": "tile_secret", "autotile": 1.0 }, "704_480": { "autotile": 1.0, "autotile_index": 0.0, "tileset": "tile_secret", "coord": [ 3.0, 3.0 ] }, "1344_0": { "coord": [ 4.0, 4.0 ], "autotile_index": 0.0, "tileset": "tile_secret", "autotile": 1.0 }, "32_-224": { "autotile": 1.0, "autotile_index": 0.0, "tileset": "tile_secret", "coord": [ 3.0, 3.0 ] }, "1600_256": { "coord": [ 3.0, 3.0 ], "autotile_index": 0.0, "tileset": "tile_secret", "autotile": 1.0 }, "864_-32": { "coord": [ 5.0, 4.0 ], "autotile_index": 0.0, "tileset": "tile_secret", "autotile": 1.0 }, "1568_416": { "coord": [ 3.0, 3.0 ], "autotile_index": 0.0, "tileset": "tile_secret", "autotile": 1.0 }, "224_288": { "autotile": 1.0, "autotile_index": 0.0, "tileset": "tile_secret", "coord": [ 3.0, 3.0 ] }, "64_128": { "autotile": 1.0, "autotile_index": 0.0, "tileset": "tile_secret", "coord": [ 4.0, 3.0 ] }, "1376_416": { "coord": [ 2.0, 3.0 ], "autotile_index": 0.0, "tileset": "tile_secret", "autotile": 1.0 }, "448_-160": { "autotile": 1.0, "autotile_index": 0.0, "tileset": "tile_secret", "coord": [ 2.0, 5.0 ] }, "576_-224": { "autotile": 1.0, "autotile_index": 0.0, "tileset": "tile_secret", "coord": [ 3.0, 3.0 ] }, "1440_-256": { "autotile": 1.0, "autotile_index": 0.0, "tileset": "tile_secret", "coord": [ 3.0, 3.0 ] }, "1440_416": { "coord": [ 3.0, 3.0 ], "autotile_index": 0.0, "tileset": "tile_secret", "autotile": 1.0 }, "96_-128": { "autotile": 1.0, "autotile_index": 0.0, "tileset": "tile_secret", "coord": [ 5.0, 4.0 ] }, "1120_-256": { "autotile": 1.0, "autotile_index": 0.0, "tileset": "tile_secret", "coord": [ 3.0, 3.0 ] }, "320_-160": { "autotile": 1.0, "autotile_index": 0.0, "tileset": "tile_secret", "coord": [ 2.0, 5.0 ] }, "192_512": { "autotile": 1.0, "autotile_index": 0.0, "tileset": "tile_secret", "coord": [ 3.0, 3.0 ] }, "160_-160": { "autotile": 1.0, "autotile_index": 0.0, "tileset": "tile_secret", "coord": [ 2.0, 5.0 ] }, "1088_-256": { "autotile": 1.0, "autotile_index": 0.0, "tileset": "tile_secret", "coord": [ 3.0, 3.0 ] }, "1504_320": { "coord": [ 3.0, 3.0 ], "autotile_index": 0.0, "tileset": "tile_secret", "autotile": 1.0 }, "192_160": { "autotile": 1.0, "autotile_index": 0.0, "tileset": "tile_secret", "coord": [ 3.0, 2.0 ] }, "704_-256": { "autotile": 1.0, "autotile_index": 0.0, "tileset": "tile_secret", "coord": [ 3.0, 3.0 ] }, "1728_-192": { "autotile": 1.0, "autotile_index": 0.0, "tileset": "tile_secret", "coord": [ 3.0, 4.0 ] }, "1376_224": { "coord": [ 2.0, 3.0 ], "autotile_index": 0.0, "tileset": "tile_secret", "autotile": 1.0 }, "128_480": { "autotile": 1.0, "autotile_index": 0.0, "tileset": "tile_secret", "coord": [ 3.0, 3.0 ] }, "864_448": { "coord": [ 3.0, 2.0 ], "autotile_index": 0.0, "tileset": "tile_secret", "autotile": 1.0 }, "1280_480": { "autotile": 1.0, "autotile_index": 0.0, "tileset": "tile_secret", "coord": [ 3.0, 3.0 ] }, "1344_-96": { "coord": [ 4.0, 3.0 ], "autotile_index": 0.0, "tileset": "tile_secret", "autotile": 1.0 }, "1728_128": { "coord": [ 1.0, 2.0 ], "autotile_index": 0.0, "tileset": "tile_secret", "autotile": 1.0 }, "1728_64": { "autotile": 1.0, "autotile_index": 0.0, "tileset": "tile_secret", "coord": [ 1.0, 2.0 ] }, "1824_-224": { "autotile": 1.0, "autotile_index": 0.0, "tileset": "tile_secret", "coord": [ 3.0, 3.0 ] }, "608_480": { "autotile": 1.0, "autotile_index": 0.0, "tileset": "tile_secret", "coord": [ 3.0, 3.0 ] }, "1792_224": { "autotile": 1.0, "autotile_index": 0.0, "tileset": "tile_secret", "coord": [ 3.0, 3.0 ] }, "128_-192": { "autotile": 1.0, "autotile_index": 0.0, "tileset": "tile_secret", "coord": [ 3.0, 4.0 ] }, "800_-192": { "coord": [ 3.0, 4.0 ], "autotile_index": 0.0, "tileset": "tile_secret", "autotile": 1.0 }, "1344_256": { "coord": [ 1.0, 2.0 ], "autotile_index": 0.0, "tileset": "tile_secret", "autotile": 1.0 }, "1536_448": { "coord": [ 3.0, 3.0 ], "autotile_index": 0.0, "tileset": "tile_secret", "autotile": 1.0 }, "1792_-160": { "autotile": 1.0, "autotile_index": 0.0, "tileset": "tile_secret", "coord": [ 3.0, 3.0 ] }, "1728_192": { "coord": [ 3.0, 2.0 ], "autotile_index": 0.0, "tileset": "tile_secret", "autotile": 1.0 }, "1472_352": { "coord": [ 3.0, 3.0 ], "autotile_index": 0.0, "tileset": "tile_secret", "autotile": 1.0 }, "32_192": { "autotile": 1.0, "autotile_index": 0.0, "tileset": "tile_secret", "coord": [ 3.0, 3.0 ] }, "1792_320": { "autotile": 1.0, "autotile_index": 0.0, "tileset": "tile_secret", "coord": [ 3.0, 3.0 ] }, "1696_-224": { "autotile": 1.0, "autotile_index": 0.0, "tileset": "tile_secret", "coord": [ 3.0, 3.0 ] }, "1664_-224": { "autotile": 1.0, "autotile_index": 0.0, "tileset": "tile_secret", "coord": [ 3.0, 3.0 ] }, "0_64": { "autotile": 1.0, "autotile_index": 0.0, "tileset": "tile_secret", "coord": [ 3.0, 3.0 ] }, "1696_288": { "coord": [ 3.0, 3.0 ], "autotile_index": 0.0, "tileset": "tile_secret", "autotile": 1.0 }, "864_-128": { "coord": [ 5.0, 4.0 ], "autotile_index": 0.0, "tileset": "tile_secret", "autotile": 1.0 }, "1760_288": { "coord": [ 3.0, 3.0 ], "autotile_index": 0.0, "tileset": "tile_secret", "autotile": 1.0 }, "1600_384": { "coord": [ 3.0, 3.0 ], "autotile_index": 0.0, "tileset": "tile_secret", "autotile": 1.0 }, "992_480": { "autotile": 1.0, "autotile_index": 0.0, "tileset": "tile_secret", "coord": [ 3.0, 3.0 ] }, "0_256": { "autotile": 1.0, "autotile_index": 0.0, "tileset": "tile_secret", "coord": [ 3.0, 3.0 ] }, "1216_416": { "autotile": 1.0, "autotile_index": 0.0, "tileset": "tile_secret", "coord": [ 4.0, 1.0 ] }, "96_-256": { "autotile": 1.0, "autotile_index": 0.0, "tileset": "tile_secret", "coord": [ 3.0, 3.0 ] }, "32_416": { "autotile": 1.0, "autotile_index": 0.0, "tileset": "tile_secret", "coord": [ 3.0, 3.0 ] }, "352_480": { "autotile": 1.0, "autotile_index": 0.0, "tileset": "tile_secret", "coord": [ 3.0, 3.0 ] }, "1536_352": { "coord": [ 3.0, 3.0 ], "autotile_index": 0.0, "tileset": "tile_secret", "autotile": 1.0 }, "448_-192": { "autotile": 1.0, "autotile_index": 0.0, "tileset": "tile_secret", "coord": [ 3.0, 4.0 ] }, "32_352": { "autotile": 1.0, "autotile_index": 0.0, "tileset": "tile_secret", "coord": [ 3.0, 3.0 ] }, "1568_160": { "coord": [ 4.0, 1.0 ], "autotile_index": 0.0, "tileset": "tile_secret", "autotile": 1.0 }, "672_-224": { "autotile": 1.0, "autotile_index": 0.0, "tileset": "tile_secret", "coord": [ 3.0, 3.0 ] }, "0_192": { "autotile": 1.0, "autotile_index": 0.0, "tileset": "tile_secret", "coord": [ 3.0, 3.0 ] }, "1120_512": { "autotile": 1.0, "autotile_index": 0.0, "tileset": "tile_secret", "coord": [ 3.0, 3.0 ] }, "0_-160": { "autotile": 1.0, "autotile_index": 0.0, "tileset": "tile_secret", "coord": [ 3.0, 3.0 ] }, "1376_192": { "coord": [ 2.0, 2.0 ], "autotile_index": 0.0, "tileset": "tile_secret", "autotile": 1.0 }, "992_-256": { "autotile": 1.0, "autotile_index": 0.0, "tileset": "tile_secret", "coord": [ 3.0, 3.0 ] }, "192_320": { "autotile": 1.0, "autotile_index": 0.0, "tileset": "tile_secret", "coord": [ 3.0, 3.0 ] }, "0_416": { "autotile": 1.0, "autotile_index": 0.0, "tileset": "tile_secret", "coord": [ 3.0, 3.0 ] }, "896_512": { "autotile": 1.0, "autotile_index": 0.0, "tileset": "tile_secret", "coord": [ 3.0, 3.0 ] }, "928_512": { "autotile": 1.0, "autotile_index": 0.0, "tileset": "tile_secret", "coord": [ 3.0, 3.0 ] }, "64_384": { "autotile": 1.0, "autotile_index": 0.0, "tileset": "tile_secret", "coord": [ 3.0, 3.0 ] }, "1472_288": { "coord": [ 3.0, 3.0 ], "autotile_index": 0.0, "tileset": "tile_secret", "autotile": 1.0 }, "768_480": { "autotile": 1.0, "autotile_index": 0.0, "tileset": "tile_secret", "coord": [ 3.0, 3.0 ] }, "1280_0": { "coord": [ 1.0, 2.0 ], "autotile_index": 0.0, "tileset": "tile_secret", "autotile": 1.0 }, "1824_-96": { "autotile": 1.0, "autotile_index": 0.0, "tileset": "tile_secret", "coord": [ 3.0, 3.0 ] }, "288_-224": { "autotile": 1.0, "autotile_index": 0.0, "tileset": "tile_secret", "coord": [ 3.0, 3.0 ] }, "1408_-256": { "autotile": 1.0, "autotile_index": 0.0, "tileset": "tile_secret", "coord": [ 3.0, 3.0 ] }, "480_-224": { "autotile": 1.0, "autotile_index": 0.0, "tileset": "tile_secret", "coord": [ 3.0, 3.0 ] }, "352_224": { "autotile": 1.0, "autotile_index": 0.0, "tileset": "tile_secret", "coord": [ 5.0, 4.0 ] }, "1632_384": { "coord": [ 3.0, 3.0 ], "autotile_index": 0.0, "tileset": "tile_secret", "autotile": 1.0 }, "1440_384": { "coord": [ 3.0, 3.0 ], "autotile_index": 0.0, "tileset": "tile_secret", "autotile": 1.0 }, "832_128": { "coord": [ 1.0, 5.0 ], "autotile_index": 0.0, "tileset": "tile_secret", "autotile": 1.0 }, "704_512": { "autotile": 1.0, "autotile_index": 0.0, "tileset": "tile_secret", "coord": [ 3.0, 3.0 ] }, "1344_224": { "coord": [ 1.0, 2.0 ], "autotile_index": 0.0, "tileset": "tile_secret", "autotile": 1.0 }, "448_448": { "autotile": 1.0, "autotile_index": 0.0, "tileset": "tile_secret", "coord": [ 3.0, 2.0 ] }, "768_416": { "coord": [ 4.0, 9.0 ], "autotile_index": 0.0, "tileset": "tile_secret", "autotile": 1.0 }, "864_128": { "coord": [ 5.0, 5.0 ], "autotile_index": 0.0, "tileset": "tile_secret", "autotile": 1.0 }, "576_-192": { "autotile": 1.0, "autotile_index": 0.0, "tileset": "tile_secret", "coord": [ 3.0, 4.0 ] }, "32_-256": { "autotile": 1.0, "autotile_index": 0.0, "tileset": "tile_secret", "coord": [ 3.0, 3.0 ] }, "128_288": { "autotile": 1.0, "autotile_index": 0.0, "tileset": "tile_secret", "coord": [ 3.0, 3.0 ] }, "1824_384": { "autotile": 1.0, "autotile_index": 0.0, "tileset": "tile_secret", "coord": [ 3.0, 3.0 ] }, "416_-224": { "autotile": 1.0, "autotile_index": 0.0, "tileset": "tile_secret", "coord": [ 3.0, 3.0 ] }, "1504_-256": { "autotile": 1.0, "autotile_index": 0.0, "tileset": "tile_secret", "coord": [ 3.0, 3.0 ] }, "736_480": { "autotile": 1.0, "autotile_index": 0.0, "tileset": "tile_secret", "coord": [ 3.0, 3.0 ] }, "1408_256": { "coord": [ 3.0, 3.0 ], "autotile_index": 0.0, "tileset": "tile_secret", "autotile": 1.0 }, "896_-160": { "coord": [ 2.0, 5.0 ], "autotile_index": 0.0, "tileset": "tile_secret", "autotile": 1.0 }, "32_256": { "autotile": 1.0, "autotile_index": 0.0, "tileset": "tile_secret", "coord": [ 3.0, 3.0 ] }, "1248_-160": { "coord": [ 2.0, 5.0 ], "autotile_index": 0.0, "tileset": "tile_secret", "autotile": 1.0 }, "32_288": { "autotile": 1.0, "autotile_index": 0.0, "tileset": "tile_secret", "coord": [ 3.0, 3.0 ] }, "448_-224": { "autotile": 1.0, "autotile_index": 0.0, "tileset": "tile_secret", "coord": [ 3.0, 3.0 ] }, "1120_416": { "autotile": 1.0, "autotile_index": 0.0, "tileset": "tile_secret", "coord": [ 4.0, 1.0 ] }, "32_-96": { "autotile": 1.0, "autotile_index": 0.0, "tileset": "tile_secret", "coord": [ 3.0, 3.0 ] }, "192_-224": { "autotile": 1.0, "autotile_index": 0.0, "tileset": "tile_secret", "coord": [ 3.0, 3.0 ] }, "1408_448": { "coord": [ 3.0, 3.0 ], "autotile_index": 0.0, "tileset": "tile_secret", "autotile": 1.0 }, "1824_-32": { "autotile": 1.0, "autotile_index": 0.0, "tileset": "tile_secret", "coord": [ 3.0, 3.0 ] }, "1728_480": { "autotile": 1.0, "autotile_index": 0.0, "tileset": "tile_secret", "coord": [ 3.0, 3.0 ] }, "640_512": { "autotile": 1.0, "autotile_index": 0.0, "tileset": "tile_secret", "coord": [ 3.0, 3.0 ] }, "64_-128": { "autotile": 1.0, "autotile_index": 0.0, "tileset": "tile_secret", "coord": [ 4.0, 3.0 ] }, "800_384": { "coord": [ 2.0, 3.0 ], "autotile_index": 0.0, "tileset": "tile_secret", "autotile": 1.0 }, "832_-224": { "autotile": 1.0, "autotile_index": 0.0, "tileset": "tile_secret", "coord": [ 3.0, 3.0 ] }, "1312_512": { "autotile": 1.0, "autotile_index": 0.0, "tileset": "tile_secret", "coord": [ 3.0, 3.0 ] }, "992_448": { "autotile": 1.0, "autotile_index": 0.0, "tileset": "tile_secret", "coord": [ 3.0, 2.0 ] }, "160_320": { "autotile": 1.0, "autotile_index": 0.0, "tileset": "tile_secret", "coord": [ 3.0, 3.0 ] }, "800_-160": { "coord": [ 2.0, 5.0 ], "autotile_index": 0.0, "tileset": "tile_secret", "autotile": 1.0 }, "1344_-256": { "autotile": 1.0, "autotile_index": 0.0, "tileset": "tile_secret", "coord": [ 3.0, 3.0 ] }, "416_-192": { "autotile": 1.0, "autotile_index": 0.0, "tileset": "tile_secret", "coord": [ 3.0, 4.0 ] }, "1600_288": { "coord": [ 3.0, 3.0 ], "autotile_index": 0.0, "tileset": "tile_secret", "autotile": 1.0 }, "1024_448": { "autotile": 1.0, "autotile_index": 0.0, "tileset": "tile_secret", "coord": [ 3.0, 2.0 ] }, "1824_480": { "autotile": 1.0, "autotile_index": 0.0, "tileset": "tile_secret", "coord": [ 3.0, 3.0 ] }, "160_-192": { "autotile": 1.0, "autotile_index": 0.0, "tileset": "tile_secret", "coord": [ 3.0, 4.0 ] }, "1792_-96": { "autotile": 1.0, "autotile_index": 0.0, "tileset": "tile_secret", "coord": [ 3.0, 3.0 ] }, "1216_-224": { "autotile": 1.0, "autotile_index": 0.0, "tileset": "tile_secret", "coord": [ 3.0, 3.0 ] }, "1792_128": { "autotile": 1.0, "autotile_index": 0.0, "tileset": "tile_secret", "coord": [ 3.0, 3.0 ] }, "288_288": { "autotile": 1.0, "autotile_index": 0.0, "tileset": "tile_secret", "coord": [ 3.0, 3.0 ] }, "960_512": { "autotile": 1.0, "autotile_index": 0.0, "tileset": "tile_secret", "coord": [ 3.0, 3.0 ] }, "224_448": { "autotile": 1.0, "autotile_index": 0.0, "tileset": "tile_secret", "coord": [ 3.0, 3.0 ] }, "544_-224": { "autotile": 1.0, "autotile_index": 0.0, "tileset": "tile_secret", "coord": [ 3.0, 3.0 ] }, "960_-192": { "autotile": 1.0, "autotile_index": 0.0, "tileset": "tile_secret", "coord": [ 3.0, 4.0 ] }, "1760_-64": { "autotile": 1.0, "autotile_index": 0.0, "tileset": "tile_secret", "coord": [ 2.0, 3.0 ] }, "704_-160": { "autotile": 1.0, "autotile_index": 0.0, "tileset": "tile_secret", "coord": [ 2.0, 5.0 ] }, "0_-256": { "autotile": 1.0, "autotile_index": 0.0, "tileset": "tile_secret", "coord": [ 3.0, 3.0 ] }, "1376_-192": { "coord": [ 3.0, 4.0 ], "autotile_index": 0.0, "tileset": "tile_secret", "autotile": 1.0 }, "1536_192": { "coord": [ 3.0, 2.0 ], "autotile_index": 0.0, "tileset": "tile_secret", "autotile": 1.0 }, "256_320": { "autotile": 1.0, "autotile_index": 0.0, "tileset": "tile_secret", "coord": [ 3.0, 3.0 ] }, "1312_-128": { "coord": [ 2.0, 3.0 ], "autotile_index": 0.0, "tileset": "tile_secret", "autotile": 1.0 }, "416_-256": { "autotile": 1.0, "autotile_index": 0.0, "tileset": "tile_secret", "coord": [ 3.0, 3.0 ] }, "1312_-32": { "coord": [ 2.0, 3.0 ], "autotile_index": 0.0, "tileset": "tile_secret", "autotile": 1.0 }, "1376_-96": { "coord": [ 5.0, 4.0 ], "autotile_index": 0.0, "tileset": "tile_secret", "autotile": 1.0 }, "224_256": { "autotile": 1.0, "autotile_index": 0.0, "tileset": "tile_secret", "coord": [ 3.0, 3.0 ] }, "832_-160": { "coord": [ 4.0, 7.0 ], "autotile_index": 0.0, "tileset": "tile_secret", "autotile": 1.0 }, "256_-256": { "autotile": 1.0, "autotile_index": 0.0, "tileset": "tile_secret", "coord": [ 3.0, 3.0 ] }, "1408_-160": { "coord": [ 2.0, 5.0 ], "autotile_index": 0.0, "tileset": "tile_secret", "autotile": 1.0 }, "1728_352": { "coord": [ 3.0, 3.0 ], "autotile_index": 0.0, "tileset": "tile_secret", "autotile": 1.0 }, "1792_256": { "autotile": 1.0, "autotile_index": 0.0, "tileset": "tile_secret", "coord": [ 3.0, 3.0 ] } } }, "backgrounds": { "5": { "x": 0.0, "scroll_x": 0.69999999999999995559107901499374, "tile_y": 1.0, "hspeed": 1.0, "panic_sprite": -1.0, "scroll_y": 0.69999999999999995559107901499374, "y": 0.0, "sprite": "bg_secret", "tile_x": 1.0, "vspeed": 1.0, "image_speed": 0.0 } }, "properties": { "song": "event:\/music\/w2\/saloonsecret", "roomX": 0.0, "levelWidth": 1856.0, "roomY": -256.0, "levelHeight": 540.0, "songTransitionTime": 100.0 } }