{ "editorVersion": 5.0, "instances": [ { "layer": 0.0, "deleted": 0.0, "variables": { "x": -1088.0, "flipX": 0.0, "y": 320.0, "flipY": 0.0 }, "object": 516.0 }, { "layer": 0.0, "deleted": 0.0, "variables": { "x": -1056.0, "y": 224.0, "image_xscale": 6.0, "image_yscale": 4.0, "flipX": 0.0, "flipY": 0.0 }, "object": 517.0 }, { "layer": 0.0, "deleted": 0.0, "variables": { "x": -1312.0, "y": 352.0, "image_xscale": 14.0, "image_yscale": 4.0, "flipX": 0.0, "flipY": 0.0 }, "object": 517.0 }, { "layer": 0.0, "deleted": 0.0, "variables": { "x": -1376.0, "y": -32.0, "image_xscale": 2.0, "image_yscale": 16.0, "flipX": 0.0, "flipY": 0.0 }, "object": 517.0 }, { "layer": 0.0, "deleted": 0.0, "variables": { "x": -640.0, "y": 416.0, "image_xscale": 46.0, "image_yscale": 2.0, "flipX": 0.0, "flipY": 0.0 }, "object": 517.0 }, { "layer": 0.0, "deleted": 0.0, "variables": { "x": 832.0, "y": -96.0, "image_xscale": 2.0, "image_yscale": 18.0, "flipX": 0.0, "flipY": 0.0 }, "object": 517.0 }, { "layer": 0.0, "deleted": 0.0, "variables": { "x": -1248.0, "y": 256.0, "targetRoom": "room2", "image_xscale": 1.0, "image_yscale": 1.0, "flipX": 0.0, "flipY": 0.0 }, "object": 795.0 }, { "layer": 0.0, "deleted": 0.0, "variables": { "x": -1216.0, "flipX": 0.0, "y": 320.0, "flipY": 0.0 }, "object": 805.0 }, { "layer": 0.0, "deleted": 0.0, "variables": { "x": -640.0, "y": 96.0, "image_xscale": 14.0, "image_yscale": 10.0, "flipX": 0.0, "flipY": 0.0 }, "object": 517.0 }, { "layer": 0.0, "deleted": 0.0, "variables": { "x": -448.0, "y": -32.0, "image_xscale": 4.0, "image_yscale": 3.0, "flipX": 0.0, "flipY": 0.0 }, "object": 517.0 }, { "layer": 0.0, "deleted": 0.0, "variables": { "x": -1376.0, "y": -96.0, "image_xscale": 69.0, "image_yscale": 2.0, "flipX": 0.0, "flipY": 0.0 }, "object": 517.0 }, { "layer": 0.0, "deleted": 0.0, "variables": { "x": 192.0, "y": -32.0, "image_xscale": 2.0, "image_yscale": 12.0, "flipX": 0.0, "flipY": 0.0 }, "object": 517.0 }, { "layer": 0.0, "deleted": 0.0, "variables": { "x": -64.0, "y": 256.0, "image_xscale": 8.0, "image_yscale": 1.0, "flipX": 0.0, "flipY": 0.0 }, "object": 722.0 }, { "layer": 0.0, "deleted": 0.0, "variables": { "x": -192.0, "y": 96.0, "image_xscale": 5.0, "image_yscale": 1.0, "flipX": 0.0, "flipY": 0.0 }, "object": 722.0 }, { "layer": 0.0, "deleted": 0.0, "variables": { "x": 96.0, "y": 96.0, "image_xscale": 3.0, "image_yscale": 1.0, "flipX": 0.0, "flipY": 0.0 }, "object": 722.0 }, { "layer": 0.0, "deleted": 0.0, "variables": { "x": -128.0, "flipX": 0.0, "y": 210.5, "flipY": 0.0 }, "object": 657.0 }, { "layer": 0.0, "deleted": 0.0, "variables": { "x": -128.0, "y": 50.5, "image_xscale": 1.0, "image_yscale": 1.0, "flipX": 1.0, "flipY": 0.0 }, "object": 657.0 }, { "layer": 0.0, "deleted": 0.0, "variables": { "x": 128.0, "y": 210.5, "image_xscale": 1.0, "image_yscale": 1.0, "flipX": 1.0, "flipY": 0.0 }, "object": 657.0 }, { "layer": 0.0, "deleted": 0.0, "variables": { "x": -896.0, "flipX": 1.0, "y": 177.5, "flipY": 0.0 }, "object": 445.0 }, { "layer": 0.0, "deleted": 0.0, "variables": { "x": -128.0, "flipX": 0.0, "y": 256.0, "flipY": 0.0 }, "object": 811.0 }, { "layer": 0.0, "deleted": 0.0, "variables": { "x": -96.0, "flipX": 0.0, "y": 256.0, "flipY": 0.0 }, "object": 811.0 }, { "layer": 0.0, "deleted": 0.0, "variables": { "x": -160.0, "flipX": 0.0, "y": 256.0, "flipY": 0.0 }, "object": 811.0 }, { "layer": 0.0, "deleted": 0.0, "variables": { "x": -192.0, "flipX": 0.0, "y": 256.0, "flipY": 0.0 }, "object": 811.0 }, { "layer": 0.0, "deleted": 0.0, "variables": { "x": 64.0, "y": 96.0, "image_xscale": 1.0, "image_yscale": 1.0, "flipX": 0.0, "flipY": 0.0 }, "object": 811.0 }, { "layer": 0.0, "deleted": 0.0, "variables": { "x": -32.0, "flipX": 0.0, "y": 96.0, "flipY": 0.0 }, "object": 811.0 }, { "layer": 0.0, "deleted": 0.0, "variables": { "x": 0.0, "flipX": 0.0, "y": 96.0, "flipY": 0.0 }, "object": 811.0 }, { "layer": 0.0, "deleted": 0.0, "variables": { "x": 32.0, "flipX": 0.0, "y": 96.0, "flipY": 0.0 }, "object": 811.0 }, { "layer": 0.0, "deleted": 0.0, "variables": { "x": -448.0, "flipX": 0.0, "y": 64.0, "flipY": 0.0 }, "object": 752.0 }, { "layer": 0.0, "deleted": 0.0, "variables": { "x": -416.0, "flipX": 0.0, "y": 64.0, "flipY": 0.0 }, "object": 752.0 }, { "layer": 0.0, "deleted": 0.0, "variables": { "x": -384.0, "flipX": 0.0, "y": 64.0, "flipY": 0.0 }, "object": 752.0 }, { "layer": 0.0, "deleted": 0.0, "variables": { "x": -352.0, "flipX": 0.0, "y": 64.0, "flipY": 0.0 }, "object": 752.0 }, { "layer": 0.0, "deleted": 0.0, "variables": { "x": 256.0, "y": 96.0, "image_xscale": 8.0, "image_yscale": 2.0, "flipX": 0.0, "flipY": 0.0 }, "object": 517.0 }, { "layer": 0.0, "deleted": 0.0, "variables": { "x": 192.0, "flipX": 0.0, "y": 352.0, "flipY": 0.0 }, "object": 730.0 }, { "layer": 0.0, "deleted": 0.0, "variables": { "x": 640.0, "y": 192.0, "image_xscale": 6.0, "image_yscale": 4.0, "flipX": 0.0, "flipY": 0.0 }, "object": 517.0 }, { "layer": 0.0, "deleted": 0.0, "variables": { "x": 512.0, "y": 320.0, "image_xscale": 10.0, "image_yscale": 3.0, "flipX": 0.0, "flipY": 0.0 }, "object": 517.0 }, { "layer": 0.0, "deleted": 0.0, "variables": { "x": -1024.0, "flipX": 0.0, "y": 160.0, "flipY": 0.0 }, "object": 804.0 }, { "layer": 0.0, "deleted": 0.0, "variables": { "x": 288.0, "y": 0.0, "targetRoom": "room2", "image_xscale": 1.0, "image_yscale": 1.0, "flipX": 0.0, "flipY": 0.0 }, "object": 795.0 }, { "layer": 0.0, "deleted": 0.0, "variables": { "x": 320.0, "flipX": 0.0, "y": 64.0, "flipY": 0.0 }, "object": 805.0 }, { "layer": 0.0, "deleted": 0.0, "variables": { "x": 416.0, "content": "obj_pizzakinshroom", "y": 64.0, "image_xscale": 1.0, "image_yscale": 1.0, "flipX": 0.0, "flipY": 0.0 }, "object": 751.0 }, { "layer": 0.0, "deleted": 0.0, "variables": { "x": 544.0, "y": 273.5, "image_xscale": 1.0, "image_yscale": 1.0, "flipX": 1.0, "flipY": 0.0 }, "object": 445.0 }, { "layer": 0.0, "deleted": 0.0, "variables": { "x": 768.0, "flipX": 1.0, "y": 145.5, "flipY": 0.0 }, "object": 445.0 }, { "layer": 0.0, "deleted": 0.0, "variables": { "x": 288.0, "flipX": 0.0, "y": 49.5, "flipY": 0.0 }, "object": 445.0 }, { "layer": 0.0, "deleted": 0.0, "variables": { "x": 416.0, "y": 320.0, "image_xscale": 3.0, "image_yscale": 3.0, "flipX": 0.0, "flipY": 0.0 }, "object": 516.0 }, { "layer": 0.0, "deleted": 0.0, "variables": { "x": 640.0, "flipX": 0.0, "y": 128.0, "flipY": 0.0 }, "object": 730.0 }, { "layer": 0.0, "deleted": 0.0, "variables": { "x": 192.0, "flipX": 0.0, "y": 352.0, "flipY": 0.0 }, "object": 752.0 }, { "layer": 0.0, "deleted": 0.0, "variables": { "x": 224.0, "flipX": 0.0, "y": 352.0, "flipY": 0.0 }, "object": 752.0 }, { "layer": 0.0, "deleted": 0.0, "variables": { "x": 192.0, "flipX": 0.0, "y": 384.0, "flipY": 0.0 }, "object": 752.0 }, { "layer": 0.0, "deleted": 0.0, "variables": { "x": 224.0, "flipX": 0.0, "y": 384.0, "flipY": 0.0 }, "object": 752.0 }, { "layer": 0.0, "deleted": 0.0, "variables": { "x": -544.0, "flipX": 1.0, "y": 49.5, "flipY": 0.0 }, "object": 445.0 }, { "layer": 0.0, "deleted": 0.0, "variables": { "x": -864.0, "y": 288.0, "image_xscale": 7.0, "image_yscale": 1.0, "flipX": 0.0, "flipY": 0.0 }, "object": 722.0 }, { "layer": 0.0, "deleted": 0.0, "variables": { "x": 128.0, "flipX": 1.0, "y": 370.5, "flipY": 0.0 }, "object": 657.0 }, { "layer": 0.0, "deleted": 0.0, "variables": { "x": 256.0, "y": 256.0, "image_xscale": 3.0, "image_yscale": 1.0, "flipX": 1.0, "flipY": 0.0 }, "object": 722.0 }, { "layer": 0.0, "deleted": 0.0, "variables": { "x": 320.0, "y": 209.5, "image_xscale": 1.0, "image_yscale": 1.0, "flipX": 0.0, "flipY": 0.0 }, "object": 445.0 } ], "tile_data": { "5": { "-1248_352": { "autotile": 1.0, "autotile_index": 0.0, "tileset": "spr_pinballwooden", "coord": [ 2.0, 0.0 ] }, "832_64": { "autotile": 1.0, "autotile_index": 0.0, "tileset": "spr_pinballwooden", "coord": [ 1.0, 1.0 ] }, "-480_448": { "autotile": 1.0, "autotile_index": 0.0, "tileset": "spr_pinballwooden", "coord": [ 3.0, 4.0 ] }, "-256_96": { "autotile": 1.0, "autotile_index": 0.0, "tileset": "spr_pinballwooden", "coord": [ 4.0, 0.0 ] }, "-1344_-96": { "autotile": 1.0, "autotile_index": 0.0, "tileset": "spr_pinballwooden", "coord": [ 2.0, 0.0 ] }, "832_128": { "coord": [ 1.0, 1.0 ], "autotile_index": 0.0, "tileset": "spr_pinballwooden", "autotile": 1.0 }, "-480_-64": { "autotile": 1.0, "autotile_index": 0.0, "tileset": "spr_pinballwooden", "coord": [ 2.0, 4.0 ] }, "-352_96": { "autotile": 1.0, "autotile_index": 0.0, "tileset": "spr_pinballwooden", "coord": [ 4.0, 0.0 ] }, "256_416": { "autotile": 1.0, "autotile_index": 0.0, "tileset": "spr_pinballwooden", "coord": [ 3.0, 0.0 ] }, "-1152_-96": { "coord": [ 3.0, 0.0 ], "autotile_index": 0.0, "tileset": "spr_pinballwooden", "autotile": 1.0 }, "-352_416": { "autotile": 1.0, "autotile_index": 0.0, "tileset": "spr_pinballwooden", "coord": [ 3.0, 3.0 ] }, "192_-32": { "coord": [ 1.0, 2.0 ], "autotile_index": 0.0, "tileset": "spr_pinballwooden", "autotile": 1.0 }, "224_32": { "coord": [ 5.0, 2.0 ], "autotile_index": 0.0, "tileset": "spr_pinballwooden", "autotile": 1.0 }, "-1120_448": { "autotile": 1.0, "autotile_index": 0.0, "tileset": "spr_pinballwooden", "coord": [ 2.0, 4.0 ] }, "-416_0": { "autotile": 1.0, "autotile_index": 0.0, "tileset": "spr_pinballwooden", "coord": [ 2.0, 3.0 ] }, "480_-96": { "autotile": 1.0, "autotile_index": 0.0, "tileset": "spr_pinballwooden", "coord": [ 3.0, 0.0 ] }, "-1376_448": { "autotile": 1.0, "autotile_index": 0.0, "tileset": "spr_pinballwooden", "coord": [ 1.0, 4.0 ] }, "-224_320": { "autotile": 1.0, "autotile_index": 0.0, "tileset": "spr_pinballwooden", "coord": [ 5.0, 1.0 ] }, "192_96": { "coord": [ 1.0, 3.0 ], "autotile_index": 0.0, "tileset": "spr_pinballwooden", "autotile": 0.0 }, "-928_256": { "autotile": 1.0, "autotile_index": 0.0, "tileset": "spr_pinballwooden", "coord": [ 4.0, 1.0 ] }, "-96_-96": { "coord": [ 3.0, 0.0 ], "autotile_index": 0.0, "tileset": "spr_pinballwooden", "autotile": 1.0 }, "-544_288": { "autotile": 1.0, "autotile_index": 0.0, "tileset": "spr_pinballwooden", "coord": [ 3.0, 2.0 ] }, "-224_160": { "autotile": 1.0, "autotile_index": 0.0, "tileset": "spr_pinballwooden", "coord": [ 5.0, 1.0 ] }, "480_-64": { "autotile": 1.0, "autotile_index": 0.0, "tileset": "spr_pinballwooden", "coord": [ 3.0, 4.0 ] }, "-1056_256": { "coord": [ 1.0, 1.0 ], "autotile_index": 0.0, "tileset": "spr_pinballwooden", "autotile": 1.0 }, "800_-64": { "autotile": 1.0, "autotile_index": 0.0, "tileset": "spr_pinballwooden", "coord": [ 2.0, 4.0 ] }, "-288_96": { "autotile": 1.0, "autotile_index": 0.0, "tileset": "spr_pinballwooden", "coord": [ 4.0, 0.0 ] }, "-1376_128": { "autotile": 1.0, "autotile_index": 0.0, "tileset": "spr_pinballwooden", "coord": [ 1.0, 3.0 ] }, "-608_448": { "autotile": 1.0, "autotile_index": 0.0, "tileset": "spr_pinballwooden", "coord": [ 4.0, 4.0 ] }, "-512_256": { "autotile": 1.0, "autotile_index": 0.0, "tileset": "spr_pinballwooden", "coord": [ 3.0, 2.0 ] }, "768_352": { "coord": [ 3.0, 2.0 ], "autotile_index": 0.0, "tileset": "spr_pinballwooden", "autotile": 1.0 }, "768_192": { "coord": [ 4.0, 0.0 ], "autotile_index": 0.0, "tileset": "spr_pinballwooden", "autotile": 1.0 }, "-1312_384": { "autotile": 1.0, "autotile_index": 0.0, "tileset": "spr_pinballwooden", "coord": [ 3.0, 1.0 ] }, "864_32": { "autotile": 1.0, "autotile_index": 0.0, "tileset": "spr_pinballwooden", "coord": [ 5.0, 3.0 ] }, "288_320": { "autotile": 0.0, "autotile_index": 0.0, "tileset": "spr_pinballwooden", "coord": [ 7.0, 2.0 ] }, "-512_352": { "autotile": 1.0, "autotile_index": 0.0, "tileset": "spr_pinballwooden", "coord": [ 3.0, 2.0 ] }, "384_-64": { "autotile": 1.0, "autotile_index": 0.0, "tileset": "spr_pinballwooden", "coord": [ 3.0, 4.0 ] }, "-992_448": { "autotile": 1.0, "autotile_index": 0.0, "tileset": "spr_pinballwooden", "coord": [ 2.0, 4.0 ] }, "-64_320": { "coord": [ 6.0, 1.0 ], "autotile_index": 0.0, "tileset": "spr_pinballwooden", "autotile": 0.0 }, "-1280_-64": { "coord": [ 3.0, 4.0 ], "autotile_index": 0.0, "tileset": "spr_pinballwooden", "autotile": 1.0 }, "640_384": { "coord": [ 3.0, 2.0 ], "autotile_index": 0.0, "tileset": "spr_pinballwooden", "autotile": 1.0 }, "-192_-64": { "coord": [ 4.0, 4.0 ], "autotile_index": 0.0, "tileset": "spr_pinballwooden", "autotile": 1.0 }, "512_416": { "coord": [ 3.0, 3.0 ], "autotile_index": 0.0, "tileset": "spr_pinballwooden", "autotile": 0.0 }, "-224_256": { "autotile": 1.0, "autotile_index": 0.0, "tileset": "spr_pinballwooden", "coord": [ 5.0, 2.0 ] }, "-448_-96": { "autotile": 1.0, "autotile_index": 0.0, "tileset": "spr_pinballwooden", "coord": [ 4.0, 0.0 ] }, "-1056_-64": { "coord": [ 4.0, 4.0 ], "autotile_index": 0.0, "tileset": "spr_pinballwooden", "autotile": 1.0 }, "416_96": { "coord": [ 4.0, 0.0 ], "autotile_index": 0.0, "tileset": "spr_pinballwooden", "autotile": 1.0 }, "-1088_-64": { "coord": [ 4.0, 4.0 ], "autotile_index": 0.0, "tileset": "spr_pinballwooden", "autotile": 1.0 }, "-352_352": { "autotile": 1.0, "autotile_index": 0.0, "tileset": "spr_pinballwooden", "coord": [ 3.0, 2.0 ] }, "192_192": { "coord": [ 1.0, 1.0 ], "autotile_index": 0.0, "tileset": "spr_pinballwooden", "autotile": 1.0 }, "832_320": { "coord": [ 4.0, 2.0 ], "autotile_index": 0.0, "tileset": "spr_pinballwooden", "autotile": 1.0 }, "-800_-96": { "coord": [ 2.0, 0.0 ], "autotile_index": 0.0, "tileset": "spr_pinballwooden", "autotile": 1.0 }, "-352_32": { "autotile": 1.0, "autotile_index": 0.0, "tileset": "spr_pinballwooden", "coord": [ 5.0, 4.0 ] }, "128_416": { "autotile": 1.0, "autotile_index": 0.0, "tileset": "spr_pinballwooden", "coord": [ 4.0, 0.0 ] }, "-1024_448": { "autotile": 1.0, "autotile_index": 0.0, "tileset": "spr_pinballwooden", "coord": [ 4.0, 4.0 ] }, "-640_96": { "autotile": 1.0, "autotile_index": 0.0, "tileset": "spr_pinballwooden", "coord": [ 1.0, 0.0 ] }, "-1376_352": { "autotile": 1.0, "autotile_index": 0.0, "tileset": "spr_pinballwooden", "coord": [ 1.0, 2.0 ] }, "-256_416": { "autotile": 1.0, "autotile_index": 0.0, "tileset": "spr_pinballwooden", "coord": [ 4.0, 3.0 ] }, "32_-64": { "autotile": 1.0, "autotile_index": 0.0, "tileset": "spr_pinballwooden", "coord": [ 3.0, 4.0 ] }, "416_-64": { "autotile": 1.0, "autotile_index": 0.0, "tileset": "spr_pinballwooden", "coord": [ 4.0, 4.0 ] }, "-128_448": { "coord": [ 4.0, 4.0 ], "autotile_index": 0.0, "tileset": "spr_pinballwooden", "autotile": 1.0 }, "512_384": { "coord": [ 3.0, 2.0 ], "autotile_index": 0.0, "tileset": "spr_pinballwooden", "autotile": 0.0 }, "672_224": { "coord": [ 2.0, 1.0 ], "autotile_index": 0.0, "tileset": "spr_pinballwooden", "autotile": 1.0 }, "-1120_384": { "autotile": 1.0, "autotile_index": 0.0, "tileset": "spr_pinballwooden", "coord": [ 3.0, 1.0 ] }, "-1344_64": { "autotile": 1.0, "autotile_index": 0.0, "tileset": "spr_pinballwooden", "coord": [ 5.0, 2.0 ] }, "480_384": { "coord": [ 2.0, 1.0 ], "autotile_index": 0.0, "tileset": "spr_pinballwooden", "autotile": 0.0 }, "-384_224": { "autotile": 1.0, "autotile_index": 0.0, "tileset": "spr_pinballwooden", "coord": [ 3.0, 2.0 ] }, "-64_352": { "coord": [ 6.0, 1.0 ], "autotile_index": 0.0, "tileset": "spr_pinballwooden", "autotile": 0.0 }, "256_-64": { "coord": [ 2.0, 4.0 ], "autotile_index": 0.0, "tileset": "spr_pinballwooden", "autotile": 1.0 }, "800_256": { "coord": [ 3.0, 2.0 ], "autotile_index": 0.0, "tileset": "spr_pinballwooden", "autotile": 1.0 }, "-448_384": { "autotile": 1.0, "autotile_index": 0.0, "tileset": "spr_pinballwooden", "coord": [ 3.0, 2.0 ] }, "64_-64": { "coord": [ 4.0, 4.0 ], "autotile_index": 0.0, "tileset": "spr_pinballwooden", "autotile": 1.0 }, "-1248_416": { "autotile": 1.0, "autotile_index": 0.0, "tileset": "spr_pinballwooden", "coord": [ 3.0, 3.0 ] }, "-320_224": { "autotile": 1.0, "autotile_index": 0.0, "tileset": "spr_pinballwooden", "coord": [ 3.0, 2.0 ] }, "-64_160": { "coord": [ 8.0, 1.0 ], "autotile_index": 0.0, "tileset": "spr_pinballwooden", "autotile": 0.0 }, "320_256": { "autotile": 0.0, "autotile_index": 0.0, "tileset": "spr_pinballwooden", "coord": [ 8.0, 0.0 ] }, "352_128": { "coord": [ 2.0, 4.0 ], "autotile_index": 0.0, "tileset": "spr_pinballwooden", "autotile": 1.0 }, "640_-64": { "autotile": 1.0, "autotile_index": 0.0, "tileset": "spr_pinballwooden", "coord": [ 2.0, 4.0 ] }, "-352_-96": { "autotile": 1.0, "autotile_index": 0.0, "tileset": "spr_pinballwooden", "coord": [ 4.0, 0.0 ] }, "384_448": { "coord": [ 4.0, 4.0 ], "autotile_index": 0.0, "tileset": "spr_pinballwooden", "autotile": 1.0 }, "-448_288": { "autotile": 1.0, "autotile_index": 0.0, "tileset": "spr_pinballwooden", "coord": [ 3.0, 2.0 ] }, "-960_-64": { "coord": [ 3.0, 4.0 ], "autotile_index": 0.0, "tileset": "spr_pinballwooden", "autotile": 1.0 }, "448_-96": { "autotile": 1.0, "autotile_index": 0.0, "tileset": "spr_pinballwooden", "coord": [ 4.0, 0.0 ] }, "544_-96": { "autotile": 1.0, "autotile_index": 0.0, "tileset": "spr_pinballwooden", "coord": [ 3.0, 0.0 ] }, "640_352": { "coord": [ 3.0, 1.0 ], "autotile_index": 0.0, "tileset": "spr_pinballwooden", "autotile": 1.0 }, "224_256": { "coord": [ 5.0, 3.0 ], "autotile_index": 0.0, "tileset": "spr_pinballwooden", "autotile": 1.0 }, "-448_192": { "autotile": 1.0, "autotile_index": 0.0, "tileset": "spr_pinballwooden", "coord": [ 3.0, 2.0 ] }, "-64_-64": { "autotile": 1.0, "autotile_index": 0.0, "tileset": "spr_pinballwooden", "coord": [ 2.0, 4.0 ] }, "864_256": { "coord": [ 5.0, 2.0 ], "autotile_index": 0.0, "tileset": "spr_pinballwooden", "autotile": 1.0 }, "-64_128": { "coord": [ 8.0, 1.0 ], "autotile_index": 0.0, "tileset": "spr_pinballwooden", "autotile": 0.0 }, "-960_320": { "coord": [ 3.0, 2.0 ], "autotile_index": 0.0, "tileset": "spr_pinballwooden", "autotile": 1.0 }, "832_448": { "coord": [ 4.0, 4.0 ], "autotile_index": 0.0, "tileset": "spr_pinballwooden", "autotile": 1.0 }, "736_384": { "coord": [ 3.0, 2.0 ], "autotile_index": 0.0, "tileset": "spr_pinballwooden", "autotile": 1.0 }, "-576_128": { "autotile": 1.0, "autotile_index": 0.0, "tileset": "spr_pinballwooden", "coord": [ 3.0, 1.0 ] }, "-1344_288": { "autotile": 1.0, "autotile_index": 0.0, "tileset": "spr_pinballwooden", "coord": [ 5.0, 2.0 ] }, "-288_352": { "autotile": 1.0, "autotile_index": 0.0, "tileset": "spr_pinballwooden", "coord": [ 3.0, 2.0 ] }, "-640_-96": { "coord": [ 4.0, 0.0 ], "autotile_index": 0.0, "tileset": "spr_pinballwooden", "autotile": 1.0 }, "96_128": { "coord": [ 6.0, 1.0 ], "autotile_index": 0.0, "tileset": "spr_pinballwooden", "autotile": 0.0 }, "672_288": { "coord": [ 2.0, 2.0 ], "autotile_index": 0.0, "tileset": "spr_pinballwooden", "autotile": 1.0 }, "-1184_352": { "autotile": 1.0, "autotile_index": 0.0, "tileset": "spr_pinballwooden", "coord": [ 2.0, 0.0 ] }, "-448_160": { "autotile": 1.0, "autotile_index": 0.0, "tileset": "spr_pinballwooden", "coord": [ 3.0, 2.0 ] }, "-544_448": { "autotile": 1.0, "autotile_index": 0.0, "tileset": "spr_pinballwooden", "coord": [ 3.0, 4.0 ] }, "-288_160": { "autotile": 1.0, "autotile_index": 0.0, "tileset": "spr_pinballwooden", "coord": [ 3.0, 2.0 ] }, "-1376_-32": { "autotile": 1.0, "autotile_index": 0.0, "tileset": "spr_pinballwooden", "coord": [ 1.0, 1.0 ] }, "-352_128": { "autotile": 1.0, "autotile_index": 0.0, "tileset": "spr_pinballwooden", "coord": [ 3.0, 1.0 ] }, "704_384": { "coord": [ 3.0, 2.0 ], "autotile_index": 0.0, "tileset": "spr_pinballwooden", "autotile": 1.0 }, "-608_256": { "autotile": 1.0, "autotile_index": 0.0, "tileset": "spr_pinballwooden", "coord": [ 2.0, 2.0 ] }, "640_-96": { "autotile": 1.0, "autotile_index": 0.0, "tileset": "spr_pinballwooden", "coord": [ 4.0, 0.0 ] }, "736_320": { "coord": [ 3.0, 2.0 ], "autotile_index": 0.0, "tileset": "spr_pinballwooden", "autotile": 1.0 }, "-1216_-96": { "coord": [ 4.0, 0.0 ], "autotile_index": 0.0, "tileset": "spr_pinballwooden", "autotile": 1.0 }, "-448_448": { "autotile": 1.0, "autotile_index": 0.0, "tileset": "spr_pinballwooden", "coord": [ 3.0, 4.0 ] }, "736_448": { "coord": [ 2.0, 4.0 ], "autotile_index": 0.0, "tileset": "spr_pinballwooden", "autotile": 1.0 }, "608_448": { "coord": [ 3.0, 4.0 ], "autotile_index": 0.0, "tileset": "spr_pinballwooden", "autotile": 1.0 }, "-1184_448": { "autotile": 1.0, "autotile_index": 0.0, "tileset": "spr_pinballwooden", "coord": [ 3.0, 4.0 ] }, "-64_96": { "coord": [ 8.0, 0.0 ], "autotile_index": 0.0, "tileset": "spr_pinballwooden", "autotile": 0.0 }, "576_448": { "coord": [ 4.0, 4.0 ], "autotile_index": 0.0, "tileset": "spr_pinballwooden", "autotile": 1.0 }, "-1024_384": { "autotile": 1.0, "autotile_index": 0.0, "tileset": "spr_pinballwooden", "coord": [ 3.0, 2.0 ] }, "-928_-96": { "coord": [ 2.0, 0.0 ], "autotile_index": 0.0, "tileset": "spr_pinballwooden", "autotile": 1.0 }, "256_96": { "coord": [ 3.0, 0.0 ], "autotile_index": 0.0, "tileset": "spr_pinballwooden", "autotile": 1.0 }, "800_416": { "coord": [ 3.0, 3.0 ], "autotile_index": 0.0, "tileset": "spr_pinballwooden", "autotile": 1.0 }, "-288_-64": { "autotile": 1.0, "autotile_index": 0.0, "tileset": "spr_pinballwooden", "coord": [ 3.0, 4.0 ] }, "-736_-96": { "coord": [ 2.0, 0.0 ], "autotile_index": 0.0, "tileset": "spr_pinballwooden", "autotile": 1.0 }, "-384_320": { "autotile": 1.0, "autotile_index": 0.0, "tileset": "spr_pinballwooden", "coord": [ 3.0, 2.0 ] }, "96_-96": { "coord": [ 2.0, 0.0 ], "autotile_index": 0.0, "tileset": "spr_pinballwooden", "autotile": 1.0 }, "544_320": { "coord": [ 2.0, 0.0 ], "autotile_index": 0.0, "tileset": "spr_pinballwooden", "autotile": 1.0 }, "-1056_352": { "autotile": 1.0, "autotile_index": 0.0, "tileset": "spr_pinballwooden", "coord": [ 2.0, 1.0 ] }, "864_-64": { "autotile": 1.0, "autotile_index": 0.0, "tileset": "spr_pinballwooden", "coord": [ 5.0, 2.0 ] }, "-480_96": { "autotile": 1.0, "autotile_index": 0.0, "tileset": "spr_pinballwooden", "coord": [ 2.0, 0.0 ] }, "-1376_192": { "autotile": 1.0, "autotile_index": 0.0, "tileset": "spr_pinballwooden", "coord": [ 1.0, 1.0 ] }, "256_-96": { "coord": [ 3.0, 0.0 ], "autotile_index": 0.0, "tileset": "spr_pinballwooden", "autotile": 1.0 }, "-448_224": { "autotile": 1.0, "autotile_index": 0.0, "tileset": "spr_pinballwooden", "coord": [ 3.0, 2.0 ] }, "-288_416": { "autotile": 1.0, "autotile_index": 0.0, "tileset": "spr_pinballwooden", "coord": [ 3.0, 3.0 ] }, "256_448": { "autotile": 1.0, "autotile_index": 0.0, "tileset": "spr_pinballwooden", "coord": [ 4.0, 4.0 ] }, "-640_160": { "autotile": 1.0, "autotile_index": 0.0, "tileset": "spr_pinballwooden", "coord": [ 1.0, 3.0 ] }, "640_224": { "coord": [ 1.0, 2.0 ], "autotile_index": 0.0, "tileset": "spr_pinballwooden", "autotile": 1.0 }, "-1248_384": { "autotile": 1.0, "autotile_index": 0.0, "tileset": "spr_pinballwooden", "coord": [ 3.0, 1.0 ] }, "832_96": { "autotile": 1.0, "autotile_index": 0.0, "tileset": "spr_pinballwooden", "coord": [ 1.0, 3.0 ] }, "64_416": { "autotile": 1.0, "autotile_index": 0.0, "tileset": "spr_pinballwooden", "coord": [ 4.0, 0.0 ] }, "-576_352": { "autotile": 1.0, "autotile_index": 0.0, "tileset": "spr_pinballwooden", "coord": [ 3.0, 2.0 ] }, "-1344_-64": { "autotile": 1.0, "autotile_index": 0.0, "tileset": "spr_pinballwooden", "coord": [ 1.0, 5.0 ] }, "-224_96": { "autotile": 1.0, "autotile_index": 0.0, "tileset": "spr_pinballwooden", "coord": [ 5.0, 0.0 ] }, "832_160": { "coord": [ 1.0, 3.0 ], "autotile_index": 0.0, "tileset": "spr_pinballwooden", "autotile": 1.0 }, "-512_-96": { "autotile": 1.0, "autotile_index": 0.0, "tileset": "spr_pinballwooden", "coord": [ 2.0, 0.0 ] }, "-832_-64": { "coord": [ 3.0, 4.0 ], "autotile_index": 0.0, "tileset": "spr_pinballwooden", "autotile": 1.0 }, "-384_-32": { "autotile": 1.0, "autotile_index": 0.0, "tileset": "spr_pinballwooden", "coord": [ 4.0, 2.0 ] }, "-32_256": { "autotile": 0.0, "autotile_index": 0.0, "tileset": "spr_pinballwooden", "coord": [ 7.0, 0.0 ] }, "544_-64": { "autotile": 1.0, "autotile_index": 0.0, "tileset": "spr_pinballwooden", "coord": [ 2.0, 4.0 ] }, "448_96": { "coord": [ 3.0, 0.0 ], "autotile_index": 0.0, "tileset": "spr_pinballwooden", "autotile": 1.0 }, "-1152_-64": { "coord": [ 4.0, 4.0 ], "autotile_index": 0.0, "tileset": "spr_pinballwooden", "autotile": 1.0 }, "-352_448": { "autotile": 1.0, "autotile_index": 0.0, "tileset": "spr_pinballwooden", "coord": [ 2.0, 4.0 ] }, "-896_224": { "autotile": 1.0, "autotile_index": 0.0, "tileset": "spr_pinballwooden", "coord": [ 5.0, 0.0 ] }, "192_64": { "coord": [ 1.0, 3.0 ], "autotile_index": 0.0, "tileset": "spr_pinballwooden", "autotile": 1.0 }, "-1088_416": { "autotile": 1.0, "autotile_index": 0.0, "tileset": "spr_pinballwooden", "coord": [ 3.0, 3.0 ] }, "-416_32": { "autotile": 1.0, "autotile_index": 0.0, "tileset": "spr_pinballwooden", "coord": [ 2.0, 4.0 ] }, "-960_384": { "coord": [ 3.0, 2.0 ], "autotile_index": 0.0, "tileset": "spr_pinballwooden", "autotile": 1.0 }, "768_448": { "coord": [ 4.0, 4.0 ], "autotile_index": 0.0, "tileset": "spr_pinballwooden", "autotile": 1.0 }, "-480_160": { "autotile": 1.0, "autotile_index": 0.0, "tileset": "spr_pinballwooden", "coord": [ 3.0, 2.0 ] }, "-1344_416": { "autotile": 1.0, "autotile_index": 0.0, "tileset": "spr_pinballwooden", "coord": [ 2.0, 3.0 ] }, "-256_352": { "autotile": 1.0, "autotile_index": 0.0, "tileset": "spr_pinballwooden", "coord": [ 4.0, 2.0 ] }, "-512_160": { "autotile": 1.0, "autotile_index": 0.0, "tileset": "spr_pinballwooden", "coord": [ 3.0, 2.0 ] }, "192_128": { "coord": [ 1.0, 1.0 ], "autotile_index": 0.0, "tileset": "spr_pinballwooden", "autotile": 1.0 }, "544_416": { "coord": [ 3.0, 3.0 ], "autotile_index": 0.0, "tileset": "spr_pinballwooden", "autotile": 1.0 }, "-704_288": { "autotile": 0.0, "autotile_index": 0.0, "tileset": "spr_pinballwooden", "coord": [ 7.0, 0.0 ] }, "-64_-96": { "autotile": 1.0, "autotile_index": 0.0, "tileset": "spr_pinballwooden", "coord": [ 2.0, 0.0 ] }, "-544_320": { "autotile": 1.0, "autotile_index": 0.0, "tileset": "spr_pinballwooden", "coord": [ 3.0, 2.0 ] }, "-992_288": { "autotile": 1.0, "autotile_index": 0.0, "tileset": "spr_pinballwooden", "coord": [ 3.0, 2.0 ] }, "-992_320": { "autotile": 1.0, "autotile_index": 0.0, "tileset": "spr_pinballwooden", "coord": [ 3.0, 2.0 ] }, "768_416": { "coord": [ 3.0, 3.0 ], "autotile_index": 0.0, "tileset": "spr_pinballwooden", "autotile": 1.0 }, "96_256": { "autotile": 0.0, "autotile_index": 0.0, "tileset": "spr_pinballwooden", "coord": [ 7.0, 0.0 ] }, "-1056_224": { "coord": [ 1.0, 0.0 ], "autotile_index": 0.0, "tileset": "spr_pinballwooden", "autotile": 1.0 }, "-320_192": { "autotile": 1.0, "autotile_index": 0.0, "tileset": "spr_pinballwooden", "coord": [ 3.0, 2.0 ] }, "-288_128": { "autotile": 1.0, "autotile_index": 0.0, "tileset": "spr_pinballwooden", "coord": [ 3.0, 1.0 ] }, "-1344_128": { "autotile": 1.0, "autotile_index": 0.0, "tileset": "spr_pinballwooden", "coord": [ 5.0, 1.0 ] }, "-896_288": { "autotile": 1.0, "autotile_index": 0.0, "tileset": "spr_pinballwooden", "coord": [ 5.0, 2.0 ] }, "-480_256": { "autotile": 1.0, "autotile_index": 0.0, "tileset": "spr_pinballwooden", "coord": [ 3.0, 2.0 ] }, "-928_448": { "autotile": 1.0, "autotile_index": 0.0, "tileset": "spr_pinballwooden", "coord": [ 3.0, 4.0 ] }, "-864_288": { "autotile": 0.0, "autotile_index": 0.0, "tileset": "spr_pinballwooden", "coord": [ 7.0, 0.0 ] }, "320_448": { "coord": [ 2.0, 4.0 ], "autotile_index": 0.0, "tileset": "spr_pinballwooden", "autotile": 1.0 }, "352_-96": { "autotile": 1.0, "autotile_index": 0.0, "tileset": "spr_pinballwooden", "coord": [ 2.0, 0.0 ] }, "768_224": { "coord": [ 3.0, 1.0 ], "autotile_index": 0.0, "tileset": "spr_pinballwooden", "autotile": 1.0 }, "-1088_320": { "autotile": 0.0, "autotile_index": 0.0, "tileset": "spr_pinballwooden", "coord": [ 6.0, 3.0 ] }, "832_0": { "autotile": 1.0, "autotile_index": 0.0, "tileset": "spr_pinballwooden", "coord": [ 1.0, 1.0 ] }, "-512_384": { "autotile": 1.0, "autotile_index": 0.0, "tileset": "spr_pinballwooden", "coord": [ 3.0, 2.0 ] }, "-960_288": { "coord": [ 3.0, 2.0 ], "autotile_index": 0.0, "tileset": "spr_pinballwooden", "autotile": 1.0 }, "-1312_416": { "autotile": 1.0, "autotile_index": 0.0, "tileset": "spr_pinballwooden", "coord": [ 3.0, 3.0 ] }, "352_448": { "coord": [ 3.0, 4.0 ], "autotile_index": 0.0, "tileset": "spr_pinballwooden", "autotile": 1.0 }, "-224_-96": { "coord": [ 3.0, 0.0 ], "autotile_index": 0.0, "tileset": "spr_pinballwooden", "autotile": 1.0 }, "320_416": { "coord": [ 3.0, 0.0 ], "autotile_index": 0.0, "tileset": "spr_pinballwooden", "autotile": 0.0 }, "-448_128": { "autotile": 1.0, "autotile_index": 0.0, "tileset": "spr_pinballwooden", "coord": [ 3.0, 1.0 ] }, "-256_224": { "autotile": 1.0, "autotile_index": 0.0, "tileset": "spr_pinballwooden", "coord": [ 4.0, 2.0 ] }, "-448_-64": { "autotile": 1.0, "autotile_index": 0.0, "tileset": "spr_pinballwooden", "coord": [ 3.0, 5.0 ] }, "416_128": { "coord": [ 2.0, 4.0 ], "autotile_index": 0.0, "tileset": "spr_pinballwooden", "autotile": 1.0 }, "448_352": { "coord": [ 6.0, 3.0 ], "autotile_index": 0.0, "tileset": "spr_pinballwooden", "autotile": 0.0 }, "384_416": { "coord": [ 4.0, 0.0 ], "autotile_index": 0.0, "tileset": "spr_pinballwooden", "autotile": 1.0 }, "-416_-96": { "autotile": 1.0, "autotile_index": 0.0, "tileset": "spr_pinballwooden", "coord": [ 3.0, 0.0 ] }, "-512_288": { "autotile": 1.0, "autotile_index": 0.0, "tileset": "spr_pinballwooden", "coord": [ 3.0, 2.0 ] }, "864_416": { "coord": [ 5.0, 2.0 ], "autotile_index": 0.0, "tileset": "spr_pinballwooden", "autotile": 1.0 }, "-832_-96": { "coord": [ 3.0, 0.0 ], "autotile_index": 0.0, "tileset": "spr_pinballwooden", "autotile": 1.0 }, "0_-64": { "autotile": 1.0, "autotile_index": 0.0, "tileset": "spr_pinballwooden", "coord": [ 3.0, 4.0 ] }, "224_192": { "coord": [ 5.0, 2.0 ], "autotile_index": 0.0, "tileset": "spr_pinballwooden", "autotile": 1.0 }, "864_320": { "coord": [ 5.0, 1.0 ], "autotile_index": 0.0, "tileset": "spr_pinballwooden", "autotile": 1.0 }, "-608_-96": { "coord": [ 3.0, 0.0 ], "autotile_index": 0.0, "tileset": "spr_pinballwooden", "autotile": 1.0 }, "-640_128": { "autotile": 1.0, "autotile_index": 0.0, "tileset": "spr_pinballwooden", "coord": [ 1.0, 1.0 ] }, "-1344_352": { "autotile": 1.0, "autotile_index": 0.0, "tileset": "spr_pinballwooden", "coord": [ 1.0, 7.0 ] }, "-224_416": { "autotile": 1.0, "autotile_index": 0.0, "tileset": "spr_pinballwooden", "coord": [ 1.0, 7.0 ] }, "-928_384": { "autotile": 1.0, "autotile_index": 0.0, "tileset": "spr_pinballwooden", "coord": [ 4.0, 2.0 ] }, "-1024_224": { "coord": [ 2.0, 0.0 ], "autotile_index": 0.0, "tileset": "spr_pinballwooden", "autotile": 1.0 }, "96_192": { "coord": [ 6.0, 1.0 ], "autotile_index": 0.0, "tileset": "spr_pinballwooden", "autotile": 0.0 }, "704_192": { "coord": [ 3.0, 0.0 ], "autotile_index": 0.0, "tileset": "spr_pinballwooden", "autotile": 1.0 }, "416_416": { "coord": [ 6.0, 4.0 ], "autotile_index": 0.0, "tileset": "spr_pinballwooden", "autotile": 0.0 }, "-1088_352": { "autotile": 0.0, "autotile_index": 0.0, "tileset": "spr_pinballwooden", "coord": [ 6.0, 4.0 ] }, "480_416": { "coord": [ 2.0, 3.0 ], "autotile_index": 0.0, "tileset": "spr_pinballwooden", "autotile": 0.0 }, "736_-64": { "autotile": 1.0, "autotile_index": 0.0, "tileset": "spr_pinballwooden", "coord": [ 4.0, 4.0 ] }, "-1376_32": { "autotile": 1.0, "autotile_index": 0.0, "tileset": "spr_pinballwooden", "coord": [ 1.0, 3.0 ] }, "-384_256": { "autotile": 1.0, "autotile_index": 0.0, "tileset": "spr_pinballwooden", "coord": [ 3.0, 2.0 ] }, "768_288": { "coord": [ 3.0, 2.0 ], "autotile_index": 0.0, "tileset": "spr_pinballwooden", "autotile": 1.0 }, "416_448": { "coord": [ 2.0, 4.0 ], "autotile_index": 0.0, "tileset": "spr_pinballwooden", "autotile": 1.0 }, "-416_352": { "autotile": 1.0, "autotile_index": 0.0, "tileset": "spr_pinballwooden", "coord": [ 3.0, 2.0 ] }, "160_416": { "autotile": 1.0, "autotile_index": 0.0, "tileset": "spr_pinballwooden", "coord": [ 2.0, 0.0 ] }, "-608_288": { "autotile": 1.0, "autotile_index": 0.0, "tileset": "spr_pinballwooden", "coord": [ 2.0, 2.0 ] }, "-1248_448": { "autotile": 1.0, "autotile_index": 0.0, "tileset": "spr_pinballwooden", "coord": [ 2.0, 4.0 ] }, "-992_416": { "autotile": 1.0, "autotile_index": 0.0, "tileset": "spr_pinballwooden", "coord": [ 3.0, 3.0 ] }, "-320_256": { "autotile": 1.0, "autotile_index": 0.0, "tileset": "spr_pinballwooden", "coord": [ 3.0, 2.0 ] }, "704_-96": { "autotile": 1.0, "autotile_index": 0.0, "tileset": "spr_pinballwooden", "coord": [ 4.0, 0.0 ] }, "-64_192": { "coord": [ 8.0, 1.0 ], "autotile_index": 0.0, "tileset": "spr_pinballwooden", "autotile": 0.0 }, "-640_320": { "autotile": 1.0, "autotile_index": 0.0, "tileset": "spr_pinballwooden", "coord": [ 1.0, 3.0 ] }, "320_96": { "coord": [ 2.0, 0.0 ], "autotile_index": 0.0, "tileset": "spr_pinballwooden", "autotile": 1.0 }, "864_352": { "coord": [ 5.0, 2.0 ], "autotile_index": 0.0, "tileset": "spr_pinballwooden", "autotile": 1.0 }, "-352_-64": { "autotile": 1.0, "autotile_index": 0.0, "tileset": "spr_pinballwooden", "coord": [ 1.0, 5.0 ] }, "-448_320": { "autotile": 1.0, "autotile_index": 0.0, "tileset": "spr_pinballwooden", "coord": [ 3.0, 2.0 ] }, "-256_160": { "autotile": 1.0, "autotile_index": 0.0, "tileset": "spr_pinballwooden", "coord": [ 4.0, 2.0 ] }, "480_320": { "coord": [ 6.0, 3.0 ], "autotile_index": 0.0, "tileset": "spr_pinballwooden", "autotile": 0.0 }, "832_224": { "coord": [ 4.0, 1.0 ], "autotile_index": 0.0, "tileset": "spr_pinballwooden", "autotile": 1.0 }, "576_-64": { "autotile": 1.0, "autotile_index": 0.0, "tileset": "spr_pinballwooden", "coord": [ 3.0, 4.0 ] }, "-1024_320": { "autotile": 1.0, "autotile_index": 0.0, "tileset": "spr_pinballwooden", "coord": [ 2.0, 2.0 ] }, "-544_96": { "autotile": 1.0, "autotile_index": 0.0, "tileset": "spr_pinballwooden", "coord": [ 4.0, 0.0 ] }, "-1376_256": { "autotile": 1.0, "autotile_index": 0.0, "tileset": "spr_pinballwooden", "coord": [ 1.0, 1.0 ] }, "-576_288": { "autotile": 1.0, "autotile_index": 0.0, "tileset": "spr_pinballwooden", "coord": [ 3.0, 2.0 ] }, "-160_416": { "coord": [ 3.0, 0.0 ], "autotile_index": 0.0, "tileset": "spr_pinballwooden", "autotile": 1.0 }, "-320_384": { "autotile": 1.0, "autotile_index": 0.0, "tileset": "spr_pinballwooden", "coord": [ 3.0, 2.0 ] }, "736_352": { "coord": [ 3.0, 2.0 ], "autotile_index": 0.0, "tileset": "spr_pinballwooden", "autotile": 1.0 }, "704_288": { "coord": [ 3.0, 2.0 ], "autotile_index": 0.0, "tileset": "spr_pinballwooden", "autotile": 1.0 }, "-1184_384": { "autotile": 1.0, "autotile_index": 0.0, "tileset": "spr_pinballwooden", "coord": [ 3.0, 1.0 ] }, "-512_416": { "autotile": 1.0, "autotile_index": 0.0, "tileset": "spr_pinballwooden", "coord": [ 3.0, 3.0 ] }, "-1344_-32": { "autotile": 1.0, "autotile_index": 0.0, "tileset": "spr_pinballwooden", "coord": [ 5.0, 1.0 ] }, "384_-96": { "autotile": 1.0, "autotile_index": 0.0, "tileset": "spr_pinballwooden", "coord": [ 4.0, 0.0 ] }, "32_256": { "autotile": 0.0, "autotile_index": 0.0, "tileset": "spr_pinballwooden", "coord": [ 7.0, 0.0 ] }, "-928_224": { "autotile": 1.0, "autotile_index": 0.0, "tileset": "spr_pinballwooden", "coord": [ 4.0, 0.0 ] }, "736_288": { "coord": [ 3.0, 2.0 ], "autotile_index": 0.0, "tileset": "spr_pinballwooden", "autotile": 1.0 }, "-1216_-64": { "coord": [ 2.0, 4.0 ], "autotile_index": 0.0, "tileset": "spr_pinballwooden", "autotile": 1.0 }, "-416_448": { "autotile": 1.0, "autotile_index": 0.0, "tileset": "spr_pinballwooden", "coord": [ 4.0, 4.0 ] }, "192_0": { "coord": [ 1.0, 1.0 ], "autotile_index": 0.0, "tileset": "spr_pinballwooden", "autotile": 1.0 }, "-1152_416": { "autotile": 1.0, "autotile_index": 0.0, "tileset": "spr_pinballwooden", "coord": [ 3.0, 3.0 ] }, "-128_96": { "autotile": 0.0, "autotile_index": 0.0, "tileset": "spr_pinballwooden", "coord": [ 7.0, 0.0 ] }, "-256_288": { "autotile": 1.0, "autotile_index": 0.0, "tileset": "spr_pinballwooden", "coord": [ 4.0, 2.0 ] }, "-928_288": { "autotile": 1.0, "autotile_index": 0.0, "tileset": "spr_pinballwooden", "coord": [ 4.0, 2.0 ] }, "256_128": { "coord": [ 3.0, 4.0 ], "autotile_index": 0.0, "tileset": "spr_pinballwooden", "autotile": 1.0 }, "-768_288": { "autotile": 0.0, "autotile_index": 0.0, "tileset": "spr_pinballwooden", "coord": [ 7.0, 0.0 ] }, "-256_-96": { "coord": [ 3.0, 0.0 ], "autotile_index": 0.0, "tileset": "spr_pinballwooden", "autotile": 1.0 }, "-352_288": { "autotile": 1.0, "autotile_index": 0.0, "tileset": "spr_pinballwooden", "coord": [ 3.0, 2.0 ] }, "544_448": { "coord": [ 4.0, 4.0 ], "autotile_index": 0.0, "tileset": "spr_pinballwooden", "autotile": 1.0 }, "-160_-64": { "coord": [ 4.0, 4.0 ], "autotile_index": 0.0, "tileset": "spr_pinballwooden", "autotile": 1.0 }, "640_320": { "coord": [ 3.0, 7.0 ], "autotile_index": 0.0, "tileset": "spr_pinballwooden", "autotile": 1.0 }, "-1056_384": { "autotile": 1.0, "autotile_index": 0.0, "tileset": "spr_pinballwooden", "coord": [ 3.0, 2.0 ] }, "672_384": { "coord": [ 3.0, 2.0 ], "autotile_index": 0.0, "tileset": "spr_pinballwooden", "autotile": 1.0 }, "864_-32": { "autotile": 1.0, "autotile_index": 0.0, "tileset": "spr_pinballwooden", "coord": [ 5.0, 3.0 ] }, "-480_128": { "autotile": 1.0, "autotile_index": 0.0, "tileset": "spr_pinballwooden", "coord": [ 3.0, 1.0 ] }, "-1344_192": { "autotile": 1.0, "autotile_index": 0.0, "tileset": "spr_pinballwooden", "coord": [ 5.0, 3.0 ] }, "-640_416": { "autotile": 1.0, "autotile_index": 0.0, "tileset": "spr_pinballwooden", "coord": [ 1.0, 1.0 ] }, "320_-96": { "autotile": 1.0, "autotile_index": 0.0, "tileset": "spr_pinballwooden", "coord": [ 2.0, 0.0 ] }, "864_384": { "coord": [ 5.0, 3.0 ], "autotile_index": 0.0, "tileset": "spr_pinballwooden", "autotile": 1.0 }, "-416_224": { "autotile": 1.0, "autotile_index": 0.0, "tileset": "spr_pinballwooden", "coord": [ 3.0, 2.0 ] }, "-288_448": { "autotile": 1.0, "autotile_index": 0.0, "tileset": "spr_pinballwooden", "coord": [ 4.0, 4.0 ] }, "736_416": { "coord": [ 3.0, 3.0 ], "autotile_index": 0.0, "tileset": "spr_pinballwooden", "autotile": 1.0 }, "192_448": { "autotile": 1.0, "autotile_index": 0.0, "tileset": "spr_pinballwooden", "coord": [ 4.0, 4.0 ] }, "640_192": { "coord": [ 1.0, 0.0 ], "autotile_index": 0.0, "tileset": "spr_pinballwooden", "autotile": 1.0 }, "-1280_352": { "autotile": 1.0, "autotile_index": 0.0, "tileset": "spr_pinballwooden", "coord": [ 4.0, 0.0 ] }, "864_64": { "autotile": 1.0, "autotile_index": 0.0, "tileset": "spr_pinballwooden", "coord": [ 5.0, 2.0 ] }, "-576_384": { "autotile": 1.0, "autotile_index": 0.0, "tileset": "spr_pinballwooden", "coord": [ 3.0, 2.0 ] }, "-1024_352": { "autotile": 1.0, "autotile_index": 0.0, "tileset": "spr_pinballwooden", "coord": [ 3.0, 2.0 ] }, "800_352": { "coord": [ 3.0, 2.0 ], "autotile_index": 0.0, "tileset": "spr_pinballwooden", "autotile": 1.0 }, "-1312_-96": { "coord": [ 3.0, 0.0 ], "autotile_index": 0.0, "tileset": "spr_pinballwooden", "autotile": 1.0 }, "-256_128": { "autotile": 1.0, "autotile_index": 0.0, "tileset": "spr_pinballwooden", "coord": [ 4.0, 1.0 ] }, "864_128": { "coord": [ 5.0, 1.0 ], "autotile_index": 0.0, "tileset": "spr_pinballwooden", "autotile": 1.0 }, "-480_-96": { "autotile": 1.0, "autotile_index": 0.0, "tileset": "spr_pinballwooden", "coord": [ 2.0, 0.0 ] }, "128_448": { "autotile": 1.0, "autotile_index": 0.0, "tileset": "spr_pinballwooden", "coord": [ 3.0, 4.0 ] }, "-352_-32": { "autotile": 1.0, "autotile_index": 0.0, "tileset": "spr_pinballwooden", "coord": [ 5.0, 1.0 ] }, "448_128": { "coord": [ 3.0, 4.0 ], "autotile_index": 0.0, "tileset": "spr_pinballwooden", "autotile": 1.0 }, "-1120_-96": { "coord": [ 2.0, 0.0 ], "autotile_index": 0.0, "tileset": "spr_pinballwooden", "autotile": 1.0 }, "-384_384": { "autotile": 1.0, "autotile_index": 0.0, "tileset": "spr_pinballwooden", "coord": [ 3.0, 2.0 ] }, "512_-96": { "autotile": 1.0, "autotile_index": 0.0, "tileset": "spr_pinballwooden", "coord": [ 2.0, 0.0 ] }, "224_64": { "coord": [ 5.0, 1.0 ], "autotile_index": 0.0, "tileset": "spr_pinballwooden", "autotile": 1.0 }, "-1088_448": { "autotile": 1.0, "autotile_index": 0.0, "tileset": "spr_pinballwooden", "coord": [ 3.0, 4.0 ] }, "-1024_416": { "autotile": 1.0, "autotile_index": 0.0, "tileset": "spr_pinballwooden", "coord": [ 3.0, 3.0 ] }, "-384_0": { "autotile": 1.0, "autotile_index": 0.0, "tileset": "spr_pinballwooden", "coord": [ 4.0, 3.0 ] }, "224_-96": { "coord": [ 3.0, 0.0 ], "autotile_index": 0.0, "tileset": "spr_pinballwooden", "autotile": 1.0 }, "32_-96": { "autotile": 1.0, "autotile_index": 0.0, "tileset": "spr_pinballwooden", "coord": [ 2.0, 0.0 ] }, "-1344_448": { "autotile": 1.0, "autotile_index": 0.0, "tileset": "spr_pinballwooden", "coord": [ 3.0, 4.0 ] }, "-224_352": { "autotile": 1.0, "autotile_index": 0.0, "tileset": "spr_pinballwooden", "coord": [ 5.0, 1.0 ] }, "160_96": { "coord": [ 7.0, 0.0 ], "autotile_index": 0.0, "tileset": "spr_pinballwooden", "autotile": 0.0 }, "32_416": { "autotile": 1.0, "autotile_index": 0.0, "tileset": "spr_pinballwooden", "coord": [ 3.0, 0.0 ] }, "-32_-96": { "autotile": 1.0, "autotile_index": 0.0, "tileset": "spr_pinballwooden", "coord": [ 3.0, 0.0 ] }, "448_384": { "coord": [ 6.0, 4.0 ], "autotile_index": 0.0, "tileset": "spr_pinballwooden", "autotile": 0.0 }, "320_288": { "autotile": 0.0, "autotile_index": 0.0, "tileset": "spr_pinballwooden", "coord": [ 8.0, 1.0 ] }, "-928_416": { "autotile": 1.0, "autotile_index": 0.0, "tileset": "spr_pinballwooden", "coord": [ 4.0, 3.0 ] }, "768_-64": { "autotile": 1.0, "autotile_index": 0.0, "tileset": "spr_pinballwooden", "coord": [ 3.0, 4.0 ] }, "-1376_96": { "autotile": 1.0, "autotile_index": 0.0, "tileset": "spr_pinballwooden", "coord": [ 1.0, 1.0 ] }, "-512_224": { "autotile": 1.0, "autotile_index": 0.0, "tileset": "spr_pinballwooden", "coord": [ 3.0, 2.0 ] }, "608_384": { "coord": [ 3.0, 2.0 ], "autotile_index": 0.0, "tileset": "spr_pinballwooden", "autotile": 1.0 }, "800_192": { "coord": [ 3.0, 0.0 ], "autotile_index": 0.0, "tileset": "spr_pinballwooden", "autotile": 1.0 }, "800_384": { "coord": [ 3.0, 2.0 ], "autotile_index": 0.0, "tileset": "spr_pinballwooden", "autotile": 1.0 }, "864_0": { "autotile": 1.0, "autotile_index": 0.0, "tileset": "spr_pinballwooden", "coord": [ 5.0, 2.0 ] }, "-480_352": { "autotile": 1.0, "autotile_index": 0.0, "tileset": "spr_pinballwooden", "coord": [ 3.0, 2.0 ] }, "-960_448": { "coord": [ 2.0, 4.0 ], "autotile_index": 0.0, "tileset": "spr_pinballwooden", "autotile": 1.0 }, "640_448": { "coord": [ 3.0, 4.0 ], "autotile_index": 0.0, "tileset": "spr_pinballwooden", "autotile": 1.0 }, "-1312_448": { "autotile": 1.0, "autotile_index": 0.0, "tileset": "spr_pinballwooden", "coord": [ 4.0, 4.0 ] }, "-576_-96": { "coord": [ 3.0, 0.0 ], "autotile_index": 0.0, "tileset": "spr_pinballwooden", "autotile": 1.0 }, "352_-64": { "autotile": 1.0, "autotile_index": 0.0, "tileset": "spr_pinballwooden", "coord": [ 3.0, 4.0 ] }, "128_-64": { "coord": [ 3.0, 4.0 ], "autotile_index": 0.0, "tileset": "spr_pinballwooden", "autotile": 1.0 }, "-192_-96": { "coord": [ 3.0, 0.0 ], "autotile_index": 0.0, "tileset": "spr_pinballwooden", "autotile": 1.0 }, "-416_128": { "autotile": 1.0, "autotile_index": 0.0, "tileset": "spr_pinballwooden", "coord": [ 3.0, 1.0 ] }, "-256_256": { "autotile": 1.0, "autotile_index": 0.0, "tileset": "spr_pinballwooden", "coord": [ 4.0, 2.0 ] }, "-448_-32": { "autotile": 1.0, "autotile_index": 0.0, "tileset": "spr_pinballwooden", "coord": [ 1.0, 1.0 ] }, "320_384": { "autotile": 0.0, "autotile_index": 0.0, "tileset": "spr_pinballwooden", "coord": [ 8.0, 2.0 ] }, "384_96": { "coord": [ 3.0, 0.0 ], "autotile_index": 0.0, "tileset": "spr_pinballwooden", "autotile": 1.0 }, "800_448": { "coord": [ 2.0, 4.0 ], "autotile_index": 0.0, "tileset": "spr_pinballwooden", "autotile": 1.0 }, "-416_-64": { "autotile": 1.0, "autotile_index": 0.0, "tileset": "spr_pinballwooden", "coord": [ 2.0, 1.0 ] }, "-512_320": { "autotile": 1.0, "autotile_index": 0.0, "tileset": "spr_pinballwooden", "coord": [ 3.0, 2.0 ] }, "672_-64": { "autotile": 1.0, "autotile_index": 0.0, "tileset": "spr_pinballwooden", "coord": [ 2.0, 4.0 ] }, "-352_160": { "autotile": 1.0, "autotile_index": 0.0, "tileset": "spr_pinballwooden", "coord": [ 3.0, 2.0 ] }, "512_448": { "coord": [ 2.0, 4.0 ], "autotile_index": 0.0, "tileset": "spr_pinballwooden", "autotile": 1.0 }, "192_224": { "coord": [ 1.0, 3.0 ], "autotile_index": 0.0, "tileset": "spr_pinballwooden", "autotile": 1.0 }, "832_288": { "coord": [ 4.0, 2.0 ], "autotile_index": 0.0, "tileset": "spr_pinballwooden", "autotile": 1.0 }, "-992_224": { "coord": [ 2.0, 0.0 ], "autotile_index": 0.0, "tileset": "spr_pinballwooden", "autotile": 1.0 }, "480_448": { "coord": [ 4.0, 4.0 ], "autotile_index": 0.0, "tileset": "spr_pinballwooden", "autotile": 1.0 }, "-608_96": { "autotile": 1.0, "autotile_index": 0.0, "tileset": "spr_pinballwooden", "coord": [ 2.0, 0.0 ] }, "-1376_320": { "autotile": 1.0, "autotile_index": 0.0, "tileset": "spr_pinballwooden", "coord": [ 1.0, 3.0 ] }, "-256_448": { "autotile": 1.0, "autotile_index": 0.0, "tileset": "spr_pinballwooden", "coord": [ 3.0, 4.0 ] }, "192_416": { "autotile": 1.0, "autotile_index": 0.0, "tileset": "spr_pinballwooden", "coord": [ 3.0, 0.0 ] }, "-32_448": { "coord": [ 2.0, 4.0 ], "autotile_index": 0.0, "tileset": "spr_pinballwooden", "autotile": 1.0 }, "704_448": { "coord": [ 2.0, 4.0 ], "autotile_index": 0.0, "tileset": "spr_pinballwooden", "autotile": 1.0 }, "-320_320": { "autotile": 1.0, "autotile_index": 0.0, "tileset": "spr_pinballwooden", "coord": [ 3.0, 2.0 ] }, "608_352": { "coord": [ 3.0, 1.0 ], "autotile_index": 0.0, "tileset": "spr_pinballwooden", "autotile": 1.0 }, "-640_288": { "autotile": 1.0, "autotile_index": 0.0, "tileset": "spr_pinballwooden", "coord": [ 1.0, 2.0 ] }, "704_224": { "coord": [ 3.0, 1.0 ], "autotile_index": 0.0, "tileset": "spr_pinballwooden", "autotile": 1.0 }, "-1088_384": { "autotile": 1.0, "autotile_index": 0.0, "tileset": "spr_pinballwooden", "coord": [ 3.0, 1.0 ] }, "-576_416": { "autotile": 1.0, "autotile_index": 0.0, "tileset": "spr_pinballwooden", "coord": [ 3.0, 3.0 ] }, "416_-96": { "autotile": 1.0, "autotile_index": 0.0, "tileset": "spr_pinballwooden", "coord": [ 4.0, 0.0 ] }, "448_416": { "coord": [ 3.0, 2.0 ], "autotile_index": 0.0, "tileset": "spr_pinballwooden", "autotile": 0.0 }, "864_448": { "coord": [ 5.0, 4.0 ], "autotile_index": 0.0, "tileset": "spr_pinballwooden", "autotile": 1.0 }, "-1344_32": { "autotile": 1.0, "autotile_index": 0.0, "tileset": "spr_pinballwooden", "coord": [ 5.0, 3.0 ] }, "448_448": { "coord": [ 3.0, 4.0 ], "autotile_index": 0.0, "tileset": "spr_pinballwooden", "autotile": 1.0 }, "96_448": { "autotile": 1.0, "autotile_index": 0.0, "tileset": "spr_pinballwooden", "coord": [ 2.0, 4.0 ] }, "-352_224": { "autotile": 1.0, "autotile_index": 0.0, "tileset": "spr_pinballwooden", "coord": [ 3.0, 2.0 ] }, "768_-96": { "autotile": 1.0, "autotile_index": 0.0, "tileset": "spr_pinballwooden", "coord": [ 2.0, 0.0 ] }, "800_288": { "coord": [ 3.0, 2.0 ], "autotile_index": 0.0, "tileset": "spr_pinballwooden", "autotile": 1.0 }, "-416_384": { "autotile": 1.0, "autotile_index": 0.0, "tileset": "spr_pinballwooden", "coord": [ 3.0, 2.0 ] }, "672_-96": { "autotile": 1.0, "autotile_index": 0.0, "tileset": "spr_pinballwooden", "coord": [ 3.0, 0.0 ] }, "-1216_416": { "autotile": 1.0, "autotile_index": 0.0, "tileset": "spr_pinballwooden", "coord": [ 3.0, 3.0 ] }, "-544_-64": { "coord": [ 3.0, 4.0 ], "autotile_index": 0.0, "tileset": "spr_pinballwooden", "autotile": 1.0 }, "-352_192": { "autotile": 1.0, "autotile_index": 0.0, "tileset": "spr_pinballwooden", "coord": [ 3.0, 2.0 ] }, "-288_224": { "autotile": 1.0, "autotile_index": 0.0, "tileset": "spr_pinballwooden", "coord": [ 3.0, 2.0 ] }, "-640_224": { "autotile": 1.0, "autotile_index": 0.0, "tileset": "spr_pinballwooden", "coord": [ 1.0, 1.0 ] }, "320_128": { "coord": [ 4.0, 4.0 ], "autotile_index": 0.0, "tileset": "spr_pinballwooden", "autotile": 1.0 }, "-544_160": { "autotile": 1.0, "autotile_index": 0.0, "tileset": "spr_pinballwooden", "coord": [ 3.0, 2.0 ] }, "-832_288": { "autotile": 0.0, "autotile_index": 0.0, "tileset": "spr_pinballwooden", "coord": [ 7.0, 0.0 ] }, "-320_-96": { "autotile": 1.0, "autotile_index": 0.0, "tileset": "spr_pinballwooden", "coord": [ 2.0, 0.0 ] }, "-416_288": { "autotile": 1.0, "autotile_index": 0.0, "tileset": "spr_pinballwooden", "coord": [ 3.0, 2.0 ] }, "-64_416": { "coord": [ 3.0, 0.0 ], "autotile_index": 0.0, "tileset": "spr_pinballwooden", "autotile": 1.0 }, "-96_-64": { "coord": [ 2.0, 4.0 ], "autotile_index": 0.0, "tileset": "spr_pinballwooden", "autotile": 1.0 }, "512_320": { "coord": [ 2.0, 0.0 ], "autotile_index": 0.0, "tileset": "spr_pinballwooden", "autotile": 0.0 }, "864_224": { "coord": [ 5.0, 3.0 ], "autotile_index": 0.0, "tileset": "spr_pinballwooden", "autotile": 1.0 }, "-992_352": { "autotile": 1.0, "autotile_index": 0.0, "tileset": "spr_pinballwooden", "coord": [ 3.0, 2.0 ] }, "-544_128": { "autotile": 1.0, "autotile_index": 0.0, "tileset": "spr_pinballwooden", "coord": [ 3.0, 1.0 ] }, "-1344_256": { "autotile": 1.0, "autotile_index": 0.0, "tileset": "spr_pinballwooden", "coord": [ 5.0, 3.0 ] }, "192_320": { "coord": [ 1.0, 4.0 ], "autotile_index": 0.0, "tileset": "spr_pinballwooden", "autotile": 1.0 }, "-576_224": { "autotile": 1.0, "autotile_index": 0.0, "tileset": "spr_pinballwooden", "coord": [ 3.0, 2.0 ] }, "-160_448": { "coord": [ 4.0, 4.0 ], "autotile_index": 0.0, "tileset": "spr_pinballwooden", "autotile": 1.0 }, "-288_384": { "autotile": 1.0, "autotile_index": 0.0, "tileset": "spr_pinballwooden", "coord": [ 3.0, 2.0 ] }, "-416_192": { "autotile": 1.0, "autotile_index": 0.0, "tileset": "spr_pinballwooden", "coord": [ 3.0, 2.0 ] }, "160_448": { "autotile": 1.0, "autotile_index": 0.0, "tileset": "spr_pinballwooden", "coord": [ 4.0, 4.0 ] }, "96_96": { "coord": [ 6.0, 0.0 ], "autotile_index": 0.0, "tileset": "spr_pinballwooden", "autotile": 0.0 }, "672_320": { "coord": [ 2.0, 2.0 ], "autotile_index": 0.0, "tileset": "spr_pinballwooden", "autotile": 1.0 }, "-1216_352": { "autotile": 1.0, "autotile_index": 0.0, "tileset": "spr_pinballwooden", "coord": [ 2.0, 0.0 ] }, "-512_448": { "autotile": 1.0, "autotile_index": 0.0, "tileset": "spr_pinballwooden", "coord": [ 3.0, 4.0 ] }, "-1376_-96": { "autotile": 1.0, "autotile_index": 0.0, "tileset": "spr_pinballwooden", "coord": [ 1.0, 0.0 ] }, "-512_192": { "autotile": 1.0, "autotile_index": 0.0, "tileset": "spr_pinballwooden", "coord": [ 3.0, 2.0 ] }, "-992_-96": { "coord": [ 4.0, 0.0 ], "autotile_index": 0.0, "tileset": "spr_pinballwooden", "autotile": 1.0 }, "-1056_-96": { "coord": [ 2.0, 0.0 ], "autotile_index": 0.0, "tileset": "spr_pinballwooden", "autotile": 1.0 }, "-384_96": { "autotile": 1.0, "autotile_index": 0.0, "tileset": "spr_pinballwooden", "coord": [ 4.0, 0.0 ] }, "-64_224": { "coord": [ 8.0, 2.0 ], "autotile_index": 0.0, "tileset": "spr_pinballwooden", "autotile": 0.0 }, "512_352": { "coord": [ 2.0, 1.0 ], "autotile_index": 0.0, "tileset": "spr_pinballwooden", "autotile": 0.0 }, "-608_160": { "autotile": 1.0, "autotile_index": 0.0, "tileset": "spr_pinballwooden", "coord": [ 2.0, 2.0 ] }, "736_256": { "coord": [ 3.0, 2.0 ], "autotile_index": 0.0, "tileset": "spr_pinballwooden", "autotile": 1.0 }, "-1184_-96": { "coord": [ 2.0, 0.0 ], "autotile_index": 0.0, "tileset": "spr_pinballwooden", "autotile": 1.0 }, "-384_416": { "autotile": 1.0, "autotile_index": 0.0, "tileset": "spr_pinballwooden", "coord": [ 3.0, 3.0 ] }, "608_-64": { "autotile": 1.0, "autotile_index": 0.0, "tileset": "spr_pinballwooden", "coord": [ 3.0, 4.0 ] }, "-704_-96": { "coord": [ 3.0, 0.0 ], "autotile_index": 0.0, "tileset": "spr_pinballwooden", "autotile": 1.0 }, "0_416": { "coord": [ 4.0, 0.0 ], "autotile_index": 0.0, "tileset": "spr_pinballwooden", "autotile": 1.0 }, "672_352": { "coord": [ 3.0, 2.0 ], "autotile_index": 0.0, "tileset": "spr_pinballwooden", "autotile": 1.0 }, "224_0": { "coord": [ 5.0, 1.0 ], "autotile_index": 0.0, "tileset": "spr_pinballwooden", "autotile": 1.0 }, "-1152_448": { "autotile": 1.0, "autotile_index": 0.0, "tileset": "spr_pinballwooden", "coord": [ 2.0, 4.0 ] }, "-160_96": { "autotile": 0.0, "autotile_index": 0.0, "tileset": "spr_pinballwooden", "coord": [ 7.0, 0.0 ] }, "-448_0": { "autotile": 1.0, "autotile_index": 0.0, "tileset": "spr_pinballwooden", "coord": [ 1.0, 2.0 ] }, "-896_384": { "autotile": 1.0, "autotile_index": 0.0, "tileset": "spr_pinballwooden", "coord": [ 5.0, 3.0 ] }, "-608_320": { "autotile": 1.0, "autotile_index": 0.0, "tileset": "spr_pinballwooden", "coord": [ 2.0, 2.0 ] }, "768_384": { "coord": [ 3.0, 2.0 ], "autotile_index": 0.0, "tileset": "spr_pinballwooden", "autotile": 1.0 }, "-224_288": { "autotile": 1.0, "autotile_index": 0.0, "tileset": "spr_pinballwooden", "coord": [ 5.0, 3.0 ] }, "32_448": { "autotile": 1.0, "autotile_index": 0.0, "tileset": "spr_pinballwooden", "coord": [ 2.0, 4.0 ] }, "224_96": { "coord": [ 1.0, 7.0 ], "autotile_index": 0.0, "tileset": "spr_pinballwooden", "autotile": 1.0 }, "-160_-96": { "coord": [ 4.0, 0.0 ], "autotile_index": 0.0, "tileset": "spr_pinballwooden", "autotile": 1.0 }, "-352_320": { "autotile": 1.0, "autotile_index": 0.0, "tileset": "spr_pinballwooden", "coord": [ 3.0, 2.0 ] }, "192_-96": { "coord": [ 2.0, 0.0 ], "autotile_index": 0.0, "tileset": "spr_pinballwooden", "autotile": 1.0 }, "-1056_288": { "autotile": 1.0, "autotile_index": 0.0, "tileset": "spr_pinballwooden", "coord": [ 1.0, 2.0 ] }, "160_-96": { "coord": [ 3.0, 0.0 ], "autotile_index": 0.0, "tileset": "spr_pinballwooden", "autotile": 1.0 }, "-992_-64": { "coord": [ 4.0, 4.0 ], "autotile_index": 0.0, "tileset": "spr_pinballwooden", "autotile": 1.0 }, "-896_-96": { "coord": [ 4.0, 0.0 ], "autotile_index": 0.0, "tileset": "spr_pinballwooden", "autotile": 1.0 }, "-640_-64": { "coord": [ 2.0, 4.0 ], "autotile_index": 0.0, "tileset": "spr_pinballwooden", "autotile": 1.0 }, "-416_160": { "autotile": 1.0, "autotile_index": 0.0, "tileset": "spr_pinballwooden", "coord": [ 3.0, 2.0 ] }, "832_-64": { "autotile": 1.0, "autotile_index": 0.0, "tileset": "spr_pinballwooden", "coord": [ 3.0, 5.0 ] }, "-320_96": { "autotile": 1.0, "autotile_index": 0.0, "tileset": "spr_pinballwooden", "coord": [ 3.0, 0.0 ] }, "-1376_160": { "autotile": 1.0, "autotile_index": 0.0, "tileset": "spr_pinballwooden", "coord": [ 1.0, 1.0 ] }, "-640_448": { "autotile": 1.0, "autotile_index": 0.0, "tileset": "spr_pinballwooden", "coord": [ 1.0, 4.0 ] }, "-608_384": { "autotile": 1.0, "autotile_index": 0.0, "tileset": "spr_pinballwooden", "coord": [ 2.0, 2.0 ] }, "-448_256": { "autotile": 1.0, "autotile_index": 0.0, "tileset": "spr_pinballwooden", "coord": [ 3.0, 2.0 ] }, "-320_416": { "autotile": 1.0, "autotile_index": 0.0, "tileset": "spr_pinballwooden", "coord": [ 3.0, 3.0 ] }, "704_416": { "coord": [ 3.0, 3.0 ], "autotile_index": 0.0, "tileset": "spr_pinballwooden", "autotile": 1.0 }, "224_288": { "coord": [ 5.0, 3.0 ], "autotile_index": 0.0, "tileset": "spr_pinballwooden", "autotile": 1.0 }, "736_192": { "coord": [ 4.0, 0.0 ], "autotile_index": 0.0, "tileset": "spr_pinballwooden", "autotile": 1.0 }, "-1280_384": { "autotile": 1.0, "autotile_index": 0.0, "tileset": "spr_pinballwooden", "coord": [ 3.0, 1.0 ] }, "864_96": { "autotile": 1.0, "autotile_index": 0.0, "tileset": "spr_pinballwooden", "coord": [ 5.0, 2.0 ] }, "-544_352": { "autotile": 1.0, "autotile_index": 0.0, "tileset": "spr_pinballwooden", "coord": [ 3.0, 2.0 ] }, "480_352": { "coord": [ 6.0, 4.0 ], "autotile_index": 0.0, "tileset": "spr_pinballwooden", "autotile": 0.0 }, "-896_256": { "autotile": 1.0, "autotile_index": 0.0, "tileset": "spr_pinballwooden", "coord": [ 5.0, 2.0 ] }, "96_416": { "autotile": 1.0, "autotile_index": 0.0, "tileset": "spr_pinballwooden", "coord": [ 3.0, 0.0 ] }, "608_-96": { "autotile": 1.0, "autotile_index": 0.0, "tileset": "spr_pinballwooden", "coord": [ 2.0, 0.0 ] }, "-224_128": { "autotile": 1.0, "autotile_index": 0.0, "tileset": "spr_pinballwooden", "coord": [ 5.0, 1.0 ] }, "-1312_-64": { "coord": [ 2.0, 4.0 ], "autotile_index": 0.0, "tileset": "spr_pinballwooden", "autotile": 1.0 }, "864_160": { "coord": [ 5.0, 2.0 ], "autotile_index": 0.0, "tileset": "spr_pinballwooden", "autotile": 1.0 }, "-1024_256": { "coord": [ 2.0, 1.0 ], "autotile_index": 0.0, "tileset": "spr_pinballwooden", "autotile": 1.0 }, "-416_-32": { "autotile": 1.0, "autotile_index": 0.0, "tileset": "spr_pinballwooden", "coord": [ 2.0, 2.0 ] }, "0_256": { "autotile": 0.0, "autotile_index": 0.0, "tileset": "spr_pinballwooden", "coord": [ 7.0, 0.0 ] }, "-608_-64": { "coord": [ 2.0, 4.0 ], "autotile_index": 0.0, "tileset": "spr_pinballwooden", "autotile": 1.0 }, "480_96": { "coord": [ 5.0, 0.0 ], "autotile_index": 0.0, "tileset": "spr_pinballwooden", "autotile": 1.0 }, "-1120_-64": { "coord": [ 2.0, 4.0 ], "autotile_index": 0.0, "tileset": "spr_pinballwooden", "autotile": 1.0 }, "-352_384": { "autotile": 1.0, "autotile_index": 0.0, "tileset": "spr_pinballwooden", "coord": [ 3.0, 2.0 ] }, "832_352": { "coord": [ 4.0, 2.0 ], "autotile_index": 0.0, "tileset": "spr_pinballwooden", "autotile": 1.0 }, "192_160": { "coord": [ 1.0, 1.0 ], "autotile_index": 0.0, "tileset": "spr_pinballwooden", "autotile": 1.0 }, "-1056_416": { "autotile": 1.0, "autotile_index": 0.0, "tileset": "spr_pinballwooden", "coord": [ 3.0, 3.0 ] }, "-384_32": { "autotile": 1.0, "autotile_index": 0.0, "tileset": "spr_pinballwooden", "coord": [ 2.0, 4.0 ] }, "160_256": { "coord": [ 7.0, 0.0 ], "autotile_index": 0.0, "tileset": "spr_pinballwooden", "autotile": 0.0 }, "-1376_384": { "autotile": 1.0, "autotile_index": 0.0, "tileset": "spr_pinballwooden", "coord": [ 1.0, 1.0 ] }, "-256_384": { "autotile": 1.0, "autotile_index": 0.0, "tileset": "spr_pinballwooden", "coord": [ 4.0, 2.0 ] }, "-672_288": { "autotile": 0.0, "autotile_index": 0.0, "tileset": "spr_pinballwooden", "coord": [ 7.0, 0.0 ] }, "0_-96": { "autotile": 1.0, "autotile_index": 0.0, "tileset": "spr_pinballwooden", "coord": [ 3.0, 0.0 ] }, "128_256": { "coord": [ 7.0, 0.0 ], "autotile_index": 0.0, "tileset": "spr_pinballwooden", "autotile": 0.0 }, "-640_352": { "autotile": 1.0, "autotile_index": 0.0, "tileset": "spr_pinballwooden", "coord": [ 1.0, 3.0 ] }, "-928_352": { "autotile": 1.0, "autotile_index": 0.0, "tileset": "spr_pinballwooden", "coord": [ 4.0, 2.0 ] }, "128_-96": { "coord": [ 4.0, 0.0 ], "autotile_index": 0.0, "tileset": "spr_pinballwooden", "autotile": 1.0 }, "-960_224": { "coord": [ 2.0, 0.0 ], "autotile_index": 0.0, "tileset": "spr_pinballwooden", "autotile": 1.0 }, "-1344_96": { "autotile": 1.0, "autotile_index": 0.0, "tileset": "spr_pinballwooden", "coord": [ 5.0, 1.0 ] }, "-320_160": { "autotile": 1.0, "autotile_index": 0.0, "tileset": "spr_pinballwooden", "coord": [ 3.0, 2.0 ] }, "-480_224": { "autotile": 1.0, "autotile_index": 0.0, "tileset": "spr_pinballwooden", "coord": [ 3.0, 2.0 ] }, "-608_192": { "autotile": 1.0, "autotile_index": 0.0, "tileset": "spr_pinballwooden", "coord": [ 2.0, 2.0 ] }, "800_224": { "coord": [ 3.0, 1.0 ], "autotile_index": 0.0, "tileset": "spr_pinballwooden", "autotile": 1.0 }, "832_-96": { "autotile": 1.0, "autotile_index": 0.0, "tileset": "spr_pinballwooden", "coord": [ 3.0, 0.0 ] }, "-480_384": { "autotile": 1.0, "autotile_index": 0.0, "tileset": "spr_pinballwooden", "coord": [ 3.0, 2.0 ] }, "-64_448": { "coord": [ 3.0, 4.0 ], "autotile_index": 0.0, "tileset": "spr_pinballwooden", "autotile": 1.0 }, "-1280_416": { "autotile": 1.0, "autotile_index": 0.0, "tileset": "spr_pinballwooden", "coord": [ 3.0, 3.0 ] }, "-576_-64": { "coord": [ 2.0, 4.0 ], "autotile_index": 0.0, "tileset": "spr_pinballwooden", "autotile": 1.0 }, "64_448": { "autotile": 1.0, "autotile_index": 0.0, "tileset": "spr_pinballwooden", "coord": [ 2.0, 4.0 ] }, "-896_352": { "autotile": 1.0, "autotile_index": 0.0, "tileset": "spr_pinballwooden", "coord": [ 5.0, 3.0 ] }, "-448_96": { "autotile": 1.0, "autotile_index": 0.0, "tileset": "spr_pinballwooden", "coord": [ 2.0, 0.0 ] }, "736_-96": { "autotile": 1.0, "autotile_index": 0.0, "tileset": "spr_pinballwooden", "coord": [ 2.0, 0.0 ] }, "256_256": { "autotile": 0.0, "autotile_index": 0.0, "tileset": "spr_pinballwooden", "coord": [ 7.0, 0.0 ] }, "224_416": { "autotile": 1.0, "autotile_index": 0.0, "tileset": "spr_pinballwooden", "coord": [ 3.0, 0.0 ] }, "384_128": { "coord": [ 4.0, 4.0 ], "autotile_index": 0.0, "tileset": "spr_pinballwooden", "autotile": 1.0 }, "-384_-96": { "autotile": 1.0, "autotile_index": 0.0, "tileset": "spr_pinballwooden", "coord": [ 4.0, 0.0 ] }, "-480_288": { "autotile": 1.0, "autotile_index": 0.0, "tileset": "spr_pinballwooden", "coord": [ 3.0, 2.0 ] }, "-32_-64": { "autotile": 1.0, "autotile_index": 0.0, "tileset": "spr_pinballwooden", "coord": [ 2.0, 4.0 ] }, "224_224": { "coord": [ 5.0, 1.0 ], "autotile_index": 0.0, "tileset": "spr_pinballwooden", "autotile": 1.0 }, "864_288": { "coord": [ 5.0, 3.0 ], "autotile_index": 0.0, "tileset": "spr_pinballwooden", "autotile": 1.0 }, "-608_128": { "autotile": 1.0, "autotile_index": 0.0, "tileset": "spr_pinballwooden", "coord": [ 2.0, 1.0 ] }, "576_384": { "coord": [ 3.0, 2.0 ], "autotile_index": 0.0, "tileset": "spr_pinballwooden", "autotile": 1.0 }, "-224_448": { "autotile": 1.0, "autotile_index": 0.0, "tileset": "spr_pinballwooden", "coord": [ 3.0, 4.0 ] }, "-1344_320": { "autotile": 1.0, "autotile_index": 0.0, "tileset": "spr_pinballwooden", "coord": [ 5.0, 3.0 ] }, "-320_352": { "autotile": 1.0, "autotile_index": 0.0, "tileset": "spr_pinballwooden", "coord": [ 3.0, 2.0 ] }, "640_416": { "coord": [ 3.0, 3.0 ], "autotile_index": 0.0, "tileset": "spr_pinballwooden", "autotile": 1.0 }, "96_160": { "coord": [ 6.0, 1.0 ], "autotile_index": 0.0, "tileset": "spr_pinballwooden", "autotile": 0.0 }, "672_256": { "coord": [ 2.0, 2.0 ], "autotile_index": 0.0, "tileset": "spr_pinballwooden", "autotile": 1.0 }, "-1152_352": { "autotile": 1.0, "autotile_index": 0.0, "tileset": "spr_pinballwooden", "coord": [ 4.0, 0.0 ] }, "-576_448": { "autotile": 1.0, "autotile_index": 0.0, "tileset": "spr_pinballwooden", "coord": [ 4.0, 4.0 ] }, "-64_384": { "coord": [ 6.0, 2.0 ], "autotile_index": 0.0, "tileset": "spr_pinballwooden", "autotile": 0.0 }, "608_416": { "coord": [ 3.0, 3.0 ], "autotile_index": 0.0, "tileset": "spr_pinballwooden", "autotile": 1.0 }, "-1024_-96": { "coord": [ 2.0, 0.0 ], "autotile_index": 0.0, "tileset": "spr_pinballwooden", "autotile": 1.0 }, "-1376_0": { "autotile": 1.0, "autotile_index": 0.0, "tileset": "spr_pinballwooden", "coord": [ 1.0, 2.0 ] }, "96_-64": { "coord": [ 3.0, 4.0 ], "autotile_index": 0.0, "tileset": "spr_pinballwooden", "autotile": 1.0 }, "-352_256": { "autotile": 1.0, "autotile_index": 0.0, "tileset": "spr_pinballwooden", "coord": [ 3.0, 2.0 ] }, "800_-96": { "autotile": 1.0, "autotile_index": 0.0, "tileset": "spr_pinballwooden", "coord": [ 4.0, 0.0 ] }, "-768_-64": { "coord": [ 2.0, 4.0 ], "autotile_index": 0.0, "tileset": "spr_pinballwooden", "autotile": 1.0 }, "768_320": { "coord": [ 3.0, 2.0 ], "autotile_index": 0.0, "tileset": "spr_pinballwooden", "autotile": 1.0 }, "-1248_-96": { "coord": [ 4.0, 0.0 ], "autotile_index": 0.0, "tileset": "spr_pinballwooden", "autotile": 1.0 }, "-448_416": { "autotile": 1.0, "autotile_index": 0.0, "tileset": "spr_pinballwooden", "coord": [ 3.0, 3.0 ] }, "352_416": { "coord": [ 4.0, 0.0 ], "autotile_index": 0.0, "tileset": "spr_pinballwooden", "autotile": 1.0 }, "-1216_448": { "autotile": 1.0, "autotile_index": 0.0, "tileset": "spr_pinballwooden", "coord": [ 4.0, 4.0 ] }, "-960_-96": { "coord": [ 4.0, 0.0 ], "autotile_index": 0.0, "tileset": "spr_pinballwooden", "autotile": 1.0 }, "672_416": { "coord": [ 3.0, 3.0 ], "autotile_index": 0.0, "tileset": "spr_pinballwooden", "autotile": 1.0 }, "-288_256": { "autotile": 1.0, "autotile_index": 0.0, "tileset": "spr_pinballwooden", "coord": [ 3.0, 2.0 ] }, "-928_320": { "autotile": 1.0, "autotile_index": 0.0, "tileset": "spr_pinballwooden", "coord": [ 4.0, 2.0 ] }, "288_96": { "coord": [ 4.0, 0.0 ], "autotile_index": 0.0, "tileset": "spr_pinballwooden", "autotile": 1.0 }, "-320_-64": { "autotile": 1.0, "autotile_index": 0.0, "tileset": "spr_pinballwooden", "coord": [ 2.0, 4.0 ] }, "-416_320": { "autotile": 1.0, "autotile_index": 0.0, "tileset": "spr_pinballwooden", "coord": [ 3.0, 2.0 ] }, "288_288": { "autotile": 0.0, "autotile_index": 0.0, "tileset": "spr_pinballwooden", "coord": [ 7.0, 1.0 ] }, "576_320": { "coord": [ 2.0, 0.0 ], "autotile_index": 0.0, "tileset": "spr_pinballwooden", "autotile": 1.0 }, "832_192": { "coord": [ 3.0, 7.0 ], "autotile_index": 0.0, "tileset": "spr_pinballwooden", "autotile": 1.0 }, "-384_160": { "autotile": 1.0, "autotile_index": 0.0, "tileset": "spr_pinballwooden", "coord": [ 3.0, 2.0 ] }, "-512_96": { "autotile": 1.0, "autotile_index": 0.0, "tileset": "spr_pinballwooden", "coord": [ 3.0, 0.0 ] }, "-1376_224": { "autotile": 1.0, "autotile_index": 0.0, "tileset": "spr_pinballwooden", "coord": [ 1.0, 2.0 ] }, "-256_192": { "autotile": 1.0, "autotile_index": 0.0, "tileset": "spr_pinballwooden", "coord": [ 4.0, 2.0 ] }, "-576_256": { "autotile": 1.0, "autotile_index": 0.0, "tileset": "spr_pinballwooden", "coord": [ 3.0, 2.0 ] }, "-192_416": { "coord": [ 4.0, 0.0 ], "autotile_index": 0.0, "tileset": "spr_pinballwooden", "autotile": 1.0 }, "-320_288": { "autotile": 1.0, "autotile_index": 0.0, "tileset": "spr_pinballwooden", "coord": [ 3.0, 2.0 ] }, "64_256": { "autotile": 0.0, "autotile_index": 0.0, "tileset": "spr_pinballwooden", "coord": [ 7.0, 0.0 ] }, "128_96": { "coord": [ 7.0, 0.0 ], "autotile_index": 0.0, "tileset": "spr_pinballwooden", "autotile": 0.0 }, "704_320": { "coord": [ 3.0, 2.0 ], "autotile_index": 0.0, "tileset": "spr_pinballwooden", "autotile": 1.0 }, "-1216_384": { "autotile": 1.0, "autotile_index": 0.0, "tileset": "spr_pinballwooden", "coord": [ 3.0, 1.0 ] }, "-480_416": { "autotile": 1.0, "autotile_index": 0.0, "tileset": "spr_pinballwooden", "coord": [ 3.0, 3.0 ] }, "832_416": { "coord": [ 4.0, 3.0 ], "autotile_index": 0.0, "tileset": "spr_pinballwooden", "autotile": 1.0 }, "224_448": { "autotile": 1.0, "autotile_index": 0.0, "tileset": "spr_pinballwooden", "coord": [ 2.0, 4.0 ] }, "-736_-64": { "coord": [ 3.0, 4.0 ], "autotile_index": 0.0, "tileset": "spr_pinballwooden", "autotile": 1.0 }, "-1376_-64": { "autotile": 1.0, "autotile_index": 0.0, "tileset": "spr_pinballwooden", "coord": [ 1.0, 2.0 ] }, "-960_416": { "coord": [ 3.0, 3.0 ], "autotile_index": 0.0, "tileset": "spr_pinballwooden", "autotile": 1.0 }, "-512_-64": { "autotile": 1.0, "autotile_index": 0.0, "tileset": "spr_pinballwooden", "coord": [ 4.0, 4.0 ] }, "-800_-64": { "coord": [ 3.0, 4.0 ], "autotile_index": 0.0, "tileset": "spr_pinballwooden", "autotile": 1.0 }, "-704_-64": { "coord": [ 4.0, 4.0 ], "autotile_index": 0.0, "tileset": "spr_pinballwooden", "autotile": 1.0 }, "192_-64": { "coord": [ 3.0, 5.0 ], "autotile_index": 0.0, "tileset": "spr_pinballwooden", "autotile": 1.0 }, "-64_256": { "autotile": 0.0, "autotile_index": 0.0, "tileset": "spr_pinballwooden", "coord": [ 6.0, 0.0 ] }, "512_-64": { "autotile": 1.0, "autotile_index": 0.0, "tileset": "spr_pinballwooden", "coord": [ 4.0, 4.0 ] }, "64_-96": { "coord": [ 4.0, 0.0 ], "autotile_index": 0.0, "tileset": "spr_pinballwooden", "autotile": 1.0 }, "-672_-64": { "coord": [ 2.0, 4.0 ], "autotile_index": 0.0, "tileset": "spr_pinballwooden", "autotile": 1.0 }, "-1184_-64": { "coord": [ 4.0, 4.0 ], "autotile_index": 0.0, "tileset": "spr_pinballwooden", "autotile": 1.0 }, "-384_448": { "autotile": 1.0, "autotile_index": 0.0, "tileset": "spr_pinballwooden", "coord": [ 4.0, 4.0 ] }, "-864_-64": { "coord": [ 2.0, 4.0 ], "autotile_index": 0.0, "tileset": "spr_pinballwooden", "autotile": 1.0 }, "224_-32": { "coord": [ 5.0, 3.0 ], "autotile_index": 0.0, "tileset": "spr_pinballwooden", "autotile": 1.0 }, "192_32": { "coord": [ 1.0, 2.0 ], "autotile_index": 0.0, "tileset": "spr_pinballwooden", "autotile": 1.0 }, "-192_96": { "autotile": 0.0, "autotile_index": 0.0, "tileset": "spr_pinballwooden", "coord": [ 7.0, 0.0 ] }, "-1120_416": { "autotile": 1.0, "autotile_index": 0.0, "tileset": "spr_pinballwooden", "coord": [ 3.0, 3.0 ] }, "-448_32": { "autotile": 1.0, "autotile_index": 0.0, "tileset": "spr_pinballwooden", "coord": [ 1.0, 4.0 ] }, "-992_256": { "coord": [ 3.0, 1.0 ], "autotile_index": 0.0, "tileset": "spr_pinballwooden", "autotile": 1.0 }, "-960_352": { "coord": [ 3.0, 2.0 ], "autotile_index": 0.0, "tileset": "spr_pinballwooden", "autotile": 1.0 }, "-608_352": { "autotile": 1.0, "autotile_index": 0.0, "tileset": "spr_pinballwooden", "coord": [ 2.0, 2.0 ] }, "-32_416": { "coord": [ 2.0, 0.0 ], "autotile_index": 0.0, "tileset": "spr_pinballwooden", "autotile": 1.0 }, "-1376_416": { "autotile": 1.0, "autotile_index": 0.0, "tileset": "spr_pinballwooden", "coord": [ 1.0, 1.0 ] }, "-256_320": { "autotile": 1.0, "autotile_index": 0.0, "tileset": "spr_pinballwooden", "coord": [ 4.0, 2.0 ] }, "224_128": { "coord": [ 1.0, 5.0 ], "autotile_index": 0.0, "tileset": "spr_pinballwooden", "autotile": 1.0 }, "-736_288": { "autotile": 0.0, "autotile_index": 0.0, "tileset": "spr_pinballwooden", "coord": [ 7.0, 0.0 ] }, "-128_-96": { "coord": [ 2.0, 0.0 ], "autotile_index": 0.0, "tileset": "spr_pinballwooden", "autotile": 1.0 }, "-576_320": { "autotile": 1.0, "autotile_index": 0.0, "tileset": "spr_pinballwooden", "coord": [ 3.0, 2.0 ] }, "-640_384": { "autotile": 1.0, "autotile_index": 0.0, "tileset": "spr_pinballwooden", "coord": [ 1.0, 1.0 ] }, "-256_-64": { "coord": [ 3.0, 4.0 ], "autotile_index": 0.0, "tileset": "spr_pinballwooden", "autotile": 1.0 }, "640_288": { "coord": [ 1.0, 1.0 ], "autotile_index": 0.0, "tileset": "spr_pinballwooden", "autotile": 1.0 }, "-1056_320": { "autotile": 0.0, "autotile_index": 0.0, "tileset": "spr_pinballwooden", "coord": [ 6.0, 4.0 ] }, "-128_416": { "coord": [ 3.0, 0.0 ], "autotile_index": 0.0, "tileset": "spr_pinballwooden", "autotile": 1.0 }, "288_448": { "coord": [ 2.0, 4.0 ], "autotile_index": 0.0, "tileset": "spr_pinballwooden", "autotile": 1.0 }, "832_-32": { "autotile": 1.0, "autotile_index": 0.0, "tileset": "spr_pinballwooden", "coord": [ 1.0, 1.0 ] }, "-320_128": { "autotile": 1.0, "autotile_index": 0.0, "tileset": "spr_pinballwooden", "coord": [ 3.0, 1.0 ] }, "-1344_160": { "autotile": 1.0, "autotile_index": 0.0, "tileset": "spr_pinballwooden", "coord": [ 5.0, 3.0 ] }, "-608_416": { "autotile": 1.0, "autotile_index": 0.0, "tileset": "spr_pinballwooden", "coord": [ 2.0, 3.0 ] }, "672_448": { "coord": [ 4.0, 4.0 ], "autotile_index": 0.0, "tileset": "spr_pinballwooden", "autotile": 1.0 }, "576_416": { "coord": [ 3.0, 3.0 ], "autotile_index": 0.0, "tileset": "spr_pinballwooden", "autotile": 1.0 }, "-416_256": { "autotile": 1.0, "autotile_index": 0.0, "tileset": "spr_pinballwooden", "coord": [ 3.0, 2.0 ] }, "-320_448": { "autotile": 1.0, "autotile_index": 0.0, "tileset": "spr_pinballwooden", "coord": [ 2.0, 4.0 ] }, "736_224": { "coord": [ 3.0, 1.0 ], "autotile_index": 0.0, "tileset": "spr_pinballwooden", "autotile": 1.0 }, "-1312_352": { "autotile": 1.0, "autotile_index": 0.0, "tileset": "spr_pinballwooden", "coord": [ 2.0, 0.0 ] }, "832_32": { "autotile": 1.0, "autotile_index": 0.0, "tileset": "spr_pinballwooden", "coord": [ 1.0, 1.0 ] }, "-544_384": { "autotile": 1.0, "autotile_index": 0.0, "tileset": "spr_pinballwooden", "coord": [ 3.0, 2.0 ] }, "544_384": { "coord": [ 3.0, 2.0 ], "autotile_index": 0.0, "tileset": "spr_pinballwooden", "autotile": 1.0 }, "-960_256": { "coord": [ 3.0, 1.0 ], "autotile_index": 0.0, "tileset": "spr_pinballwooden", "autotile": 1.0 }, "-1280_-96": { "coord": [ 4.0, 0.0 ], "autotile_index": 0.0, "tileset": "spr_pinballwooden", "autotile": 1.0 }, "-64_288": { "coord": [ 6.0, 1.0 ], "autotile_index": 0.0, "tileset": "spr_pinballwooden", "autotile": 0.0 }, "576_352": { "coord": [ 3.0, 1.0 ], "autotile_index": 0.0, "tileset": "spr_pinballwooden", "autotile": 1.0 }, "224_-64": { "coord": [ 1.0, 5.0 ], "autotile_index": 0.0, "tileset": "spr_pinballwooden", "autotile": 1.0 }, "-224_224": { "autotile": 1.0, "autotile_index": 0.0, "tileset": "spr_pinballwooden", "coord": [ 5.0, 2.0 ] }, "-992_384": { "autotile": 1.0, "autotile_index": 0.0, "tileset": "spr_pinballwooden", "coord": [ 3.0, 2.0 ] }, "480_128": { "coord": [ 5.0, 4.0 ], "autotile_index": 0.0, "tileset": "spr_pinballwooden", "autotile": 1.0 }, "-1088_-96": { "coord": [ 2.0, 0.0 ], "autotile_index": 0.0, "tileset": "spr_pinballwooden", "autotile": 1.0 }, "-384_352": { "autotile": 1.0, "autotile_index": 0.0, "tileset": "spr_pinballwooden", "coord": [ 3.0, 2.0 ] }, "-640_192": { "autotile": 1.0, "autotile_index": 0.0, "tileset": "spr_pinballwooden", "coord": [ 1.0, 1.0 ] }, "704_352": { "coord": [ 3.0, 2.0 ], "autotile_index": 0.0, "tileset": "spr_pinballwooden", "autotile": 1.0 }, "224_160": { "coord": [ 5.0, 3.0 ], "autotile_index": 0.0, "tileset": "spr_pinballwooden", "autotile": 1.0 }, "-1056_448": { "autotile": 1.0, "autotile_index": 0.0, "tileset": "spr_pinballwooden", "coord": [ 4.0, 4.0 ] }, "-352_0": { "autotile": 1.0, "autotile_index": 0.0, "tileset": "spr_pinballwooden", "coord": [ 5.0, 2.0 ] }, "-224_-64": { "coord": [ 3.0, 4.0 ], "autotile_index": 0.0, "tileset": "spr_pinballwooden", "autotile": 1.0 }, "-1344_384": { "autotile": 1.0, "autotile_index": 0.0, "tileset": "spr_pinballwooden", "coord": [ 2.0, 1.0 ] }, "-224_384": { "autotile": 1.0, "autotile_index": 0.0, "tileset": "spr_pinballwooden", "coord": [ 5.0, 1.0 ] }, "-896_320": { "autotile": 1.0, "autotile_index": 0.0, "tileset": "spr_pinballwooden", "coord": [ 5.0, 1.0 ] }, "320_320": { "autotile": 0.0, "autotile_index": 0.0, "tileset": "spr_pinballwooden", "coord": [ 8.0, 1.0 ] }, "96_224": { "coord": [ 6.0, 2.0 ], "autotile_index": 0.0, "tileset": "spr_pinballwooden", "autotile": 0.0 }, "672_192": { "coord": [ 4.0, 0.0 ], "autotile_index": 0.0, "tileset": "spr_pinballwooden", "autotile": 1.0 }, "-1120_352": { "autotile": 1.0, "autotile_index": 0.0, "tileset": "spr_pinballwooden", "coord": [ 2.0, 0.0 ] }, "704_-64": { "autotile": 1.0, "autotile_index": 0.0, "tileset": "spr_pinballwooden", "coord": [ 3.0, 4.0 ] }, "-1376_64": { "autotile": 1.0, "autotile_index": 0.0, "tileset": "spr_pinballwooden", "coord": [ 1.0, 1.0 ] }, "-544_256": { "autotile": 1.0, "autotile_index": 0.0, "tileset": "spr_pinballwooden", "coord": [ 3.0, 2.0 ] }, "288_416": { "coord": [ 3.0, 0.0 ], "autotile_index": 0.0, "tileset": "spr_pinballwooden", "autotile": 1.0 }, "-384_192": { "autotile": 1.0, "autotile_index": 0.0, "tileset": "spr_pinballwooden", "coord": [ 3.0, 2.0 ] }, "544_352": { "coord": [ 3.0, 1.0 ], "autotile_index": 0.0, "tileset": "spr_pinballwooden", "autotile": 1.0 }, "-96_448": { "coord": [ 2.0, 4.0 ], "autotile_index": 0.0, "tileset": "spr_pinballwooden", "autotile": 1.0 }, "-896_416": { "autotile": 1.0, "autotile_index": 0.0, "tileset": "spr_pinballwooden", "coord": [ 5.0, 3.0 ] }, "768_256": { "coord": [ 3.0, 2.0 ], "autotile_index": 0.0, "tileset": "spr_pinballwooden", "autotile": 1.0 }, "864_-96": { "autotile": 1.0, "autotile_index": 0.0, "tileset": "spr_pinballwooden", "coord": [ 5.0, 0.0 ] }, "-448_352": { "autotile": 1.0, "autotile_index": 0.0, "tileset": "spr_pinballwooden", "coord": [ 3.0, 2.0 ] }, "-480_192": { "autotile": 1.0, "autotile_index": 0.0, "tileset": "spr_pinballwooden", "coord": [ 3.0, 2.0 ] }, "320_-64": { "autotile": 1.0, "autotile_index": 0.0, "tileset": "spr_pinballwooden", "coord": [ 3.0, 4.0 ] }, "-1280_448": { "autotile": 1.0, "autotile_index": 0.0, "tileset": "spr_pinballwooden", "coord": [ 4.0, 4.0 ] }, "-608_224": { "autotile": 1.0, "autotile_index": 0.0, "tileset": "spr_pinballwooden", "coord": [ 2.0, 2.0 ] }, "-416_96": { "autotile": 1.0, "autotile_index": 0.0, "tileset": "spr_pinballwooden", "coord": [ 3.0, 0.0 ] }, "288_256": { "autotile": 0.0, "autotile_index": 0.0, "tileset": "spr_pinballwooden", "coord": [ 7.0, 0.0 ] }, "320_352": { "autotile": 0.0, "autotile_index": 0.0, "tileset": "spr_pinballwooden", "coord": [ 8.0, 1.0 ] }, "352_96": { "coord": [ 4.0, 0.0 ], "autotile_index": 0.0, "tileset": "spr_pinballwooden", "autotile": 1.0 }, "416_384": { "coord": [ 6.0, 3.0 ], "autotile_index": 0.0, "tileset": "spr_pinballwooden", "autotile": 0.0 }, "-384_-64": { "autotile": 1.0, "autotile_index": 0.0, "tileset": "spr_pinballwooden", "coord": [ 4.0, 1.0 ] }, "288_-96": { "coord": [ 3.0, 0.0 ], "autotile_index": 0.0, "tileset": "spr_pinballwooden", "autotile": 1.0 }, "-480_320": { "autotile": 1.0, "autotile_index": 0.0, "tileset": "spr_pinballwooden", "coord": [ 3.0, 2.0 ] }, "192_256": { "coord": [ 1.0, 2.0 ], "autotile_index": 0.0, "tileset": "spr_pinballwooden", "autotile": 1.0 }, "832_256": { "coord": [ 4.0, 2.0 ], "autotile_index": 0.0, "tileset": "spr_pinballwooden", "autotile": 1.0 }, "576_-96": { "autotile": 1.0, "autotile_index": 0.0, "tileset": "spr_pinballwooden", "coord": [ 3.0, 0.0 ] }, "-896_-64": { "coord": [ 4.0, 4.0 ], "autotile_index": 0.0, "tileset": "spr_pinballwooden", "autotile": 1.0 }, "832_384": { "coord": [ 4.0, 2.0 ], "autotile_index": 0.0, "tileset": "spr_pinballwooden", "autotile": 1.0 }, "-576_96": { "autotile": 1.0, "autotile_index": 0.0, "tileset": "spr_pinballwooden", "coord": [ 3.0, 0.0 ] }, "288_-64": { "coord": [ 2.0, 4.0 ], "autotile_index": 0.0, "tileset": "spr_pinballwooden", "autotile": 1.0 }, "-1376_288": { "autotile": 1.0, "autotile_index": 0.0, "tileset": "spr_pinballwooden", "coord": [ 1.0, 2.0 ] }, "-288_192": { "autotile": 1.0, "autotile_index": 0.0, "tileset": "spr_pinballwooden", "coord": [ 3.0, 2.0 ] }, "-96_416": { "coord": [ 4.0, 0.0 ], "autotile_index": 0.0, "tileset": "spr_pinballwooden", "autotile": 1.0 }, "-864_-96": { "coord": [ 2.0, 0.0 ], "autotile_index": 0.0, "tileset": "spr_pinballwooden", "autotile": 1.0 }, "-576_160": { "autotile": 1.0, "autotile_index": 0.0, "tileset": "spr_pinballwooden", "coord": [ 3.0, 2.0 ] }, "-640_256": { "autotile": 1.0, "autotile_index": 0.0, "tileset": "spr_pinballwooden", "coord": [ 1.0, 1.0 ] }, "-896_448": { "autotile": 1.0, "autotile_index": 0.0, "tileset": "spr_pinballwooden", "coord": [ 5.0, 4.0 ] }, "-288_320": { "autotile": 1.0, "autotile_index": 0.0, "tileset": "spr_pinballwooden", "coord": [ 3.0, 2.0 ] }, "704_256": { "coord": [ 3.0, 2.0 ], "autotile_index": 0.0, "tileset": "spr_pinballwooden", "autotile": 1.0 }, "-1152_384": { "autotile": 1.0, "autotile_index": 0.0, "tileset": "spr_pinballwooden", "coord": [ 3.0, 1.0 ] }, "160_-64": { "coord": [ 3.0, 4.0 ], "autotile_index": 0.0, "tileset": "spr_pinballwooden", "autotile": 1.0 }, "-544_416": { "autotile": 1.0, "autotile_index": 0.0, "tileset": "spr_pinballwooden", "coord": [ 3.0, 3.0 ] }, "-1024_288": { "autotile": 1.0, "autotile_index": 0.0, "tileset": "spr_pinballwooden", "coord": [ 2.0, 2.0 ] }, "-928_-64": { "coord": [ 4.0, 4.0 ], "autotile_index": 0.0, "tileset": "spr_pinballwooden", "autotile": 1.0 }, "-1344_0": { "autotile": 1.0, "autotile_index": 0.0, "tileset": "spr_pinballwooden", "coord": [ 5.0, 1.0 ] }, "-384_128": { "autotile": 1.0, "autotile_index": 0.0, "tileset": "spr_pinballwooden", "coord": [ 3.0, 1.0 ] }, "800_320": { "coord": [ 3.0, 2.0 ], "autotile_index": 0.0, "tileset": "spr_pinballwooden", "autotile": 1.0 }, "-1248_-64": { "coord": [ 4.0, 4.0 ], "autotile_index": 0.0, "tileset": "spr_pinballwooden", "autotile": 1.0 }, "-416_416": { "autotile": 1.0, "autotile_index": 0.0, "tileset": "spr_pinballwooden", "coord": [ 3.0, 3.0 ] }, "0_448": { "coord": [ 2.0, 4.0 ], "autotile_index": 0.0, "tileset": "spr_pinballwooden", "autotile": 1.0 }, "192_288": { "coord": [ 1.0, 2.0 ], "autotile_index": 0.0, "tileset": "spr_pinballwooden", "autotile": 1.0 }, "-768_-96": { "coord": [ 3.0, 0.0 ], "autotile_index": 0.0, "tileset": "spr_pinballwooden", "autotile": 1.0 }, "-1184_416": { "autotile": 1.0, "autotile_index": 0.0, "tileset": "spr_pinballwooden", "coord": [ 3.0, 3.0 ] }, "-96_96": { "coord": [ 7.0, 0.0 ], "autotile_index": 0.0, "tileset": "spr_pinballwooden", "autotile": 0.0 }, "-544_-96": { "coord": [ 3.0, 0.0 ], "autotile_index": 0.0, "tileset": "spr_pinballwooden", "autotile": 1.0 }, "-576_192": { "autotile": 1.0, "autotile_index": 0.0, "tileset": "spr_pinballwooden", "coord": [ 3.0, 2.0 ] }, "224_320": { "coord": [ 5.0, 4.0 ], "autotile_index": 0.0, "tileset": "spr_pinballwooden", "autotile": 1.0 }, "288_128": { "coord": [ 3.0, 4.0 ], "autotile_index": 0.0, "tileset": "spr_pinballwooden", "autotile": 1.0 }, "-672_-96": { "coord": [ 4.0, 0.0 ], "autotile_index": 0.0, "tileset": "spr_pinballwooden", "autotile": 1.0 }, "-800_288": { "autotile": 0.0, "autotile_index": 0.0, "tileset": "spr_pinballwooden", "coord": [ 7.0, 0.0 ] }, "-288_-96": { "autotile": 1.0, "autotile_index": 0.0, "tileset": "spr_pinballwooden", "coord": [ 4.0, 0.0 ] }, "-384_288": { "autotile": 1.0, "autotile_index": 0.0, "tileset": "spr_pinballwooden", "coord": [ 3.0, 2.0 ] }, "-128_-64": { "coord": [ 3.0, 4.0 ], "autotile_index": 0.0, "tileset": "spr_pinballwooden", "autotile": 1.0 }, "608_320": { "coord": [ 3.0, 0.0 ], "autotile_index": 0.0, "tileset": "spr_pinballwooden", "autotile": 1.0 }, "864_192": { "coord": [ 5.0, 3.0 ], "autotile_index": 0.0, "tileset": "spr_pinballwooden", "autotile": 1.0 }, "-1024_-64": { "coord": [ 2.0, 4.0 ], "autotile_index": 0.0, "tileset": "spr_pinballwooden", "autotile": 1.0 }, "448_-64": { "autotile": 1.0, "autotile_index": 0.0, "tileset": "spr_pinballwooden", "coord": [ 4.0, 4.0 ] }, "-512_128": { "autotile": 1.0, "autotile_index": 0.0, "tileset": "spr_pinballwooden", "coord": [ 3.0, 1.0 ] }, "-1344_224": { "autotile": 1.0, "autotile_index": 0.0, "tileset": "spr_pinballwooden", "coord": [ 5.0, 1.0 ] }, "-544_192": { "autotile": 1.0, "autotile_index": 0.0, "tileset": "spr_pinballwooden", "coord": [ 3.0, 2.0 ] }, "-544_224": { "autotile": 1.0, "autotile_index": 0.0, "tileset": "spr_pinballwooden", "coord": [ 3.0, 2.0 ] }, "-192_448": { "coord": [ 4.0, 4.0 ], "autotile_index": 0.0, "tileset": "spr_pinballwooden", "autotile": 1.0 }, "-288_288": { "autotile": 1.0, "autotile_index": 0.0, "tileset": "spr_pinballwooden", "coord": [ 3.0, 2.0 ] }, "-224_192": { "autotile": 1.0, "autotile_index": 0.0, "tileset": "spr_pinballwooden", "coord": [ 5.0, 1.0 ] }, "640_256": { "coord": [ 1.0, 2.0 ], "autotile_index": 0.0, "tileset": "spr_pinballwooden", "autotile": 1.0 } } }, "backgrounds": { "5": { "x": 13.0, "scroll_x": 0.65000000000000002220446049250313, "tile_y": 0.0, "hspeed": -20.25, "scroll_y": 0.0, "panic_sprite": -1.0, "y": -1.0, "sprite": "bg_desertcloudH", "tile_x": 1.0, "vspeed": 0.0, "image_speed": 0.0 }, "6": { "x": 3.0, "scroll_x": 0.69999999999999995559107901499374, "tile_y": 1.0, "hspeed": -20.0, "scroll_y": 0.0, "panic_sprite": -1.0, "y": 10.0, "sprite": "bg_desert", "tile_x": 1.0, "vspeed": 0.0, "image_speed": 0.0 } }, "properties": { "songTransitionTime": 100.0, "roomX": -1440.0, "levelWidth": 960.0, "roomY": -256.0, "levelHeight": 540.0, "song": "event:\/music\/w2\/saloon" } }