{ "editorVersion": 5.0, "instances": [ ], "tile_data": { }, "backgrounds": { "5": { "x": 12.0, "scroll_x": 0.65000000000000002220446049250313, "tile_y": 0.0, "hspeed": -20.25, "panic_sprite": -1.0, "scroll_y": 0.0, "y": -2.0, "sprite": "bg_desertcloudH", "tile_x": 1.0, "vspeed": 0.0, "image_speed": 0.0 }, "6": { "x": 3.0, "scroll_x": 0.69999999999999995559107901499374, "tile_y": 1.0, "hspeed": -20.0, "panic_sprite": -1.0, "scroll_y": 0.0, "y": 10.0, "sprite": "bg_tnsp", "tile_x": 1.0, "vspeed": 0.0, "image_speed": 0.0 } }, "properties": { "songTransitionTime": 100.0, "roomX": -512.0, "levelWidth": 960.0, "roomY": -256.0, "levelHeight": 540.0, "song": "the non stop pizza" } }