{ "editorVersion": 5.0, "instances": [ { "layer": 0.0, "deleted": 0.0, "variables": { "x": -192.0, "y": 96.0, "image_xscale": 4.0, "image_yscale": 2.0, "flipX": 0.0, "flipY": 0.0 }, "object": 517.0 }, { "layer": 0.0, "deleted": 0.0, "variables": { "x": -576.0, "y": 96.0, "image_xscale": 4.0, "image_yscale": 2.0, "flipX": 0.0, "flipY": 0.0 }, "object": 517.0 }, { "layer": 0.0, "deleted": 0.0, "variables": { "x": -576.0, "y": 160.0, "image_xscale": 20.0, "image_yscale": 2.0, "flipX": 0.0, "flipY": 0.0 }, "object": 517.0 }, { "layer": 0.0, "deleted": 0.0, "variables": { "x": -576.0, "y": 416.0, "image_xscale": 6.0, "image_yscale": 2.0, "flipX": 0.0, "flipY": 0.0 }, "object": 517.0 }, { "layer": 0.0, "deleted": 0.0, "variables": { "x": -256.0, "y": 416.0, "image_xscale": 34.0, "image_yscale": 2.0, "flipX": 0.0, "flipY": 0.0 }, "object": 517.0 }, { "layer": 0.0, "deleted": 0.0, "variables": { "x": 64.0, "y": 352.0, "image_xscale": 14.0, "image_yscale": 2.0, "flipX": 0.0, "flipY": 0.0 }, "object": 517.0 }, { "layer": 0.0, "deleted": 0.0, "variables": { "x": 256.0, "y": -160.0, "image_xscale": 4.0, "image_yscale": 12.0, "flipX": 0.0, "flipY": 0.0 }, "object": 517.0 }, { "layer": 0.0, "deleted": 0.0, "variables": { "x": -448.0, "y": -96.0, "image_xscale": 22.0, "image_yscale": 2.0, "flipX": 0.0, "flipY": 0.0 }, "object": 517.0 }, { "layer": 0.0, "deleted": 0.0, "variables": { "x": -640.0, "y": -320.0, "image_xscale": 2.0, "image_yscale": 25.0, "flipX": 0.0, "flipY": 0.0 }, "object": 517.0 }, { "layer": 0.0, "deleted": 0.0, "variables": { "x": -576.0, "y": -320.0, "image_xscale": 44.0, "image_yscale": 2.0, "flipX": 0.0, "flipY": 0.0 }, "object": 517.0 }, { "layer": 0.0, "deleted": 0.0, "variables": { "x": -384.0, "y": 416.0, "image_xscale": 4.0, "image_yscale": 1.0, "flipX": 0.0, "flipY": 0.0 }, "object": 722.0 }, { "layer": 0.0, "deleted": 0.0, "variables": { "x": -256.0, "y": 96.0, "image_xscale": 2.0, "image_yscale": 2.0, "flipX": 0.0, "flipY": 0.0 }, "object": 516.0 }, { "layer": 0.0, "deleted": 0.0, "variables": { "x": -64.0, "y": 96.0, "image_xscale": 2.0, "image_yscale": 2.0, "flipX": 1.0, "flipY": 0.0 }, "object": 516.0 }, { "layer": 0.0, "deleted": 0.0, "variables": { "x": -448.0, "y": 96.0, "image_xscale": 2.0, "image_yscale": 2.0, "flipX": 1.0, "flipY": 0.0 }, "object": 516.0 }, { "layer": 0.0, "deleted": 0.0, "variables": { "x": 0.0, "y": 352.0, "image_xscale": 2.0, "image_yscale": 2.0, "flipX": 0.0, "flipY": 0.0 }, "object": 516.0 }, { "layer": 0.0, "deleted": 0.0, "variables": { "x": -544.0, "y": 320.0, "targetRoom": "room3", "image_xscale": 1.0, "image_yscale": 1.0, "flipX": 0.0, "flipY": 0.0 }, "object": 795.0 }, { "layer": 0.0, "deleted": 0.0, "variables": { "x": -512.0, "flipX": 0.0, "y": 384.0, "flipY": 0.0 }, "object": 804.0 }, { "layer": 0.0, "deleted": 0.0, "variables": { "x": -300.0, "flipX": 1.0, "y": 113.0, "flipY": 0.0 }, "object": 160.0 }, { "layer": 0.0, "deleted": 0.0, "variables": { "x": -124.0, "flipX": 0.0, "y": 368.0, "flipY": 0.0 }, "object": 160.0 }, { "layer": 0.0, "deleted": 0.0, "variables": { "x": -352.0, "flipX": 0.0, "y": 0.0, "flipY": 0.0 }, "object": 752.0 }, { "layer": 0.0, "deleted": 0.0, "variables": { "x": -320.0, "flipX": 0.0, "y": 0.0, "flipY": 0.0 }, "object": 752.0 }, { "layer": 0.0, "deleted": 0.0, "variables": { "x": -160.0, "flipX": 0.0, "y": 256.0, "flipY": 0.0 }, "object": 752.0 }, { "layer": 0.0, "deleted": 0.0, "variables": { "x": -128.0, "flipX": 0.0, "y": 256.0, "flipY": 0.0 }, "object": 752.0 }, { "layer": 0.0, "deleted": 0.0, "variables": { "x": -576.0, "flipX": 0.0, "y": 0.0, "flipY": 0.0 }, "object": 752.0 }, { "layer": 0.0, "deleted": 0.0, "variables": { "x": -576.0, "flipX": 0.0, "y": -64.0, "flipY": 0.0 }, "object": 752.0 }, { "layer": 0.0, "deleted": 0.0, "variables": { "x": -576.0, "flipX": 0.0, "y": -128.0, "flipY": 0.0 }, "object": 752.0 }, { "layer": 0.0, "deleted": 0.0, "variables": { "x": -448.0, "y": -160.0, "image_xscale": 2.0, "image_yscale": 2.0, "flipX": 0.0, "flipY": 0.0 }, "object": 516.0 }, { "layer": 0.0, "deleted": 0.0, "variables": { "x": -256.0, "y": -160.0, "image_xscale": 2.0, "image_yscale": 2.0, "flipX": 1.0, "flipY": 0.0 }, "object": 516.0 }, { "layer": 0.0, "deleted": 0.0, "variables": { "x": -384.0, "y": -160.0, "image_xscale": 4.0, "image_yscale": 2.0, "flipX": 1.0, "flipY": 0.0 }, "object": 517.0 }, { "layer": 0.0, "deleted": 0.0, "variables": { "x": 256.0, "y": 224.0, "image_xscale": 2.0, "image_yscale": 2.0, "flipX": 0.0, "flipY": 0.0 }, "object": 517.0 }, { "layer": 0.0, "deleted": 0.0, "variables": { "x": 384.0, "y": 160.0, "image_xscale": 10.0, "image_yscale": 2.0, "flipX": 0.0, "flipY": 0.0 }, "object": 517.0 }, { "layer": 0.0, "deleted": 0.0, "variables": { "x": 448.0, "y": -256.0, "image_xscale": 4.0, "image_yscale": 9.0, "flipX": 0.0, "flipY": 0.0 }, "object": 517.0 }, { "layer": 0.0, "deleted": 0.0, "variables": { "x": 832.0, "y": -320.0, "image_xscale": 2.0, "image_yscale": 25.0, "flipX": 0.0, "flipY": 0.0 }, "object": 517.0 }, { "layer": 0.0, "deleted": 0.0, "variables": { "x": 512.0, "y": 352.0, "image_xscale": 2.0, "image_yscale": 2.0, "flipX": 1.0, "flipY": 0.0 }, "object": 516.0 }, { "layer": 0.0, "deleted": 0.0, "variables": { "x": 256.0, "flipX": 0.0, "y": 288.0, "flipY": 0.0 }, "object": 732.0 }, { "layer": 0.0, "deleted": 0.0, "variables": { "x": 416.0, "flipX": 0.0, "content": "obj_pizzakincheese", "flipY": 0.0, "y": 320.0 }, "object": 751.0 }, { "layer": 0.0, "deleted": 0.0, "variables": { "x": -90.0, "flipX": 0.0, "y": -144.0, "flipY": 0.0 }, "object": 160.0 }, { "layer": 0.0, "deleted": 0.0, "variables": { "x": 192.0, "y": -160.0, "image_xscale": 2.0, "image_yscale": 2.0, "flipX": 0.0, "flipY": 0.0 }, "object": 516.0 }, { "layer": 0.0, "deleted": 0.0, "variables": { "x": 608.0, "flipX": 1.0, "y": 256.0, "flipY": 0.0 }, "object": 752.0 }, { "layer": 0.0, "deleted": 0.0, "variables": { "x": 640.0, "flipX": 1.0, "y": 256.0, "flipY": 0.0 }, "object": 752.0 }, { "layer": 0.0, "deleted": 0.0, "variables": { "x": 384.0, "y": -64.0, "image_xscale": 1.0, "image_yscale": 1.0, "flipX": 0.0, "flipY": 0.0 }, "object": 729.0 }, { "layer": 0.0, "deleted": 0.0, "variables": { "x": 384.0, "y": -96.0, "image_xscale": 1.0, "image_yscale": 1.0, "flipX": 0.0, "flipY": 0.0 }, "object": 729.0 }, { "layer": 0.0, "deleted": 0.0, "variables": { "x": 416.0, "y": -96.0, "image_xscale": 1.0, "image_yscale": 1.0, "flipX": 0.0, "flipY": 0.0 }, "object": 729.0 }, { "layer": 0.0, "deleted": 0.0, "variables": { "x": 416.0, "y": -64.0, "image_xscale": 1.0, "image_yscale": 1.0, "flipX": 0.0, "flipY": 0.0 }, "object": 729.0 }, { "layer": 0.0, "deleted": 0.0, "variables": { "x": 384.0, "y": -32.0, "image_xscale": 1.0, "image_yscale": 1.0, "flipX": 0.0, "flipY": 0.0 }, "object": 735.0 }, { "layer": 0.0, "deleted": 0.0, "variables": { "x": 576.0, "flipX": 0.0, "y": 113.5, "flipY": 0.0 }, "object": 646.0 }, { "layer": 0.0, "deleted": 0.0, "variables": { "x": -96.0, "flipX": 0.0, "y": -256.0, "flipY": 0.0 }, "object": 752.0 }, { "layer": 0.0, "deleted": 0.0, "variables": { "x": -128.0, "flipX": 0.0, "y": -256.0, "flipY": 0.0 }, "object": 752.0 }, { "layer": 0.0, "deleted": 0.0, "variables": { "x": 657.0, "flipX": 1.0, "y": 370.0, "flipY": 0.0 }, "object": 160.0 }, { "layer": 0.0, "deleted": 0.0, "variables": { "x": 800.0, "flipX": 0.0, "y": -224.0, "flipY": 0.0 }, "object": 763.0 } ], "tile_data": { "5": { "-352_160": { "autotile": 1.0, "autotile_index": 0.0, "tileset": "spr_pinballwooden", "coord": [ 2.0, 0.0 ] }, "832_64": { "autotile": 1.0, "autotile_index": 0.0, "tileset": "spr_pinballwooden", "coord": [ 1.0, 2.0 ] }, "160_384": { "coord": [ 3.0, 1.0 ], "autotile_index": 0.0, "tileset": "spr_pinballwooden", "autotile": 1.0 }, "512_448": { "coord": [ 2.0, 4.0 ], "autotile_index": 0.0, "tileset": "spr_pinballwooden", "autotile": 1.0 }, "-480_448": { "autotile": 1.0, "autotile_index": 0.0, "tileset": "spr_pinballwooden", "coord": [ 3.0, 4.0 ] }, "832_288": { "autotile": 1.0, "autotile_index": 0.0, "tileset": "spr_pinballwooden", "coord": [ 1.0, 3.0 ] }, "416_-320": { "autotile": 1.0, "autotile_index": 0.0, "tileset": "spr_pinballwooden", "coord": [ 2.0, 0.0 ] }, "832_128": { "autotile": 1.0, "autotile_index": 0.0, "tileset": "spr_pinballwooden", "coord": [ 1.0, 1.0 ] }, "-608_96": { "coord": [ 1.0, 7.0 ], "autotile_index": 0.0, "tileset": "spr_pinballwooden", "autotile": 1.0 }, "480_448": { "coord": [ 2.0, 4.0 ], "autotile_index": 0.0, "tileset": "spr_pinballwooden", "autotile": 1.0 }, "-256_448": { "autotile": 1.0, "autotile_index": 0.0, "tileset": "spr_pinballwooden", "coord": [ 1.0, 4.0 ] }, "192_416": { "coord": [ 3.0, 3.0 ], "autotile_index": 0.0, "tileset": "spr_pinballwooden", "autotile": 1.0 }, "-32_448": { "autotile": 1.0, "autotile_index": 0.0, "tileset": "spr_pinballwooden", "coord": [ 4.0, 4.0 ] }, "32_160": { "coord": [ 5.0, 0.0 ], "autotile_index": 0.0, "tileset": "spr_pinballwooden", "autotile": 1.0 }, "704_448": { "autotile": 1.0, "autotile_index": 0.0, "tileset": "spr_pinballwooden", "coord": [ 2.0, 4.0 ] }, "480_-192": { "autotile": 1.0, "autotile_index": 0.0, "tileset": "spr_pinballwooden", "coord": [ 2.0, 2.0 ] }, "256_416": { "coord": [ 3.0, 3.0 ], "autotile_index": 0.0, "tileset": "spr_pinballwooden", "autotile": 1.0 }, "320_192": { "autotile": 1.0, "autotile_index": 0.0, "tileset": "spr_pinballwooden", "coord": [ 4.0, 4.0 ] }, "864_-256": { "autotile": 1.0, "autotile_index": 0.0, "tileset": "spr_pinballwooden", "coord": [ 5.0, 3.0 ] }, "192_-288": { "coord": [ 4.0, 4.0 ], "autotile_index": 0.0, "tileset": "spr_pinballwooden", "autotile": 1.0 }, "-352_416": { "autotile": 0.0, "autotile_index": 0.0, "tileset": "spr_pinballwooden", "coord": [ 7.0, 0.0 ] }, "-640_288": { "autotile": 1.0, "autotile_index": 0.0, "tileset": "spr_pinballwooden", "coord": [ 1.0, 3.0 ] }, "288_352": { "autotile": 1.0, "autotile_index": 0.0, "tileset": "spr_pinballwooden", "coord": [ 4.0, 0.0 ] }, "-576_416": { "autotile": 1.0, "autotile_index": 0.0, "tileset": "spr_pinballwooden", "coord": [ 4.0, 0.0 ] }, "448_416": { "coord": [ 3.0, 3.0 ], "autotile_index": 0.0, "tileset": "spr_pinballwooden", "autotile": 1.0 }, "544_-288": { "autotile": 1.0, "autotile_index": 0.0, "tileset": "spr_pinballwooden", "coord": [ 1.0, 5.0 ] }, "864_448": { "autotile": 1.0, "autotile_index": 0.0, "tileset": "spr_pinballwooden", "coord": [ 5.0, 4.0 ] }, "544_-160": { "autotile": 1.0, "autotile_index": 0.0, "tileset": "spr_pinballwooden", "coord": [ 5.0, 1.0 ] }, "480_-96": { "autotile": 1.0, "autotile_index": 0.0, "tileset": "spr_pinballwooden", "coord": [ 2.0, 2.0 ] }, "-480_-320": { "coord": [ 4.0, 0.0 ], "autotile_index": 0.0, "tileset": "spr_pinballwooden", "autotile": 1.0 }, "448_448": { "coord": [ 3.0, 4.0 ], "autotile_index": 0.0, "tileset": "spr_pinballwooden", "autotile": 1.0 }, "96_448": { "coord": [ 2.0, 4.0 ], "autotile_index": 0.0, "tileset": "spr_pinballwooden", "autotile": 1.0 }, "256_384": { "autotile": 1.0, "autotile_index": 0.0, "tileset": "spr_pinballwooden", "coord": [ 3.0, 1.0 ] }, "-256_-160": { "coord": [ 8.0, 3.0 ], "autotile_index": 0.0, "tileset": "spr_pinballwooden", "autotile": 0.0 }, "-640_-288": { "coord": [ 1.0, 3.0 ], "autotile_index": 0.0, "tileset": "spr_pinballwooden", "autotile": 1.0 }, "416_160": { "autotile": 1.0, "autotile_index": 0.0, "tileset": "spr_pinballwooden", "coord": [ 4.0, 0.0 ] }, "-192_192": { "autotile": 1.0, "autotile_index": 0.0, "tileset": "spr_pinballwooden", "coord": [ 3.0, 4.0 ] }, "-96_-96": { "coord": [ 2.0, 0.0 ], "autotile_index": 0.0, "tileset": "spr_pinballwooden", "autotile": 1.0 }, "512_-256": { "autotile": 1.0, "autotile_index": 0.0, "tileset": "spr_pinballwooden", "coord": [ 4.0, 2.0 ] }, "512_192": { "autotile": 1.0, "autotile_index": 0.0, "tileset": "spr_pinballwooden", "coord": [ 3.0, 4.0 ] }, "-224_160": { "autotile": 0.0, "autotile_index": 0.0, "tileset": "spr_pinballwooden", "coord": [ 3.0, 2.0 ] }, "832_-160": { "autotile": 1.0, "autotile_index": 0.0, "tileset": "spr_pinballwooden", "coord": [ 1.0, 2.0 ] }, "480_-64": { "autotile": 1.0, "autotile_index": 0.0, "tileset": "spr_pinballwooden", "coord": [ 2.0, 2.0 ] }, "96_-320": { "coord": [ 4.0, 0.0 ], "autotile_index": 0.0, "tileset": "spr_pinballwooden", "autotile": 1.0 }, "192_-128": { "coord": [ 6.0, 3.0 ], "autotile_index": 0.0, "tileset": "spr_pinballwooden", "autotile": 0.0 }, "-192_-288": { "coord": [ 4.0, 4.0 ], "autotile_index": 0.0, "tileset": "spr_pinballwooden", "autotile": 1.0 }, "640_-320": { "autotile": 1.0, "autotile_index": 0.0, "tileset": "spr_pinballwooden", "coord": [ 3.0, 0.0 ] }, "-288_-288": { "coord": [ 3.0, 4.0 ], "autotile_index": 0.0, "tileset": "spr_pinballwooden", "autotile": 1.0 }, "-352_192": { "autotile": 1.0, "autotile_index": 0.0, "tileset": "spr_pinballwooden", "coord": [ 4.0, 4.0 ] }, "576_192": { "autotile": 1.0, "autotile_index": 0.0, "tileset": "spr_pinballwooden", "coord": [ 2.0, 4.0 ] }, "224_-128": { "coord": [ 6.0, 4.0 ], "autotile_index": 0.0, "tileset": "spr_pinballwooden", "autotile": 0.0 }, "-640_32": { "coord": [ 1.0, 1.0 ], "autotile_index": 0.0, "tileset": "spr_pinballwooden", "autotile": 1.0 }, "160_352": { "coord": [ 2.0, 0.0 ], "autotile_index": 0.0, "tileset": "spr_pinballwooden", "autotile": 1.0 }, "-608_448": { "autotile": 1.0, "autotile_index": 0.0, "tileset": "spr_pinballwooden", "coord": [ 3.0, 4.0 ] }, "-32_160": { "autotile": 0.0, "autotile_index": 0.0, "tileset": "spr_pinballwooden", "coord": [ 8.0, 4.0 ] }, "-64_-288": { "coord": [ 2.0, 4.0 ], "autotile_index": 0.0, "tileset": "spr_pinballwooden", "autotile": 1.0 }, "-640_224": { "autotile": 1.0, "autotile_index": 0.0, "tileset": "spr_pinballwooden", "coord": [ 1.0, 3.0 ] }, "320_128": { "autotile": 1.0, "autotile_index": 0.0, "tileset": "spr_pinballwooden", "coord": [ 4.0, 2.0 ] }, "320_-128": { "coord": [ 4.0, 1.0 ], "autotile_index": 0.0, "tileset": "spr_pinballwooden", "autotile": 1.0 }, "-544_160": { "autotile": 1.0, "autotile_index": 0.0, "tileset": "spr_pinballwooden", "coord": [ 3.0, 3.0 ] }, "-320_-96": { "coord": [ 3.0, 3.0 ], "autotile_index": 0.0, "tileset": "spr_pinballwooden", "autotile": 1.0 }, "224_-160": { "coord": [ 6.0, 3.0 ], "autotile_index": 0.0, "tileset": "spr_pinballwooden", "autotile": 0.0 }, "-64_416": { "autotile": 1.0, "autotile_index": 0.0, "tileset": "spr_pinballwooden", "coord": [ 2.0, 0.0 ] }, "864_32": { "autotile": 1.0, "autotile_index": 0.0, "tileset": "spr_pinballwooden", "coord": [ 5.0, 1.0 ] }, "-96_-64": { "coord": [ 2.0, 4.0 ], "autotile_index": 0.0, "tileset": "spr_pinballwooden", "autotile": 1.0 }, "864_224": { "autotile": 1.0, "autotile_index": 0.0, "tileset": "spr_pinballwooden", "coord": [ 5.0, 2.0 ] }, "-384_-128": { "coord": [ 2.0, 1.0 ], "autotile_index": 0.0, "tileset": "spr_pinballwooden", "autotile": 1.0 }, "288_64": { "autotile": 1.0, "autotile_index": 0.0, "tileset": "spr_pinballwooden", "coord": [ 2.0, 2.0 ] }, "832_-288": { "autotile": 1.0, "autotile_index": 0.0, "tileset": "spr_pinballwooden", "coord": [ 3.0, 5.0 ] }, "96_384": { "coord": [ 3.0, 1.0 ], "autotile_index": 0.0, "tileset": "spr_pinballwooden", "autotile": 1.0 }, "-448_-320": { "coord": [ 3.0, 0.0 ], "autotile_index": 0.0, "tileset": "spr_pinballwooden", "autotile": 1.0 }, "-192_-64": { "coord": [ 2.0, 4.0 ], "autotile_index": 0.0, "tileset": "spr_pinballwooden", "autotile": 1.0 }, "-544_128": { "autotile": 1.0, "autotile_index": 0.0, "tileset": "spr_pinballwooden", "coord": [ 3.0, 1.0 ] }, "512_416": { "coord": [ 3.0, 2.0 ], "autotile_index": 0.0, "tileset": "spr_pinballwooden", "autotile": 1.0 }, "512_-128": { "autotile": 1.0, "autotile_index": 0.0, "tileset": "spr_pinballwooden", "coord": [ 4.0, 2.0 ] }, "-448_-96": { "coord": [ 1.0, 3.0 ], "autotile_index": 0.0, "tileset": "spr_pinballwooden", "autotile": 1.0 }, "-160_448": { "autotile": 1.0, "autotile_index": 0.0, "tileset": "spr_pinballwooden", "coord": [ 2.0, 4.0 ] }, "448_0": { "autotile": 1.0, "autotile_index": 0.0, "tileset": "spr_pinballwooden", "coord": [ 1.0, 4.0 ] }, "352_160": { "autotile": 1.0, "autotile_index": 0.0, "tileset": "spr_pinballwooden", "coord": [ 1.0, 7.0 ] }, "-416_192": { "autotile": 1.0, "autotile_index": 0.0, "tileset": "spr_pinballwooden", "coord": [ 4.0, 4.0 ] }, "288_-320": { "coord": [ 2.0, 0.0 ], "autotile_index": 0.0, "tileset": "spr_pinballwooden", "autotile": 1.0 }, "160_448": { "coord": [ 4.0, 4.0 ], "autotile_index": 0.0, "tileset": "spr_pinballwooden", "autotile": 1.0 }, "192_352": { "autotile": 1.0, "autotile_index": 0.0, "tileset": "spr_pinballwooden", "coord": [ 3.0, 0.0 ] }, "-512_448": { "autotile": 1.0, "autotile_index": 0.0, "tileset": "spr_pinballwooden", "coord": [ 2.0, 4.0 ] }, "832_320": { "autotile": 1.0, "autotile_index": 0.0, "tileset": "spr_pinballwooden", "coord": [ 1.0, 2.0 ] }, "448_-320": { "autotile": 1.0, "autotile_index": 0.0, "tileset": "spr_pinballwooden", "coord": [ 3.0, 0.0 ] }, "128_416": { "coord": [ 3.0, 3.0 ], "autotile_index": 0.0, "tileset": "spr_pinballwooden", "autotile": 1.0 }, "-512_192": { "autotile": 1.0, "autotile_index": 0.0, "tileset": "spr_pinballwooden", "coord": [ 2.0, 4.0 ] }, "-640_96": { "coord": [ 1.0, 3.0 ], "autotile_index": 0.0, "tileset": "spr_pinballwooden", "autotile": 1.0 }, "-256_416": { "autotile": 1.0, "autotile_index": 0.0, "tileset": "spr_pinballwooden", "coord": [ 1.0, 0.0 ] }, "32_-64": { "coord": [ 3.0, 4.0 ], "autotile_index": 0.0, "tileset": "spr_pinballwooden", "autotile": 1.0 }, "-128_160": { "autotile": 0.0, "autotile_index": 0.0, "tileset": "spr_pinballwooden", "coord": [ 3.0, 3.0 ] }, "320_-320": { "coord": [ 2.0, 0.0 ], "autotile_index": 0.0, "tileset": "spr_pinballwooden", "autotile": 1.0 }, "-608_-320": { "coord": [ 4.0, 0.0 ], "autotile_index": 0.0, "tileset": "spr_pinballwooden", "autotile": 1.0 }, "-640_-320": { "coord": [ 1.0, 0.0 ], "autotile_index": 0.0, "tileset": "spr_pinballwooden", "autotile": 1.0 }, "448_-224": { "autotile": 1.0, "autotile_index": 0.0, "tileset": "spr_pinballwooden", "coord": [ 1.0, 2.0 ] }, "288_192": { "autotile": 1.0, "autotile_index": 0.0, "tileset": "spr_pinballwooden", "coord": [ 1.0, 5.0 ] }, "512_352": { "coord": [ 8.0, 3.0 ], "autotile_index": 0.0, "tileset": "spr_pinballwooden", "autotile": 0.0 }, "-608_160": { "coord": [ 2.0, 3.0 ], "autotile_index": 0.0, "tileset": "spr_pinballwooden", "autotile": 1.0 }, "-128_448": { "autotile": 1.0, "autotile_index": 0.0, "tileset": "spr_pinballwooden", "coord": [ 4.0, 4.0 ] }, "864_-224": { "autotile": 1.0, "autotile_index": 0.0, "tileset": "spr_pinballwooden", "coord": [ 5.0, 1.0 ] }, "160_-288": { "coord": [ 4.0, 4.0 ], "autotile_index": 0.0, "tileset": "spr_pinballwooden", "autotile": 1.0 }, "-384_416": { "autotile": 0.0, "autotile_index": 0.0, "tileset": "spr_pinballwooden", "coord": [ 7.0, 0.0 ] }, "512_384": { "coord": [ 8.0, 4.0 ], "autotile_index": 0.0, "tileset": "spr_pinballwooden", "autotile": 0.0 }, "0_416": { "autotile": 0.0, "autotile_index": 0.0, "tileset": "spr_pinballwooden", "coord": [ 6.0, 4.0 ] }, "256_-32": { "coord": [ 1.0, 2.0 ], "autotile_index": 0.0, "tileset": "spr_pinballwooden", "autotile": 1.0 }, "-160_96": { "autotile": 0.0, "autotile_index": 0.0, "tileset": "spr_pinballwooden", "coord": [ 4.0, 0.0 ] }, "576_-288": { "autotile": 1.0, "autotile_index": 0.0, "tileset": "spr_pinballwooden", "coord": [ 2.0, 4.0 ] }, "-512_-320": { "coord": [ 4.0, 0.0 ], "autotile_index": 0.0, "tileset": "spr_pinballwooden", "autotile": 1.0 }, "480_384": { "coord": [ 4.0, 1.0 ], "autotile_index": 0.0, "tileset": "spr_pinballwooden", "autotile": 1.0 }, "-608_320": { "autotile": 1.0, "autotile_index": 0.0, "tileset": "spr_pinballwooden", "coord": [ 5.0, 1.0 ] }, "-288_-128": { "coord": [ 4.0, 1.0 ], "autotile_index": 0.0, "tileset": "spr_pinballwooden", "autotile": 1.0 }, "32_448": { "coord": [ 4.0, 4.0 ], "autotile_index": 0.0, "tileset": "spr_pinballwooden", "autotile": 1.0 }, "-32_-288": { "coord": [ 4.0, 4.0 ], "autotile_index": 0.0, "tileset": "spr_pinballwooden", "autotile": 1.0 }, "256_352": { "autotile": 1.0, "autotile_index": 0.0, "tileset": "spr_pinballwooden", "coord": [ 2.0, 0.0 ] }, "-160_-96": { "coord": [ 2.0, 0.0 ], "autotile_index": 0.0, "tileset": "spr_pinballwooden", "autotile": 1.0 }, "544_-256": { "autotile": 1.0, "autotile_index": 0.0, "tileset": "spr_pinballwooden", "coord": [ 5.0, 3.0 ] }, "256_-64": { "coord": [ 3.0, 5.0 ], "autotile_index": 0.0, "tileset": "spr_pinballwooden", "autotile": 1.0 }, "192_-96": { "coord": [ 6.0, 4.0 ], "autotile_index": 0.0, "tileset": "spr_pinballwooden", "autotile": 0.0 }, "832_-128": { "autotile": 1.0, "autotile_index": 0.0, "tileset": "spr_pinballwooden", "coord": [ 1.0, 3.0 ] }, "64_-320": { "coord": [ 3.0, 0.0 ], "autotile_index": 0.0, "tileset": "spr_pinballwooden", "autotile": 1.0 }, "160_-96": { "coord": [ 4.0, 0.0 ], "autotile_index": 0.0, "tileset": "spr_pinballwooden", "autotile": 1.0 }, "64_-64": { "coord": [ 2.0, 4.0 ], "autotile_index": 0.0, "tileset": "spr_pinballwooden", "autotile": 1.0 }, "-224_-320": { "coord": [ 3.0, 0.0 ], "autotile_index": 0.0, "tileset": "spr_pinballwooden", "autotile": 1.0 }, "480_-32": { "autotile": 1.0, "autotile_index": 0.0, "tileset": "spr_pinballwooden", "coord": [ 2.0, 3.0 ] }, "672_-320": { "autotile": 1.0, "autotile_index": 0.0, "tileset": "spr_pinballwooden", "coord": [ 2.0, 0.0 ] }, "-640_-64": { "coord": [ 1.0, 2.0 ], "autotile_index": 0.0, "tileset": "spr_pinballwooden", "autotile": 1.0 }, "-352_-288": { "coord": [ 3.0, 4.0 ], "autotile_index": 0.0, "tileset": "spr_pinballwooden", "autotile": 1.0 }, "-416_160": { "autotile": 0.0, "autotile_index": 0.0, "tileset": "spr_pinballwooden", "coord": [ 8.0, 4.0 ] }, "832_-64": { "autotile": 1.0, "autotile_index": 0.0, "tileset": "spr_pinballwooden", "coord": [ 1.0, 2.0 ] }, "-640_448": { "autotile": 1.0, "autotile_index": 0.0, "tileset": "spr_pinballwooden", "coord": [ 1.0, 4.0 ] }, "-608_384": { "autotile": 1.0, "autotile_index": 0.0, "tileset": "spr_pinballwooden", "coord": [ 5.0, 2.0 ] }, "288_-128": { "coord": [ 3.0, 1.0 ], "autotile_index": 0.0, "tileset": "spr_pinballwooden", "autotile": 1.0 }, "-64_160": { "autotile": 0.0, "autotile_index": 0.0, "tileset": "spr_pinballwooden", "coord": [ 3.0, 2.0 ] }, "-96_-320": { "coord": [ 4.0, 0.0 ], "autotile_index": 0.0, "tileset": "spr_pinballwooden", "autotile": 1.0 }, "320_0": { "coord": [ 4.0, 2.0 ], "autotile_index": 0.0, "tileset": "spr_pinballwooden", "autotile": 1.0 }, "352_128": { "autotile": 1.0, "autotile_index": 0.0, "tileset": "spr_pinballwooden", "coord": [ 5.0, 3.0 ] }, "-320_416": { "autotile": 0.0, "autotile_index": 0.0, "tileset": "spr_pinballwooden", "coord": [ 7.0, 0.0 ] }, "704_416": { "autotile": 1.0, "autotile_index": 0.0, "tileset": "spr_pinballwooden", "coord": [ 2.0, 0.0 ] }, "-352_-96": { "coord": [ 3.0, 3.0 ], "autotile_index": 0.0, "tileset": "spr_pinballwooden", "autotile": 1.0 }, "384_448": { "coord": [ 3.0, 4.0 ], "autotile_index": 0.0, "tileset": "spr_pinballwooden", "autotile": 1.0 }, "704_-320": { "autotile": 1.0, "autotile_index": 0.0, "tileset": "spr_pinballwooden", "coord": [ 3.0, 0.0 ] }, "448_-96": { "autotile": 1.0, "autotile_index": 0.0, "tileset": "spr_pinballwooden", "coord": [ 1.0, 3.0 ] }, "864_96": { "autotile": 1.0, "autotile_index": 0.0, "tileset": "spr_pinballwooden", "coord": [ 5.0, 3.0 ] }, "544_-96": { "autotile": 1.0, "autotile_index": 0.0, "tileset": "spr_pinballwooden", "coord": [ 5.0, 1.0 ] }, "-448_192": { "autotile": 1.0, "autotile_index": 0.0, "tileset": "spr_pinballwooden", "coord": [ 4.0, 4.0 ] }, "-64_-64": { "coord": [ 3.0, 4.0 ], "autotile_index": 0.0, "tileset": "spr_pinballwooden", "autotile": 1.0 }, "480_352": { "coord": [ 2.0, 0.0 ], "autotile_index": 0.0, "tileset": "spr_pinballwooden", "autotile": 1.0 }, "864_256": { "autotile": 1.0, "autotile_index": 0.0, "tileset": "spr_pinballwooden", "coord": [ 5.0, 3.0 ] }, "-384_-160": { "coord": [ 2.0, 0.0 ], "autotile_index": 0.0, "tileset": "spr_pinballwooden", "autotile": 1.0 }, "96_416": { "coord": [ 3.0, 3.0 ], "autotile_index": 0.0, "tileset": "spr_pinballwooden", "autotile": 1.0 }, "384_-288": { "autotile": 1.0, "autotile_index": 0.0, "tileset": "spr_pinballwooden", "coord": [ 3.0, 4.0 ] }, "-64_128": { "autotile": 0.0, "autotile_index": 0.0, "tileset": "spr_pinballwooden", "coord": [ 8.0, 4.0 ] }, "352_384": { "autotile": 1.0, "autotile_index": 0.0, "tileset": "spr_pinballwooden", "coord": [ 3.0, 1.0 ] }, "544_0": { "autotile": 1.0, "autotile_index": 0.0, "tileset": "spr_pinballwooden", "coord": [ 5.0, 4.0 ] }, "-224_128": { "autotile": 0.0, "autotile_index": 0.0, "tileset": "spr_pinballwooden", "coord": [ 6.0, 4.0 ] }, "864_160": { "autotile": 1.0, "autotile_index": 0.0, "tileset": "spr_pinballwooden", "coord": [ 5.0, 3.0 ] }, "832_448": { "autotile": 1.0, "autotile_index": 0.0, "tileset": "spr_pinballwooden", "coord": [ 3.0, 4.0 ] }, "-576_128": { "autotile": 1.0, "autotile_index": 0.0, "tileset": "spr_pinballwooden", "coord": [ 3.0, 1.0 ] }, "608_160": { "autotile": 1.0, "autotile_index": 0.0, "tileset": "spr_pinballwooden", "coord": [ 3.0, 0.0 ] }, "-608_-64": { "coord": [ 5.0, 2.0 ], "autotile_index": 0.0, "tileset": "spr_pinballwooden", "autotile": 1.0 }, "-288_-320": { "coord": [ 2.0, 0.0 ], "autotile_index": 0.0, "tileset": "spr_pinballwooden", "autotile": 1.0 }, "448_-128": { "autotile": 1.0, "autotile_index": 0.0, "tileset": "spr_pinballwooden", "coord": [ 1.0, 3.0 ] }, "-640_-96": { "coord": [ 1.0, 1.0 ], "autotile_index": 0.0, "tileset": "spr_pinballwooden", "autotile": 1.0 }, "256_-320": { "coord": [ 4.0, 0.0 ], "autotile_index": 0.0, "tileset": "spr_pinballwooden", "autotile": 1.0 }, "832_352": { "autotile": 1.0, "autotile_index": 0.0, "tileset": "spr_pinballwooden", "coord": [ 1.0, 3.0 ] }, "-448_160": { "autotile": 1.0, "autotile_index": 0.0, "tileset": "spr_pinballwooden", "coord": [ 3.0, 2.0 ] }, "-544_448": { "autotile": 1.0, "autotile_index": 0.0, "tileset": "spr_pinballwooden", "coord": [ 2.0, 4.0 ] }, "480_-320": { "autotile": 1.0, "autotile_index": 0.0, "tileset": "spr_pinballwooden", "coord": [ 4.0, 0.0 ] }, "-288_160": { "autotile": 1.0, "autotile_index": 0.0, "tileset": "spr_pinballwooden", "coord": [ 2.0, 0.0 ] }, "-608_-224": { "coord": [ 5.0, 1.0 ], "autotile_index": 0.0, "tileset": "spr_pinballwooden", "autotile": 1.0 }, "320_-288": { "coord": [ 3.0, 4.0 ], "autotile_index": 0.0, "tileset": "spr_pinballwooden", "autotile": 1.0 }, "-608_256": { "autotile": 1.0, "autotile_index": 0.0, "tileset": "spr_pinballwooden", "coord": [ 5.0, 2.0 ] }, "0_-96": { "coord": [ 2.0, 0.0 ], "autotile_index": 0.0, "tileset": "spr_pinballwooden", "autotile": 1.0 }, "480_-224": { "autotile": 1.0, "autotile_index": 0.0, "tileset": "spr_pinballwooden", "coord": [ 2.0, 2.0 ] }, "416_192": { "autotile": 1.0, "autotile_index": 0.0, "tileset": "spr_pinballwooden", "coord": [ 2.0, 4.0 ] }, "256_192": { "autotile": 1.0, "autotile_index": 0.0, "tileset": "spr_pinballwooden", "coord": [ 1.0, 2.0 ] }, "544_160": { "autotile": 1.0, "autotile_index": 0.0, "tileset": "spr_pinballwooden", "coord": [ 2.0, 0.0 ] }, "864_-192": { "autotile": 1.0, "autotile_index": 0.0, "tileset": "spr_pinballwooden", "coord": [ 5.0, 3.0 ] }, "128_-288": { "coord": [ 2.0, 4.0 ], "autotile_index": 0.0, "tileset": "spr_pinballwooden", "autotile": 1.0 }, "-448_448": { "autotile": 1.0, "autotile_index": 0.0, "tileset": "spr_pinballwooden", "coord": [ 3.0, 4.0 ] }, "736_448": { "autotile": 1.0, "autotile_index": 0.0, "tileset": "spr_pinballwooden", "coord": [ 3.0, 4.0 ] }, "-640_352": { "autotile": 1.0, "autotile_index": 0.0, "tileset": "spr_pinballwooden", "coord": [ 1.0, 2.0 ] }, "-608_-160": { "coord": [ 5.0, 2.0 ], "autotile_index": 0.0, "tileset": "spr_pinballwooden", "autotile": 1.0 }, "608_448": { "autotile": 1.0, "autotile_index": 0.0, "tileset": "spr_pinballwooden", "coord": [ 4.0, 4.0 ] }, "320_-32": { "coord": [ 4.0, 2.0 ], "autotile_index": 0.0, "tileset": "spr_pinballwooden", "autotile": 1.0 }, "-64_96": { "autotile": 0.0, "autotile_index": 0.0, "tileset": "spr_pinballwooden", "coord": [ 8.0, 3.0 ] }, "128_-96": { "coord": [ 2.0, 0.0 ], "autotile_index": 0.0, "tileset": "spr_pinballwooden", "autotile": 1.0 }, "608_-288": { "autotile": 1.0, "autotile_index": 0.0, "tileset": "spr_pinballwooden", "coord": [ 2.0, 4.0 ] }, "576_448": { "autotile": 1.0, "autotile_index": 0.0, "tileset": "spr_pinballwooden", "coord": [ 3.0, 4.0 ] }, "-544_-320": { "coord": [ 4.0, 0.0 ], "autotile_index": 0.0, "tileset": "spr_pinballwooden", "autotile": 1.0 }, "0_192": { "coord": [ 4.0, 4.0 ], "autotile_index": 0.0, "tileset": "spr_pinballwooden", "autotile": 1.0 }, "-320_-128": { "coord": [ 3.0, 1.0 ], "autotile_index": 0.0, "tileset": "spr_pinballwooden", "autotile": 1.0 }, "-320_160": { "autotile": 1.0, "autotile_index": 0.0, "tileset": "spr_pinballwooden", "coord": [ 3.0, 0.0 ] }, "-608_64": { "coord": [ 5.0, 1.0 ], "autotile_index": 0.0, "tileset": "spr_pinballwooden", "autotile": 1.0 }, "256_96": { "autotile": 1.0, "autotile_index": 0.0, "tileset": "spr_pinballwooden", "coord": [ 1.0, 3.0 ] }, "352_-160": { "coord": [ 5.0, 0.0 ], "autotile_index": 0.0, "tileset": "spr_pinballwooden", "autotile": 1.0 }, "800_416": { "autotile": 1.0, "autotile_index": 0.0, "tileset": "spr_pinballwooden", "coord": [ 2.0, 0.0 ] }, "-288_-64": { "coord": [ 3.0, 4.0 ], "autotile_index": 0.0, "tileset": "spr_pinballwooden", "autotile": 1.0 }, "-608_192": { "coord": [ 1.0, 5.0 ], "autotile_index": 0.0, "tileset": "spr_pinballwooden", "autotile": 1.0 }, "832_-96": { "autotile": 1.0, "autotile_index": 0.0, "tileset": "spr_pinballwooden", "coord": [ 1.0, 3.0 ] }, "96_-96": { "coord": [ 3.0, 0.0 ], "autotile_index": 0.0, "tileset": "spr_pinballwooden", "autotile": 1.0 }, "0_-320": { "coord": [ 4.0, 0.0 ], "autotile_index": 0.0, "tileset": "spr_pinballwooden", "autotile": 1.0 }, "256_0": { "coord": [ 1.0, 2.0 ], "autotile_index": 0.0, "tileset": "spr_pinballwooden", "autotile": 1.0 }, "-224_-288": { "coord": [ 2.0, 4.0 ], "autotile_index": 0.0, "tileset": "spr_pinballwooden", "autotile": 1.0 }, "-64_448": { "autotile": 1.0, "autotile_index": 0.0, "tileset": "spr_pinballwooden", "coord": [ 3.0, 4.0 ] }, "544_-32": { "autotile": 1.0, "autotile_index": 0.0, "tileset": "spr_pinballwooden", "coord": [ 5.0, 3.0 ] }, "736_-288": { "autotile": 1.0, "autotile_index": 0.0, "tileset": "spr_pinballwooden", "coord": [ 3.0, 4.0 ] }, "-416_-288": { "coord": [ 4.0, 4.0 ], "autotile_index": 0.0, "tileset": "spr_pinballwooden", "autotile": 1.0 }, "-480_96": { "autotile": 1.0, "autotile_index": 0.0, "tileset": "spr_pinballwooden", "coord": [ 4.0, 0.0 ] }, "864_-64": { "autotile": 1.0, "autotile_index": 0.0, "tileset": "spr_pinballwooden", "coord": [ 5.0, 1.0 ] }, "64_448": { "coord": [ 3.0, 4.0 ], "autotile_index": 0.0, "tileset": "spr_pinballwooden", "autotile": 1.0 }, "256_-96": { "coord": [ 2.0, 3.0 ], "autotile_index": 0.0, "tileset": "spr_pinballwooden", "autotile": 1.0 }, "-448_96": { "autotile": 0.0, "autotile_index": 0.0, "tileset": "spr_pinballwooden", "coord": [ 8.0, 3.0 ] }, "-96_160": { "autotile": 0.0, "autotile_index": 0.0, "tileset": "spr_pinballwooden", "coord": [ 4.0, 3.0 ] }, "256_256": { "autotile": 1.0, "autotile_index": 0.0, "tileset": "spr_pinballwooden", "coord": [ 1.0, 4.0 ] }, "-96_-288": { "coord": [ 3.0, 4.0 ], "autotile_index": 0.0, "tileset": "spr_pinballwooden", "autotile": 1.0 }, "224_416": { "coord": [ 3.0, 3.0 ], "autotile_index": 0.0, "tileset": "spr_pinballwooden", "autotile": 1.0 }, "320_32": { "autotile": 1.0, "autotile_index": 0.0, "tileset": "spr_pinballwooden", "coord": [ 4.0, 2.0 ] }, "-288_416": { "autotile": 0.0, "autotile_index": 0.0, "tileset": "spr_pinballwooden", "coord": [ 7.0, 0.0 ] }, "-320_-320": { "coord": [ 4.0, 0.0 ], "autotile_index": 0.0, "tileset": "spr_pinballwooden", "autotile": 1.0 }, "-384_-96": { "coord": [ 2.0, 3.0 ], "autotile_index": 0.0, "tileset": "spr_pinballwooden", "autotile": 1.0 }, "256_448": { "coord": [ 3.0, 4.0 ], "autotile_index": 0.0, "tileset": "spr_pinballwooden", "autotile": 1.0 }, "-128_128": { "autotile": 0.0, "autotile_index": 0.0, "tileset": "spr_pinballwooden", "coord": [ 3.0, 1.0 ] }, "-640_160": { "coord": [ 1.0, 1.0 ], "autotile_index": 0.0, "tileset": "spr_pinballwooden", "autotile": 1.0 }, "832_96": { "autotile": 1.0, "autotile_index": 0.0, "tileset": "spr_pinballwooden", "coord": [ 1.0, 3.0 ] }, "224_384": { "autotile": 1.0, "autotile_index": 0.0, "tileset": "spr_pinballwooden", "coord": [ 3.0, 1.0 ] }, "64_416": { "coord": [ 2.0, 3.0 ], "autotile_index": 0.0, "tileset": "spr_pinballwooden", "autotile": 1.0 }, "-32_-64": { "coord": [ 3.0, 4.0 ], "autotile_index": 0.0, "tileset": "spr_pinballwooden", "autotile": 1.0 }, "864_288": { "autotile": 1.0, "autotile_index": 0.0, "tileset": "spr_pinballwooden", "coord": [ 5.0, 2.0 ] }, "416_-288": { "autotile": 1.0, "autotile_index": 0.0, "tileset": "spr_pinballwooden", "coord": [ 3.0, 4.0 ] }, "64_384": { "coord": [ 2.0, 1.0 ], "autotile_index": 0.0, "tileset": "spr_pinballwooden", "autotile": 1.0 }, "-224_96": { "autotile": 0.0, "autotile_index": 0.0, "tileset": "spr_pinballwooden", "coord": [ 6.0, 3.0 ] }, "832_160": { "autotile": 1.0, "autotile_index": 0.0, "tileset": "spr_pinballwooden", "coord": [ 1.0, 1.0 ] }, "-608_128": { "coord": [ 2.0, 1.0 ], "autotile_index": 0.0, "tileset": "spr_pinballwooden", "autotile": 1.0 }, "-224_448": { "autotile": 1.0, "autotile_index": 0.0, "tileset": "spr_pinballwooden", "coord": [ 3.0, 4.0 ] }, "576_160": { "autotile": 1.0, "autotile_index": 0.0, "tileset": "spr_pinballwooden", "coord": [ 3.0, 0.0 ] }, "-640_-224": { "coord": [ 1.0, 1.0 ], "autotile_index": 0.0, "tileset": "spr_pinballwooden", "autotile": 1.0 }, "448_-160": { "autotile": 1.0, "autotile_index": 0.0, "tileset": "spr_pinballwooden", "coord": [ 1.0, 3.0 ] }, "544_-64": { "autotile": 1.0, "autotile_index": 0.0, "tileset": "spr_pinballwooden", "coord": [ 5.0, 2.0 ] }, "640_416": { "autotile": 1.0, "autotile_index": 0.0, "tileset": "spr_pinballwooden", "coord": [ 4.0, 0.0 ] }, "64_352": { "coord": [ 2.0, 0.0 ], "autotile_index": 0.0, "tileset": "spr_pinballwooden", "autotile": 1.0 }, "224_-320": { "coord": [ 4.0, 0.0 ], "autotile_index": 0.0, "tileset": "spr_pinballwooden", "autotile": 1.0 }, "-576_448": { "autotile": 1.0, "autotile_index": 0.0, "tileset": "spr_pinballwooden", "coord": [ 3.0, 4.0 ] }, "608_416": { "autotile": 1.0, "autotile_index": 0.0, "tileset": "spr_pinballwooden", "coord": [ 3.0, 0.0 ] }, "512_-320": { "autotile": 1.0, "autotile_index": 0.0, "tileset": "spr_pinballwooden", "coord": [ 3.0, 0.0 ] }, "768_448": { "autotile": 1.0, "autotile_index": 0.0, "tileset": "spr_pinballwooden", "coord": [ 2.0, 4.0 ] }, "-640_-160": { "coord": [ 1.0, 2.0 ], "autotile_index": 0.0, "tileset": "spr_pinballwooden", "autotile": 1.0 }, "-480_-288": { "coord": [ 3.0, 4.0 ], "autotile_index": 0.0, "tileset": "spr_pinballwooden", "autotile": 1.0 }, "-480_160": { "autotile": 1.0, "autotile_index": 0.0, "tileset": "spr_pinballwooden", "coord": [ 4.0, 3.0 ] }, "-256_-128": { "coord": [ 8.0, 4.0 ], "autotile_index": 0.0, "tileset": "spr_pinballwooden", "autotile": 0.0 }, "448_160": { "autotile": 1.0, "autotile_index": 0.0, "tileset": "spr_pinballwooden", "coord": [ 4.0, 0.0 ] }, "384_352": { "coord": [ 4.0, 0.0 ], "autotile_index": 0.0, "tileset": "spr_pinballwooden", "autotile": 1.0 }, "96_-64": { "coord": [ 4.0, 4.0 ], "autotile_index": 0.0, "tileset": "spr_pinballwooden", "autotile": 1.0 }, "-512_160": { "autotile": 1.0, "autotile_index": 0.0, "tileset": "spr_pinballwooden", "coord": [ 3.0, 3.0 ] }, "32_352": { "autotile": 0.0, "autotile_index": 0.0, "tileset": "spr_pinballwooden", "coord": [ 6.0, 3.0 ] }, "544_416": { "coord": [ 8.0, 4.0 ], "autotile_index": 0.0, "tileset": "spr_pinballwooden", "autotile": 0.0 }, "-64_-96": { "coord": [ 2.0, 0.0 ], "autotile_index": 0.0, "tileset": "spr_pinballwooden", "autotile": 1.0 }, "448_192": { "autotile": 1.0, "autotile_index": 0.0, "tileset": "spr_pinballwooden", "coord": [ 2.0, 4.0 ] }, "512_-224": { "autotile": 1.0, "autotile_index": 0.0, "tileset": "spr_pinballwooden", "coord": [ 4.0, 2.0 ] }, "544_192": { "autotile": 1.0, "autotile_index": 0.0, "tileset": "spr_pinballwooden", "coord": [ 3.0, 4.0 ] }, "256_160": { "autotile": 1.0, "autotile_index": 0.0, "tileset": "spr_pinballwooden", "coord": [ 1.0, 1.0 ] }, "864_-160": { "autotile": 1.0, "autotile_index": 0.0, "tileset": "spr_pinballwooden", "coord": [ 5.0, 2.0 ] }, "96_-288": { "coord": [ 4.0, 4.0 ], "autotile_index": 0.0, "tileset": "spr_pinballwooden", "autotile": 1.0 }, "-448_416": { "autotile": 1.0, "autotile_index": 0.0, "tileset": "spr_pinballwooden", "coord": [ 3.0, 0.0 ] }, "352_416": { "autotile": 1.0, "autotile_index": 0.0, "tileset": "spr_pinballwooden", "coord": [ 3.0, 3.0 ] }, "768_416": { "autotile": 1.0, "autotile_index": 0.0, "tileset": "spr_pinballwooden", "coord": [ 2.0, 0.0 ] }, "-384_-320": { "coord": [ 2.0, 0.0 ], "autotile_index": 0.0, "tileset": "spr_pinballwooden", "autotile": 1.0 }, "-160_-320": { "coord": [ 3.0, 0.0 ], "autotile_index": 0.0, "tileset": "spr_pinballwooden", "autotile": 1.0 }, "640_-288": { "autotile": 1.0, "autotile_index": 0.0, "tileset": "spr_pinballwooden", "coord": [ 3.0, 4.0 ] }, "-320_192": { "autotile": 1.0, "autotile_index": 0.0, "tileset": "spr_pinballwooden", "coord": [ 3.0, 4.0 ] }, "-608_-256": { "coord": [ 5.0, 3.0 ], "autotile_index": 0.0, "tileset": "spr_pinballwooden", "autotile": 1.0 }, "672_416": { "autotile": 1.0, "autotile_index": 0.0, "tileset": "spr_pinballwooden", "coord": [ 2.0, 0.0 ] }, "-608_0": { "coord": [ 5.0, 1.0 ], "autotile_index": 0.0, "tileset": "spr_pinballwooden", "autotile": 1.0 }, "-576_-320": { "coord": [ 3.0, 0.0 ], "autotile_index": 0.0, "tileset": "spr_pinballwooden", "autotile": 1.0 }, "-32_192": { "coord": [ 3.0, 4.0 ], "autotile_index": 0.0, "tileset": "spr_pinballwooden", "autotile": 1.0 }, "-192_128": { "autotile": 0.0, "autotile_index": 0.0, "tileset": "spr_pinballwooden", "coord": [ 2.0, 1.0 ] }, "288_96": { "autotile": 1.0, "autotile_index": 0.0, "tileset": "spr_pinballwooden", "coord": [ 2.0, 2.0 ] }, "352_-128": { "coord": [ 5.0, 1.0 ], "autotile_index": 0.0, "tileset": "spr_pinballwooden", "autotile": 1.0 }, "-320_-64": { "coord": [ 4.0, 4.0 ], "autotile_index": 0.0, "tileset": "spr_pinballwooden", "autotile": 1.0 }, "320_448": { "autotile": 1.0, "autotile_index": 0.0, "tileset": "spr_pinballwooden", "coord": [ 4.0, 4.0 ] }, "224_352": { "autotile": 1.0, "autotile_index": 0.0, "tileset": "spr_pinballwooden", "coord": [ 2.0, 0.0 ] }, "352_-96": { "coord": [ 5.0, 1.0 ], "autotile_index": 0.0, "tileset": "spr_pinballwooden", "autotile": 1.0 }, "832_0": { "autotile": 1.0, "autotile_index": 0.0, "tileset": "spr_pinballwooden", "coord": [ 1.0, 3.0 ] }, "0_-288": { "coord": [ 2.0, 4.0 ], "autotile_index": 0.0, "tileset": "spr_pinballwooden", "autotile": 1.0 }, "-160_160": { "autotile": 0.0, "autotile_index": 0.0, "tileset": "spr_pinballwooden", "coord": [ 3.0, 3.0 ] }, "832_192": { "autotile": 1.0, "autotile_index": 0.0, "tileset": "spr_pinballwooden", "coord": [ 1.0, 3.0 ] }, "-352_-128": { "coord": [ 3.0, 1.0 ], "autotile_index": 0.0, "tileset": "spr_pinballwooden", "autotile": 1.0 }, "256_32": { "autotile": 1.0, "autotile_index": 0.0, "tileset": "spr_pinballwooden", "coord": [ 1.0, 2.0 ] }, "-384_160": { "autotile": 1.0, "autotile_index": 0.0, "tileset": "spr_pinballwooden", "coord": [ 3.0, 0.0 ] }, "-160_192": { "autotile": 1.0, "autotile_index": 0.0, "tileset": "spr_pinballwooden", "coord": [ 3.0, 4.0 ] }, "800_-288": { "autotile": 1.0, "autotile_index": 0.0, "tileset": "spr_pinballwooden", "coord": [ 2.0, 4.0 ] }, "-448_-288": { "coord": [ 4.0, 4.0 ], "autotile_index": 0.0, "tileset": "spr_pinballwooden", "autotile": 1.0 }, "352_448": { "autotile": 1.0, "autotile_index": 0.0, "tileset": "spr_pinballwooden", "coord": [ 4.0, 4.0 ] }, "-512_96": { "autotile": 1.0, "autotile_index": 0.0, "tileset": "spr_pinballwooden", "coord": [ 4.0, 0.0 ] }, "-224_-96": { "coord": [ 8.0, 4.0 ], "autotile_index": 0.0, "tileset": "spr_pinballwooden", "autotile": 0.0 }, "320_416": { "autotile": 1.0, "autotile_index": 0.0, "tileset": "spr_pinballwooden", "coord": [ 3.0, 3.0 ] }, "-448_128": { "autotile": 0.0, "autotile_index": 0.0, "tileset": "spr_pinballwooden", "coord": [ 8.0, 4.0 ] }, "544_-192": { "autotile": 1.0, "autotile_index": 0.0, "tileset": "spr_pinballwooden", "coord": [ 5.0, 3.0 ] }, "-448_-64": { "coord": [ 1.0, 4.0 ], "autotile_index": 0.0, "tileset": "spr_pinballwooden", "autotile": 1.0 }, "-256_192": { "autotile": 1.0, "autotile_index": 0.0, "tileset": "spr_pinballwooden", "coord": [ 3.0, 4.0 ] }, "-192_416": { "autotile": 1.0, "autotile_index": 0.0, "tileset": "spr_pinballwooden", "coord": [ 3.0, 0.0 ] }, "480_0": { "autotile": 1.0, "autotile_index": 0.0, "tileset": "spr_pinballwooden", "coord": [ 4.0, 4.0 ] }, "320_64": { "autotile": 1.0, "autotile_index": 0.0, "tileset": "spr_pinballwooden", "coord": [ 4.0, 2.0 ] }, "448_352": { "coord": [ 4.0, 0.0 ], "autotile_index": 0.0, "tileset": "spr_pinballwooden", "autotile": 1.0 }, "384_416": { "coord": [ 3.0, 3.0 ], "autotile_index": 0.0, "tileset": "spr_pinballwooden", "autotile": 1.0 }, "-416_-96": { "coord": [ 3.0, 2.0 ], "autotile_index": 0.0, "tileset": "spr_pinballwooden", "autotile": 1.0 }, "288_-288": { "coord": [ 2.0, 4.0 ], "autotile_index": 0.0, "tileset": "spr_pinballwooden", "autotile": 1.0 }, "864_416": { "autotile": 1.0, "autotile_index": 0.0, "tileset": "spr_pinballwooden", "coord": [ 5.0, 2.0 ] }, "-480_416": { "autotile": 1.0, "autotile_index": 0.0, "tileset": "spr_pinballwooden", "coord": [ 2.0, 0.0 ] }, "0_-64": { "coord": [ 4.0, 4.0 ], "autotile_index": 0.0, "tileset": "spr_pinballwooden", "autotile": 1.0 }, "864_320": { "autotile": 1.0, "autotile_index": 0.0, "tileset": "spr_pinballwooden", "coord": [ 5.0, 2.0 ] }, "832_416": { "autotile": 1.0, "autotile_index": 0.0, "tileset": "spr_pinballwooden", "coord": [ 3.0, 7.0 ] }, "448_-288": { "autotile": 1.0, "autotile_index": 0.0, "tileset": "spr_pinballwooden", "coord": [ 3.0, 5.0 ] }, "224_448": { "coord": [ 3.0, 4.0 ], "autotile_index": 0.0, "tileset": "spr_pinballwooden", "autotile": 1.0 }, "-640_-192": { "coord": [ 1.0, 3.0 ], "autotile_index": 0.0, "tileset": "spr_pinballwooden", "autotile": 1.0 }, "-608_-96": { "coord": [ 5.0, 1.0 ], "autotile_index": 0.0, "tileset": "spr_pinballwooden", "autotile": 1.0 }, "-640_128": { "coord": [ 1.0, 3.0 ], "autotile_index": 0.0, "tileset": "spr_pinballwooden", "autotile": 1.0 }, "-224_416": { "autotile": 1.0, "autotile_index": 0.0, "tileset": "spr_pinballwooden", "coord": [ 2.0, 0.0 ] }, "672_160": { "autotile": 1.0, "autotile_index": 0.0, "tileset": "spr_pinballwooden", "coord": [ 5.0, 0.0 ] }, "192_-64": { "coord": [ 4.0, 4.0 ], "autotile_index": 0.0, "tileset": "spr_pinballwooden", "autotile": 1.0 }, "352_-320": { "coord": [ 3.0, 0.0 ], "autotile_index": 0.0, "tileset": "spr_pinballwooden", "autotile": 1.0 }, "0_384": { "autotile": 0.0, "autotile_index": 0.0, "tileset": "spr_pinballwooden", "coord": [ 6.0, 3.0 ] }, "32_192": { "coord": [ 5.0, 4.0 ], "autotile_index": 0.0, "tileset": "spr_pinballwooden", "autotile": 1.0 }, "512_-64": { "autotile": 1.0, "autotile_index": 0.0, "tileset": "spr_pinballwooden", "coord": [ 4.0, 2.0 ] }, "64_-96": { "coord": [ 3.0, 0.0 ], "autotile_index": 0.0, "tileset": "spr_pinballwooden", "autotile": 1.0 }, "448_-192": { "autotile": 1.0, "autotile_index": 0.0, "tileset": "spr_pinballwooden", "coord": [ 1.0, 1.0 ] }, "288_224": { "autotile": 1.0, "autotile_index": 0.0, "tileset": "spr_pinballwooden", "coord": [ 5.0, 2.0 ] }, "-128_192": { "autotile": 1.0, "autotile_index": 0.0, "tileset": "spr_pinballwooden", "coord": [ 2.0, 4.0 ] }, "832_-256": { "autotile": 1.0, "autotile_index": 0.0, "tileset": "spr_pinballwooden", "coord": [ 1.0, 1.0 ] }, "192_-320": { "coord": [ 3.0, 0.0 ], "autotile_index": 0.0, "tileset": "spr_pinballwooden", "autotile": 1.0 }, "416_416": { "coord": [ 3.0, 3.0 ], "autotile_index": 0.0, "tileset": "spr_pinballwooden", "autotile": 1.0 }, "480_416": { "coord": [ 4.0, 3.0 ], "autotile_index": 0.0, "tileset": "spr_pinballwooden", "autotile": 1.0 }, "-192_96": { "autotile": 0.0, "autotile_index": 0.0, "tileset": "spr_pinballwooden", "coord": [ 2.0, 0.0 ] }, "544_-320": { "autotile": 1.0, "autotile_index": 0.0, "tileset": "spr_pinballwooden", "coord": [ 2.0, 0.0 ] }, "-512_-288": { "coord": [ 2.0, 4.0 ], "autotile_index": 0.0, "tileset": "spr_pinballwooden", "autotile": 1.0 }, "-608_352": { "autotile": 1.0, "autotile_index": 0.0, "tileset": "spr_pinballwooden", "coord": [ 5.0, 2.0 ] }, "-32_416": { "autotile": 1.0, "autotile_index": 0.0, "tileset": "spr_pinballwooden", "coord": [ 2.0, 0.0 ] }, "-416_-128": { "coord": [ 6.0, 4.0 ], "autotile_index": 0.0, "tileset": "spr_pinballwooden", "autotile": 0.0 }, "384_160": { "autotile": 1.0, "autotile_index": 0.0, "tileset": "spr_pinballwooden", "coord": [ 4.0, 0.0 ] }, "-32_-320": { "coord": [ 4.0, 0.0 ], "autotile_index": 0.0, "tileset": "spr_pinballwooden", "autotile": 1.0 }, "-128_-96": { "coord": [ 4.0, 0.0 ], "autotile_index": 0.0, "tileset": "spr_pinballwooden", "autotile": 1.0 }, "544_-224": { "autotile": 1.0, "autotile_index": 0.0, "tileset": "spr_pinballwooden", "coord": [ 5.0, 3.0 ] }, "608_192": { "autotile": 1.0, "autotile_index": 0.0, "tileset": "spr_pinballwooden", "coord": [ 3.0, 4.0 ] }, "-608_-192": { "coord": [ 5.0, 2.0 ], "autotile_index": 0.0, "tileset": "spr_pinballwooden", "autotile": 1.0 }, "-640_384": { "autotile": 1.0, "autotile_index": 0.0, "tileset": "spr_pinballwooden", "coord": [ 1.0, 3.0 ] }, "864_-128": { "autotile": 1.0, "autotile_index": 0.0, "tileset": "spr_pinballwooden", "coord": [ 5.0, 3.0 ] }, "64_-288": { "coord": [ 2.0, 4.0 ], "autotile_index": 0.0, "tileset": "spr_pinballwooden", "autotile": 1.0 }, "416_448": { "coord": [ 4.0, 4.0 ], "autotile_index": 0.0, "tileset": "spr_pinballwooden", "autotile": 1.0 }, "256_-160": { "coord": [ 4.0, 0.0 ], "autotile_index": 0.0, "tileset": "spr_pinballwooden", "autotile": 1.0 }, "160_416": { "coord": [ 3.0, 3.0 ], "autotile_index": 0.0, "tileset": "spr_pinballwooden", "autotile": 1.0 }, "-256_-64": { "coord": [ 2.0, 4.0 ], "autotile_index": 0.0, "tileset": "spr_pinballwooden", "autotile": 1.0 }, "-128_416": { "autotile": 1.0, "autotile_index": 0.0, "tileset": "spr_pinballwooden", "coord": [ 2.0, 0.0 ] }, "-192_-320": { "coord": [ 2.0, 0.0 ], "autotile_index": 0.0, "tileset": "spr_pinballwooden", "autotile": 1.0 }, "768_-320": { "autotile": 1.0, "autotile_index": 0.0, "tileset": "spr_pinballwooden", "coord": [ 4.0, 0.0 ] }, "-608_288": { "autotile": 1.0, "autotile_index": 0.0, "tileset": "spr_pinballwooden", "coord": [ 5.0, 3.0 ] }, "448_-32": { "autotile": 1.0, "autotile_index": 0.0, "tileset": "spr_pinballwooden", "coord": [ 1.0, 3.0 ] }, "288_448": { "coord": [ 2.0, 4.0 ], "autotile_index": 0.0, "tileset": "spr_pinballwooden", "autotile": 1.0 }, "672_-288": { "autotile": 1.0, "autotile_index": 0.0, "tileset": "spr_pinballwooden", "coord": [ 2.0, 4.0 ] }, "-640_-32": { "coord": [ 1.0, 1.0 ], "autotile_index": 0.0, "tileset": "spr_pinballwooden", "autotile": 1.0 }, "-320_-288": { "coord": [ 3.0, 4.0 ], "autotile_index": 0.0, "tileset": "spr_pinballwooden", "autotile": 1.0 }, "832_-32": { "autotile": 1.0, "autotile_index": 0.0, "tileset": "spr_pinballwooden", "coord": [ 1.0, 1.0 ] }, "-640_0": { "coord": [ 1.0, 1.0 ], "autotile_index": 0.0, "tileset": "spr_pinballwooden", "autotile": 1.0 }, "-608_416": { "autotile": 1.0, "autotile_index": 0.0, "tileset": "spr_pinballwooden", "coord": [ 1.0, 7.0 ] }, "-64_192": { "coord": [ 3.0, 4.0 ], "autotile_index": 0.0, "tileset": "spr_pinballwooden", "autotile": 1.0 }, "672_448": { "autotile": 1.0, "autotile_index": 0.0, "tileset": "spr_pinballwooden", "coord": [ 4.0, 4.0 ] }, "576_416": { "autotile": 1.0, "autotile_index": 0.0, "tileset": "spr_pinballwooden", "coord": [ 2.0, 0.0 ] }, "-64_-320": { "coord": [ 4.0, 0.0 ], "autotile_index": 0.0, "tileset": "spr_pinballwooden", "autotile": 1.0 }, "-640_320": { "autotile": 1.0, "autotile_index": 0.0, "tileset": "spr_pinballwooden", "coord": [ 1.0, 1.0 ] }, "352_0": { "autotile": 1.0, "autotile_index": 0.0, "tileset": "spr_pinballwooden", "coord": [ 5.0, 1.0 ] }, "320_96": { "autotile": 1.0, "autotile_index": 0.0, "tileset": "spr_pinballwooden", "coord": [ 4.0, 2.0 ] }, "736_-320": { "autotile": 1.0, "autotile_index": 0.0, "tileset": "spr_pinballwooden", "coord": [ 3.0, 0.0 ] }, "864_352": { "autotile": 1.0, "autotile_index": 0.0, "tileset": "spr_pinballwooden", "coord": [ 5.0, 3.0 ] }, "-352_-64": { "coord": [ 2.0, 4.0 ], "autotile_index": 0.0, "tileset": "spr_pinballwooden", "autotile": 1.0 }, "32_384": { "autotile": 0.0, "autotile_index": 0.0, "tileset": "spr_pinballwooden", "coord": [ 6.0, 4.0 ] }, "-256_160": { "autotile": 0.0, "autotile_index": 0.0, "tileset": "spr_pinballwooden", "coord": [ 6.0, 4.0 ] }, "832_32": { "autotile": 1.0, "autotile_index": 0.0, "tileset": "spr_pinballwooden", "coord": [ 1.0, 2.0 ] }, "544_384": { "coord": [ 8.0, 3.0 ], "autotile_index": 0.0, "tileset": "spr_pinballwooden", "autotile": 0.0 }, "832_224": { "autotile": 1.0, "autotile_index": 0.0, "tileset": "spr_pinballwooden", "coord": [ 1.0, 3.0 ] }, "-352_-160": { "coord": [ 2.0, 0.0 ], "autotile_index": 0.0, "tileset": "spr_pinballwooden", "autotile": 1.0 }, "256_64": { "autotile": 1.0, "autotile_index": 0.0, "tileset": "spr_pinballwooden", "coord": [ 1.0, 2.0 ] }, "864_-288": { "autotile": 1.0, "autotile_index": 0.0, "tileset": "spr_pinballwooden", "coord": [ 5.0, 2.0 ] }, "128_352": { "coord": [ 3.0, 0.0 ], "autotile_index": 0.0, "tileset": "spr_pinballwooden", "autotile": 1.0 }, "-544_96": { "autotile": 1.0, "autotile_index": 0.0, "tileset": "spr_pinballwooden", "coord": [ 3.0, 0.0 ] }, "224_-64": { "coord": [ 3.0, 4.0 ], "autotile_index": 0.0, "tileset": "spr_pinballwooden", "autotile": 1.0 }, "-448_-128": { "coord": [ 6.0, 3.0 ], "autotile_index": 0.0, "tileset": "spr_pinballwooden", "autotile": 0.0 }, "-160_416": { "autotile": 1.0, "autotile_index": 0.0, "tileset": "spr_pinballwooden", "coord": [ 2.0, 0.0 ] }, "480_-128": { "autotile": 1.0, "autotile_index": 0.0, "tileset": "spr_pinballwooden", "coord": [ 2.0, 2.0 ] }, "320_160": { "autotile": 1.0, "autotile_index": 0.0, "tileset": "spr_pinballwooden", "coord": [ 4.0, 3.0 ] }, "256_-288": { "coord": [ 4.0, 4.0 ], "autotile_index": 0.0, "tileset": "spr_pinballwooden", "autotile": 1.0 }, "-640_192": { "coord": [ 1.0, 3.0 ], "autotile_index": 0.0, "tileset": "spr_pinballwooden", "autotile": 1.0 }, "-512_416": { "autotile": 1.0, "autotile_index": 0.0, "tileset": "spr_pinballwooden", "coord": [ 2.0, 0.0 ] }, "480_-288": { "autotile": 1.0, "autotile_index": 0.0, "tileset": "spr_pinballwooden", "coord": [ 2.0, 1.0 ] }, "384_384": { "coord": [ 3.0, 1.0 ], "autotile_index": 0.0, "tileset": "spr_pinballwooden", "autotile": 1.0 }, "-224_-64": { "coord": [ 4.0, 4.0 ], "autotile_index": 0.0, "tileset": "spr_pinballwooden", "autotile": 1.0 }, "640_160": { "autotile": 1.0, "autotile_index": 0.0, "tileset": "spr_pinballwooden", "coord": [ 3.0, 0.0 ] }, "352_-288": { "coord": [ 4.0, 4.0 ], "autotile_index": 0.0, "tileset": "spr_pinballwooden", "autotile": 1.0 }, "448_-256": { "autotile": 1.0, "autotile_index": 0.0, "tileset": "spr_pinballwooden", "coord": [ 1.0, 1.0 ] }, "384_192": { "autotile": 1.0, "autotile_index": 0.0, "tileset": "spr_pinballwooden", "coord": [ 3.0, 4.0 ] }, "256_224": { "autotile": 1.0, "autotile_index": 0.0, "tileset": "spr_pinballwooden", "coord": [ 1.0, 2.0 ] }, "544_-128": { "autotile": 1.0, "autotile_index": 0.0, "tileset": "spr_pinballwooden", "coord": [ 5.0, 1.0 ] }, "832_-224": { "autotile": 1.0, "autotile_index": 0.0, "tileset": "spr_pinballwooden", "coord": [ 1.0, 2.0 ] }, "160_-320": { "coord": [ 4.0, 0.0 ], "autotile_index": 0.0, "tileset": "spr_pinballwooden", "autotile": 1.0 }, "-416_448": { "autotile": 1.0, "autotile_index": 0.0, "tileset": "spr_pinballwooden", "coord": [ 5.0, 4.0 ] }, "672_192": { "autotile": 1.0, "autotile_index": 0.0, "tileset": "spr_pinballwooden", "coord": [ 5.0, 4.0 ] }, "288_-32": { "coord": [ 2.0, 2.0 ], "autotile_index": 0.0, "tileset": "spr_pinballwooden", "autotile": 1.0 }, "-128_96": { "autotile": 0.0, "autotile_index": 0.0, "tileset": "spr_pinballwooden", "coord": [ 3.0, 0.0 ] }, "576_-320": { "autotile": 1.0, "autotile_index": 0.0, "tileset": "spr_pinballwooden", "coord": [ 4.0, 0.0 ] }, "288_384": { "autotile": 1.0, "autotile_index": 0.0, "tileset": "spr_pinballwooden", "coord": [ 3.0, 1.0 ] }, "-544_-288": { "coord": [ 4.0, 4.0 ], "autotile_index": 0.0, "tileset": "spr_pinballwooden", "autotile": 1.0 }, "256_-128": { "coord": [ 2.0, 1.0 ], "autotile_index": 0.0, "tileset": "spr_pinballwooden", "autotile": 1.0 }, "-288_-160": { "coord": [ 3.0, 0.0 ], "autotile_index": 0.0, "tileset": "spr_pinballwooden", "autotile": 1.0 }, "-608_-128": { "coord": [ 5.0, 2.0 ], "autotile_index": 0.0, "tileset": "spr_pinballwooden", "autotile": 1.0 }, "-416_-160": { "coord": [ 6.0, 3.0 ], "autotile_index": 0.0, "tileset": "spr_pinballwooden", "autotile": 0.0 }, "256_128": { "autotile": 1.0, "autotile_index": 0.0, "tileset": "spr_pinballwooden", "coord": [ 1.0, 3.0 ] }, "288_416": { "coord": [ 3.0, 3.0 ], "autotile_index": 0.0, "tileset": "spr_pinballwooden", "autotile": 1.0 }, "-384_192": { "autotile": 1.0, "autotile_index": 0.0, "tileset": "spr_pinballwooden", "coord": [ 2.0, 4.0 ] }, "-256_-96": { "coord": [ 3.0, 2.0 ], "autotile_index": 0.0, "tileset": "spr_pinballwooden", "autotile": 1.0 }, "-96_448": { "autotile": 1.0, "autotile_index": 0.0, "tileset": "spr_pinballwooden", "coord": [ 3.0, 4.0 ] }, "864_-96": { "autotile": 1.0, "autotile_index": 0.0, "tileset": "spr_pinballwooden", "coord": [ 5.0, 2.0 ] }, "32_-320": { "coord": [ 2.0, 0.0 ], "autotile_index": 0.0, "tileset": "spr_pinballwooden", "autotile": 1.0 }, "544_448": { "coord": [ 2.0, 4.0 ], "autotile_index": 0.0, "tileset": "spr_pinballwooden", "autotile": 1.0 }, "-160_-64": { "coord": [ 2.0, 4.0 ], "autotile_index": 0.0, "tileset": "spr_pinballwooden", "autotile": 1.0 }, "-480_192": { "autotile": 1.0, "autotile_index": 0.0, "tileset": "spr_pinballwooden", "coord": [ 2.0, 4.0 ] }, "288_0": { "coord": [ 2.0, 2.0 ], "autotile_index": 0.0, "tileset": "spr_pinballwooden", "autotile": 1.0 }, "-256_-320": { "coord": [ 3.0, 0.0 ], "autotile_index": 0.0, "tileset": "spr_pinballwooden", "autotile": 1.0 }, "320_-64": { "coord": [ 4.0, 2.0 ], "autotile_index": 0.0, "tileset": "spr_pinballwooden", "autotile": 1.0 }, "512_-32": { "autotile": 1.0, "autotile_index": 0.0, "tileset": "spr_pinballwooden", "coord": [ 4.0, 3.0 ] }, "704_-288": { "autotile": 1.0, "autotile_index": 0.0, "tileset": "spr_pinballwooden", "coord": [ 4.0, 4.0 ] }, "-608_-32": { "coord": [ 5.0, 1.0 ], "autotile_index": 0.0, "tileset": "spr_pinballwooden", "autotile": 1.0 }, "-384_-288": { "coord": [ 3.0, 4.0 ], "autotile_index": 0.0, "tileset": "spr_pinballwooden", "autotile": 1.0 }, "288_-160": { "coord": [ 4.0, 0.0 ], "autotile_index": 0.0, "tileset": "spr_pinballwooden", "autotile": 1.0 }, "-480_128": { "autotile": 1.0, "autotile_index": 0.0, "tileset": "spr_pinballwooden", "coord": [ 4.0, 1.0 ] }, "864_-32": { "autotile": 1.0, "autotile_index": 0.0, "tileset": "spr_pinballwooden", "coord": [ 5.0, 2.0 ] }, "-608_224": { "autotile": 1.0, "autotile_index": 0.0, "tileset": "spr_pinballwooden", "coord": [ 5.0, 3.0 ] }, "-640_416": { "autotile": 1.0, "autotile_index": 0.0, "tileset": "spr_pinballwooden", "coord": [ 1.0, 1.0 ] }, "320_-96": { "coord": [ 4.0, 2.0 ], "autotile_index": 0.0, "tileset": "spr_pinballwooden", "autotile": 1.0 }, "864_-320": { "autotile": 1.0, "autotile_index": 0.0, "tileset": "spr_pinballwooden", "coord": [ 5.0, 0.0 ] }, "-96_192": { "coord": [ 2.0, 4.0 ], "autotile_index": 0.0, "tileset": "spr_pinballwooden", "autotile": 1.0 }, "864_384": { "autotile": 1.0, "autotile_index": 0.0, "tileset": "spr_pinballwooden", "coord": [ 5.0, 3.0 ] }, "288_256": { "autotile": 1.0, "autotile_index": 0.0, "tileset": "spr_pinballwooden", "coord": [ 5.0, 4.0 ] }, "-128_-320": { "coord": [ 4.0, 0.0 ], "autotile_index": 0.0, "tileset": "spr_pinballwooden", "autotile": 1.0 }, "320_352": { "autotile": 1.0, "autotile_index": 0.0, "tileset": "spr_pinballwooden", "coord": [ 4.0, 0.0 ] }, "-352_-320": { "coord": [ 2.0, 0.0 ], "autotile_index": 0.0, "tileset": "spr_pinballwooden", "autotile": 1.0 }, "512_0": { "autotile": 1.0, "autotile_index": 0.0, "tileset": "spr_pinballwooden", "coord": [ 3.0, 4.0 ] }, "352_96": { "autotile": 1.0, "autotile_index": 0.0, "tileset": "spr_pinballwooden", "coord": [ 5.0, 3.0 ] }, "352_32": { "autotile": 1.0, "autotile_index": 0.0, "tileset": "spr_pinballwooden", "coord": [ 5.0, 1.0 ] }, "416_384": { "coord": [ 3.0, 1.0 ], "autotile_index": 0.0, "tileset": "spr_pinballwooden", "autotile": 1.0 }, "-384_-64": { "coord": [ 2.0, 4.0 ], "autotile_index": 0.0, "tileset": "spr_pinballwooden", "autotile": 1.0 }, "736_416": { "autotile": 1.0, "autotile_index": 0.0, "tileset": "spr_pinballwooden", "coord": [ 4.0, 0.0 ] }, "192_448": { "coord": [ 2.0, 4.0 ], "autotile_index": 0.0, "tileset": "spr_pinballwooden", "autotile": 1.0 }, "-96_128": { "autotile": 0.0, "autotile_index": 0.0, "tileset": "spr_pinballwooden", "coord": [ 4.0, 1.0 ] }, "288_-96": { "coord": [ 3.0, 2.0 ], "autotile_index": 0.0, "tileset": "spr_pinballwooden", "autotile": 1.0 }, "640_192": { "autotile": 1.0, "autotile_index": 0.0, "tileset": "spr_pinballwooden", "coord": [ 4.0, 4.0 ] }, "864_64": { "autotile": 1.0, "autotile_index": 0.0, "tileset": "spr_pinballwooden", "coord": [ 5.0, 2.0 ] }, "832_256": { "autotile": 1.0, "autotile_index": 0.0, "tileset": "spr_pinballwooden", "coord": [ 1.0, 1.0 ] }, "384_-320": { "autotile": 1.0, "autotile_index": 0.0, "tileset": "spr_pinballwooden", "coord": [ 2.0, 0.0 ] }, "416_352": { "coord": [ 4.0, 0.0 ], "autotile_index": 0.0, "tileset": "spr_pinballwooden", "autotile": 1.0 }, "-256_128": { "autotile": 0.0, "autotile_index": 0.0, "tileset": "spr_pinballwooden", "coord": [ 6.0, 3.0 ] }, "864_128": { "autotile": 1.0, "autotile_index": 0.0, "tileset": "spr_pinballwooden", "coord": [ 5.0, 2.0 ] }, "832_384": { "autotile": 1.0, "autotile_index": 0.0, "tileset": "spr_pinballwooden", "coord": [ 1.0, 2.0 ] }, "-576_96": { "autotile": 1.0, "autotile_index": 0.0, "tileset": "spr_pinballwooden", "coord": [ 4.0, 0.0 ] }, "288_-64": { "coord": [ 2.0, 2.0 ], "autotile_index": 0.0, "tileset": "spr_pinballwooden", "autotile": 1.0 }, "-288_192": { "autotile": 1.0, "autotile_index": 0.0, "tileset": "spr_pinballwooden", "coord": [ 4.0, 4.0 ] }, "128_448": { "coord": [ 3.0, 4.0 ], "autotile_index": 0.0, "tileset": "spr_pinballwooden", "autotile": 1.0 }, "-96_416": { "autotile": 1.0, "autotile_index": 0.0, "tileset": "spr_pinballwooden", "coord": [ 3.0, 0.0 ] }, "-576_160": { "autotile": 1.0, "autotile_index": 0.0, "tileset": "spr_pinballwooden", "coord": [ 3.0, 3.0 ] }, "480_-160": { "autotile": 1.0, "autotile_index": 0.0, "tileset": "spr_pinballwooden", "coord": [ 2.0, 2.0 ] }, "-640_256": { "autotile": 1.0, "autotile_index": 0.0, "tileset": "spr_pinballwooden", "coord": [ 1.0, 3.0 ] }, "352_192": { "autotile": 1.0, "autotile_index": 0.0, "tileset": "spr_pinballwooden", "coord": [ 4.0, 4.0 ] }, "96_352": { "coord": [ 4.0, 0.0 ], "autotile_index": 0.0, "tileset": "spr_pinballwooden", "autotile": 1.0 }, "224_-288": { "coord": [ 2.0, 4.0 ], "autotile_index": 0.0, "tileset": "spr_pinballwooden", "autotile": 1.0 }, "832_-320": { "autotile": 1.0, "autotile_index": 0.0, "tileset": "spr_pinballwooden", "coord": [ 3.0, 0.0 ] }, "512_-96": { "autotile": 1.0, "autotile_index": 0.0, "tileset": "spr_pinballwooden", "coord": [ 4.0, 2.0 ] }, "160_-64": { "coord": [ 2.0, 4.0 ], "autotile_index": 0.0, "tileset": "spr_pinballwooden", "autotile": 1.0 }, "-544_416": { "autotile": 1.0, "autotile_index": 0.0, "tileset": "spr_pinballwooden", "coord": [ 3.0, 0.0 ] }, "-640_-256": { "coord": [ 1.0, 1.0 ], "autotile_index": 0.0, "tileset": "spr_pinballwooden", "autotile": 1.0 }, "512_-288": { "autotile": 1.0, "autotile_index": 0.0, "tileset": "spr_pinballwooden", "coord": [ 4.0, 1.0 ] }, "224_-96": { "coord": [ 3.0, 2.0 ], "autotile_index": 0.0, "tileset": "spr_pinballwooden", "autotile": 1.0 }, "32_-96": { "coord": [ 2.0, 0.0 ], "autotile_index": 0.0, "tileset": "spr_pinballwooden", "autotile": 1.0 }, "-224_-128": { "coord": [ 8.0, 3.0 ], "autotile_index": 0.0, "tileset": "spr_pinballwooden", "autotile": 0.0 }, "480_160": { "autotile": 1.0, "autotile_index": 0.0, "tileset": "spr_pinballwooden", "coord": [ 2.0, 0.0 ] }, "512_-160": { "autotile": 1.0, "autotile_index": 0.0, "tileset": "spr_pinballwooden", "coord": [ 4.0, 2.0 ] }, "32_416": { "coord": [ 3.0, 2.0 ], "autotile_index": 0.0, "tileset": "spr_pinballwooden", "autotile": 1.0 }, "-32_-96": { "coord": [ 2.0, 0.0 ], "autotile_index": 0.0, "tileset": "spr_pinballwooden", "autotile": 1.0 }, "480_-256": { "autotile": 1.0, "autotile_index": 0.0, "tileset": "spr_pinballwooden", "coord": [ 2.0, 2.0 ] }, "480_192": { "autotile": 1.0, "autotile_index": 0.0, "tileset": "spr_pinballwooden", "coord": [ 4.0, 4.0 ] }, "128_384": { "coord": [ 3.0, 1.0 ], "autotile_index": 0.0, "tileset": "spr_pinballwooden", "autotile": 1.0 }, "288_160": { "autotile": 1.0, "autotile_index": 0.0, "tileset": "spr_pinballwooden", "coord": [ 2.0, 3.0 ] }, "512_160": { "autotile": 1.0, "autotile_index": 0.0, "tileset": "spr_pinballwooden", "coord": [ 3.0, 0.0 ] }, "832_-192": { "autotile": 1.0, "autotile_index": 0.0, "tileset": "spr_pinballwooden", "coord": [ 1.0, 1.0 ] }, "128_-320": { "coord": [ 2.0, 0.0 ], "autotile_index": 0.0, "tileset": "spr_pinballwooden", "autotile": 1.0 }, "0_448": { "autotile": 1.0, "autotile_index": 0.0, "tileset": "spr_pinballwooden", "coord": [ 4.0, 4.0 ] }, "-416_416": { "autotile": 1.0, "autotile_index": 0.0, "tileset": "spr_pinballwooden", "coord": [ 5.0, 0.0 ] }, "448_384": { "coord": [ 3.0, 1.0 ], "autotile_index": 0.0, "tileset": "spr_pinballwooden", "autotile": 1.0 }, "-160_-288": { "coord": [ 2.0, 4.0 ], "autotile_index": 0.0, "tileset": "spr_pinballwooden", "autotile": 1.0 }, "352_-32": { "coord": [ 5.0, 1.0 ], "autotile_index": 0.0, "tileset": "spr_pinballwooden", "autotile": 1.0 }, "-96_96": { "autotile": 0.0, "autotile_index": 0.0, "tileset": "spr_pinballwooden", "coord": [ 3.0, 0.0 ] }, "608_-320": { "autotile": 1.0, "autotile_index": 0.0, "tileset": "spr_pinballwooden", "coord": [ 3.0, 0.0 ] }, "192_384": { "autotile": 1.0, "autotile_index": 0.0, "tileset": "spr_pinballwooden", "coord": [ 3.0, 1.0 ] }, "-608_-288": { "coord": [ 1.0, 5.0 ], "autotile_index": 0.0, "tileset": "spr_pinballwooden", "autotile": 1.0 }, "-640_-128": { "coord": [ 1.0, 1.0 ], "autotile_index": 0.0, "tileset": "spr_pinballwooden", "autotile": 1.0 }, "800_-320": { "autotile": 1.0, "autotile_index": 0.0, "tileset": "spr_pinballwooden", "coord": [ 4.0, 0.0 ] }, "352_352": { "autotile": 1.0, "autotile_index": 0.0, "tileset": "spr_pinballwooden", "coord": [ 4.0, 0.0 ] }, "-576_192": { "autotile": 1.0, "autotile_index": 0.0, "tileset": "spr_pinballwooden", "coord": [ 4.0, 4.0 ] }, "-608_32": { "coord": [ 5.0, 1.0 ], "autotile_index": 0.0, "tileset": "spr_pinballwooden", "autotile": 1.0 }, "-576_-288": { "coord": [ 4.0, 4.0 ], "autotile_index": 0.0, "tileset": "spr_pinballwooden", "autotile": 1.0 }, "0_160": { "coord": [ 2.0, 0.0 ], "autotile_index": 0.0, "tileset": "spr_pinballwooden", "autotile": 1.0 }, "-320_-160": { "coord": [ 3.0, 0.0 ], "autotile_index": 0.0, "tileset": "spr_pinballwooden", "autotile": 1.0 }, "-640_64": { "coord": [ 1.0, 2.0 ], "autotile_index": 0.0, "tileset": "spr_pinballwooden", "autotile": 1.0 }, "288_128": { "autotile": 1.0, "autotile_index": 0.0, "tileset": "spr_pinballwooden", "coord": [ 2.0, 2.0 ] }, "320_-160": { "coord": [ 2.0, 0.0 ], "autotile_index": 0.0, "tileset": "spr_pinballwooden", "autotile": 1.0 }, "-288_-96": { "coord": [ 4.0, 3.0 ], "autotile_index": 0.0, "tileset": "spr_pinballwooden", "autotile": 1.0 }, "864_0": { "autotile": 1.0, "autotile_index": 0.0, "tileset": "spr_pinballwooden", "coord": [ 5.0, 3.0 ] }, "32_-288": { "coord": [ 3.0, 4.0 ], "autotile_index": 0.0, "tileset": "spr_pinballwooden", "autotile": 1.0 }, "-128_-64": { "coord": [ 2.0, 4.0 ], "autotile_index": 0.0, "tileset": "spr_pinballwooden", "autotile": 1.0 }, "864_192": { "autotile": 1.0, "autotile_index": 0.0, "tileset": "spr_pinballwooden", "coord": [ 5.0, 1.0 ] }, "288_32": { "autotile": 1.0, "autotile_index": 0.0, "tileset": "spr_pinballwooden", "coord": [ 2.0, 2.0 ] }, "640_448": { "autotile": 1.0, "autotile_index": 0.0, "tileset": "spr_pinballwooden", "coord": [ 2.0, 4.0 ] }, "-256_-288": { "coord": [ 2.0, 4.0 ], "autotile_index": 0.0, "tileset": "spr_pinballwooden", "autotile": 1.0 }, "768_-288": { "autotile": 1.0, "autotile_index": 0.0, "tileset": "spr_pinballwooden", "coord": [ 3.0, 4.0 ] }, "-416_-320": { "coord": [ 2.0, 0.0 ], "autotile_index": 0.0, "tileset": "spr_pinballwooden", "autotile": 1.0 }, "448_-64": { "autotile": 1.0, "autotile_index": 0.0, "tileset": "spr_pinballwooden", "coord": [ 1.0, 3.0 ] }, "-512_128": { "autotile": 1.0, "autotile_index": 0.0, "tileset": "spr_pinballwooden", "coord": [ 3.0, 1.0 ] }, "-32_128": { "autotile": 0.0, "autotile_index": 0.0, "tileset": "spr_pinballwooden", "coord": [ 8.0, 3.0 ] }, "352_-64": { "coord": [ 5.0, 1.0 ], "autotile_index": 0.0, "tileset": "spr_pinballwooden", "autotile": 1.0 }, "128_-64": { "coord": [ 3.0, 4.0 ], "autotile_index": 0.0, "tileset": "spr_pinballwooden", "autotile": 1.0 }, "-416_128": { "autotile": 0.0, "autotile_index": 0.0, "tileset": "spr_pinballwooden", "coord": [ 8.0, 3.0 ] }, "-192_-96": { "coord": [ 2.0, 0.0 ], "autotile_index": 0.0, "tileset": "spr_pinballwooden", "autotile": 1.0 }, "512_-192": { "autotile": 1.0, "autotile_index": 0.0, "tileset": "spr_pinballwooden", "coord": [ 4.0, 2.0 ] }, "-128_-288": { "coord": [ 2.0, 4.0 ], "autotile_index": 0.0, "tileset": "spr_pinballwooden", "autotile": 1.0 }, "-544_192": { "autotile": 1.0, "autotile_index": 0.0, "tileset": "spr_pinballwooden", "coord": [ 3.0, 4.0 ] }, "320_384": { "autotile": 1.0, "autotile_index": 0.0, "tileset": "spr_pinballwooden", "coord": [ 3.0, 1.0 ] }, "-192_448": { "autotile": 1.0, "autotile_index": 0.0, "tileset": "spr_pinballwooden", "coord": [ 4.0, 4.0 ] }, "-192_160": { "autotile": 0.0, "autotile_index": 0.0, "tileset": "spr_pinballwooden", "coord": [ 2.0, 3.0 ] }, "352_64": { "autotile": 1.0, "autotile_index": 0.0, "tileset": "spr_pinballwooden", "coord": [ 5.0, 2.0 ] }, "800_448": { "autotile": 1.0, "autotile_index": 0.0, "tileset": "spr_pinballwooden", "coord": [ 4.0, 4.0 ] }, "-416_-64": { "coord": [ 4.0, 4.0 ], "autotile_index": 0.0, "tileset": "spr_pinballwooden", "autotile": 1.0 }, "-224_192": { "autotile": 1.0, "autotile_index": 0.0, "tileset": "spr_pinballwooden", "coord": [ 3.0, 4.0 ] }, "-160_128": { "autotile": 0.0, "autotile_index": 0.0, "tileset": "spr_pinballwooden", "coord": [ 3.0, 1.0 ] } } }, "backgrounds": { "5": { "x": 13.0, "scroll_x": 0.65000000000000002220446049250313, "tile_y": 0.0, "hspeed": -20.25, "scroll_y": 0.0, "panic_sprite": -1.0, "y": -1.0, "sprite": "bg_desertcloudH", "tile_x": 1.0, "vspeed": 0.0, "image_speed": 0.0 }, "6": { "x": 3.0, "scroll_x": 0.69999999999999995559107901499374, "tile_y": 1.0, "hspeed": -20.0, "scroll_y": 0.0, "panic_sprite": -1.0, "y": 10.0, "sprite": "bg_desert", "tile_x": 1.0, "vspeed": 0.0, "image_speed": 0.0 } }, "properties": { "songTransitionTime": 100.0, "roomX": -704.0, "levelWidth": 960.0, "roomY": -384.0, "levelHeight": 540.0, "song": "event:\/music\/w2\/saloon" } }