{ "editorVersion": 5.0, "instances": [ { "layer": 0.0, "deleted": 0.0, "variables": { "x": 64.0, "y": 128.0, "image_xscale": 26.0, "image_yscale": 1.0, "flipX": 0.0, "flipY": 0.0 }, "object": 517.0 }, { "layer": 0.0, "deleted": 0.0, "variables": { "x": 896.0, "y": 160.0, "image_xscale": 1.0, "image_yscale": 8.0, "flipX": 0.0, "flipY": 0.0 }, "object": 517.0 }, { "layer": 0.0, "deleted": 0.0, "variables": { "x": 64.0, "y": 416.0, "image_xscale": 26.0, "image_yscale": 1.0, "flipX": 0.0, "flipY": 0.0 }, "object": 517.0 }, { "layer": 0.0, "deleted": 0.0, "variables": { "x": 32.0, "y": 160.0, "image_xscale": 1.0, "image_yscale": 8.0, "flipX": 0.0, "flipY": 0.0 }, "object": 517.0 }, { "layer": 0.0, "deleted": 0.0, "variables": { "x": 640.0, "y": 320.0, "image_xscale": 3.0, "image_yscale": 1.0, "flipX": 0.0, "flipY": 0.0 }, "object": 722.0 }, { "layer": 0.0, "deleted": 0.0, "variables": { "x": 672.0, "flipX": 0.0, "y": 288.0, "flipY": 0.0 }, "object": 749.0 }, { "layer": 0.0, "deleted": 0.0, "variables": { "x": 160.0, "y": 320.0, "targetRoom": "room18", "visible": "false", "image_xscale": 1.0, "image_yscale": 1.0, "flipX": 0.0, "flipY": 0.0 }, "object": 795.0 }, { "layer": 0.0, "deleted": 0.0, "variables": { "x": 192.0, "flipX": 0.0, "y": 384.0, "flipY": 0.0 }, "object": 805.0 } ], "tile_data": { }, "backgrounds": { "5": { "x": 0.0, "scroll_x": 1.0, "tile_y": 0.0, "hspeed": 0.0, "panic_sprite": -1.0, "scroll_y": 1.0, "y": 0.0, "sprite": "bg_treasure", "tile_x": 0.0, "vspeed": 0.0, "image_speed": "15" } }, "properties": { "songTransitionTime": 100.0, "roomX": 0.0, "levelWidth": 960.0, "roomY": 0.0, "levelHeight": 540.0, "song": "" } }