{ "editorVersion": 5.0, "instances": [ { "layer": 0.0, "deleted": 0.0, "variables": { "x": -832.0, "y": 416.0, "image_xscale": 56.0, "image_yscale": 4.0, "flipX": 0.0, "flipY": 0.0 }, "object": 517.0 }, { "layer": 0.0, "deleted": 0.0, "variables": { "x": -64.0, "y": 352.0, "image_xscale": 6.0, "image_yscale": 2.0, "flipX": 0.0, "flipY": 0.0 }, "object": 517.0 }, { "layer": 0.0, "deleted": 0.0, "variables": { "x": -384.0, "y": 352.0, "image_xscale": 4.0, "image_yscale": 2.0, "flipX": 0.0, "flipY": 0.0 }, "object": 517.0 }, { "layer": 0.0, "deleted": 0.0, "variables": { "x": -256.0, "y": 352.0, "image_xscale": 2.0, "image_yscale": 2.0, "flipX": 1.0, "flipY": 0.0 }, "object": 516.0 }, { "layer": 0.0, "deleted": 0.0, "variables": { "x": -448.0, "y": 352.0, "image_xscale": 2.0, "image_yscale": 2.0, "flipX": 0.0, "flipY": 0.0 }, "object": 516.0 }, { "layer": 0.0, "deleted": 0.0, "variables": { "x": -480.0, "flipX": 0.0, "y": 384.0, "flipY": 0.0 }, "object": 617.0 }, { "layer": 0.0, "deleted": 0.0, "variables": { "x": -512.0, "flipX": 0.0, "y": 384.0, "flipY": 0.0 }, "object": 617.0 }, { "layer": 0.0, "deleted": 0.0, "variables": { "x": -544.0, "flipX": 0.0, "y": 384.0, "flipY": 0.0 }, "object": 617.0 }, { "layer": 0.0, "deleted": 0.0, "variables": { "x": -576.0, "flipX": 0.0, "y": 384.0, "flipY": 0.0 }, "object": 617.0 }, { "layer": 0.0, "deleted": 0.0, "variables": { "x": -608.0, "flipX": 0.0, "y": 384.0, "flipY": 0.0 }, "object": 617.0 }, { "layer": 0.0, "deleted": 0.0, "variables": { "x": -640.0, "flipX": 0.0, "y": 384.0, "flipY": 0.0 }, "object": 617.0 }, { "layer": 0.0, "deleted": 0.0, "variables": { "x": -768.0, "y": 288.0, "image_xscale": 4.0, "image_yscale": 4.0, "flipX": 0.0, "flipY": 0.0 }, "object": 517.0 }, { "layer": 0.0, "deleted": 0.0, "variables": { "x": -832.0, "y": -64.0, "image_xscale": 2.0, "image_yscale": 15.0, "flipX": 0.0, "flipY": 0.0 }, "object": 517.0 }, { "layer": 0.0, "deleted": 0.0, "variables": { "x": -768.0, "y": -64.0, "image_xscale": 13.0, "image_yscale": 2.0, "flipX": 0.0, "flipY": 0.0 }, "object": 517.0 }, { "layer": 0.0, "deleted": 0.0, "variables": { "x": -352.0, "y": -64.0, "image_xscale": 4.0, "image_yscale": 8.0, "flipX": 0.0, "flipY": 0.0 }, "object": 517.0 }, { "layer": 0.0, "deleted": 0.0, "variables": { "x": -608.0, "y": 128.0, "image_xscale": 8.0, "image_yscale": 2.0, "flipX": 0.0, "flipY": 0.0 }, "object": 517.0 }, { "layer": 0.0, "deleted": 0.0, "variables": { "x": -352.0, "y": 192.0, "image_xscale": 2.0, "image_yscale": 2.0, "flipX": 0.0, "flipY": 0.0 }, "object": 517.0 }, { "layer": 0.0, "deleted": 0.0, "variables": { "x": -352.0, "flipX": 0.0, "y": 288.0, "flipY": 0.0 }, "object": 250.0 }, { "layer": 0.0, "deleted": 0.0, "variables": { "x": -608.0, "flipX": 0.0, "y": 64.0, "flipY": 0.0 }, "object": 250.0 }, { "layer": 0.0, "deleted": 0.0, "variables": { "x": -608.0, "y": 0.0, "image_xscale": 2.0, "image_yscale": 1.0, "flipX": 0.0, "flipY": 0.0 }, "object": 517.0 }, { "layer": 0.0, "deleted": 0.0, "variables": { "x": -672.0, "y": 128.0, "image_xscale": 2.0, "image_yscale": 1.0, "flipX": 0.0, "flipY": 0.0 }, "object": 722.0 }, { "layer": 0.0, "deleted": 0.0, "variables": { "x": 96.0, "y": -64.0, "image_xscale": 3.0, "image_yscale": 2.0, "flipX": 0.0, "flipY": 0.0 }, "object": 517.0 }, { "layer": 0.0, "deleted": 0.0, "variables": { "x": 192.0, "y": -64.0, "image_xscale": 11.0, "image_yscale": 3.0, "flipX": 0.0, "flipY": 0.0 }, "object": 517.0 }, { "layer": 0.0, "deleted": 0.0, "variables": { "x": 544.0, "y": -64.0, "image_xscale": 4.0, "image_yscale": 2.0, "flipX": 0.0, "flipY": 0.0 }, "object": 517.0 }, { "layer": 0.0, "deleted": 0.0, "variables": { "x": 672.0, "y": -64.0, "image_xscale": 4.0, "image_yscale": 4.0, "flipX": 0.0, "flipY": 0.0 }, "object": 517.0 }, { "layer": 0.0, "deleted": 0.0, "variables": { "x": 800.0, "y": -64.0, "image_xscale": 3.0, "image_yscale": 2.0, "flipX": 0.0, "flipY": 0.0 }, "object": 517.0 }, { "layer": 0.0, "deleted": 0.0, "variables": { "x": 896.0, "y": -64.0, "image_xscale": 2.0, "image_yscale": 15.0, "flipX": 0.0, "flipY": 0.0 }, "object": 517.0 }, { "layer": 0.0, "deleted": 0.0, "variables": { "x": 256.0, "y": 224.0, "image_xscale": 2.0, "image_yscale": 4.0, "flipX": 0.0, "flipY": 0.0 }, "object": 517.0 }, { "layer": 0.0, "deleted": 0.0, "variables": { "x": 320.0, "y": 224.0, "image_xscale": 8.0, "image_yscale": 2.0, "flipX": 0.0, "flipY": 0.0 }, "object": 517.0 }, { "layer": 0.0, "deleted": 0.0, "variables": { "x": 576.0, "y": 160.0, "image_xscale": 6.0, "image_yscale": 4.0, "flipX": 0.0, "flipY": 0.0 }, "object": 517.0 }, { "layer": 0.0, "deleted": 0.0, "variables": { "x": 672.0, "y": 288.0, "image_xscale": 3.0, "image_yscale": 1.0, "flipX": 0.0, "flipY": 0.0 }, "object": 517.0 }, { "layer": 0.0, "deleted": 0.0, "variables": { "x": 256.0, "flipX": 0.0, "y": 352.0, "flipY": 0.0 }, "object": 732.0 }, { "layer": 0.0, "deleted": 0.0, "variables": { "x": 416.0, "flipX": 0.0, "content": "obj_kentukykenny", "flipY": 0.0, "y": 384.0 }, "object": 694.0 }, { "layer": 0.0, "deleted": 0.0, "variables": { "x": -32.0, "y": 256.0, "targetRoom": "room5", "image_xscale": 1.0, "image_yscale": 1.0, "flipX": 0.0, "flipY": 0.0 }, "object": 795.0 }, { "layer": 0.0, "deleted": 0.0, "variables": { "x": 832.0, "y": 256.0, "image_xscale": 2.0, "image_yscale": 1.0, "flipX": 1.0, "flipY": 0.0 }, "object": 722.0 }, { "layer": 0.0, "deleted": 0.0, "variables": { "x": 672.0, "flipX": 1.0, "y": 114.5, "flipY": 0.0 }, "object": 376.0 }, { "layer": 0.0, "deleted": 0.0, "variables": { "x": 480.0, "flipX": 0.0, "y": 178.5, "flipY": 0.0 }, "object": 654.0 }, { "layer": 0.0, "deleted": 0.0, "variables": { "x": 320.0, "flipX": 0.0, "y": 160.0, "flipY": 0.0 }, "object": 730.0 }, { "layer": 0.0, "deleted": 0.0, "variables": { "x": -704.0, "flipX": 0.0, "y": 242.5, "flipY": 0.0 }, "object": 376.0 }, { "layer": 0.0, "deleted": 0.0, "variables": { "x": -480.0, "flipX": 0.0, "y": 82.5, "flipY": 0.0 }, "object": 494.0 }, { "layer": 0.0, "deleted": 0.0, "variables": { "x": -224.0, "y": -96.0, "image_xscale": 10.0, "image_yscale": 1.0, "flipX": 0.0, "flipY": 0.0 }, "object": 517.0 }, { "layer": 0.0, "deleted": 0.0, "variables": { "x": 0.0, "flipX": 0.0, "y": 320.0, "flipY": 0.0 }, "object": 804.0 }, { "layer": 0.0, "deleted": 0.0, "variables": { "x": 864.0, "flipX": 0.0, "y": 224.0, "flipY": 0.0 }, "object": 752.0 }, { "layer": 0.0, "deleted": 0.0, "variables": { "x": 832.0, "flipX": 0.0, "y": 224.0, "flipY": 0.0 }, "object": 752.0 }, { "layer": 0.0, "deleted": 0.0, "variables": { "x": -448.0, "flipX": 0.0, "y": 224.0, "flipY": 0.0 }, "object": 752.0 }, { "layer": 0.0, "deleted": 0.0, "variables": { "x": -512.0, "flipX": 0.0, "y": 224.0, "flipY": 0.0 }, "object": 752.0 }, { "layer": 0.0, "deleted": 0.0, "variables": { "x": -480.0, "flipX": 0.0, "y": 192.0, "flipY": 0.0 }, "object": 752.0 }, { "layer": 0.0, "deleted": 0.0, "variables": { "x": -544.0, "flipX": 0.0, "y": 192.0, "flipY": 0.0 }, "object": 752.0 }, { "layer": 0.0, "deleted": 1.0, "variables": { "x": -384.0, "flipX": 1.0, "y": 14.5, "flipY": 0.0 }, "object": 769.0 } ], "tile_data": { "5": { "-256_384": { "coord": [ 14.0, 16.0 ], "autotile_index": 0.0, "tileset": "bg_tilefreezer", "autotile": 0.0 }, "-288_32": { "autotile": 1.0, "autotile_index": 0.0, "tileset": "bg_tilefreezer", "coord": [ 8.0, 2.0 ] }, "320_256": { "coord": [ 3.0, 4.0 ], "autotile_index": 0.0, "tileset": "bg_tilefreezer", "autotile": 1.0 }, "-672_288": { "autotile": 1.0, "autotile_index": 0.0, "tileset": "bg_tilefreezer", "coord": [ 5.0, 0.0 ] }, "512_256": { "coord": [ 4.0, 4.0 ], "autotile_index": 0.0, "tileset": "bg_tilefreezer", "autotile": 1.0 }, "608_192": { "coord": [ 1.0, 21.0 ], "autotile_index": 1.0, "tileset": "bg_tilefreezer", "autotile": 1.0 }, "640_480": { "autotile": 1.0, "autotile_index": 0.0, "tileset": "bg_tilefreezer", "coord": [ 8.0, 2.0 ] }, "-832_128": { "autotile": 1.0, "autotile_index": 0.0, "tileset": "bg_tilefreezer", "coord": [ 8.0, 2.0 ] }, "-256_448": { "coord": [ 8.0, 2.0 ], "autotile_index": 0.0, "tileset": "bg_tilefreezer", "autotile": 1.0 }, "-736_288": { "autotile": 1.0, "autotile_index": 0.0, "tileset": "bg_tilefreezer", "coord": [ 4.0, 0.0 ] }, "-832_0": { "autotile": 1.0, "autotile_index": 0.0, "tileset": "bg_tilefreezer", "coord": [ 8.0, 2.0 ] }, "-640_128": { "coord": [ 12.0, 18.0 ], "autotile_index": 0.0, "tileset": "bg_tilefreezer", "autotile": 0.0 }, "640_-64": { "coord": [ 8.0, 2.0 ], "autotile_index": 0.0, "tileset": "bg_tilefreezer", "autotile": 1.0 }, "-320_160": { "coord": [ 2.0, 1.0 ], "autotile_index": 0.0, "tileset": "bg_tilefreezer", "autotile": 1.0 }, "544_480": { "autotile": 1.0, "autotile_index": 0.0, "tileset": "bg_tilefreezer", "coord": [ 8.0, 2.0 ] }, "0_352": { "coord": [ 2.0, 0.0 ], "autotile_index": 0.0, "tileset": "bg_tilefreezer", "autotile": 1.0 }, "-672_-64": { "coord": [ 8.0, 2.0 ], "autotile_index": 0.0, "tileset": "bg_tilefreezer", "autotile": 1.0 }, "-800_352": { "autotile": 1.0, "autotile_index": 0.0, "tileset": "bg_tilefreezer", "coord": [ 8.0, 2.0 ] }, "-800_64": { "autotile": 1.0, "autotile_index": 0.0, "tileset": "bg_tilefreezer", "coord": [ 5.0, 1.0 ] }, "-704_384": { "autotile": 1.0, "autotile_index": 0.0, "tileset": "bg_tilefreezer", "coord": [ 8.0, 2.0 ] }, "-416_480": { "coord": [ 8.0, 2.0 ], "autotile_index": 0.0, "tileset": "bg_tilefreezer", "autotile": 1.0 }, "832_-32": { "coord": [ 2.0, 4.0 ], "autotile_index": 0.0, "tileset": "bg_tilefreezer", "autotile": 1.0 }, "-480_416": { "autotile": 0.0, "autotile_index": 0.0, "tileset": "bg_tilefreezer", "coord": [ 11.0, 16.0 ] }, "288_416": { "autotile": 1.0, "autotile_index": 0.0, "tileset": "bg_tilefreezer", "coord": [ 2.0, 0.0 ] }, "832_512": { "autotile": 1.0, "autotile_index": 0.0, "tileset": "bg_tilefreezer", "coord": [ 8.0, 2.0 ] }, "512_224": { "coord": [ 2.0, 0.0 ], "autotile_index": 0.0, "tileset": "bg_tilefreezer", "autotile": 1.0 }, "96_-32": { "coord": [ 1.0, 4.0 ], "autotile_index": 0.0, "tileset": "bg_tilefreezer", "autotile": 1.0 }, "-704_480": { "autotile": 1.0, "autotile_index": 0.0, "tileset": "bg_tilefreezer", "coord": [ 8.0, 2.0 ] }, "224_448": { "coord": [ 8.0, 2.0 ], "autotile_index": 0.0, "tileset": "bg_tilefreezer", "autotile": 1.0 }, "448_-64": { "coord": [ 8.0, 2.0 ], "autotile_index": 0.0, "tileset": "bg_tilefreezer", "autotile": 1.0 }, "-832_352": { "autotile": 1.0, "autotile_index": 0.0, "tileset": "bg_tilefreezer", "coord": [ 8.0, 2.0 ] }, "224_480": { "autotile": 1.0, "autotile_index": 0.0, "tileset": "bg_tilefreezer", "coord": [ 8.0, 2.0 ] }, "512_416": { "autotile": 1.0, "autotile_index": 0.0, "tileset": "bg_tilefreezer", "coord": [ 3.0, 0.0 ] }, "-512_160": { "coord": [ 2.0, 4.0 ], "autotile_index": 0.0, "tileset": "bg_tilefreezer", "autotile": 1.0 }, "800_-32": { "coord": [ 2.0, 4.0 ], "autotile_index": 0.0, "tileset": "bg_tilefreezer", "autotile": 1.0 }, "832_416": { "coord": [ 2.0, 0.0 ], "autotile_index": 0.0, "tileset": "bg_tilefreezer", "autotile": 1.0 }, "-256_96": { "coord": [ 5.0, 1.0 ], "autotile_index": 0.0, "tileset": "bg_tilefreezer", "autotile": 1.0 }, "-288_96": { "coord": [ 8.0, 2.0 ], "autotile_index": 0.0, "tileset": "bg_tilefreezer", "autotile": 1.0 }, "288_0": { "coord": [ 3.0, 4.0 ], "autotile_index": 0.0, "tileset": "bg_tilefreezer", "autotile": 1.0 }, "384_512": { "autotile": 1.0, "autotile_index": 0.0, "tileset": "bg_tilefreezer", "coord": [ 8.0, 2.0 ] }, "800_416": { "autotile": 1.0, "autotile_index": 0.0, "tileset": "bg_tilefreezer", "coord": [ 3.0, 0.0 ] }, "-480_384": { "autotile": 0.0, "autotile_index": 0.0, "tileset": "bg_tilefreezer", "coord": [ 11.0, 15.0 ] }, "-416_-32": { "coord": [ 2.0, 4.0 ], "autotile_index": 0.0, "tileset": "bg_tilefreezer", "autotile": 1.0 }, "896_128": { "coord": [ 1.0, 3.0 ], "autotile_index": 0.0, "tileset": "bg_tilefreezer", "autotile": 1.0 }, "-736_480": { "autotile": 1.0, "autotile_index": 0.0, "tileset": "bg_tilefreezer", "coord": [ 8.0, 2.0 ] }, "704_448": { "autotile": 1.0, "autotile_index": 0.0, "tileset": "bg_tilefreezer", "coord": [ 8.0, 2.0 ] }, "96_480": { "autotile": 1.0, "autotile_index": 0.0, "tileset": "bg_tilefreezer", "coord": [ 8.0, 2.0 ] }, "320_224": { "coord": [ 3.0, 0.0 ], "autotile_index": 0.0, "tileset": "bg_tilefreezer", "autotile": 1.0 }, "-736_320": { "autotile": 1.0, "autotile_index": 0.0, "tileset": "bg_tilefreezer", "coord": [ 8.0, 2.0 ] }, "-160_480": { "coord": [ 8.0, 2.0 ], "autotile_index": 0.0, "tileset": "bg_tilefreezer", "autotile": 1.0 }, "-64_416": { "coord": [ 4.0, 3.0 ], "autotile_index": 0.0, "tileset": "bg_tilefreezer", "autotile": 1.0 }, "896_64": { "coord": [ 1.0, 2.0 ], "autotile_index": 0.0, "tileset": "bg_tilefreezer", "autotile": 1.0 }, "-544_160": { "coord": [ 2.0, 4.0 ], "autotile_index": 0.0, "tileset": "bg_tilefreezer", "autotile": 1.0 }, "544_-64": { "coord": [ 8.0, 2.0 ], "autotile_index": 0.0, "tileset": "bg_tilefreezer", "autotile": 1.0 }, "576_192": { "coord": [ 0.0, 21.0 ], "autotile_index": 1.0, "tileset": "bg_tilefreezer", "autotile": 1.0 }, "-288_128": { "coord": [ 8.0, 2.0 ], "autotile_index": 0.0, "tileset": "bg_tilefreezer", "autotile": 1.0 }, "-832_288": { "autotile": 1.0, "autotile_index": 0.0, "tileset": "bg_tilefreezer", "coord": [ 8.0, 2.0 ] }, "-352_-192": { "autotile": 1.0, "autotile_index": 0.0, "tileset": "bg_tilefreezer", "coord": [ 0.0, 0.0 ] }, "-320_416": { "coord": [ 8.0, 2.0 ], "autotile_index": 0.0, "tileset": "bg_tilefreezer", "autotile": 1.0 }, "736_192": { "coord": [ 4.0, 22.0 ], "autotile_index": 1.0, "tileset": "bg_tilefreezer", "autotile": 1.0 }, "-32_352": { "coord": [ 2.0, 0.0 ], "autotile_index": 0.0, "tileset": "bg_tilefreezer", "autotile": 1.0 }, "-320_32": { "coord": [ 8.0, 2.0 ], "autotile_index": 0.0, "tileset": "bg_tilefreezer", "autotile": 1.0 }, "-704_352": { "autotile": 1.0, "autotile_index": 0.0, "tileset": "bg_tilefreezer", "coord": [ 8.0, 2.0 ] }, "-832_256": { "autotile": 1.0, "autotile_index": 0.0, "tileset": "bg_tilefreezer", "coord": [ 8.0, 2.0 ] }, "448_448": { "autotile": 1.0, "autotile_index": 0.0, "tileset": "bg_tilefreezer", "coord": [ 8.0, 2.0 ] }, "32_480": { "autotile": 1.0, "autotile_index": 0.0, "tileset": "bg_tilefreezer", "coord": [ 8.0, 2.0 ] }, "-704_512": { "autotile": 1.0, "autotile_index": 0.0, "tileset": "bg_tilefreezer", "coord": [ 8.0, 2.0 ] }, "-576_480": { "autotile": 1.0, "autotile_index": 0.0, "tileset": "bg_tilefreezer", "coord": [ 8.0, 2.0 ] }, "-576_160": { "autotile": 1.0, "autotile_index": 0.0, "tileset": "bg_tilefreezer", "coord": [ 2.0, 4.0 ] }, "896_224": { "coord": [ 1.0, 2.0 ], "autotile_index": 0.0, "tileset": "bg_tilefreezer", "autotile": 1.0 }, "-320_-128": { "autotile": 1.0, "autotile_index": 0.0, "tileset": "bg_tilefreezer", "coord": [ 0.0, 0.0 ] }, "-256_160": { "coord": [ 5.0, 4.0 ], "autotile_index": 0.0, "tileset": "bg_tilefreezer", "autotile": 1.0 }, "288_320": { "coord": [ 5.0, 4.0 ], "autotile_index": 0.0, "tileset": "bg_tilefreezer", "autotile": 1.0 }, "-352_-32": { "coord": [ 4.0, 1.0 ], "autotile_index": 0.0, "tileset": "bg_tilefreezer", "autotile": 1.0 }, "928_160": { "coord": [ 8.0, 2.0 ], "autotile_index": 0.0, "tileset": "bg_tilefreezer", "autotile": 1.0 }, "512_448": { "autotile": 1.0, "autotile_index": 0.0, "tileset": "bg_tilefreezer", "coord": [ 8.0, 2.0 ] }, "352_-64": { "coord": [ 8.0, 2.0 ], "autotile_index": 0.0, "tileset": "bg_tilefreezer", "autotile": 1.0 }, "608_416": { "autotile": 1.0, "autotile_index": 0.0, "tileset": "bg_tilefreezer", "coord": [ 3.0, 0.0 ] }, "-544_-32": { "coord": [ 3.0, 4.0 ], "autotile_index": 0.0, "tileset": "bg_tilefreezer", "autotile": 1.0 }, "448_480": { "autotile": 1.0, "autotile_index": 0.0, "tileset": "bg_tilefreezer", "coord": [ 8.0, 2.0 ] }, "288_-32": { "coord": [ 8.0, 2.0 ], "autotile_index": 0.0, "tileset": "bg_tilefreezer", "autotile": 1.0 }, "352_448": { "autotile": 1.0, "autotile_index": 0.0, "tileset": "bg_tilefreezer", "coord": [ 8.0, 2.0 ] }, "-800_-32": { "autotile": 1.0, "autotile_index": 0.0, "tileset": "bg_tilefreezer", "coord": [ 2.0, 1.0 ] }, "448_256": { "coord": [ 2.0, 4.0 ], "autotile_index": 0.0, "tileset": "bg_tilefreezer", "autotile": 1.0 }, "928_-32": { "coord": [ 8.0, 2.0 ], "autotile_index": 0.0, "tileset": "bg_tilefreezer", "autotile": 1.0 }, "736_256": { "coord": [ 4.0, 22.0 ], "autotile_index": 1.0, "tileset": "bg_tilefreezer", "autotile": 1.0 }, "448_416": { "autotile": 1.0, "autotile_index": 0.0, "tileset": "bg_tilefreezer", "coord": [ 2.0, 0.0 ] }, "256_320": { "coord": [ 1.0, 4.0 ], "autotile_index": 0.0, "tileset": "bg_tilefreezer", "autotile": 1.0 }, "128_480": { "autotile": 1.0, "autotile_index": 0.0, "tileset": "bg_tilefreezer", "coord": [ 8.0, 2.0 ] }, "704_224": { "coord": [ 3.0, 23.0 ], "autotile_index": 1.0, "tileset": "bg_tilefreezer", "autotile": 1.0 }, "896_512": { "autotile": 1.0, "autotile_index": 0.0, "tileset": "bg_tilefreezer", "coord": [ 8.0, 2.0 ] }, "-352_96": { "coord": [ 1.0, 1.0 ], "autotile_index": 0.0, "tileset": "bg_tilefreezer", "autotile": 1.0 }, "-480_160": { "coord": [ 4.0, 4.0 ], "autotile_index": 0.0, "tileset": "bg_tilefreezer", "autotile": 1.0 }, "-128_480": { "autotile": 1.0, "autotile_index": 0.0, "tileset": "bg_tilefreezer", "coord": [ 8.0, 2.0 ] }, "608_480": { "autotile": 1.0, "autotile_index": 0.0, "tileset": "bg_tilefreezer", "coord": [ 8.0, 2.0 ] }, "320_-32": { "coord": [ 8.0, 2.0 ], "autotile_index": 0.0, "tileset": "bg_tilefreezer", "autotile": 1.0 }, "-672_320": { "autotile": 1.0, "autotile_index": 0.0, "tileset": "bg_tilefreezer", "coord": [ 5.0, 2.0 ] }, "768_32": { "coord": [ 5.0, 4.0 ], "autotile_index": 0.0, "tileset": "bg_tilefreezer", "autotile": 1.0 }, "928_192": { "coord": [ 8.0, 2.0 ], "autotile_index": 0.0, "tileset": "bg_tilefreezer", "autotile": 1.0 }, "-256_0": { "autotile": 1.0, "autotile_index": 0.0, "tileset": "bg_tilefreezer", "coord": [ 5.0, 2.0 ] }, "576_448": { "autotile": 1.0, "autotile_index": 0.0, "tileset": "bg_tilefreezer", "coord": [ 8.0, 2.0 ] }, "96_-64": { "coord": [ 1.0, 2.0 ], "autotile_index": 0.0, "tileset": "bg_tilefreezer", "autotile": 1.0 }, "736_448": { "autotile": 1.0, "autotile_index": 0.0, "tileset": "bg_tilefreezer", "coord": [ 8.0, 2.0 ] }, "-320_192": { "coord": [ 5.0, 1.0 ], "autotile_index": 0.0, "tileset": "bg_tilefreezer", "autotile": 1.0 }, "480_224": { "coord": [ 2.0, 0.0 ], "autotile_index": 0.0, "tileset": "bg_tilefreezer", "autotile": 1.0 }, "-800_384": { "autotile": 1.0, "autotile_index": 0.0, "tileset": "bg_tilefreezer", "coord": [ 8.0, 2.0 ] }, "736_224": { "coord": [ 4.0, 21.0 ], "autotile_index": 1.0, "tileset": "bg_tilefreezer", "autotile": 1.0 }, "-800_-96": { "autotile": 1.0, "autotile_index": 0.0, "tileset": "bg_tilefreezer", "coord": [ 0.0, 0.0 ] }, "832_256": { "coord": [ 11.0, 18.0 ], "autotile_index": 0.0, "tileset": "bg_tilefreezer", "autotile": 0.0 }, "-864_416": { "autotile": 1.0, "autotile_index": 0.0, "tileset": "bg_tilefreezer", "coord": [ 0.0, 0.0 ] }, "32_512": { "autotile": 1.0, "autotile_index": 0.0, "tileset": "bg_tilefreezer", "coord": [ 8.0, 2.0 ] }, "-448_128": { "coord": [ 4.0, 0.0 ], "autotile_index": 0.0, "tileset": "bg_tilefreezer", "autotile": 1.0 }, "768_0": { "coord": [ 5.0, 3.0 ], "autotile_index": 0.0, "tileset": "bg_tilefreezer", "autotile": 1.0 }, "416_512": { "autotile": 1.0, "autotile_index": 0.0, "tileset": "bg_tilefreezer", "coord": [ 8.0, 2.0 ] }, "352_224": { "coord": [ 2.0, 0.0 ], "autotile_index": 0.0, "tileset": "bg_tilefreezer", "autotile": 1.0 }, "-832_224": { "autotile": 1.0, "autotile_index": 0.0, "tileset": "bg_tilefreezer", "coord": [ 8.0, 2.0 ] }, "736_160": { "coord": [ 4.0, 20.0 ], "autotile_index": 1.0, "tileset": "bg_tilefreezer", "autotile": 1.0 }, "-736_-64": { "autotile": 1.0, "autotile_index": 0.0, "tileset": "bg_tilefreezer", "coord": [ 8.0, 2.0 ] }, "896_352": { "coord": [ 1.0, 3.0 ], "autotile_index": 0.0, "tileset": "bg_tilefreezer", "autotile": 1.0 }, "-352_480": { "coord": [ 8.0, 2.0 ], "autotile_index": 0.0, "tileset": "bg_tilefreezer", "autotile": 1.0 }, "256_256": { "coord": [ 1.0, 2.0 ], "autotile_index": 0.0, "tileset": "bg_tilefreezer", "autotile": 1.0 }, "128_-64": { "coord": [ 8.0, 2.0 ], "autotile_index": 0.0, "tileset": "bg_tilefreezer", "autotile": 1.0 }, "736_-64": { "coord": [ 8.0, 2.0 ], "autotile_index": 0.0, "tileset": "bg_tilefreezer", "autotile": 1.0 }, "-32_480": { "autotile": 1.0, "autotile_index": 0.0, "tileset": "bg_tilefreezer", "coord": [ 8.0, 2.0 ] }, "-832_160": { "autotile": 1.0, "autotile_index": 0.0, "tileset": "bg_tilefreezer", "coord": [ 8.0, 2.0 ] }, "-736_512": { "autotile": 1.0, "autotile_index": 0.0, "tileset": "bg_tilefreezer", "coord": [ 8.0, 2.0 ] }, "896_96": { "coord": [ 1.0, 1.0 ], "autotile_index": 0.0, "tileset": "bg_tilefreezer", "autotile": 1.0 }, "704_512": { "autotile": 1.0, "autotile_index": 0.0, "tileset": "bg_tilefreezer", "coord": [ 8.0, 2.0 ] }, "896_-32": { "coord": [ 4.0, 1.0 ], "autotile_index": 0.0, "tileset": "bg_tilefreezer", "autotile": 1.0 }, "-256_512": { "coord": [ 8.0, 2.0 ], "autotile_index": 0.0, "tileset": "bg_tilefreezer", "autotile": 1.0 }, "736_416": { "autotile": 1.0, "autotile_index": 0.0, "tileset": "bg_tilefreezer", "coord": [ 2.0, 0.0 ] }, "64_384": { "coord": [ 8.0, 2.0 ], "autotile_index": 0.0, "tileset": "bg_tilefreezer", "autotile": 1.0 }, "-96_512": { "autotile": 1.0, "autotile_index": 0.0, "tileset": "bg_tilefreezer", "coord": [ 8.0, 2.0 ] }, "-160_448": { "coord": [ 8.0, 2.0 ], "autotile_index": 0.0, "tileset": "bg_tilefreezer", "autotile": 1.0 }, "928_64": { "coord": [ 8.0, 2.0 ], "autotile_index": 0.0, "tileset": "bg_tilefreezer", "autotile": 1.0 }, "-352_192": { "coord": [ 1.0, 1.0 ], "autotile_index": 0.0, "tileset": "bg_tilefreezer", "autotile": 1.0 }, "384_448": { "autotile": 1.0, "autotile_index": 0.0, "tileset": "bg_tilefreezer", "coord": [ 8.0, 2.0 ] }, "-224_480": { "coord": [ 8.0, 2.0 ], "autotile_index": 0.0, "tileset": "bg_tilefreezer", "autotile": 1.0 }, "928_128": { "coord": [ 8.0, 2.0 ], "autotile_index": 0.0, "tileset": "bg_tilefreezer", "autotile": 1.0 }, "608_448": { "autotile": 1.0, "autotile_index": 0.0, "tileset": "bg_tilefreezer", "coord": [ 8.0, 2.0 ] }, "384_0": { "coord": [ 3.0, 4.0 ], "autotile_index": 0.0, "tileset": "bg_tilefreezer", "autotile": 1.0 }, "-672_416": { "autotile": 1.0, "autotile_index": 0.0, "tileset": "bg_tilefreezer", "coord": [ 2.0, 3.0 ] }, "224_0": { "coord": [ 3.0, 4.0 ], "autotile_index": 0.0, "tileset": "bg_tilefreezer", "autotile": 1.0 }, "-832_96": { "autotile": 1.0, "autotile_index": 0.0, "tileset": "bg_tilefreezer", "coord": [ 8.0, 2.0 ] }, "-800_288": { "autotile": 1.0, "autotile_index": 0.0, "tileset": "bg_tilefreezer", "coord": [ 2.0, 3.0 ] }, "576_224": { "coord": [ 0.0, 22.0 ], "autotile_index": 1.0, "tileset": "bg_tilefreezer", "autotile": 1.0 }, "384_-64": { "coord": [ 8.0, 2.0 ], "autotile_index": 0.0, "tileset": "bg_tilefreezer", "autotile": 1.0 }, "896_192": { "coord": [ 1.0, 2.0 ], "autotile_index": 0.0, "tileset": "bg_tilefreezer", "autotile": 1.0 }, "512_512": { "autotile": 1.0, "autotile_index": 0.0, "tileset": "bg_tilefreezer", "coord": [ 8.0, 2.0 ] }, "-480_-64": { "coord": [ 8.0, 2.0 ], "autotile_index": 0.0, "tileset": "bg_tilefreezer", "autotile": 1.0 }, "736_480": { "autotile": 1.0, "autotile_index": 0.0, "tileset": "bg_tilefreezer", "coord": [ 8.0, 2.0 ] }, "-640_-32": { "coord": [ 2.0, 4.0 ], "autotile_index": 0.0, "tileset": "bg_tilefreezer", "autotile": 1.0 }, "224_416": { "coord": [ 4.0, 0.0 ], "autotile_index": 0.0, "tileset": "bg_tilefreezer", "autotile": 1.0 }, "-32_384": { "coord": [ 8.0, 2.0 ], "autotile_index": 0.0, "tileset": "bg_tilefreezer", "autotile": 1.0 }, "928_448": { "coord": [ 8.0, 2.0 ], "autotile_index": 0.0, "tileset": "bg_tilefreezer", "autotile": 1.0 }, "128_512": { "autotile": 1.0, "autotile_index": 0.0, "tileset": "bg_tilefreezer", "coord": [ 8.0, 2.0 ] }, "-704_288": { "autotile": 1.0, "autotile_index": 0.0, "tileset": "bg_tilefreezer", "coord": [ 3.0, 0.0 ] }, "-864_448": { "autotile": 1.0, "autotile_index": 0.0, "tileset": "bg_tilefreezer", "coord": [ 0.0, 0.0 ] }, "-416_-64": { "coord": [ 8.0, 2.0 ], "autotile_index": 0.0, "tileset": "bg_tilefreezer", "autotile": 1.0 }, "-800_224": { "autotile": 1.0, "autotile_index": 0.0, "tileset": "bg_tilefreezer", "coord": [ 5.0, 3.0 ] }, "704_160": { "coord": [ 1.0, 20.0 ], "autotile_index": 1.0, "tileset": "bg_tilefreezer", "autotile": 1.0 }, "192_416": { "coord": [ 4.0, 0.0 ], "autotile_index": 0.0, "tileset": "bg_tilefreezer", "autotile": 1.0 }, "-512_448": { "autotile": 1.0, "autotile_index": 0.0, "tileset": "bg_tilefreezer", "coord": [ 8.0, 2.0 ] }, "160_-64": { "coord": [ 8.0, 2.0 ], "autotile_index": 0.0, "tileset": "bg_tilefreezer", "autotile": 1.0 }, "-256_-64": { "autotile": 1.0, "autotile_index": 0.0, "tileset": "bg_tilefreezer", "coord": [ 5.0, 1.0 ] }, "96_384": { "coord": [ 5.0, 3.0 ], "autotile_index": 0.0, "tileset": "bg_tilefreezer", "autotile": 1.0 }, "-320_448": { "coord": [ 8.0, 2.0 ], "autotile_index": 0.0, "tileset": "bg_tilefreezer", "autotile": 1.0 }, "-832_192": { "autotile": 1.0, "autotile_index": 0.0, "tileset": "bg_tilefreezer", "coord": [ 8.0, 2.0 ] }, "640_160": { "coord": [ 2.0, 20.0 ], "autotile_index": 1.0, "tileset": "bg_tilefreezer", "autotile": 1.0 }, "-192_416": { "coord": [ 15.0, 16.0 ], "autotile_index": 0.0, "tileset": "bg_tilefreezer", "autotile": 0.0 }, "-640_448": { "autotile": 1.0, "autotile_index": 0.0, "tileset": "bg_tilefreezer", "coord": [ 8.0, 2.0 ] }, "928_0": { "coord": [ 8.0, 2.0 ], "autotile_index": 0.0, "tileset": "bg_tilefreezer", "autotile": 1.0 }, "896_480": { "autotile": 1.0, "autotile_index": 0.0, "tileset": "bg_tilefreezer", "coord": [ 8.0, 2.0 ] }, "-288_-64": { "autotile": 1.0, "autotile_index": 0.0, "tileset": "bg_tilefreezer", "coord": [ 8.0, 2.0 ] }, "-480_-96": { "autotile": 1.0, "autotile_index": 0.0, "tileset": "bg_tilefreezer", "coord": [ 0.0, 0.0 ] }, "-576_448": { "autotile": 1.0, "autotile_index": 0.0, "tileset": "bg_tilefreezer", "coord": [ 8.0, 2.0 ] }, "-736_384": { "autotile": 1.0, "autotile_index": 0.0, "tileset": "bg_tilefreezer", "coord": [ 8.0, 2.0 ] }, "64_352": { "coord": [ 4.0, 0.0 ], "autotile_index": 0.0, "tileset": "bg_tilefreezer", "autotile": 1.0 }, "-352_32": { "coord": [ 1.0, 2.0 ], "autotile_index": 0.0, "tileset": "bg_tilefreezer", "autotile": 1.0 }, "-416_512": { "autotile": 1.0, "autotile_index": 0.0, "tileset": "bg_tilefreezer", "coord": [ 8.0, 2.0 ] }, "704_-64": { "coord": [ 8.0, 2.0 ], "autotile_index": 0.0, "tileset": "bg_tilefreezer", "autotile": 1.0 }, "-64_384": { "coord": [ 1.0, 1.0 ], "autotile_index": 0.0, "tileset": "bg_tilefreezer", "autotile": 1.0 }, "928_512": { "autotile": 1.0, "autotile_index": 0.0, "tileset": "bg_tilefreezer", "coord": [ 8.0, 2.0 ] }, "128_-32": { "coord": [ 4.0, 4.0 ], "autotile_index": 0.0, "tileset": "bg_tilefreezer", "autotile": 1.0 }, "-864_384": { "autotile": 1.0, "autotile_index": 0.0, "tileset": "bg_tilefreezer", "coord": [ 0.0, 0.0 ] }, "0_480": { "autotile": 1.0, "autotile_index": 0.0, "tileset": "bg_tilefreezer", "coord": [ 8.0, 2.0 ] }, "-64_512": { "autotile": 1.0, "autotile_index": 0.0, "tileset": "bg_tilefreezer", "coord": [ 8.0, 2.0 ] }, "-608_-64": { "coord": [ 8.0, 2.0 ], "autotile_index": 0.0, "tileset": "bg_tilefreezer", "autotile": 1.0 }, "-800_160": { "autotile": 1.0, "autotile_index": 0.0, "tileset": "bg_tilefreezer", "coord": [ 5.0, 3.0 ] }, "672_-64": { "coord": [ 8.0, 2.0 ], "autotile_index": 0.0, "tileset": "bg_tilefreezer", "autotile": 1.0 }, "-384_-64": { "coord": [ 8.0, 2.0 ], "autotile_index": 0.0, "tileset": "bg_tilefreezer", "autotile": 1.0 }, "64_416": { "coord": [ 8.0, 2.0 ], "autotile_index": 0.0, "tileset": "bg_tilefreezer", "autotile": 1.0 }, "832_448": { "coord": [ 8.0, 2.0 ], "autotile_index": 0.0, "tileset": "bg_tilefreezer", "autotile": 1.0 }, "-768_320": { "autotile": 1.0, "autotile_index": 0.0, "tileset": "bg_tilefreezer", "coord": [ 8.0, 2.0 ] }, "-384_512": { "autotile": 1.0, "autotile_index": 0.0, "tileset": "bg_tilefreezer", "coord": [ 8.0, 2.0 ] }, "-672_128": { "coord": [ 11.0, 18.0 ], "autotile_index": 0.0, "tileset": "bg_tilefreezer", "autotile": 0.0 }, "-608_416": { "autotile": 1.0, "autotile_index": 0.0, "tileset": "bg_tilefreezer", "coord": [ 2.0, 0.0 ] }, "-256_352": { "coord": [ 14.0, 15.0 ], "autotile_index": 0.0, "tileset": "bg_tilefreezer", "autotile": 0.0 }, "0_416": { "coord": [ 8.0, 2.0 ], "autotile_index": 0.0, "tileset": "bg_tilefreezer", "autotile": 1.0 }, "-768_480": { "autotile": 1.0, "autotile_index": 0.0, "tileset": "bg_tilefreezer", "coord": [ 8.0, 2.0 ] }, "672_416": { "autotile": 1.0, "autotile_index": 0.0, "tileset": "bg_tilefreezer", "coord": [ 4.0, 0.0 ] }, "96_352": { "coord": [ 5.0, 0.0 ], "autotile_index": 0.0, "tileset": "bg_tilefreezer", "autotile": 1.0 }, "-832_-32": { "autotile": 1.0, "autotile_index": 0.0, "tileset": "bg_tilefreezer", "coord": [ 8.0, 2.0 ] }, "-832_416": { "autotile": 1.0, "autotile_index": 0.0, "tileset": "bg_tilefreezer", "coord": [ 8.0, 2.0 ] }, "800_512": { "autotile": 1.0, "autotile_index": 0.0, "tileset": "bg_tilefreezer", "coord": [ 8.0, 2.0 ] }, "832_480": { "autotile": 1.0, "autotile_index": 0.0, "tileset": "bg_tilefreezer", "coord": [ 8.0, 2.0 ] }, "-64_352": { "coord": [ 1.0, 0.0 ], "autotile_index": 0.0, "tileset": "bg_tilefreezer", "autotile": 1.0 }, "-800_512": { "autotile": 1.0, "autotile_index": 0.0, "tileset": "bg_tilefreezer", "coord": [ 8.0, 2.0 ] }, "928_384": { "coord": [ 8.0, 2.0 ], "autotile_index": 0.0, "tileset": "bg_tilefreezer", "autotile": 1.0 }, "-352_128": { "coord": [ 4.0, 3.0 ], "autotile_index": 0.0, "tileset": "bg_tilefreezer", "autotile": 1.0 }, "544_-32": { "coord": [ 3.0, 4.0 ], "autotile_index": 0.0, "tileset": "bg_tilefreezer", "autotile": 1.0 }, "896_416": { "coord": [ 4.0, 3.0 ], "autotile_index": 0.0, "tileset": "bg_tilefreezer", "autotile": 1.0 }, "-352_-96": { "autotile": 1.0, "autotile_index": 0.0, "tileset": "bg_tilefreezer", "coord": [ 0.0, 0.0 ] }, "640_256": { "coord": [ 3.0, 24.0 ], "autotile_index": 1.0, "tileset": "bg_tilefreezer", "autotile": 1.0 }, "352_512": { "autotile": 1.0, "autotile_index": 0.0, "tileset": "bg_tilefreezer", "coord": [ 8.0, 2.0 ] }, "-384_416": { "coord": [ 8.0, 2.0 ], "autotile_index": 0.0, "tileset": "bg_tilefreezer", "autotile": 1.0 }, "256_-32": { "coord": [ 8.0, 2.0 ], "autotile_index": 0.0, "tileset": "bg_tilefreezer", "autotile": 1.0 }, "576_160": { "coord": [ 0.0, 20.0 ], "autotile_index": 1.0, "tileset": "bg_tilefreezer", "autotile": 1.0 }, "-288_160": { "coord": [ 4.0, 4.0 ], "autotile_index": 0.0, "tileset": "bg_tilefreezer", "autotile": 1.0 }, "608_-64": { "coord": [ 8.0, 2.0 ], "autotile_index": 0.0, "tileset": "bg_tilefreezer", "autotile": 1.0 }, "832_-64": { "coord": [ 8.0, 2.0 ], "autotile_index": 0.0, "tileset": "bg_tilefreezer", "autotile": 1.0 }, "160_448": { "coord": [ 8.0, 2.0 ], "autotile_index": 0.0, "tileset": "bg_tilefreezer", "autotile": 1.0 }, "-640_416": { "autotile": 1.0, "autotile_index": 0.0, "tileset": "bg_tilefreezer", "coord": [ 4.0, 0.0 ] }, "-320_-32": { "coord": [ 8.0, 2.0 ], "autotile_index": 0.0, "tileset": "bg_tilefreezer", "autotile": 1.0 }, "640_416": { "autotile": 1.0, "autotile_index": 0.0, "tileset": "bg_tilefreezer", "coord": [ 3.0, 0.0 ] }, "512_480": { "autotile": 1.0, "autotile_index": 0.0, "tileset": "bg_tilefreezer", "coord": [ 8.0, 2.0 ] }, "288_480": { "autotile": 1.0, "autotile_index": 0.0, "tileset": "bg_tilefreezer", "coord": [ 8.0, 2.0 ] }, "288_448": { "autotile": 1.0, "autotile_index": 0.0, "tileset": "bg_tilefreezer", "coord": [ 8.0, 2.0 ] }, "-384_448": { "coord": [ 8.0, 2.0 ], "autotile_index": 0.0, "tileset": "bg_tilefreezer", "autotile": 1.0 }, "-32_512": { "autotile": 1.0, "autotile_index": 0.0, "tileset": "bg_tilefreezer", "coord": [ 8.0, 2.0 ] }, "-800_320": { "autotile": 1.0, "autotile_index": 0.0, "tileset": "bg_tilefreezer", "coord": [ 8.0, 2.0 ] }, "-768_448": { "autotile": 1.0, "autotile_index": 0.0, "tileset": "bg_tilefreezer", "coord": [ 8.0, 2.0 ] }, "352_256": { "coord": [ 4.0, 4.0 ], "autotile_index": 0.0, "tileset": "bg_tilefreezer", "autotile": 1.0 }, "-192_512": { "coord": [ 8.0, 2.0 ], "autotile_index": 0.0, "tileset": "bg_tilefreezer", "autotile": 1.0 }, "-128_416": { "coord": [ 4.0, 0.0 ], "autotile_index": 0.0, "tileset": "bg_tilefreezer", "autotile": 1.0 }, "-384_352": { "coord": [ 13.0, 15.0 ], "autotile_index": 0.0, "tileset": "bg_tilefreezer", "autotile": 0.0 }, "480_-64": { "coord": [ 8.0, 2.0 ], "autotile_index": 0.0, "tileset": "bg_tilefreezer", "autotile": 1.0 }, "256_480": { "autotile": 1.0, "autotile_index": 0.0, "tileset": "bg_tilefreezer", "coord": [ 8.0, 2.0 ] }, "864_416": { "coord": [ 3.0, 0.0 ], "autotile_index": 0.0, "tileset": "bg_tilefreezer", "autotile": 1.0 }, "-352_-256": { "autotile": 1.0, "autotile_index": 0.0, "tileset": "bg_tilefreezer", "coord": [ 0.0, 0.0 ] }, "-448_160": { "coord": [ 4.0, 4.0 ], "autotile_index": 0.0, "tileset": "bg_tilefreezer", "autotile": 1.0 }, "736_0": { "coord": [ 8.0, 2.0 ], "autotile_index": 0.0, "tileset": "bg_tilefreezer", "autotile": 1.0 }, "864_512": { "autotile": 1.0, "autotile_index": 0.0, "tileset": "bg_tilefreezer", "coord": [ 8.0, 2.0 ] }, "32_352": { "coord": [ 2.0, 0.0 ], "autotile_index": 0.0, "tileset": "bg_tilefreezer", "autotile": 1.0 }, "-288_384": { "coord": [ 8.0, 2.0 ], "autotile_index": 0.0, "tileset": "bg_tilefreezer", "autotile": 1.0 }, "-384_-32": { "coord": [ 3.0, 4.0 ], "autotile_index": 0.0, "tileset": "bg_tilefreezer", "autotile": 1.0 }, "-288_512": { "coord": [ 8.0, 2.0 ], "autotile_index": 0.0, "tileset": "bg_tilefreezer", "autotile": 1.0 }, "-384_160": { "coord": [ 4.0, 4.0 ], "autotile_index": 0.0, "tileset": "bg_tilefreezer", "autotile": 1.0 }, "-32_416": { "coord": [ 8.0, 2.0 ], "autotile_index": 0.0, "tileset": "bg_tilefreezer", "autotile": 1.0 }, "-704_416": { "autotile": 1.0, "autotile_index": 0.0, "tileset": "bg_tilefreezer", "coord": [ 8.0, 2.0 ] }, "640_448": { "autotile": 1.0, "autotile_index": 0.0, "tileset": "bg_tilefreezer", "coord": [ 8.0, 2.0 ] }, "32_384": { "coord": [ 8.0, 2.0 ], "autotile_index": 0.0, "tileset": "bg_tilefreezer", "autotile": 1.0 }, "864_-64": { "coord": [ 8.0, 2.0 ], "autotile_index": 0.0, "tileset": "bg_tilefreezer", "autotile": 1.0 }, "-832_448": { "autotile": 1.0, "autotile_index": 0.0, "tileset": "bg_tilefreezer", "coord": [ 8.0, 2.0 ] }, "-480_480": { "autotile": 1.0, "autotile_index": 0.0, "tileset": "bg_tilefreezer", "coord": [ 8.0, 2.0 ] }, "512_-32": { "coord": [ 2.0, 1.0 ], "autotile_index": 0.0, "tileset": "bg_tilefreezer", "autotile": 1.0 }, "-832_-64": { "autotile": 1.0, "autotile_index": 0.0, "tileset": "bg_tilefreezer", "coord": [ 8.0, 2.0 ] }, "-672_384": { "autotile": 1.0, "autotile_index": 0.0, "tileset": "bg_tilefreezer", "coord": [ 5.0, 3.0 ] }, "64_512": { "autotile": 1.0, "autotile_index": 0.0, "tileset": "bg_tilefreezer", "coord": [ 8.0, 2.0 ] }, "-320_-224": { "autotile": 1.0, "autotile_index": 0.0, "tileset": "bg_tilefreezer", "coord": [ 0.0, 0.0 ] }, "-416_352": { "coord": [ 12.0, 15.0 ], "autotile_index": 0.0, "tileset": "bg_tilefreezer", "autotile": 0.0 }, "-672_-32": { "coord": [ 3.0, 4.0 ], "autotile_index": 0.0, "tileset": "bg_tilefreezer", "autotile": 1.0 }, "-448_512": { "autotile": 1.0, "autotile_index": 0.0, "tileset": "bg_tilefreezer", "coord": [ 8.0, 2.0 ] }, "576_-64": { "coord": [ 8.0, 2.0 ], "autotile_index": 0.0, "tileset": "bg_tilefreezer", "autotile": 1.0 }, "896_384": { "coord": [ 1.0, 3.0 ], "autotile_index": 0.0, "tileset": "bg_tilefreezer", "autotile": 1.0 }, "256_288": { "coord": [ 1.0, 1.0 ], "autotile_index": 0.0, "tileset": "bg_tilefreezer", "autotile": 1.0 }, "672_192": { "coord": [ 2.0, 21.0 ], "autotile_index": 1.0, "tileset": "bg_tilefreezer", "autotile": 1.0 }, "-224_384": { "coord": [ 14.0, 15.0 ], "autotile_index": 0.0, "tileset": "bg_tilefreezer", "autotile": 0.0 }, "672_32": { "coord": [ 1.0, 4.0 ], "autotile_index": 0.0, "tileset": "bg_tilefreezer", "autotile": 1.0 }, "96_416": { "coord": [ 2.0, 3.0 ], "autotile_index": 0.0, "tileset": "bg_tilefreezer", "autotile": 1.0 }, "160_512": { "autotile": 1.0, "autotile_index": 0.0, "tileset": "bg_tilefreezer", "coord": [ 8.0, 2.0 ] }, "32_448": { "coord": [ 8.0, 2.0 ], "autotile_index": 0.0, "tileset": "bg_tilefreezer", "autotile": 1.0 }, "-544_416": { "autotile": 1.0, "autotile_index": 0.0, "tileset": "bg_tilefreezer", "coord": [ 3.0, 0.0 ] }, "-320_384": { "coord": [ 8.0, 2.0 ], "autotile_index": 0.0, "tileset": "bg_tilefreezer", "autotile": 1.0 }, "-320_352": { "coord": [ 3.0, 0.0 ], "autotile_index": 0.0, "tileset": "bg_tilefreezer", "autotile": 1.0 }, "-352_224": { "coord": [ 1.0, 4.0 ], "autotile_index": 0.0, "tileset": "bg_tilefreezer", "autotile": 1.0 }, "288_-64": { "coord": [ 8.0, 2.0 ], "autotile_index": 0.0, "tileset": "bg_tilefreezer", "autotile": 1.0 }, "-384_480": { "coord": [ 8.0, 2.0 ], "autotile_index": 0.0, "tileset": "bg_tilefreezer", "autotile": 1.0 }, "-512_-32": { "coord": [ 4.0, 4.0 ], "autotile_index": 0.0, "tileset": "bg_tilefreezer", "autotile": 1.0 }, "-704_-64": { "autotile": 1.0, "autotile_index": 0.0, "tileset": "bg_tilefreezer", "coord": [ 8.0, 2.0 ] }, "608_-32": { "coord": [ 4.0, 4.0 ], "autotile_index": 0.0, "tileset": "bg_tilefreezer", "autotile": 1.0 }, "768_448": { "autotile": 1.0, "autotile_index": 0.0, "tileset": "bg_tilefreezer", "coord": [ 8.0, 2.0 ] }, "-320_-64": { "coord": [ 8.0, 2.0 ], "autotile_index": 0.0, "tileset": "bg_tilefreezer", "autotile": 1.0 }, "192_512": { "autotile": 1.0, "autotile_index": 0.0, "tileset": "bg_tilefreezer", "coord": [ 8.0, 2.0 ] }, "-736_-32": { "autotile": 1.0, "autotile_index": 0.0, "tileset": "bg_tilefreezer", "coord": [ 2.0, 4.0 ] }, "-800_256": { "autotile": 1.0, "autotile_index": 0.0, "tileset": "bg_tilefreezer", "coord": [ 5.0, 3.0 ] }, "-448_-96": { "autotile": 1.0, "autotile_index": 0.0, "tileset": "bg_tilefreezer", "coord": [ 0.0, 0.0 ] }, "480_256": { "coord": [ 4.0, 4.0 ], "autotile_index": 0.0, "tileset": "bg_tilefreezer", "autotile": 1.0 }, "-288_416": { "coord": [ 8.0, 2.0 ], "autotile_index": 0.0, "tileset": "bg_tilefreezer", "autotile": 1.0 }, "768_-32": { "coord": [ 2.0, 1.0 ], "autotile_index": 0.0, "tileset": "bg_tilefreezer", "autotile": 1.0 }, "-192_384": { "coord": [ 15.0, 15.0 ], "autotile_index": 0.0, "tileset": "bg_tilefreezer", "autotile": 0.0 }, "640_224": { "coord": [ 2.0, 23.0 ], "autotile_index": 1.0, "tileset": "bg_tilefreezer", "autotile": 1.0 }, "288_512": { "autotile": 1.0, "autotile_index": 0.0, "tileset": "bg_tilefreezer", "coord": [ 8.0, 2.0 ] }, "-768_384": { "autotile": 1.0, "autotile_index": 0.0, "tileset": "bg_tilefreezer", "coord": [ 8.0, 2.0 ] }, "544_448": { "autotile": 1.0, "autotile_index": 0.0, "tileset": "bg_tilefreezer", "coord": [ 8.0, 2.0 ] }, "-864_352": { "autotile": 1.0, "autotile_index": 0.0, "tileset": "bg_tilefreezer", "coord": [ 0.0, 0.0 ] }, "-96_448": { "coord": [ 8.0, 2.0 ], "autotile_index": 0.0, "tileset": "bg_tilefreezer", "autotile": 1.0 }, "-608_128": { "autotile": 1.0, "autotile_index": 0.0, "tileset": "bg_tilefreezer", "coord": [ 1.0, 0.0 ] }, "192_-64": { "coord": [ 8.0, 2.0 ], "autotile_index": 0.0, "tileset": "bg_tilefreezer", "autotile": 1.0 }, "-128_448": { "coord": [ 8.0, 2.0 ], "autotile_index": 0.0, "tileset": "bg_tilefreezer", "autotile": 1.0 }, "-288_-32": { "autotile": 1.0, "autotile_index": 0.0, "tileset": "bg_tilefreezer", "coord": [ 8.0, 2.0 ] }, "352_-32": { "coord": [ 8.0, 2.0 ], "autotile_index": 0.0, "tileset": "bg_tilefreezer", "autotile": 1.0 }, "-288_448": { "coord": [ 8.0, 2.0 ], "autotile_index": 0.0, "tileset": "bg_tilefreezer", "autotile": 1.0 }, "-224_512": { "coord": [ 8.0, 2.0 ], "autotile_index": 0.0, "tileset": "bg_tilefreezer", "autotile": 1.0 }, "-576_-64": { "coord": [ 8.0, 2.0 ], "autotile_index": 0.0, "tileset": "bg_tilefreezer", "autotile": 1.0 }, "-448_-32": { "coord": [ 4.0, 4.0 ], "autotile_index": 0.0, "tileset": "bg_tilefreezer", "autotile": 1.0 }, "704_32": { "coord": [ 4.0, 4.0 ], "autotile_index": 0.0, "tileset": "bg_tilefreezer", "autotile": 1.0 }, "768_-64": { "coord": [ 8.0, 2.0 ], "autotile_index": 0.0, "tileset": "bg_tilefreezer", "autotile": 1.0 }, "768_512": { "autotile": 1.0, "autotile_index": 0.0, "tileset": "bg_tilefreezer", "coord": [ 8.0, 2.0 ] }, "352_416": { "autotile": 1.0, "autotile_index": 0.0, "tileset": "bg_tilefreezer", "coord": [ 3.0, 0.0 ] }, "-96_480": { "autotile": 1.0, "autotile_index": 0.0, "tileset": "bg_tilefreezer", "coord": [ 8.0, 2.0 ] }, "-320_480": { "coord": [ 8.0, 2.0 ], "autotile_index": 0.0, "tileset": "bg_tilefreezer", "autotile": 1.0 }, "-832_480": { "autotile": 1.0, "autotile_index": 0.0, "tileset": "bg_tilefreezer", "coord": [ 8.0, 2.0 ] }, "928_480": { "autotile": 1.0, "autotile_index": 0.0, "tileset": "bg_tilefreezer", "coord": [ 8.0, 2.0 ] }, "448_512": { "autotile": 1.0, "autotile_index": 0.0, "tileset": "bg_tilefreezer", "coord": [ 8.0, 2.0 ] }, "-448_-64": { "coord": [ 8.0, 2.0 ], "autotile_index": 0.0, "tileset": "bg_tilefreezer", "autotile": 1.0 }, "416_256": { "coord": [ 2.0, 4.0 ], "autotile_index": 0.0, "tileset": "bg_tilefreezer", "autotile": 1.0 }, "704_-32": { "coord": [ 8.0, 2.0 ], "autotile_index": 0.0, "tileset": "bg_tilefreezer", "autotile": 1.0 }, "-608_448": { "autotile": 1.0, "autotile_index": 0.0, "tileset": "bg_tilefreezer", "coord": [ 8.0, 2.0 ] }, "-608_480": { "autotile": 1.0, "autotile_index": 0.0, "tileset": "bg_tilefreezer", "coord": [ 8.0, 2.0 ] }, "-800_192": { "autotile": 1.0, "autotile_index": 0.0, "tileset": "bg_tilefreezer", "coord": [ 5.0, 3.0 ] }, "128_448": { "coord": [ 8.0, 2.0 ], "autotile_index": 0.0, "tileset": "bg_tilefreezer", "autotile": 1.0 }, "384_480": { "autotile": 1.0, "autotile_index": 0.0, "tileset": "bg_tilefreezer", "coord": [ 8.0, 2.0 ] }, "-320_-160": { "autotile": 1.0, "autotile_index": 0.0, "tileset": "bg_tilefreezer", "coord": [ 0.0, 0.0 ] }, "864_448": { "coord": [ 8.0, 2.0 ], "autotile_index": 0.0, "tileset": "bg_tilefreezer", "autotile": 1.0 }, "-608_-32": { "coord": [ 4.0, 1.0 ], "autotile_index": 0.0, "tileset": "bg_tilefreezer", "autotile": 1.0 }, "896_32": { "coord": [ 1.0, 2.0 ], "autotile_index": 0.0, "tileset": "bg_tilefreezer", "autotile": 1.0 }, "640_192": { "coord": [ 2.0, 21.0 ], "autotile_index": 1.0, "tileset": "bg_tilefreezer", "autotile": 1.0 }, "416_416": { "autotile": 1.0, "autotile_index": 0.0, "tileset": "bg_tilefreezer", "coord": [ 2.0, 0.0 ] }, "576_256": { "coord": [ 0.0, 24.0 ], "autotile_index": 1.0, "tileset": "bg_tilefreezer", "autotile": 1.0 }, "-416_384": { "coord": [ 12.0, 16.0 ], "autotile_index": 0.0, "tileset": "bg_tilefreezer", "autotile": 0.0 }, "64_448": { "coord": [ 8.0, 2.0 ], "autotile_index": 0.0, "tileset": "bg_tilefreezer", "autotile": 1.0 }, "-768_352": { "autotile": 1.0, "autotile_index": 0.0, "tileset": "bg_tilefreezer", "coord": [ 8.0, 2.0 ] }, "-64_480": { "autotile": 1.0, "autotile_index": 0.0, "tileset": "bg_tilefreezer", "coord": [ 8.0, 2.0 ] }, "-416_448": { "coord": [ 8.0, 2.0 ], "autotile_index": 0.0, "tileset": "bg_tilefreezer", "autotile": 1.0 }, "928_224": { "coord": [ 8.0, 2.0 ], "autotile_index": 0.0, "tileset": "bg_tilefreezer", "autotile": 1.0 }, "672_512": { "autotile": 1.0, "autotile_index": 0.0, "tileset": "bg_tilefreezer", "coord": [ 8.0, 2.0 ] }, "-352_160": { "coord": [ 4.0, 1.0 ], "autotile_index": 0.0, "tileset": "bg_tilefreezer", "autotile": 1.0 }, "704_0": { "coord": [ 8.0, 2.0 ], "autotile_index": 0.0, "tileset": "bg_tilefreezer", "autotile": 1.0 }, "800_480": { "autotile": 1.0, "autotile_index": 0.0, "tileset": "bg_tilefreezer", "coord": [ 8.0, 2.0 ] }, "384_416": { "autotile": 1.0, "autotile_index": 0.0, "tileset": "bg_tilefreezer", "coord": [ 2.0, 0.0 ] }, "-640_480": { "autotile": 1.0, "autotile_index": 0.0, "tileset": "bg_tilefreezer", "coord": [ 8.0, 2.0 ] }, "224_-32": { "coord": [ 8.0, 2.0 ], "autotile_index": 0.0, "tileset": "bg_tilefreezer", "autotile": 1.0 }, "-320_96": { "coord": [ 8.0, 2.0 ], "autotile_index": 0.0, "tileset": "bg_tilefreezer", "autotile": 1.0 }, "416_224": { "coord": [ 3.0, 0.0 ], "autotile_index": 0.0, "tileset": "bg_tilefreezer", "autotile": 1.0 }, "416_0": { "coord": [ 3.0, 4.0 ], "autotile_index": 0.0, "tileset": "bg_tilefreezer", "autotile": 1.0 }, "480_448": { "autotile": 1.0, "autotile_index": 0.0, "tileset": "bg_tilefreezer", "coord": [ 8.0, 2.0 ] }, "-352_416": { "coord": [ 8.0, 2.0 ], "autotile_index": 0.0, "tileset": "bg_tilefreezer", "autotile": 1.0 }, "-704_-32": { "autotile": 1.0, "autotile_index": 0.0, "tileset": "bg_tilefreezer", "coord": [ 2.0, 4.0 ] }, "-384_128": { "coord": [ 2.0, 0.0 ], "autotile_index": 0.0, "tileset": "bg_tilefreezer", "autotile": 1.0 }, "224_-64": { "coord": [ 8.0, 2.0 ], "autotile_index": 0.0, "tileset": "bg_tilefreezer", "autotile": 1.0 }, "160_480": { "autotile": 1.0, "autotile_index": 0.0, "tileset": "bg_tilefreezer", "coord": [ 8.0, 2.0 ] }, "64_480": { "autotile": 1.0, "autotile_index": 0.0, "tileset": "bg_tilefreezer", "coord": [ 8.0, 2.0 ] }, "-704_320": { "autotile": 1.0, "autotile_index": 0.0, "tileset": "bg_tilefreezer", "coord": [ 8.0, 2.0 ] }, "-352_-64": { "coord": [ 8.0, 2.0 ], "autotile_index": 0.0, "tileset": "bg_tilefreezer", "autotile": 1.0 }, "864_480": { "autotile": 1.0, "autotile_index": 0.0, "tileset": "bg_tilefreezer", "coord": [ 8.0, 2.0 ] }, "-544_448": { "autotile": 1.0, "autotile_index": 0.0, "tileset": "bg_tilefreezer", "coord": [ 8.0, 2.0 ] }, "-384_384": { "coord": [ 8.0, 2.0 ], "autotile_index": 0.0, "tileset": "bg_tilefreezer", "autotile": 1.0 }, "320_448": { "autotile": 1.0, "autotile_index": 0.0, "tileset": "bg_tilefreezer", "coord": [ 8.0, 2.0 ] }, "416_448": { "autotile": 1.0, "autotile_index": 0.0, "tileset": "bg_tilefreezer", "coord": [ 8.0, 2.0 ] }, "-416_160": { "coord": [ 3.0, 4.0 ], "autotile_index": 0.0, "tileset": "bg_tilefreezer", "autotile": 1.0 }, "-352_0": { "coord": [ 1.0, 2.0 ], "autotile_index": 0.0, "tileset": "bg_tilefreezer", "autotile": 1.0 }, "480_0": { "coord": [ 4.0, 4.0 ], "autotile_index": 0.0, "tileset": "bg_tilefreezer", "autotile": 1.0 }, "-256_32": { "autotile": 1.0, "autotile_index": 0.0, "tileset": "bg_tilefreezer", "coord": [ 5.0, 3.0 ] }, "-608_0": { "coord": [ 1.0, 4.0 ], "autotile_index": 0.0, "tileset": "bg_tilefreezer", "autotile": 1.0 }, "-480_512": { "autotile": 1.0, "autotile_index": 0.0, "tileset": "bg_tilefreezer", "coord": [ 8.0, 2.0 ] }, "-480_128": { "coord": [ 2.0, 0.0 ], "autotile_index": 0.0, "tileset": "bg_tilefreezer", "autotile": 1.0 }, "480_-32": { "coord": [ 8.0, 2.0 ], "autotile_index": 0.0, "tileset": "bg_tilefreezer", "autotile": 1.0 }, "864_-32": { "coord": [ 2.0, 4.0 ], "autotile_index": 0.0, "tileset": "bg_tilefreezer", "autotile": 1.0 }, "-192_480": { "coord": [ 8.0, 2.0 ], "autotile_index": 0.0, "tileset": "bg_tilefreezer", "autotile": 1.0 }, "0_384": { "coord": [ 8.0, 2.0 ], "autotile_index": 0.0, "tileset": "bg_tilefreezer", "autotile": 1.0 }, "672_288": { "coord": [ 0.0, 24.0 ], "autotile_index": 1.0, "tileset": "bg_tilefreezer", "autotile": 1.0 }, "576_512": { "autotile": 1.0, "autotile_index": 0.0, "tileset": "bg_tilefreezer", "coord": [ 8.0, 2.0 ] }, "-448_480": { "coord": [ 8.0, 2.0 ], "autotile_index": 0.0, "tileset": "bg_tilefreezer", "autotile": 1.0 }, "928_256": { "coord": [ 8.0, 2.0 ], "autotile_index": 0.0, "tileset": "bg_tilefreezer", "autotile": 1.0 }, "480_416": { "autotile": 1.0, "autotile_index": 0.0, "tileset": "bg_tilefreezer", "coord": [ 3.0, 0.0 ] }, "672_160": { "coord": [ 3.0, 20.0 ], "autotile_index": 1.0, "tileset": "bg_tilefreezer", "autotile": 1.0 }, "-352_-224": { "autotile": 1.0, "autotile_index": 0.0, "tileset": "bg_tilefreezer", "coord": [ 0.0, 0.0 ] }, "928_96": { "coord": [ 8.0, 2.0 ], "autotile_index": 0.0, "tileset": "bg_tilefreezer", "autotile": 1.0 }, "-480_-32": { "coord": [ 3.0, 4.0 ], "autotile_index": 0.0, "tileset": "bg_tilefreezer", "autotile": 1.0 }, "-352_352": { "coord": [ 2.0, 0.0 ], "autotile_index": 0.0, "tileset": "bg_tilefreezer", "autotile": 1.0 }, "-800_128": { "autotile": 1.0, "autotile_index": 0.0, "tileset": "bg_tilefreezer", "coord": [ 5.0, 3.0 ] }, "480_480": { "autotile": 1.0, "autotile_index": 0.0, "tileset": "bg_tilefreezer", "coord": [ 8.0, 2.0 ] }, "288_256": { "coord": [ 2.0, 1.0 ], "autotile_index": 0.0, "tileset": "bg_tilefreezer", "autotile": 1.0 }, "-320_128": { "coord": [ 8.0, 2.0 ], "autotile_index": 0.0, "tileset": "bg_tilefreezer", "autotile": 1.0 }, "256_-64": { "coord": [ 8.0, 2.0 ], "autotile_index": 0.0, "tileset": "bg_tilefreezer", "autotile": 1.0 }, "-256_480": { "coord": [ 8.0, 2.0 ], "autotile_index": 0.0, "tileset": "bg_tilefreezer", "autotile": 1.0 }, "-320_0": { "coord": [ 8.0, 2.0 ], "autotile_index": 0.0, "tileset": "bg_tilefreezer", "autotile": 1.0 }, "704_480": { "autotile": 1.0, "autotile_index": 0.0, "tileset": "bg_tilefreezer", "coord": [ 8.0, 2.0 ] }, "544_416": { "autotile": 1.0, "autotile_index": 0.0, "tileset": "bg_tilefreezer", "coord": [ 2.0, 0.0 ] }, "-416_128": { "coord": [ 4.0, 0.0 ], "autotile_index": 0.0, "tileset": "bg_tilefreezer", "autotile": 1.0 }, "736_512": { "autotile": 1.0, "autotile_index": 0.0, "tileset": "bg_tilefreezer", "coord": [ 8.0, 2.0 ] }, "928_320": { "coord": [ 8.0, 2.0 ], "autotile_index": 0.0, "tileset": "bg_tilefreezer", "autotile": 1.0 }, "544_256": { "coord": [ 5.0, 4.0 ], "autotile_index": 0.0, "tileset": "bg_tilefreezer", "autotile": 1.0 }, "896_0": { "coord": [ 1.0, 3.0 ], "autotile_index": 0.0, "tileset": "bg_tilefreezer", "autotile": 1.0 }, "576_-32": { "coord": [ 3.0, 4.0 ], "autotile_index": 0.0, "tileset": "bg_tilefreezer", "autotile": 1.0 }, "928_-64": { "coord": [ 8.0, 2.0 ], "autotile_index": 0.0, "tileset": "bg_tilefreezer", "autotile": 1.0 }, "928_352": { "coord": [ 8.0, 2.0 ], "autotile_index": 0.0, "tileset": "bg_tilefreezer", "autotile": 1.0 }, "448_-32": { "coord": [ 8.0, 2.0 ], "autotile_index": 0.0, "tileset": "bg_tilefreezer", "autotile": 1.0 }, "-320_64": { "coord": [ 8.0, 2.0 ], "autotile_index": 0.0, "tileset": "bg_tilefreezer", "autotile": 1.0 }, "256_512": { "autotile": 1.0, "autotile_index": 0.0, "tileset": "bg_tilefreezer", "coord": [ 8.0, 2.0 ] }, "-832_32": { "autotile": 1.0, "autotile_index": 0.0, "tileset": "bg_tilefreezer", "coord": [ 8.0, 2.0 ] }, "768_416": { "autotile": 1.0, "autotile_index": 0.0, "tileset": "bg_tilefreezer", "coord": [ 2.0, 0.0 ] }, "320_416": { "autotile": 1.0, "autotile_index": 0.0, "tileset": "bg_tilefreezer", "coord": [ 4.0, 0.0 ] }, "256_448": { "autotile": 1.0, "autotile_index": 0.0, "tileset": "bg_tilefreezer", "coord": [ 8.0, 2.0 ] }, "-832_384": { "autotile": 1.0, "autotile_index": 0.0, "tileset": "bg_tilefreezer", "coord": [ 8.0, 2.0 ] }, "-736_416": { "autotile": 1.0, "autotile_index": 0.0, "tileset": "bg_tilefreezer", "coord": [ 8.0, 2.0 ] }, "896_256": { "coord": [ 1.0, 2.0 ], "autotile_index": 0.0, "tileset": "bg_tilefreezer", "autotile": 1.0 }, "704_192": { "coord": [ 3.0, 21.0 ], "autotile_index": 1.0, "tileset": "bg_tilefreezer", "autotile": 1.0 }, "192_480": { "autotile": 1.0, "autotile_index": 0.0, "tileset": "bg_tilefreezer", "coord": [ 8.0, 2.0 ] }, "-512_128": { "coord": [ 2.0, 0.0 ], "autotile_index": 0.0, "tileset": "bg_tilefreezer", "autotile": 1.0 }, "-672_352": { "autotile": 1.0, "autotile_index": 0.0, "tileset": "bg_tilefreezer", "coord": [ 5.0, 2.0 ] }, "-256_-32": { "autotile": 1.0, "autotile_index": 0.0, "tileset": "bg_tilefreezer", "coord": [ 5.0, 1.0 ] }, "512_-64": { "coord": [ 8.0, 2.0 ], "autotile_index": 0.0, "tileset": "bg_tilefreezer", "autotile": 1.0 }, "-320_-256": { "autotile": 1.0, "autotile_index": 0.0, "tileset": "bg_tilefreezer", "coord": [ 0.0, 0.0 ] }, "608_224": { "coord": [ 1.0, 23.0 ], "autotile_index": 1.0, "tileset": "bg_tilefreezer", "autotile": 1.0 }, "608_256": { "coord": [ 2.0, 24.0 ], "autotile_index": 1.0, "tileset": "bg_tilefreezer", "autotile": 1.0 }, "768_480": { "autotile": 1.0, "autotile_index": 0.0, "tileset": "bg_tilefreezer", "coord": [ 8.0, 2.0 ] }, "-352_448": { "coord": [ 8.0, 2.0 ], "autotile_index": 0.0, "tileset": "bg_tilefreezer", "autotile": 1.0 }, "704_288": { "coord": [ 2.0, 24.0 ], "autotile_index": 1.0, "tileset": "bg_tilefreezer", "autotile": 1.0 }, "0_512": { "autotile": 1.0, "autotile_index": 0.0, "tileset": "bg_tilefreezer", "coord": [ 8.0, 2.0 ] }, "-768_288": { "autotile": 1.0, "autotile_index": 0.0, "tileset": "bg_tilefreezer", "coord": [ 2.0, 0.0 ] }, "-512_416": { "autotile": 1.0, "autotile_index": 0.0, "tileset": "bg_tilefreezer", "coord": [ 4.0, 0.0 ] }, "384_256": { "coord": [ 2.0, 4.0 ], "autotile_index": 0.0, "tileset": "bg_tilefreezer", "autotile": 1.0 }, "608_512": { "autotile": 1.0, "autotile_index": 0.0, "tileset": "bg_tilefreezer", "coord": [ 8.0, 2.0 ] }, "672_0": { "coord": [ 1.0, 2.0 ], "autotile_index": 0.0, "tileset": "bg_tilefreezer", "autotile": 1.0 }, "-576_-32": { "coord": [ 2.0, 1.0 ], "autotile_index": 0.0, "tileset": "bg_tilefreezer", "autotile": 1.0 }, "352_0": { "coord": [ 4.0, 4.0 ], "autotile_index": 0.0, "tileset": "bg_tilefreezer", "autotile": 1.0 }, "896_160": { "coord": [ 1.0, 1.0 ], "autotile_index": 0.0, "tileset": "bg_tilefreezer", "autotile": 1.0 }, "928_288": { "coord": [ 8.0, 2.0 ], "autotile_index": 0.0, "tileset": "bg_tilefreezer", "autotile": 1.0 }, "-416_416": { "coord": [ 8.0, 2.0 ], "autotile_index": 0.0, "tileset": "bg_tilefreezer", "autotile": 1.0 }, "-320_-192": { "autotile": 1.0, "autotile_index": 0.0, "tileset": "bg_tilefreezer", "coord": [ 0.0, 0.0 ] }, "-224_448": { "coord": [ 8.0, 2.0 ], "autotile_index": 0.0, "tileset": "bg_tilefreezer", "autotile": 1.0 }, "-768_-64": { "autotile": 1.0, "autotile_index": 0.0, "tileset": "bg_tilefreezer", "coord": [ 8.0, 2.0 ] }, "192_-32": { "coord": [ 4.0, 1.0 ], "autotile_index": 0.0, "tileset": "bg_tilefreezer", "autotile": 1.0 }, "-864_320": { "autotile": 1.0, "autotile_index": 0.0, "tileset": "bg_tilefreezer", "coord": [ 0.0, 0.0 ] }, "-512_-64": { "coord": [ 8.0, 2.0 ], "autotile_index": 0.0, "tileset": "bg_tilefreezer", "autotile": 1.0 }, "128_416": { "coord": [ 3.0, 0.0 ], "autotile_index": 0.0, "tileset": "bg_tilefreezer", "autotile": 1.0 }, "-256_128": { "coord": [ 5.0, 2.0 ], "autotile_index": 0.0, "tileset": "bg_tilefreezer", "autotile": 1.0 }, "160_416": { "coord": [ 2.0, 0.0 ], "autotile_index": 0.0, "tileset": "bg_tilefreezer", "autotile": 1.0 }, "-832_-96": { "autotile": 1.0, "autotile_index": 0.0, "tileset": "bg_tilefreezer", "coord": [ 0.0, 0.0 ] }, "-768_512": { "autotile": 1.0, "autotile_index": 0.0, "tileset": "bg_tilefreezer", "coord": [ 8.0, 2.0 ] }, "896_-64": { "coord": [ 8.0, 2.0 ], "autotile_index": 0.0, "tileset": "bg_tilefreezer", "autotile": 1.0 }, "256_0": { "coord": [ 2.0, 4.0 ], "autotile_index": 0.0, "tileset": "bg_tilefreezer", "autotile": 1.0 }, "-544_-64": { "coord": [ 8.0, 2.0 ], "autotile_index": 0.0, "tileset": "bg_tilefreezer", "autotile": 1.0 }, "-640_-64": { "coord": [ 8.0, 2.0 ], "autotile_index": 0.0, "tileset": "bg_tilefreezer", "autotile": 1.0 }, "352_480": { "autotile": 1.0, "autotile_index": 0.0, "tileset": "bg_tilefreezer", "coord": [ 8.0, 2.0 ] }, "-288_480": { "coord": [ 8.0, 2.0 ], "autotile_index": 0.0, "tileset": "bg_tilefreezer", "autotile": 1.0 }, "-512_512": { "autotile": 1.0, "autotile_index": 0.0, "tileset": "bg_tilefreezer", "coord": [ 8.0, 2.0 ] }, "-544_128": { "coord": [ 4.0, 0.0 ], "autotile_index": 0.0, "tileset": "bg_tilefreezer", "autotile": 1.0 }, "-736_448": { "autotile": 1.0, "autotile_index": 0.0, "tileset": "bg_tilefreezer", "coord": [ 8.0, 2.0 ] }, "608_160": { "coord": [ 2.0, 20.0 ], "autotile_index": 1.0, "tileset": "bg_tilefreezer", "autotile": 1.0 }, "672_480": { "autotile": 1.0, "autotile_index": 0.0, "tileset": "bg_tilefreezer", "coord": [ 8.0, 2.0 ] }, "96_512": { "autotile": 1.0, "autotile_index": 0.0, "tileset": "bg_tilefreezer", "coord": [ 8.0, 2.0 ] }, "-576_0": { "coord": [ 5.0, 4.0 ], "autotile_index": 0.0, "tileset": "bg_tilefreezer", "autotile": 1.0 }, "-672_448": { "autotile": 1.0, "autotile_index": 0.0, "tileset": "bg_tilefreezer", "coord": [ 8.0, 2.0 ] }, "512_0": { "coord": [ 5.0, 4.0 ], "autotile_index": 0.0, "tileset": "bg_tilefreezer", "autotile": 1.0 }, "800_-64": { "coord": [ 8.0, 2.0 ], "autotile_index": 0.0, "tileset": "bg_tilefreezer", "autotile": 1.0 }, "-800_32": { "autotile": 1.0, "autotile_index": 0.0, "tileset": "bg_tilefreezer", "coord": [ 5.0, 1.0 ] }, "-512_480": { "autotile": 1.0, "autotile_index": 0.0, "tileset": "bg_tilefreezer", "coord": [ 8.0, 2.0 ] }, "640_-32": { "coord": [ 4.0, 4.0 ], "autotile_index": 0.0, "tileset": "bg_tilefreezer", "autotile": 1.0 }, "32_416": { "coord": [ 8.0, 2.0 ], "autotile_index": 0.0, "tileset": "bg_tilefreezer", "autotile": 1.0 }, "640_512": { "autotile": 1.0, "autotile_index": 0.0, "tileset": "bg_tilefreezer", "coord": [ 8.0, 2.0 ] }, "-352_64": { "coord": [ 1.0, 3.0 ], "autotile_index": 0.0, "tileset": "bg_tilefreezer", "autotile": 1.0 }, "-352_384": { "coord": [ 8.0, 2.0 ], "autotile_index": 0.0, "tileset": "bg_tilefreezer", "autotile": 1.0 }, "384_224": { "coord": [ 4.0, 0.0 ], "autotile_index": 0.0, "tileset": "bg_tilefreezer", "autotile": 1.0 }, "704_416": { "autotile": 1.0, "autotile_index": 0.0, "tileset": "bg_tilefreezer", "coord": [ 2.0, 0.0 ] }, "-736_352": { "autotile": 1.0, "autotile_index": 0.0, "tileset": "bg_tilefreezer", "coord": [ 8.0, 2.0 ] }, "672_224": { "coord": [ 2.0, 23.0 ], "autotile_index": 1.0, "tileset": "bg_tilefreezer", "autotile": 1.0 }, "256_224": { "coord": [ 1.0, 0.0 ], "autotile_index": 0.0, "tileset": "bg_tilefreezer", "autotile": 1.0 }, "928_416": { "coord": [ 8.0, 2.0 ], "autotile_index": 0.0, "tileset": "bg_tilefreezer", "autotile": 1.0 }, "-672_512": { "autotile": 1.0, "autotile_index": 0.0, "tileset": "bg_tilefreezer", "coord": [ 8.0, 2.0 ] }, "320_0": { "coord": [ 4.0, 4.0 ], "autotile_index": 0.0, "tileset": "bg_tilefreezer", "autotile": 1.0 }, "544_224": { "coord": [ 5.0, 0.0 ], "autotile_index": 0.0, "tileset": "bg_tilefreezer", "autotile": 1.0 }, "736_32": { "coord": [ 2.0, 4.0 ], "autotile_index": 0.0, "tileset": "bg_tilefreezer", "autotile": 1.0 }, "320_512": { "autotile": 1.0, "autotile_index": 0.0, "tileset": "bg_tilefreezer", "coord": [ 8.0, 2.0 ] }, "-448_448": { "coord": [ 8.0, 2.0 ], "autotile_index": 0.0, "tileset": "bg_tilefreezer", "autotile": 1.0 }, "-672_480": { "autotile": 1.0, "autotile_index": 0.0, "tileset": "bg_tilefreezer", "coord": [ 8.0, 2.0 ] }, "320_-64": { "coord": [ 8.0, 2.0 ], "autotile_index": 0.0, "tileset": "bg_tilefreezer", "autotile": 1.0 }, "-800_448": { "autotile": 1.0, "autotile_index": 0.0, "tileset": "bg_tilefreezer", "coord": [ 8.0, 2.0 ] }, "672_448": { "autotile": 1.0, "autotile_index": 0.0, "tileset": "bg_tilefreezer", "coord": [ 8.0, 2.0 ] }, "320_480": { "autotile": 1.0, "autotile_index": 0.0, "tileset": "bg_tilefreezer", "coord": [ 8.0, 2.0 ] }, "448_224": { "coord": [ 4.0, 0.0 ], "autotile_index": 0.0, "tileset": "bg_tilefreezer", "autotile": 1.0 }, "-320_512": { "coord": [ 8.0, 2.0 ], "autotile_index": 0.0, "tileset": "bg_tilefreezer", "autotile": 1.0 }, "-768_416": { "autotile": 1.0, "autotile_index": 0.0, "tileset": "bg_tilefreezer", "coord": [ 8.0, 2.0 ] }, "-32_448": { "coord": [ 8.0, 2.0 ], "autotile_index": 0.0, "tileset": "bg_tilefreezer", "autotile": 1.0 }, "-832_512": { "autotile": 1.0, "autotile_index": 0.0, "tileset": "bg_tilefreezer", "coord": [ 8.0, 2.0 ] }, "-832_64": { "autotile": 1.0, "autotile_index": 0.0, "tileset": "bg_tilefreezer", "coord": [ 8.0, 2.0 ] }, "-480_448": { "autotile": 1.0, "autotile_index": 0.0, "tileset": "bg_tilefreezer", "coord": [ 8.0, 2.0 ] }, "576_480": { "autotile": 1.0, "autotile_index": 0.0, "tileset": "bg_tilefreezer", "coord": [ 8.0, 2.0 ] }, "704_256": { "coord": [ 2.0, 22.0 ], "autotile_index": 1.0, "tileset": "bg_tilefreezer", "autotile": 1.0 }, "-800_0": { "autotile": 1.0, "autotile_index": 0.0, "tileset": "bg_tilefreezer", "coord": [ 5.0, 2.0 ] }, "-800_416": { "autotile": 1.0, "autotile_index": 0.0, "tileset": "bg_tilefreezer", "coord": [ 8.0, 2.0 ] }, "576_416": { "autotile": 1.0, "autotile_index": 0.0, "tileset": "bg_tilefreezer", "coord": [ 3.0, 0.0 ] }, "-352_-160": { "autotile": 1.0, "autotile_index": 0.0, "tileset": "bg_tilefreezer", "coord": [ 0.0, 0.0 ] }, "896_288": { "coord": [ 1.0, 1.0 ], "autotile_index": 0.0, "tileset": "bg_tilefreezer", "autotile": 1.0 }, "256_416": { "autotile": 1.0, "autotile_index": 0.0, "tileset": "bg_tilefreezer", "coord": [ 2.0, 0.0 ] }, "480_512": { "autotile": 1.0, "autotile_index": 0.0, "tileset": "bg_tilefreezer", "coord": [ 8.0, 2.0 ] }, "192_0": { "coord": [ 1.0, 4.0 ], "autotile_index": 0.0, "tileset": "bg_tilefreezer", "autotile": 1.0 }, "896_320": { "coord": [ 1.0, 3.0 ], "autotile_index": 0.0, "tileset": "bg_tilefreezer", "autotile": 1.0 }, "416_-32": { "coord": [ 8.0, 2.0 ], "autotile_index": 0.0, "tileset": "bg_tilefreezer", "autotile": 1.0 }, "736_288": { "coord": [ 4.0, 24.0 ], "autotile_index": 1.0, "tileset": "bg_tilefreezer", "autotile": 1.0 }, "736_-32": { "coord": [ 8.0, 2.0 ], "autotile_index": 0.0, "tileset": "bg_tilefreezer", "autotile": 1.0 }, "-544_512": { "autotile": 1.0, "autotile_index": 0.0, "tileset": "bg_tilefreezer", "coord": [ 8.0, 2.0 ] }, "960_480": { "autotile": 1.0, "autotile_index": 0.0, "tileset": "bg_tilefreezer", "coord": [ 0.0, 0.0 ] }, "-800_-64": { "autotile": 1.0, "autotile_index": 0.0, "tileset": "bg_tilefreezer", "coord": [ 8.0, 2.0 ] }, "-448_384": { "autotile": 0.0, "autotile_index": 0.0, "tileset": "bg_tilefreezer", "coord": [ 12.0, 15.0 ] }, "-608_512": { "autotile": 1.0, "autotile_index": 0.0, "tileset": "bg_tilefreezer", "coord": [ 8.0, 2.0 ] }, "960_512": { "autotile": 1.0, "autotile_index": 0.0, "tileset": "bg_tilefreezer", "coord": [ 0.0, 0.0 ] }, "-768_-32": { "autotile": 1.0, "autotile_index": 0.0, "tileset": "bg_tilefreezer", "coord": [ 2.0, 4.0 ] }, "864_256": { "coord": [ 12.0, 18.0 ], "autotile_index": 0.0, "tileset": "bg_tilefreezer", "autotile": 0.0 }, "-544_480": { "autotile": 1.0, "autotile_index": 0.0, "tileset": "bg_tilefreezer", "coord": [ 8.0, 2.0 ] }, "-224_416": { "coord": [ 8.0, 2.0 ], "autotile_index": 0.0, "tileset": "bg_tilefreezer", "autotile": 1.0 }, "-352_512": { "autotile": 1.0, "autotile_index": 0.0, "tileset": "bg_tilefreezer", "coord": [ 8.0, 2.0 ] }, "-64_448": { "coord": [ 8.0, 2.0 ], "autotile_index": 0.0, "tileset": "bg_tilefreezer", "autotile": 1.0 }, "-800_96": { "autotile": 1.0, "autotile_index": 0.0, "tileset": "bg_tilefreezer", "coord": [ 5.0, 1.0 ] }, "-576_416": { "autotile": 1.0, "autotile_index": 0.0, "tileset": "bg_tilefreezer", "coord": [ 4.0, 0.0 ] }, "-128_512": { "autotile": 1.0, "autotile_index": 0.0, "tileset": "bg_tilefreezer", "coord": [ 8.0, 2.0 ] }, "896_448": { "coord": [ 8.0, 2.0 ], "autotile_index": 0.0, "tileset": "bg_tilefreezer", "autotile": 1.0 }, "416_-64": { "coord": [ 8.0, 2.0 ], "autotile_index": 0.0, "tileset": "bg_tilefreezer", "autotile": 1.0 }, "-160_512": { "coord": [ 8.0, 2.0 ], "autotile_index": 0.0, "tileset": "bg_tilefreezer", "autotile": 1.0 }, "-256_416": { "coord": [ 8.0, 2.0 ], "autotile_index": 0.0, "tileset": "bg_tilefreezer", "autotile": 1.0 }, "160_-32": { "coord": [ 3.0, 4.0 ], "autotile_index": 0.0, "tileset": "bg_tilefreezer", "autotile": 1.0 }, "-640_512": { "autotile": 1.0, "autotile_index": 0.0, "tileset": "bg_tilefreezer", "coord": [ 8.0, 2.0 ] }, "0_448": { "coord": [ 8.0, 2.0 ], "autotile_index": 0.0, "tileset": "bg_tilefreezer", "autotile": 1.0 }, "-288_0": { "autotile": 1.0, "autotile_index": 0.0, "tileset": "bg_tilefreezer", "coord": [ 8.0, 2.0 ] }, "-608_160": { "autotile": 1.0, "autotile_index": 0.0, "tileset": "bg_tilefreezer", "coord": [ 1.0, 4.0 ] }, "-320_-96": { "autotile": 1.0, "autotile_index": 0.0, "tileset": "bg_tilefreezer", "coord": [ 0.0, 0.0 ] }, "192_448": { "coord": [ 8.0, 2.0 ], "autotile_index": 0.0, "tileset": "bg_tilefreezer", "autotile": 1.0 }, "-448_416": { "autotile": 0.0, "autotile_index": 0.0, "tileset": "bg_tilefreezer", "coord": [ 12.0, 16.0 ] }, "416_480": { "autotile": 1.0, "autotile_index": 0.0, "tileset": "bg_tilefreezer", "coord": [ 8.0, 2.0 ] }, "-832_320": { "autotile": 1.0, "autotile_index": 0.0, "tileset": "bg_tilefreezer", "coord": [ 8.0, 2.0 ] }, "-352_-128": { "autotile": 1.0, "autotile_index": 0.0, "tileset": "bg_tilefreezer", "coord": [ 0.0, 0.0 ] }, "-576_512": { "autotile": 1.0, "autotile_index": 0.0, "tileset": "bg_tilefreezer", "coord": [ 8.0, 2.0 ] }, "-96_416": { "coord": [ 4.0, 0.0 ], "autotile_index": 0.0, "tileset": "bg_tilefreezer", "autotile": 1.0 }, "800_448": { "autotile": 1.0, "autotile_index": 0.0, "tileset": "bg_tilefreezer", "coord": [ 8.0, 2.0 ] }, "-800_480": { "autotile": 1.0, "autotile_index": 0.0, "tileset": "bg_tilefreezer", "coord": [ 8.0, 2.0 ] }, "928_32": { "coord": [ 8.0, 2.0 ], "autotile_index": 0.0, "tileset": "bg_tilefreezer", "autotile": 1.0 }, "288_288": { "coord": [ 5.0, 3.0 ], "autotile_index": 0.0, "tileset": "bg_tilefreezer", "autotile": 1.0 }, "-160_416": { "coord": [ 4.0, 0.0 ], "autotile_index": 0.0, "tileset": "bg_tilefreezer", "autotile": 1.0 }, "-192_448": { "coord": [ 8.0, 2.0 ], "autotile_index": 0.0, "tileset": "bg_tilefreezer", "autotile": 1.0 }, "96_448": { "coord": [ 8.0, 2.0 ], "autotile_index": 0.0, "tileset": "bg_tilefreezer", "autotile": 1.0 }, "448_0": { "coord": [ 4.0, 4.0 ], "autotile_index": 0.0, "tileset": "bg_tilefreezer", "autotile": 1.0 }, "288_224": { "coord": [ 2.0, 0.0 ], "autotile_index": 0.0, "tileset": "bg_tilefreezer", "autotile": 1.0 }, "-320_224": { "coord": [ 5.0, 4.0 ], "autotile_index": 0.0, "tileset": "bg_tilefreezer", "autotile": 1.0 }, "-256_64": { "autotile": 1.0, "autotile_index": 0.0, "tileset": "bg_tilefreezer", "coord": [ 5.0, 1.0 ] }, "672_256": { "coord": [ 7.0, 20.0 ], "autotile_index": 1.0, "tileset": "bg_tilefreezer", "autotile": 1.0 }, "-704_448": { "autotile": 1.0, "autotile_index": 0.0, "tileset": "bg_tilefreezer", "coord": [ 8.0, 2.0 ] }, "384_-32": { "coord": [ 8.0, 2.0 ], "autotile_index": 0.0, "tileset": "bg_tilefreezer", "autotile": 1.0 }, "-288_352": { "coord": [ 13.0, 15.0 ], "autotile_index": 0.0, "tileset": "bg_tilefreezer", "autotile": 0.0 }, "672_-32": { "coord": [ 4.0, 1.0 ], "autotile_index": 0.0, "tileset": "bg_tilefreezer", "autotile": 1.0 }, "-576_128": { "autotile": 1.0, "autotile_index": 0.0, "tileset": "bg_tilefreezer", "coord": [ 3.0, 0.0 ] }, "544_512": { "autotile": 1.0, "autotile_index": 0.0, "tileset": "bg_tilefreezer", "coord": [ 8.0, 2.0 ] }, "-288_64": { "autotile": 1.0, "autotile_index": 0.0, "tileset": "bg_tilefreezer", "coord": [ 8.0, 2.0 ] }, "224_512": { "autotile": 1.0, "autotile_index": 0.0, "tileset": "bg_tilefreezer", "coord": [ 8.0, 2.0 ] } } }, "backgrounds": { "5": { "x": 0.0, "scroll_x": 0.80000000000000004440892098500626, "tile_y": 1.0, "hspeed": 0.0, "scroll_y": 0.80000000000000004440892098500626, "panic_sprite": -1.0, "y": 0.0, "sprite": "bg_freezer2", "tile_x": 1.0, "vspeed": 0.5, "image_speed": 15.0 }, "6": { "x": 0.0, "scroll_x": 0.75, "tile_y": 0.0, "hspeed": 0.0, "scroll_y": 0.75, "panic_sprite": -1.0, "y": 0.0, "sprite": "cold_bg1", "tile_x": 1.0, "vspeed": 0.0, "image_speed": 15.0 }, "-1": { "x": 466.0, "scroll_x": 1.3999999999999999111821580299875, "tile_y": 0.0, "hspeed": 0.0, "scroll_y": 1.1999999999999999555910790149937, "panic_sprite": -1.0, "y": 1212.0, "sprite": "bg_freezerfront1", "tile_x": 1.0, "vspeed": 0.0, "image_speed": 15.0 }, "7": { "x": 0.0, "scroll_x": 1.0, "tile_y": 1.0, "hspeed": 0.0, "scroll_y": 1.0, "panic_sprite": -1.0, "y": 0.0, "sprite": "cold_bg2", "tile_x": 1.0, "vspeed": 0.0, "image_speed": 15.0 } }, "properties": { "song": "event:\/music\/w4\/freezer", "roomX": -832.0, "levelWidth": 960.0, "roomY": -64.0, "levelHeight": 540.0, "songTransitionTime": 100.0 } }