{ "editorVersion": 5.0, "instances": [ { "layer": 0.0, "deleted": 0.0, "variables": { "x": -384.0, "y": 224.0, "image_xscale": 42.0, "image_yscale": 10.0, "flipX": 0.0, "flipY": 0.0 }, "object": 517.0 } ], "tile_data": { "5": { "-256_384": { "autotile": 1.0, "autotile_index": 0.0, "tileset": "bg_tilefreezer", "coord": [ 8.0, 2.0 ] }, "192_352": { "autotile": 1.0, "autotile_index": 0.0, "tileset": "bg_tilefreezer", "coord": [ 8.0, 2.0 ] }, "320_256": { "coord": [ 8.0, 2.0 ], "autotile_index": 0.0, "tileset": "bg_tilefreezer", "autotile": 1.0 }, "512_256": { "coord": [ 8.0, 2.0 ], "autotile_index": 0.0, "tileset": "bg_tilefreezer", "autotile": 1.0 }, "640_480": { "autotile": 1.0, "autotile_index": 0.0, "tileset": "bg_tilefreezer", "coord": [ 8.0, 2.0 ] }, "448_384": { "autotile": 1.0, "autotile_index": 0.0, "tileset": "bg_tilefreezer", "coord": [ 8.0, 2.0 ] }, "800_320": { "coord": [ 8.0, 2.0 ], "autotile_index": 0.0, "tileset": "bg_tilefreezer", "autotile": 1.0 }, "-32_288": { "coord": [ 8.0, 2.0 ], "autotile_index": 0.0, "tileset": "bg_tilefreezer", "autotile": 1.0 }, "160_320": { "coord": [ 8.0, 2.0 ], "autotile_index": 0.0, "tileset": "bg_tilefreezer", "autotile": 1.0 }, "544_320": { "coord": [ 8.0, 2.0 ], "autotile_index": 0.0, "tileset": "bg_tilefreezer", "autotile": 1.0 }, "-256_448": { "coord": [ 8.0, 2.0 ], "autotile_index": 0.0, "tileset": "bg_tilefreezer", "autotile": 1.0 }, "864_288": { "coord": [ 8.0, 2.0 ], "autotile_index": 0.0, "tileset": "bg_tilefreezer", "autotile": 1.0 }, "544_480": { "autotile": 1.0, "autotile_index": 0.0, "tileset": "bg_tilefreezer", "coord": [ 8.0, 2.0 ] }, "0_352": { "autotile": 1.0, "autotile_index": 0.0, "tileset": "bg_tilefreezer", "coord": [ 8.0, 2.0 ] }, "-224_224": { "coord": [ 3.0, 0.0 ], "autotile_index": 0.0, "tileset": "bg_tilefreezer", "autotile": 1.0 }, "-96_224": { "coord": [ 2.0, 0.0 ], "autotile_index": 0.0, "tileset": "bg_tilefreezer", "autotile": 1.0 }, "32_320": { "coord": [ 8.0, 2.0 ], "autotile_index": 0.0, "tileset": "bg_tilefreezer", "autotile": 1.0 }, "576_352": { "autotile": 1.0, "autotile_index": 0.0, "tileset": "bg_tilefreezer", "coord": [ 8.0, 2.0 ] }, "224_256": { "coord": [ 8.0, 2.0 ], "autotile_index": 0.0, "tileset": "bg_tilefreezer", "autotile": 1.0 }, "608_352": { "autotile": 1.0, "autotile_index": 0.0, "tileset": "bg_tilefreezer", "coord": [ 8.0, 2.0 ] }, "288_416": { "coord": [ 8.0, 2.0 ], "autotile_index": 0.0, "tileset": "bg_tilefreezer", "autotile": 1.0 }, "832_512": { "autotile": 1.0, "autotile_index": 0.0, "tileset": "bg_tilefreezer", "coord": [ 8.0, 2.0 ] }, "512_224": { "coord": [ 4.0, 0.0 ], "autotile_index": 0.0, "tileset": "bg_tilefreezer", "autotile": 1.0 }, "512_352": { "autotile": 1.0, "autotile_index": 0.0, "tileset": "bg_tilefreezer", "coord": [ 8.0, 2.0 ] }, "768_256": { "coord": [ 8.0, 2.0 ], "autotile_index": 0.0, "tileset": "bg_tilefreezer", "autotile": 1.0 }, "-224_352": { "autotile": 1.0, "autotile_index": 0.0, "tileset": "bg_tilefreezer", "coord": [ 8.0, 2.0 ] }, "832_224": { "coord": [ 2.0, 0.0 ], "autotile_index": 0.0, "tileset": "bg_tilefreezer", "autotile": 1.0 }, "704_352": { "autotile": 1.0, "autotile_index": 0.0, "tileset": "bg_tilefreezer", "coord": [ 8.0, 2.0 ] }, "640_352": { "autotile": 1.0, "autotile_index": 0.0, "tileset": "bg_tilefreezer", "coord": [ 8.0, 2.0 ] }, "224_448": { "coord": [ 8.0, 2.0 ], "autotile_index": 0.0, "tileset": "bg_tilefreezer", "autotile": 1.0 }, "224_480": { "autotile": 1.0, "autotile_index": 0.0, "tileset": "bg_tilefreezer", "coord": [ 8.0, 2.0 ] }, "512_416": { "coord": [ 8.0, 2.0 ], "autotile_index": 0.0, "tileset": "bg_tilefreezer", "autotile": 1.0 }, "800_352": { "autotile": 1.0, "autotile_index": 0.0, "tileset": "bg_tilefreezer", "coord": [ 8.0, 2.0 ] }, "832_416": { "coord": [ 8.0, 2.0 ], "autotile_index": 0.0, "tileset": "bg_tilefreezer", "autotile": 1.0 }, "384_512": { "autotile": 1.0, "autotile_index": 0.0, "tileset": "bg_tilefreezer", "coord": [ 8.0, 2.0 ] }, "864_224": { "coord": [ 2.0, 0.0 ], "autotile_index": 0.0, "tileset": "bg_tilefreezer", "autotile": 1.0 }, "800_416": { "coord": [ 8.0, 2.0 ], "autotile_index": 0.0, "tileset": "bg_tilefreezer", "autotile": 1.0 }, "128_320": { "coord": [ 8.0, 2.0 ], "autotile_index": 0.0, "tileset": "bg_tilefreezer", "autotile": 1.0 }, "-128_288": { "coord": [ 8.0, 2.0 ], "autotile_index": 0.0, "tileset": "bg_tilefreezer", "autotile": 1.0 }, "-160_352": { "autotile": 1.0, "autotile_index": 0.0, "tileset": "bg_tilefreezer", "coord": [ 8.0, 2.0 ] }, "704_448": { "coord": [ 8.0, 2.0 ], "autotile_index": 0.0, "tileset": "bg_tilefreezer", "autotile": 1.0 }, "96_480": { "autotile": 1.0, "autotile_index": 0.0, "tileset": "bg_tilefreezer", "coord": [ 8.0, 2.0 ] }, "320_224": { "coord": [ 3.0, 0.0 ], "autotile_index": 0.0, "tileset": "bg_tilefreezer", "autotile": 1.0 }, "-96_256": { "coord": [ 8.0, 2.0 ], "autotile_index": 0.0, "tileset": "bg_tilefreezer", "autotile": 1.0 }, "224_384": { "autotile": 1.0, "autotile_index": 0.0, "tileset": "bg_tilefreezer", "coord": [ 8.0, 2.0 ] }, "-160_480": { "autotile": 1.0, "autotile_index": 0.0, "tileset": "bg_tilefreezer", "coord": [ 8.0, 2.0 ] }, "-64_416": { "coord": [ 8.0, 2.0 ], "autotile_index": 0.0, "tileset": "bg_tilefreezer", "autotile": 1.0 }, "576_320": { "coord": [ 8.0, 2.0 ], "autotile_index": 0.0, "tileset": "bg_tilefreezer", "autotile": 1.0 }, "-320_416": { "coord": [ 8.0, 2.0 ], "autotile_index": 0.0, "tileset": "bg_tilefreezer", "autotile": 1.0 }, "-32_352": { "autotile": 1.0, "autotile_index": 0.0, "tileset": "bg_tilefreezer", "coord": [ 8.0, 2.0 ] }, "448_448": { "coord": [ 8.0, 2.0 ], "autotile_index": 0.0, "tileset": "bg_tilefreezer", "autotile": 1.0 }, "32_480": { "autotile": 1.0, "autotile_index": 0.0, "tileset": "bg_tilefreezer", "coord": [ 8.0, 2.0 ] }, "896_224": { "coord": [ 2.0, 0.0 ], "autotile_index": 0.0, "tileset": "bg_tilefreezer", "autotile": 1.0 }, "288_320": { "coord": [ 8.0, 2.0 ], "autotile_index": 0.0, "tileset": "bg_tilefreezer", "autotile": 1.0 }, "800_224": { "coord": [ 3.0, 0.0 ], "autotile_index": 0.0, "tileset": "bg_tilefreezer", "autotile": 1.0 }, "512_448": { "coord": [ 8.0, 2.0 ], "autotile_index": 0.0, "tileset": "bg_tilefreezer", "autotile": 1.0 }, "512_384": { "autotile": 1.0, "autotile_index": 0.0, "tileset": "bg_tilefreezer", "coord": [ 8.0, 2.0 ] }, "608_416": { "coord": [ 8.0, 2.0 ], "autotile_index": 0.0, "tileset": "bg_tilefreezer", "autotile": 1.0 }, "448_480": { "autotile": 1.0, "autotile_index": 0.0, "tileset": "bg_tilefreezer", "coord": [ 8.0, 2.0 ] }, "416_288": { "coord": [ 8.0, 2.0 ], "autotile_index": 0.0, "tileset": "bg_tilefreezer", "autotile": 1.0 }, "352_448": { "coord": [ 8.0, 2.0 ], "autotile_index": 0.0, "tileset": "bg_tilefreezer", "autotile": 1.0 }, "32_224": { "coord": [ 4.0, 0.0 ], "autotile_index": 0.0, "tileset": "bg_tilefreezer", "autotile": 1.0 }, "448_256": { "coord": [ 8.0, 2.0 ], "autotile_index": 0.0, "tileset": "bg_tilefreezer", "autotile": 1.0 }, "736_256": { "coord": [ 8.0, 2.0 ], "autotile_index": 0.0, "tileset": "bg_tilefreezer", "autotile": 1.0 }, "448_416": { "coord": [ 8.0, 2.0 ], "autotile_index": 0.0, "tileset": "bg_tilefreezer", "autotile": 1.0 }, "832_288": { "coord": [ 8.0, 2.0 ], "autotile_index": 0.0, "tileset": "bg_tilefreezer", "autotile": 1.0 }, "-288_320": { "coord": [ 8.0, 2.0 ], "autotile_index": 0.0, "tileset": "bg_tilefreezer", "autotile": 1.0 }, "256_320": { "coord": [ 8.0, 2.0 ], "autotile_index": 0.0, "tileset": "bg_tilefreezer", "autotile": 1.0 }, "128_480": { "autotile": 1.0, "autotile_index": 0.0, "tileset": "bg_tilefreezer", "coord": [ 8.0, 2.0 ] }, "-192_256": { "coord": [ 8.0, 2.0 ], "autotile_index": 0.0, "tileset": "bg_tilefreezer", "autotile": 1.0 }, "512_320": { "coord": [ 8.0, 2.0 ], "autotile_index": 0.0, "tileset": "bg_tilefreezer", "autotile": 1.0 }, "736_352": { "autotile": 1.0, "autotile_index": 0.0, "tileset": "bg_tilefreezer", "coord": [ 8.0, 2.0 ] }, "704_224": { "coord": [ 4.0, 0.0 ], "autotile_index": 0.0, "tileset": "bg_tilefreezer", "autotile": 1.0 }, "896_512": { "autotile": 1.0, "autotile_index": 0.0, "tileset": "bg_tilefreezer", "coord": [ 8.0, 2.0 ] }, "832_320": { "coord": [ 8.0, 2.0 ], "autotile_index": 0.0, "tileset": "bg_tilefreezer", "autotile": 1.0 }, "-128_480": { "autotile": 1.0, "autotile_index": 0.0, "tileset": "bg_tilefreezer", "coord": [ 8.0, 2.0 ] }, "608_480": { "autotile": 1.0, "autotile_index": 0.0, "tileset": "bg_tilefreezer", "coord": [ 8.0, 2.0 ] }, "576_448": { "coord": [ 8.0, 2.0 ], "autotile_index": 0.0, "tileset": "bg_tilefreezer", "autotile": 1.0 }, "640_320": { "coord": [ 8.0, 2.0 ], "autotile_index": 0.0, "tileset": "bg_tilefreezer", "autotile": 1.0 }, "736_448": { "coord": [ 8.0, 2.0 ], "autotile_index": 0.0, "tileset": "bg_tilefreezer", "autotile": 1.0 }, "480_224": { "coord": [ 4.0, 0.0 ], "autotile_index": 0.0, "tileset": "bg_tilefreezer", "autotile": 1.0 }, "-128_256": { "coord": [ 8.0, 2.0 ], "autotile_index": 0.0, "tileset": "bg_tilefreezer", "autotile": 1.0 }, "832_256": { "coord": [ 8.0, 2.0 ], "autotile_index": 0.0, "tileset": "bg_tilefreezer", "autotile": 1.0 }, "736_224": { "coord": [ 3.0, 0.0 ], "autotile_index": 0.0, "tileset": "bg_tilefreezer", "autotile": 1.0 }, "-288_288": { "coord": [ 8.0, 2.0 ], "autotile_index": 0.0, "tileset": "bg_tilefreezer", "autotile": 1.0 }, "256_352": { "autotile": 1.0, "autotile_index": 0.0, "tileset": "bg_tilefreezer", "coord": [ 8.0, 2.0 ] }, "32_512": { "autotile": 1.0, "autotile_index": 0.0, "tileset": "bg_tilefreezer", "coord": [ 8.0, 2.0 ] }, "672_352": { "autotile": 1.0, "autotile_index": 0.0, "tileset": "bg_tilefreezer", "coord": [ 8.0, 2.0 ] }, "416_512": { "autotile": 1.0, "autotile_index": 0.0, "tileset": "bg_tilefreezer", "coord": [ 8.0, 2.0 ] }, "352_224": { "coord": [ 4.0, 0.0 ], "autotile_index": 0.0, "tileset": "bg_tilefreezer", "autotile": 1.0 }, "-352_256": { "coord": [ 8.0, 2.0 ], "autotile_index": 0.0, "tileset": "bg_tilefreezer", "autotile": 1.0 }, "896_352": { "autotile": 1.0, "autotile_index": 0.0, "tileset": "bg_tilefreezer", "coord": [ 8.0, 2.0 ] }, "-352_480": { "autotile": 1.0, "autotile_index": 0.0, "tileset": "bg_tilefreezer", "coord": [ 8.0, 2.0 ] }, "256_256": { "coord": [ 8.0, 2.0 ], "autotile_index": 0.0, "tileset": "bg_tilefreezer", "autotile": 1.0 }, "640_288": { "coord": [ 8.0, 2.0 ], "autotile_index": 0.0, "tileset": "bg_tilefreezer", "autotile": 1.0 }, "-288_224": { "coord": [ 4.0, 0.0 ], "autotile_index": 0.0, "tileset": "bg_tilefreezer", "autotile": 1.0 }, "-32_480": { "autotile": 1.0, "autotile_index": 0.0, "tileset": "bg_tilefreezer", "coord": [ 8.0, 2.0 ] }, "832_384": { "autotile": 1.0, "autotile_index": 0.0, "tileset": "bg_tilefreezer", "coord": [ 8.0, 2.0 ] }, "704_512": { "autotile": 1.0, "autotile_index": 0.0, "tileset": "bg_tilefreezer", "coord": [ 8.0, 2.0 ] }, "-256_512": { "autotile": 1.0, "autotile_index": 0.0, "tileset": "bg_tilefreezer", "coord": [ 8.0, 2.0 ] }, "736_416": { "coord": [ 8.0, 2.0 ], "autotile_index": 0.0, "tileset": "bg_tilefreezer", "autotile": 1.0 }, "64_384": { "autotile": 1.0, "autotile_index": 0.0, "tileset": "bg_tilefreezer", "coord": [ 8.0, 2.0 ] }, "160_384": { "autotile": 1.0, "autotile_index": 0.0, "tileset": "bg_tilefreezer", "coord": [ 8.0, 2.0 ] }, "-96_512": { "autotile": 1.0, "autotile_index": 0.0, "tileset": "bg_tilefreezer", "coord": [ 8.0, 2.0 ] }, "-160_448": { "coord": [ 8.0, 2.0 ], "autotile_index": 0.0, "tileset": "bg_tilefreezer", "autotile": 1.0 }, "384_448": { "coord": [ 8.0, 2.0 ], "autotile_index": 0.0, "tileset": "bg_tilefreezer", "autotile": 1.0 }, "-224_480": { "autotile": 1.0, "autotile_index": 0.0, "tileset": "bg_tilefreezer", "coord": [ 8.0, 2.0 ] }, "-160_384": { "autotile": 1.0, "autotile_index": 0.0, "tileset": "bg_tilefreezer", "coord": [ 8.0, 2.0 ] }, "768_384": { "autotile": 1.0, "autotile_index": 0.0, "tileset": "bg_tilefreezer", "coord": [ 8.0, 2.0 ] }, "608_448": { "coord": [ 8.0, 2.0 ], "autotile_index": 0.0, "tileset": "bg_tilefreezer", "autotile": 1.0 }, "192_320": { "coord": [ 8.0, 2.0 ], "autotile_index": 0.0, "tileset": "bg_tilefreezer", "autotile": 1.0 }, "-128_352": { "autotile": 1.0, "autotile_index": 0.0, "tileset": "bg_tilefreezer", "coord": [ 8.0, 2.0 ] }, "800_288": { "coord": [ 8.0, 2.0 ], "autotile_index": 0.0, "tileset": "bg_tilefreezer", "autotile": 1.0 }, "-256_224": { "coord": [ 2.0, 0.0 ], "autotile_index": 0.0, "tileset": "bg_tilefreezer", "autotile": 1.0 }, "-160_224": { "coord": [ 4.0, 0.0 ], "autotile_index": 0.0, "tileset": "bg_tilefreezer", "autotile": 1.0 }, "576_224": { "coord": [ 2.0, 0.0 ], "autotile_index": 0.0, "tileset": "bg_tilefreezer", "autotile": 1.0 }, "512_512": { "autotile": 1.0, "autotile_index": 0.0, "tileset": "bg_tilefreezer", "coord": [ 8.0, 2.0 ] }, "736_480": { "autotile": 1.0, "autotile_index": 0.0, "tileset": "bg_tilefreezer", "coord": [ 8.0, 2.0 ] }, "-64_256": { "coord": [ 8.0, 2.0 ], "autotile_index": 0.0, "tileset": "bg_tilefreezer", "autotile": 1.0 }, "224_416": { "coord": [ 8.0, 2.0 ], "autotile_index": 0.0, "tileset": "bg_tilefreezer", "autotile": 1.0 }, "-160_288": { "coord": [ 8.0, 2.0 ], "autotile_index": 0.0, "tileset": "bg_tilefreezer", "autotile": 1.0 }, "-32_384": { "autotile": 1.0, "autotile_index": 0.0, "tileset": "bg_tilefreezer", "coord": [ 8.0, 2.0 ] }, "928_448": { "coord": [ 8.0, 2.0 ], "autotile_index": 0.0, "tileset": "bg_tilefreezer", "autotile": 1.0 }, "128_512": { "autotile": 1.0, "autotile_index": 0.0, "tileset": "bg_tilefreezer", "coord": [ 8.0, 2.0 ] }, "192_416": { "coord": [ 8.0, 2.0 ], "autotile_index": 0.0, "tileset": "bg_tilefreezer", "autotile": 1.0 }, "288_384": { "autotile": 1.0, "autotile_index": 0.0, "tileset": "bg_tilefreezer", "coord": [ 8.0, 2.0 ] }, "96_384": { "autotile": 1.0, "autotile_index": 0.0, "tileset": "bg_tilefreezer", "coord": [ 8.0, 2.0 ] }, "-320_448": { "coord": [ 8.0, 2.0 ], "autotile_index": 0.0, "tileset": "bg_tilefreezer", "autotile": 1.0 }, "-192_416": { "coord": [ 8.0, 2.0 ], "autotile_index": 0.0, "tileset": "bg_tilefreezer", "autotile": 1.0 }, "512_288": { "coord": [ 8.0, 2.0 ], "autotile_index": 0.0, "tileset": "bg_tilefreezer", "autotile": 1.0 }, "896_480": { "autotile": 1.0, "autotile_index": 0.0, "tileset": "bg_tilefreezer", "coord": [ 8.0, 2.0 ] }, "960_384": { "coord": [ 0.0, 0.0 ], "autotile_index": 0.0, "tileset": "bg_tilefreezer", "autotile": 1.0 }, "32_256": { "coord": [ 8.0, 2.0 ], "autotile_index": 0.0, "tileset": "bg_tilefreezer", "autotile": 1.0 }, "64_352": { "autotile": 1.0, "autotile_index": 0.0, "tileset": "bg_tilefreezer", "coord": [ 8.0, 2.0 ] }, "608_384": { "autotile": 1.0, "autotile_index": 0.0, "tileset": "bg_tilefreezer", "coord": [ 8.0, 2.0 ] }, "928_512": { "autotile": 1.0, "autotile_index": 0.0, "tileset": "bg_tilefreezer", "coord": [ 8.0, 2.0 ] }, "-64_384": { "autotile": 1.0, "autotile_index": 0.0, "tileset": "bg_tilefreezer", "coord": [ 8.0, 2.0 ] }, "-32_224": { "coord": [ 3.0, 0.0 ], "autotile_index": 0.0, "tileset": "bg_tilefreezer", "autotile": 1.0 }, "0_480": { "autotile": 1.0, "autotile_index": 0.0, "tileset": "bg_tilefreezer", "coord": [ 8.0, 2.0 ] }, "-288_256": { "coord": [ 8.0, 2.0 ], "autotile_index": 0.0, "tileset": "bg_tilefreezer", "autotile": 1.0 }, "-64_512": { "autotile": 1.0, "autotile_index": 0.0, "tileset": "bg_tilefreezer", "coord": [ 8.0, 2.0 ] }, "576_288": { "coord": [ 8.0, 2.0 ], "autotile_index": 0.0, "tileset": "bg_tilefreezer", "autotile": 1.0 }, "64_416": { "coord": [ 8.0, 2.0 ], "autotile_index": 0.0, "tileset": "bg_tilefreezer", "autotile": 1.0 }, "832_448": { "coord": [ 8.0, 2.0 ], "autotile_index": 0.0, "tileset": "bg_tilefreezer", "autotile": 1.0 }, "-384_512": { "autotile": 1.0, "autotile_index": 0.0, "tileset": "bg_tilefreezer", "coord": [ 8.0, 2.0 ] }, "-256_352": { "autotile": 1.0, "autotile_index": 0.0, "tileset": "bg_tilefreezer", "coord": [ 8.0, 2.0 ] }, "0_320": { "coord": [ 8.0, 2.0 ], "autotile_index": 0.0, "tileset": "bg_tilefreezer", "autotile": 1.0 }, "0_416": { "coord": [ 8.0, 2.0 ], "autotile_index": 0.0, "tileset": "bg_tilefreezer", "autotile": 1.0 }, "672_416": { "coord": [ 8.0, 2.0 ], "autotile_index": 0.0, "tileset": "bg_tilefreezer", "autotile": 1.0 }, "160_224": { "coord": [ 4.0, 0.0 ], "autotile_index": 0.0, "tileset": "bg_tilefreezer", "autotile": 1.0 }, "96_352": { "autotile": 1.0, "autotile_index": 0.0, "tileset": "bg_tilefreezer", "coord": [ 8.0, 2.0 ] }, "-384_320": { "coord": [ 8.0, 2.0 ], "autotile_index": 0.0, "tileset": "bg_tilefreezer", "autotile": 1.0 }, "64_224": { "coord": [ 4.0, 0.0 ], "autotile_index": 0.0, "tileset": "bg_tilefreezer", "autotile": 1.0 }, "800_512": { "autotile": 1.0, "autotile_index": 0.0, "tileset": "bg_tilefreezer", "coord": [ 8.0, 2.0 ] }, "832_480": { "autotile": 1.0, "autotile_index": 0.0, "tileset": "bg_tilefreezer", "coord": [ 8.0, 2.0 ] }, "-224_256": { "coord": [ 8.0, 2.0 ], "autotile_index": 0.0, "tileset": "bg_tilefreezer", "autotile": 1.0 }, "-64_352": { "autotile": 1.0, "autotile_index": 0.0, "tileset": "bg_tilefreezer", "coord": [ 8.0, 2.0 ] }, "-96_320": { "coord": [ 8.0, 2.0 ], "autotile_index": 0.0, "tileset": "bg_tilefreezer", "autotile": 1.0 }, "544_288": { "coord": [ 8.0, 2.0 ], "autotile_index": 0.0, "tileset": "bg_tilefreezer", "autotile": 1.0 }, "928_384": { "autotile": 1.0, "autotile_index": 0.0, "tileset": "bg_tilefreezer", "coord": [ 8.0, 2.0 ] }, "896_416": { "coord": [ 8.0, 2.0 ], "autotile_index": 0.0, "tileset": "bg_tilefreezer", "autotile": 1.0 }, "96_320": { "coord": [ 8.0, 2.0 ], "autotile_index": 0.0, "tileset": "bg_tilefreezer", "autotile": 1.0 }, "640_256": { "coord": [ 8.0, 2.0 ], "autotile_index": 0.0, "tileset": "bg_tilefreezer", "autotile": 1.0 }, "352_512": { "autotile": 1.0, "autotile_index": 0.0, "tileset": "bg_tilefreezer", "coord": [ 8.0, 2.0 ] }, "832_352": { "autotile": 1.0, "autotile_index": 0.0, "tileset": "bg_tilefreezer", "coord": [ 8.0, 2.0 ] }, "-384_416": { "coord": [ 8.0, 2.0 ], "autotile_index": 0.0, "tileset": "bg_tilefreezer", "autotile": 1.0 }, "192_384": { "autotile": 1.0, "autotile_index": 0.0, "tileset": "bg_tilefreezer", "coord": [ 8.0, 2.0 ] }, "480_320": { "coord": [ 8.0, 2.0 ], "autotile_index": 0.0, "tileset": "bg_tilefreezer", "autotile": 1.0 }, "160_448": { "coord": [ 8.0, 2.0 ], "autotile_index": 0.0, "tileset": "bg_tilefreezer", "autotile": 1.0 }, "160_256": { "coord": [ 8.0, 2.0 ], "autotile_index": 0.0, "tileset": "bg_tilefreezer", "autotile": 1.0 }, "640_416": { "coord": [ 8.0, 2.0 ], "autotile_index": 0.0, "tileset": "bg_tilefreezer", "autotile": 1.0 }, "512_480": { "autotile": 1.0, "autotile_index": 0.0, "tileset": "bg_tilefreezer", "coord": [ 8.0, 2.0 ] }, "288_480": { "autotile": 1.0, "autotile_index": 0.0, "tileset": "bg_tilefreezer", "coord": [ 8.0, 2.0 ] }, "288_448": { "coord": [ 8.0, 2.0 ], "autotile_index": 0.0, "tileset": "bg_tilefreezer", "autotile": 1.0 }, "-384_448": { "coord": [ 8.0, 2.0 ], "autotile_index": 0.0, "tileset": "bg_tilefreezer", "autotile": 1.0 }, "-32_512": { "autotile": 1.0, "autotile_index": 0.0, "tileset": "bg_tilefreezer", "coord": [ 8.0, 2.0 ] }, "352_256": { "coord": [ 8.0, 2.0 ], "autotile_index": 0.0, "tileset": "bg_tilefreezer", "autotile": 1.0 }, "-192_512": { "autotile": 1.0, "autotile_index": 0.0, "tileset": "bg_tilefreezer", "coord": [ 8.0, 2.0 ] }, "-128_416": { "coord": [ 8.0, 2.0 ], "autotile_index": 0.0, "tileset": "bg_tilefreezer", "autotile": 1.0 }, "-384_352": { "autotile": 1.0, "autotile_index": 0.0, "tileset": "bg_tilefreezer", "coord": [ 8.0, 2.0 ] }, "256_480": { "autotile": 1.0, "autotile_index": 0.0, "tileset": "bg_tilefreezer", "coord": [ 8.0, 2.0 ] }, "128_256": { "coord": [ 8.0, 2.0 ], "autotile_index": 0.0, "tileset": "bg_tilefreezer", "autotile": 1.0 }, "864_416": { "coord": [ 8.0, 2.0 ], "autotile_index": 0.0, "tileset": "bg_tilefreezer", "autotile": 1.0 }, "-320_288": { "coord": [ 8.0, 2.0 ], "autotile_index": 0.0, "tileset": "bg_tilefreezer", "autotile": 1.0 }, "864_512": { "autotile": 1.0, "autotile_index": 0.0, "tileset": "bg_tilefreezer", "coord": [ 8.0, 2.0 ] }, "32_352": { "autotile": 1.0, "autotile_index": 0.0, "tileset": "bg_tilefreezer", "coord": [ 8.0, 2.0 ] }, "-288_384": { "autotile": 1.0, "autotile_index": 0.0, "tileset": "bg_tilefreezer", "coord": [ 8.0, 2.0 ] }, "128_288": { "coord": [ 8.0, 2.0 ], "autotile_index": 0.0, "tileset": "bg_tilefreezer", "autotile": 1.0 }, "480_288": { "coord": [ 8.0, 2.0 ], "autotile_index": 0.0, "tileset": "bg_tilefreezer", "autotile": 1.0 }, "-288_512": { "autotile": 1.0, "autotile_index": 0.0, "tileset": "bg_tilefreezer", "coord": [ 8.0, 2.0 ] }, "-32_416": { "coord": [ 8.0, 2.0 ], "autotile_index": 0.0, "tileset": "bg_tilefreezer", "autotile": 1.0 }, "640_448": { "coord": [ 8.0, 2.0 ], "autotile_index": 0.0, "tileset": "bg_tilefreezer", "autotile": 1.0 }, "32_384": { "autotile": 1.0, "autotile_index": 0.0, "tileset": "bg_tilefreezer", "coord": [ 8.0, 2.0 ] }, "576_384": { "autotile": 1.0, "autotile_index": 0.0, "tileset": "bg_tilefreezer", "coord": [ 8.0, 2.0 ] }, "64_512": { "autotile": 1.0, "autotile_index": 0.0, "tileset": "bg_tilefreezer", "coord": [ 8.0, 2.0 ] }, "-160_320": { "coord": [ 8.0, 2.0 ], "autotile_index": 0.0, "tileset": "bg_tilefreezer", "autotile": 1.0 }, "96_256": { "coord": [ 8.0, 2.0 ], "autotile_index": 0.0, "tileset": "bg_tilefreezer", "autotile": 1.0 }, "864_320": { "coord": [ 8.0, 2.0 ], "autotile_index": 0.0, "tileset": "bg_tilefreezer", "autotile": 1.0 }, "896_384": { "autotile": 1.0, "autotile_index": 0.0, "tileset": "bg_tilefreezer", "coord": [ 8.0, 2.0 ] }, "256_288": { "coord": [ 8.0, 2.0 ], "autotile_index": 0.0, "tileset": "bg_tilefreezer", "autotile": 1.0 }, "672_320": { "coord": [ 8.0, 2.0 ], "autotile_index": 0.0, "tileset": "bg_tilefreezer", "autotile": 1.0 }, "-224_384": { "autotile": 1.0, "autotile_index": 0.0, "tileset": "bg_tilefreezer", "coord": [ 8.0, 2.0 ] }, "96_416": { "coord": [ 8.0, 2.0 ], "autotile_index": 0.0, "tileset": "bg_tilefreezer", "autotile": 1.0 }, "160_512": { "autotile": 1.0, "autotile_index": 0.0, "tileset": "bg_tilefreezer", "coord": [ 8.0, 2.0 ] }, "32_448": { "coord": [ 8.0, 2.0 ], "autotile_index": 0.0, "tileset": "bg_tilefreezer", "autotile": 1.0 }, "-320_384": { "autotile": 1.0, "autotile_index": 0.0, "tileset": "bg_tilefreezer", "coord": [ 8.0, 2.0 ] }, "-32_320": { "coord": [ 8.0, 2.0 ], "autotile_index": 0.0, "tileset": "bg_tilefreezer", "autotile": 1.0 }, "-320_352": { "autotile": 1.0, "autotile_index": 0.0, "tileset": "bg_tilefreezer", "coord": [ 8.0, 2.0 ] }, "-352_224": { "coord": [ 2.0, 0.0 ], "autotile_index": 0.0, "tileset": "bg_tilefreezer", "autotile": 1.0 }, "-384_480": { "autotile": 1.0, "autotile_index": 0.0, "tileset": "bg_tilefreezer", "coord": [ 8.0, 2.0 ] }, "416_384": { "autotile": 1.0, "autotile_index": 0.0, "tileset": "bg_tilefreezer", "coord": [ 8.0, 2.0 ] }, "768_448": { "coord": [ 8.0, 2.0 ], "autotile_index": 0.0, "tileset": "bg_tilefreezer", "autotile": 1.0 }, "192_512": { "autotile": 1.0, "autotile_index": 0.0, "tileset": "bg_tilefreezer", "coord": [ 8.0, 2.0 ] }, "-320_320": { "coord": [ 8.0, 2.0 ], "autotile_index": 0.0, "tileset": "bg_tilefreezer", "autotile": 1.0 }, "160_352": { "autotile": 1.0, "autotile_index": 0.0, "tileset": "bg_tilefreezer", "coord": [ 8.0, 2.0 ] }, "480_256": { "coord": [ 8.0, 2.0 ], "autotile_index": 0.0, "tileset": "bg_tilefreezer", "autotile": 1.0 }, "-288_416": { "coord": [ 8.0, 2.0 ], "autotile_index": 0.0, "tileset": "bg_tilefreezer", "autotile": 1.0 }, "-192_384": { "autotile": 1.0, "autotile_index": 0.0, "tileset": "bg_tilefreezer", "coord": [ 8.0, 2.0 ] }, "736_384": { "autotile": 1.0, "autotile_index": 0.0, "tileset": "bg_tilefreezer", "coord": [ 8.0, 2.0 ] }, "-128_320": { "coord": [ 8.0, 2.0 ], "autotile_index": 0.0, "tileset": "bg_tilefreezer", "autotile": 1.0 }, "640_224": { "coord": [ 3.0, 0.0 ], "autotile_index": 0.0, "tileset": "bg_tilefreezer", "autotile": 1.0 }, "288_512": { "autotile": 1.0, "autotile_index": 0.0, "tileset": "bg_tilefreezer", "coord": [ 8.0, 2.0 ] }, "64_320": { "coord": [ 8.0, 2.0 ], "autotile_index": 0.0, "tileset": "bg_tilefreezer", "autotile": 1.0 }, "544_448": { "coord": [ 8.0, 2.0 ], "autotile_index": 0.0, "tileset": "bg_tilefreezer", "autotile": 1.0 }, "768_320": { "coord": [ 8.0, 2.0 ], "autotile_index": 0.0, "tileset": "bg_tilefreezer", "autotile": 1.0 }, "-96_448": { "coord": [ 8.0, 2.0 ], "autotile_index": 0.0, "tileset": "bg_tilefreezer", "autotile": 1.0 }, "-384_224": { "coord": [ 2.0, 0.0 ], "autotile_index": 0.0, "tileset": "bg_tilefreezer", "autotile": 1.0 }, "-128_448": { "coord": [ 8.0, 2.0 ], "autotile_index": 0.0, "tileset": "bg_tilefreezer", "autotile": 1.0 }, "-192_224": { "coord": [ 2.0, 0.0 ], "autotile_index": 0.0, "tileset": "bg_tilefreezer", "autotile": 1.0 }, "-288_448": { "coord": [ 8.0, 2.0 ], "autotile_index": 0.0, "tileset": "bg_tilefreezer", "autotile": 1.0 }, "-224_512": { "autotile": 1.0, "autotile_index": 0.0, "tileset": "bg_tilefreezer", "coord": [ 8.0, 2.0 ] }, "768_512": { "autotile": 1.0, "autotile_index": 0.0, "tileset": "bg_tilefreezer", "coord": [ 8.0, 2.0 ] }, "352_416": { "coord": [ 8.0, 2.0 ], "autotile_index": 0.0, "tileset": "bg_tilefreezer", "autotile": 1.0 }, "-96_480": { "autotile": 1.0, "autotile_index": 0.0, "tileset": "bg_tilefreezer", "coord": [ 8.0, 2.0 ] }, "-64_224": { "coord": [ 2.0, 0.0 ], "autotile_index": 0.0, "tileset": "bg_tilefreezer", "autotile": 1.0 }, "704_320": { "coord": [ 8.0, 2.0 ], "autotile_index": 0.0, "tileset": "bg_tilefreezer", "autotile": 1.0 }, "672_384": { "autotile": 1.0, "autotile_index": 0.0, "tileset": "bg_tilefreezer", "coord": [ 8.0, 2.0 ] }, "-320_480": { "autotile": 1.0, "autotile_index": 0.0, "tileset": "bg_tilefreezer", "coord": [ 8.0, 2.0 ] }, "288_352": { "autotile": 1.0, "autotile_index": 0.0, "tileset": "bg_tilefreezer", "coord": [ 8.0, 2.0 ] }, "928_480": { "autotile": 1.0, "autotile_index": 0.0, "tileset": "bg_tilefreezer", "coord": [ 8.0, 2.0 ] }, "448_512": { "autotile": 1.0, "autotile_index": 0.0, "tileset": "bg_tilefreezer", "coord": [ 8.0, 2.0 ] }, "416_256": { "coord": [ 8.0, 2.0 ], "autotile_index": 0.0, "tileset": "bg_tilefreezer", "autotile": 1.0 }, "128_448": { "coord": [ 8.0, 2.0 ], "autotile_index": 0.0, "tileset": "bg_tilefreezer", "autotile": 1.0 }, "160_288": { "coord": [ 8.0, 2.0 ], "autotile_index": 0.0, "tileset": "bg_tilefreezer", "autotile": 1.0 }, "384_480": { "autotile": 1.0, "autotile_index": 0.0, "tileset": "bg_tilefreezer", "coord": [ 8.0, 2.0 ] }, "192_288": { "coord": [ 8.0, 2.0 ], "autotile_index": 0.0, "tileset": "bg_tilefreezer", "autotile": 1.0 }, "864_448": { "coord": [ 8.0, 2.0 ], "autotile_index": 0.0, "tileset": "bg_tilefreezer", "autotile": 1.0 }, "-192_352": { "autotile": 1.0, "autotile_index": 0.0, "tileset": "bg_tilefreezer", "coord": [ 8.0, 2.0 ] }, "416_416": { "coord": [ 8.0, 2.0 ], "autotile_index": 0.0, "tileset": "bg_tilefreezer", "autotile": 1.0 }, "320_320": { "coord": [ 8.0, 2.0 ], "autotile_index": 0.0, "tileset": "bg_tilefreezer", "autotile": 1.0 }, "576_256": { "coord": [ 8.0, 2.0 ], "autotile_index": 0.0, "tileset": "bg_tilefreezer", "autotile": 1.0 }, "64_448": { "coord": [ 8.0, 2.0 ], "autotile_index": 0.0, "tileset": "bg_tilefreezer", "autotile": 1.0 }, "768_224": { "coord": [ 3.0, 0.0 ], "autotile_index": 0.0, "tileset": "bg_tilefreezer", "autotile": 1.0 }, "-64_480": { "autotile": 1.0, "autotile_index": 0.0, "tileset": "bg_tilefreezer", "coord": [ 8.0, 2.0 ] }, "192_256": { "coord": [ 8.0, 2.0 ], "autotile_index": 0.0, "tileset": "bg_tilefreezer", "autotile": 1.0 }, "224_224": { "coord": [ 4.0, 0.0 ], "autotile_index": 0.0, "tileset": "bg_tilefreezer", "autotile": 1.0 }, "-416_448": { "autotile": 1.0, "autotile_index": 0.0, "tileset": "bg_tilefreezer", "coord": [ 0.0, 0.0 ] }, "768_352": { "autotile": 1.0, "autotile_index": 0.0, "tileset": "bg_tilefreezer", "coord": [ 8.0, 2.0 ] }, "928_224": { "coord": [ 3.0, 0.0 ], "autotile_index": 0.0, "tileset": "bg_tilefreezer", "autotile": 1.0 }, "224_320": { "coord": [ 8.0, 2.0 ], "autotile_index": 0.0, "tileset": "bg_tilefreezer", "autotile": 1.0 }, "672_512": { "autotile": 1.0, "autotile_index": 0.0, "tileset": "bg_tilefreezer", "coord": [ 8.0, 2.0 ] }, "-224_288": { "coord": [ 8.0, 2.0 ], "autotile_index": 0.0, "tileset": "bg_tilefreezer", "autotile": 1.0 }, "800_480": { "autotile": 1.0, "autotile_index": 0.0, "tileset": "bg_tilefreezer", "coord": [ 8.0, 2.0 ] }, "384_416": { "coord": [ 8.0, 2.0 ], "autotile_index": 0.0, "tileset": "bg_tilefreezer", "autotile": 1.0 }, "-96_352": { "autotile": 1.0, "autotile_index": 0.0, "tileset": "bg_tilefreezer", "coord": [ 8.0, 2.0 ] }, "-256_288": { "coord": [ 8.0, 2.0 ], "autotile_index": 0.0, "tileset": "bg_tilefreezer", "autotile": 1.0 }, "416_224": { "coord": [ 3.0, 0.0 ], "autotile_index": 0.0, "tileset": "bg_tilefreezer", "autotile": 1.0 }, "800_384": { "autotile": 1.0, "autotile_index": 0.0, "tileset": "bg_tilefreezer", "coord": [ 8.0, 2.0 ] }, "480_448": { "coord": [ 8.0, 2.0 ], "autotile_index": 0.0, "tileset": "bg_tilefreezer", "autotile": 1.0 }, "-352_416": { "coord": [ 8.0, 2.0 ], "autotile_index": 0.0, "tileset": "bg_tilefreezer", "autotile": 1.0 }, "160_480": { "autotile": 1.0, "autotile_index": 0.0, "tileset": "bg_tilefreezer", "coord": [ 8.0, 2.0 ] }, "64_480": { "autotile": 1.0, "autotile_index": 0.0, "tileset": "bg_tilefreezer", "coord": [ 8.0, 2.0 ] }, "480_352": { "autotile": 1.0, "autotile_index": 0.0, "tileset": "bg_tilefreezer", "coord": [ 8.0, 2.0 ] }, "864_480": { "autotile": 1.0, "autotile_index": 0.0, "tileset": "bg_tilefreezer", "coord": [ 8.0, 2.0 ] }, "320_448": { "coord": [ 8.0, 2.0 ], "autotile_index": 0.0, "tileset": "bg_tilefreezer", "autotile": 1.0 }, "-384_384": { "autotile": 1.0, "autotile_index": 0.0, "tileset": "bg_tilefreezer", "coord": [ 8.0, 2.0 ] }, "0_256": { "coord": [ 8.0, 2.0 ], "autotile_index": 0.0, "tileset": "bg_tilefreezer", "autotile": 1.0 }, "32_288": { "coord": [ 8.0, 2.0 ], "autotile_index": 0.0, "tileset": "bg_tilefreezer", "autotile": 1.0 }, "416_448": { "coord": [ 8.0, 2.0 ], "autotile_index": 0.0, "tileset": "bg_tilefreezer", "autotile": 1.0 }, "384_288": { "coord": [ 8.0, 2.0 ], "autotile_index": 0.0, "tileset": "bg_tilefreezer", "autotile": 1.0 }, "608_288": { "coord": [ 8.0, 2.0 ], "autotile_index": 0.0, "tileset": "bg_tilefreezer", "autotile": 1.0 }, "128_352": { "autotile": 1.0, "autotile_index": 0.0, "tileset": "bg_tilefreezer", "coord": [ 8.0, 2.0 ] }, "384_384": { "autotile": 1.0, "autotile_index": 0.0, "tileset": "bg_tilefreezer", "coord": [ 8.0, 2.0 ] }, "-192_480": { "autotile": 1.0, "autotile_index": 0.0, "tileset": "bg_tilefreezer", "coord": [ 8.0, 2.0 ] }, "96_288": { "coord": [ 8.0, 2.0 ], "autotile_index": 0.0, "tileset": "bg_tilefreezer", "autotile": 1.0 }, "640_384": { "autotile": 1.0, "autotile_index": 0.0, "tileset": "bg_tilefreezer", "coord": [ 8.0, 2.0 ] }, "-64_320": { "coord": [ 8.0, 2.0 ], "autotile_index": 0.0, "tileset": "bg_tilefreezer", "autotile": 1.0 }, "608_320": { "coord": [ 8.0, 2.0 ], "autotile_index": 0.0, "tileset": "bg_tilefreezer", "autotile": 1.0 }, "0_384": { "autotile": 1.0, "autotile_index": 0.0, "tileset": "bg_tilefreezer", "coord": [ 8.0, 2.0 ] }, "672_288": { "coord": [ 8.0, 2.0 ], "autotile_index": 0.0, "tileset": "bg_tilefreezer", "autotile": 1.0 }, "800_256": { "coord": [ 8.0, 2.0 ], "autotile_index": 0.0, "tileset": "bg_tilefreezer", "autotile": 1.0 }, "576_512": { "autotile": 1.0, "autotile_index": 0.0, "tileset": "bg_tilefreezer", "coord": [ 8.0, 2.0 ] }, "928_256": { "coord": [ 8.0, 2.0 ], "autotile_index": 0.0, "tileset": "bg_tilefreezer", "autotile": 1.0 }, "480_416": { "coord": [ 8.0, 2.0 ], "autotile_index": 0.0, "tileset": "bg_tilefreezer", "autotile": 1.0 }, "448_352": { "autotile": 1.0, "autotile_index": 0.0, "tileset": "bg_tilefreezer", "coord": [ 8.0, 2.0 ] }, "-352_352": { "autotile": 1.0, "autotile_index": 0.0, "tileset": "bg_tilefreezer", "coord": [ 8.0, 2.0 ] }, "480_480": { "autotile": 1.0, "autotile_index": 0.0, "tileset": "bg_tilefreezer", "coord": [ 8.0, 2.0 ] }, "288_256": { "coord": [ 8.0, 2.0 ], "autotile_index": 0.0, "tileset": "bg_tilefreezer", "autotile": 1.0 }, "-256_480": { "autotile": 1.0, "autotile_index": 0.0, "tileset": "bg_tilefreezer", "coord": [ 8.0, 2.0 ] }, "-96_288": { "coord": [ 8.0, 2.0 ], "autotile_index": 0.0, "tileset": "bg_tilefreezer", "autotile": 1.0 }, "704_480": { "autotile": 1.0, "autotile_index": 0.0, "tileset": "bg_tilefreezer", "coord": [ 8.0, 2.0 ] }, "352_320": { "coord": [ 8.0, 2.0 ], "autotile_index": 0.0, "tileset": "bg_tilefreezer", "autotile": 1.0 }, "0_224": { "coord": [ 2.0, 0.0 ], "autotile_index": 0.0, "tileset": "bg_tilefreezer", "autotile": 1.0 }, "416_352": { "autotile": 1.0, "autotile_index": 0.0, "tileset": "bg_tilefreezer", "coord": [ 8.0, 2.0 ] }, "544_416": { "coord": [ 8.0, 2.0 ], "autotile_index": 0.0, "tileset": "bg_tilefreezer", "autotile": 1.0 }, "864_384": { "autotile": 1.0, "autotile_index": 0.0, "tileset": "bg_tilefreezer", "coord": [ 8.0, 2.0 ] }, "736_512": { "autotile": 1.0, "autotile_index": 0.0, "tileset": "bg_tilefreezer", "coord": [ 8.0, 2.0 ] }, "352_352": { "autotile": 1.0, "autotile_index": 0.0, "tileset": "bg_tilefreezer", "coord": [ 8.0, 2.0 ] }, "384_320": { "coord": [ 8.0, 2.0 ], "autotile_index": 0.0, "tileset": "bg_tilefreezer", "autotile": 1.0 }, "928_320": { "coord": [ 8.0, 2.0 ], "autotile_index": 0.0, "tileset": "bg_tilefreezer", "autotile": 1.0 }, "544_256": { "coord": [ 8.0, 2.0 ], "autotile_index": 0.0, "tileset": "bg_tilefreezer", "autotile": 1.0 }, "928_352": { "autotile": 1.0, "autotile_index": 0.0, "tileset": "bg_tilefreezer", "coord": [ 8.0, 2.0 ] }, "864_352": { "autotile": 1.0, "autotile_index": 0.0, "tileset": "bg_tilefreezer", "coord": [ 8.0, 2.0 ] }, "256_512": { "autotile": 1.0, "autotile_index": 0.0, "tileset": "bg_tilefreezer", "coord": [ 8.0, 2.0 ] }, "768_416": { "coord": [ 8.0, 2.0 ], "autotile_index": 0.0, "tileset": "bg_tilefreezer", "autotile": 1.0 }, "320_416": { "coord": [ 8.0, 2.0 ], "autotile_index": 0.0, "tileset": "bg_tilefreezer", "autotile": 1.0 }, "-384_256": { "coord": [ 8.0, 2.0 ], "autotile_index": 0.0, "tileset": "bg_tilefreezer", "autotile": 1.0 }, "256_448": { "coord": [ 8.0, 2.0 ], "autotile_index": 0.0, "tileset": "bg_tilefreezer", "autotile": 1.0 }, "-192_320": { "coord": [ 8.0, 2.0 ], "autotile_index": 0.0, "tileset": "bg_tilefreezer", "autotile": 1.0 }, "96_224": { "coord": [ 2.0, 0.0 ], "autotile_index": 0.0, "tileset": "bg_tilefreezer", "autotile": 1.0 }, "896_256": { "coord": [ 8.0, 2.0 ], "autotile_index": 0.0, "tileset": "bg_tilefreezer", "autotile": 1.0 }, "192_480": { "autotile": 1.0, "autotile_index": 0.0, "tileset": "bg_tilefreezer", "coord": [ 8.0, 2.0 ] }, "-384_288": { "coord": [ 8.0, 2.0 ], "autotile_index": 0.0, "tileset": "bg_tilefreezer", "autotile": 1.0 }, "608_224": { "coord": [ 4.0, 0.0 ], "autotile_index": 0.0, "tileset": "bg_tilefreezer", "autotile": 1.0 }, "608_256": { "coord": [ 8.0, 2.0 ], "autotile_index": 0.0, "tileset": "bg_tilefreezer", "autotile": 1.0 }, "320_384": { "autotile": 1.0, "autotile_index": 0.0, "tileset": "bg_tilefreezer", "coord": [ 8.0, 2.0 ] }, "64_288": { "coord": [ 8.0, 2.0 ], "autotile_index": 0.0, "tileset": "bg_tilefreezer", "autotile": 1.0 }, "768_480": { "autotile": 1.0, "autotile_index": 0.0, "tileset": "bg_tilefreezer", "coord": [ 8.0, 2.0 ] }, "-352_448": { "coord": [ 8.0, 2.0 ], "autotile_index": 0.0, "tileset": "bg_tilefreezer", "autotile": 1.0 }, "320_288": { "coord": [ 8.0, 2.0 ], "autotile_index": 0.0, "tileset": "bg_tilefreezer", "autotile": 1.0 }, "704_288": { "coord": [ 8.0, 2.0 ], "autotile_index": 0.0, "tileset": "bg_tilefreezer", "autotile": 1.0 }, "0_512": { "autotile": 1.0, "autotile_index": 0.0, "tileset": "bg_tilefreezer", "coord": [ 8.0, 2.0 ] }, "-128_224": { "coord": [ 3.0, 0.0 ], "autotile_index": 0.0, "tileset": "bg_tilefreezer", "autotile": 1.0 }, "-128_384": { "autotile": 1.0, "autotile_index": 0.0, "tileset": "bg_tilefreezer", "coord": [ 8.0, 2.0 ] }, "608_512": { "autotile": 1.0, "autotile_index": 0.0, "tileset": "bg_tilefreezer", "coord": [ 8.0, 2.0 ] }, "384_256": { "coord": [ 8.0, 2.0 ], "autotile_index": 0.0, "tileset": "bg_tilefreezer", "autotile": 1.0 }, "544_352": { "autotile": 1.0, "autotile_index": 0.0, "tileset": "bg_tilefreezer", "coord": [ 8.0, 2.0 ] }, "352_288": { "coord": [ 8.0, 2.0 ], "autotile_index": 0.0, "tileset": "bg_tilefreezer", "autotile": 1.0 }, "768_288": { "coord": [ 8.0, 2.0 ], "autotile_index": 0.0, "tileset": "bg_tilefreezer", "autotile": 1.0 }, "64_256": { "coord": [ 8.0, 2.0 ], "autotile_index": 0.0, "tileset": "bg_tilefreezer", "autotile": 1.0 }, "928_288": { "coord": [ 8.0, 2.0 ], "autotile_index": 0.0, "tileset": "bg_tilefreezer", "autotile": 1.0 }, "-416_416": { "autotile": 1.0, "autotile_index": 0.0, "tileset": "bg_tilefreezer", "coord": [ 0.0, 0.0 ] }, "-224_448": { "coord": [ 8.0, 2.0 ], "autotile_index": 0.0, "tileset": "bg_tilefreezer", "autotile": 1.0 }, "448_288": { "coord": [ 8.0, 2.0 ], "autotile_index": 0.0, "tileset": "bg_tilefreezer", "autotile": 1.0 }, "384_352": { "autotile": 1.0, "autotile_index": 0.0, "tileset": "bg_tilefreezer", "coord": [ 8.0, 2.0 ] }, "448_320": { "coord": [ 8.0, 2.0 ], "autotile_index": 0.0, "tileset": "bg_tilefreezer", "autotile": 1.0 }, "480_384": { "autotile": 1.0, "autotile_index": 0.0, "tileset": "bg_tilefreezer", "coord": [ 8.0, 2.0 ] }, "128_416": { "coord": [ 8.0, 2.0 ], "autotile_index": 0.0, "tileset": "bg_tilefreezer", "autotile": 1.0 }, "-32_256": { "coord": [ 8.0, 2.0 ], "autotile_index": 0.0, "tileset": "bg_tilefreezer", "autotile": 1.0 }, "160_416": { "coord": [ 8.0, 2.0 ], "autotile_index": 0.0, "tileset": "bg_tilefreezer", "autotile": 1.0 }, "320_352": { "autotile": 1.0, "autotile_index": 0.0, "tileset": "bg_tilefreezer", "coord": [ 8.0, 2.0 ] }, "352_480": { "autotile": 1.0, "autotile_index": 0.0, "tileset": "bg_tilefreezer", "coord": [ 8.0, 2.0 ] }, "-288_480": { "autotile": 1.0, "autotile_index": 0.0, "tileset": "bg_tilefreezer", "coord": [ 8.0, 2.0 ] }, "672_480": { "autotile": 1.0, "autotile_index": 0.0, "tileset": "bg_tilefreezer", "coord": [ 8.0, 2.0 ] }, "96_512": { "autotile": 1.0, "autotile_index": 0.0, "tileset": "bg_tilefreezer", "coord": [ 8.0, 2.0 ] }, "256_384": { "autotile": 1.0, "autotile_index": 0.0, "tileset": "bg_tilefreezer", "coord": [ 8.0, 2.0 ] }, "32_416": { "coord": [ 8.0, 2.0 ], "autotile_index": 0.0, "tileset": "bg_tilefreezer", "autotile": 1.0 }, "640_512": { "autotile": 1.0, "autotile_index": 0.0, "tileset": "bg_tilefreezer", "coord": [ 8.0, 2.0 ] }, "-352_384": { "autotile": 1.0, "autotile_index": 0.0, "tileset": "bg_tilefreezer", "coord": [ 8.0, 2.0 ] }, "704_416": { "coord": [ 8.0, 2.0 ], "autotile_index": 0.0, "tileset": "bg_tilefreezer", "autotile": 1.0 }, "384_224": { "coord": [ 3.0, 0.0 ], "autotile_index": 0.0, "tileset": "bg_tilefreezer", "autotile": 1.0 }, "736_320": { "coord": [ 8.0, 2.0 ], "autotile_index": 0.0, "tileset": "bg_tilefreezer", "autotile": 1.0 }, "672_224": { "coord": [ 3.0, 0.0 ], "autotile_index": 0.0, "tileset": "bg_tilefreezer", "autotile": 1.0 }, "224_352": { "autotile": 1.0, "autotile_index": 0.0, "tileset": "bg_tilefreezer", "coord": [ 8.0, 2.0 ] }, "256_224": { "coord": [ 4.0, 0.0 ], "autotile_index": 0.0, "tileset": "bg_tilefreezer", "autotile": 1.0 }, "928_416": { "coord": [ 8.0, 2.0 ], "autotile_index": 0.0, "tileset": "bg_tilefreezer", "autotile": 1.0 }, "-64_288": { "coord": [ 8.0, 2.0 ], "autotile_index": 0.0, "tileset": "bg_tilefreezer", "autotile": 1.0 }, "960_352": { "coord": [ 0.0, 0.0 ], "autotile_index": 0.0, "tileset": "bg_tilefreezer", "autotile": 1.0 }, "544_224": { "coord": [ 4.0, 0.0 ], "autotile_index": 0.0, "tileset": "bg_tilefreezer", "autotile": 1.0 }, "320_512": { "autotile": 1.0, "autotile_index": 0.0, "tileset": "bg_tilefreezer", "coord": [ 8.0, 2.0 ] }, "-320_256": { "coord": [ 8.0, 2.0 ], "autotile_index": 0.0, "tileset": "bg_tilefreezer", "autotile": 1.0 }, "704_384": { "autotile": 1.0, "autotile_index": 0.0, "tileset": "bg_tilefreezer", "coord": [ 8.0, 2.0 ] }, "672_448": { "coord": [ 8.0, 2.0 ], "autotile_index": 0.0, "tileset": "bg_tilefreezer", "autotile": 1.0 }, "320_480": { "autotile": 1.0, "autotile_index": 0.0, "tileset": "bg_tilefreezer", "coord": [ 8.0, 2.0 ] }, "448_224": { "coord": [ 2.0, 0.0 ], "autotile_index": 0.0, "tileset": "bg_tilefreezer", "autotile": 1.0 }, "-320_512": { "autotile": 1.0, "autotile_index": 0.0, "tileset": "bg_tilefreezer", "coord": [ 8.0, 2.0 ] }, "-32_448": { "coord": [ 8.0, 2.0 ], "autotile_index": 0.0, "tileset": "bg_tilefreezer", "autotile": 1.0 }, "128_384": { "autotile": 1.0, "autotile_index": 0.0, "tileset": "bg_tilefreezer", "coord": [ 8.0, 2.0 ] }, "576_480": { "autotile": 1.0, "autotile_index": 0.0, "tileset": "bg_tilefreezer", "coord": [ 8.0, 2.0 ] }, "-160_256": { "coord": [ 8.0, 2.0 ], "autotile_index": 0.0, "tileset": "bg_tilefreezer", "autotile": 1.0 }, "704_256": { "coord": [ 8.0, 2.0 ], "autotile_index": 0.0, "tileset": "bg_tilefreezer", "autotile": 1.0 }, "576_416": { "coord": [ 8.0, 2.0 ], "autotile_index": 0.0, "tileset": "bg_tilefreezer", "autotile": 1.0 }, "-192_288": { "coord": [ 8.0, 2.0 ], "autotile_index": 0.0, "tileset": "bg_tilefreezer", "autotile": 1.0 }, "896_288": { "coord": [ 8.0, 2.0 ], "autotile_index": 0.0, "tileset": "bg_tilefreezer", "autotile": 1.0 }, "256_416": { "coord": [ 8.0, 2.0 ], "autotile_index": 0.0, "tileset": "bg_tilefreezer", "autotile": 1.0 }, "480_512": { "autotile": 1.0, "autotile_index": 0.0, "tileset": "bg_tilefreezer", "coord": [ 8.0, 2.0 ] }, "896_320": { "coord": [ 8.0, 2.0 ], "autotile_index": 0.0, "tileset": "bg_tilefreezer", "autotile": 1.0 }, "128_224": { "coord": [ 3.0, 0.0 ], "autotile_index": 0.0, "tileset": "bg_tilefreezer", "autotile": 1.0 }, "352_384": { "autotile": 1.0, "autotile_index": 0.0, "tileset": "bg_tilefreezer", "coord": [ 8.0, 2.0 ] }, "736_288": { "coord": [ 8.0, 2.0 ], "autotile_index": 0.0, "tileset": "bg_tilefreezer", "autotile": 1.0 }, "416_320": { "coord": [ 8.0, 2.0 ], "autotile_index": 0.0, "tileset": "bg_tilefreezer", "autotile": 1.0 }, "-224_320": { "coord": [ 8.0, 2.0 ], "autotile_index": 0.0, "tileset": "bg_tilefreezer", "autotile": 1.0 }, "-352_320": { "coord": [ 8.0, 2.0 ], "autotile_index": 0.0, "tileset": "bg_tilefreezer", "autotile": 1.0 }, "864_256": { "coord": [ 8.0, 2.0 ], "autotile_index": 0.0, "tileset": "bg_tilefreezer", "autotile": 1.0 }, "-224_416": { "coord": [ 8.0, 2.0 ], "autotile_index": 0.0, "tileset": "bg_tilefreezer", "autotile": 1.0 }, "544_384": { "autotile": 1.0, "autotile_index": 0.0, "tileset": "bg_tilefreezer", "coord": [ 8.0, 2.0 ] }, "-352_512": { "autotile": 1.0, "autotile_index": 0.0, "tileset": "bg_tilefreezer", "coord": [ 8.0, 2.0 ] }, "0_288": { "coord": [ 8.0, 2.0 ], "autotile_index": 0.0, "tileset": "bg_tilefreezer", "autotile": 1.0 }, "-64_448": { "coord": [ 8.0, 2.0 ], "autotile_index": 0.0, "tileset": "bg_tilefreezer", "autotile": 1.0 }, "-352_288": { "coord": [ 8.0, 2.0 ], "autotile_index": 0.0, "tileset": "bg_tilefreezer", "autotile": 1.0 }, "-128_512": { "autotile": 1.0, "autotile_index": 0.0, "tileset": "bg_tilefreezer", "coord": [ 8.0, 2.0 ] }, "192_224": { "coord": [ 3.0, 0.0 ], "autotile_index": 0.0, "tileset": "bg_tilefreezer", "autotile": 1.0 }, "896_448": { "coord": [ 8.0, 2.0 ], "autotile_index": 0.0, "tileset": "bg_tilefreezer", "autotile": 1.0 }, "-160_512": { "autotile": 1.0, "autotile_index": 0.0, "tileset": "bg_tilefreezer", "coord": [ 8.0, 2.0 ] }, "-256_416": { "coord": [ 8.0, 2.0 ], "autotile_index": 0.0, "tileset": "bg_tilefreezer", "autotile": 1.0 }, "224_288": { "coord": [ 8.0, 2.0 ], "autotile_index": 0.0, "tileset": "bg_tilefreezer", "autotile": 1.0 }, "0_448": { "coord": [ 8.0, 2.0 ], "autotile_index": 0.0, "tileset": "bg_tilefreezer", "autotile": 1.0 }, "192_448": { "coord": [ 8.0, 2.0 ], "autotile_index": 0.0, "tileset": "bg_tilefreezer", "autotile": 1.0 }, "-256_320": { "coord": [ 8.0, 2.0 ], "autotile_index": 0.0, "tileset": "bg_tilefreezer", "autotile": 1.0 }, "416_480": { "autotile": 1.0, "autotile_index": 0.0, "tileset": "bg_tilefreezer", "coord": [ 8.0, 2.0 ] }, "-96_416": { "coord": [ 8.0, 2.0 ], "autotile_index": 0.0, "tileset": "bg_tilefreezer", "autotile": 1.0 }, "800_448": { "coord": [ 8.0, 2.0 ], "autotile_index": 0.0, "tileset": "bg_tilefreezer", "autotile": 1.0 }, "-160_416": { "coord": [ 8.0, 2.0 ], "autotile_index": 0.0, "tileset": "bg_tilefreezer", "autotile": 1.0 }, "288_288": { "coord": [ 8.0, 2.0 ], "autotile_index": 0.0, "tileset": "bg_tilefreezer", "autotile": 1.0 }, "-192_448": { "coord": [ 8.0, 2.0 ], "autotile_index": 0.0, "tileset": "bg_tilefreezer", "autotile": 1.0 }, "96_448": { "coord": [ 8.0, 2.0 ], "autotile_index": 0.0, "tileset": "bg_tilefreezer", "autotile": 1.0 }, "-320_224": { "coord": [ 2.0, 0.0 ], "autotile_index": 0.0, "tileset": "bg_tilefreezer", "autotile": 1.0 }, "288_224": { "coord": [ 3.0, 0.0 ], "autotile_index": 0.0, "tileset": "bg_tilefreezer", "autotile": 1.0 }, "-96_384": { "autotile": 1.0, "autotile_index": 0.0, "tileset": "bg_tilefreezer", "coord": [ 8.0, 2.0 ] }, "672_256": { "coord": [ 8.0, 2.0 ], "autotile_index": 0.0, "tileset": "bg_tilefreezer", "autotile": 1.0 }, "-256_256": { "coord": [ 8.0, 2.0 ], "autotile_index": 0.0, "tileset": "bg_tilefreezer", "autotile": 1.0 }, "-288_352": { "autotile": 1.0, "autotile_index": 0.0, "tileset": "bg_tilefreezer", "coord": [ 8.0, 2.0 ] }, "544_512": { "autotile": 1.0, "autotile_index": 0.0, "tileset": "bg_tilefreezer", "coord": [ 8.0, 2.0 ] }, "224_512": { "autotile": 1.0, "autotile_index": 0.0, "tileset": "bg_tilefreezer", "coord": [ 8.0, 2.0 ] } } }, "backgrounds": { "5": { "x": 0.0, "scroll_x": 0.80000000000000004440892098500626, "tile_y": 1.0, "hspeed": 0.0, "scroll_y": 0.80000000000000004440892098500626, "panic_sprite": -1.0, "y": 0.0, "sprite": "bg_freezer2", "tile_x": 1.0, "vspeed": 0.5, "image_speed": 15.0 }, "6": { "x": 0.0, "scroll_x": 0.75, "tile_y": 0.0, "hspeed": 0.0, "scroll_y": 0.029999999999999998889776975374843, "panic_sprite": -1.0, "y": 0.0, "sprite": "cold_bg1", "tile_x": 1.0, "vspeed": 0.0, "image_speed": 15.0 }, "-1": { "x": 466.0, "scroll_x": 1.3999999999999999111821580299875, "tile_y": 0.0, "hspeed": 0.0, "scroll_y": 1.1999999999999999555910790149937, "panic_sprite": -1.0, "y": 1212.0, "sprite": "bg_freezerfront1", "tile_x": 1.0, "vspeed": 0.0, "image_speed": 15.0 }, "7": { "x": 0.0, "scroll_x": 1.0, "tile_y": 1.0, "hspeed": 0.0, "scroll_y": 1.0, "panic_sprite": -1.0, "y": 0.0, "sprite": "cold_bg2", "tile_x": 1.0, "vspeed": 0.0, "image_speed": 15.0 } }, "properties": { "song": "", "roomX": -384.0, "levelWidth": 960.0, "roomY": -512.0, "levelHeight": 540.0, "songTransitionTime": 100.0 } }