{ "editorVersion": 5.0, "instances": [ { "layer": 0.0, "deleted": 0.0, "variables": { "x": 0.0, "flipX": 0.0, "y": 512.0, "flipY": 0.0 }, "object": 517.0 }, { "layer": 0.0, "deleted": 0.0, "variables": { "x": 32.0, "flipX": 0.0, "y": 512.0, "flipY": 0.0 }, "object": 517.0 }, { "layer": 0.0, "deleted": 0.0, "variables": { "x": 64.0, "flipX": 0.0, "y": 512.0, "flipY": 0.0 }, "object": 517.0 }, { "layer": 0.0, "deleted": 0.0, "variables": { "x": 96.0, "flipX": 0.0, "y": 512.0, "flipY": 0.0 }, "object": 517.0 }, { "layer": 0.0, "deleted": 0.0, "variables": { "x": 128.0, "flipX": 0.0, "y": 512.0, "flipY": 0.0 }, "object": 517.0 }, { "layer": 0.0, "deleted": 0.0, "variables": { "x": 160.0, "flipX": 0.0, "y": 512.0, "flipY": 0.0 }, "object": 517.0 }, { "layer": 0.0, "deleted": 0.0, "variables": { "x": 192.0, "flipX": 0.0, "y": 512.0, "flipY": 0.0 }, "object": 517.0 }, { "layer": 0.0, "deleted": 0.0, "variables": { "x": 224.0, "flipX": 0.0, "y": 512.0, "flipY": 0.0 }, "object": 517.0 }, { "layer": 0.0, "deleted": 0.0, "variables": { "x": 256.0, "flipX": 0.0, "y": 512.0, "flipY": 0.0 }, "object": 517.0 }, { "layer": 0.0, "deleted": 0.0, "variables": { "x": 288.0, "flipX": 0.0, "y": 512.0, "flipY": 0.0 }, "object": 517.0 }, { "layer": 0.0, "deleted": 0.0, "variables": { "x": 320.0, "flipX": 0.0, "y": 512.0, "flipY": 0.0 }, "object": 517.0 }, { "layer": 0.0, "deleted": 0.0, "variables": { "x": 352.0, "flipX": 0.0, "y": 512.0, "flipY": 0.0 }, "object": 517.0 }, { "layer": 0.0, "deleted": 0.0, "variables": { "x": 384.0, "flipX": 0.0, "y": 512.0, "flipY": 0.0 }, "object": 517.0 }, { "layer": 0.0, "deleted": 0.0, "variables": { "x": 416.0, "flipX": 0.0, "y": 512.0, "flipY": 0.0 }, "object": 517.0 }, { "layer": 0.0, "deleted": 0.0, "variables": { "x": 448.0, "flipX": 0.0, "y": 512.0, "flipY": 0.0 }, "object": 517.0 }, { "layer": 0.0, "deleted": 0.0, "variables": { "x": 480.0, "flipX": 0.0, "y": 512.0, "flipY": 0.0 }, "object": 517.0 }, { "layer": 0.0, "deleted": 0.0, "variables": { "x": 512.0, "flipX": 0.0, "y": 512.0, "flipY": 0.0 }, "object": 517.0 }, { "layer": 0.0, "deleted": 0.0, "variables": { "x": 544.0, "flipX": 0.0, "y": 512.0, "flipY": 0.0 }, "object": 517.0 }, { "layer": 0.0, "deleted": 0.0, "variables": { "x": 576.0, "flipX": 0.0, "y": 512.0, "flipY": 0.0 }, "object": 517.0 }, { "layer": 0.0, "deleted": 0.0, "variables": { "x": 608.0, "flipX": 0.0, "y": 512.0, "flipY": 0.0 }, "object": 517.0 }, { "layer": 0.0, "deleted": 0.0, "variables": { "x": 640.0, "flipX": 0.0, "y": 512.0, "flipY": 0.0 }, "object": 517.0 }, { "layer": 0.0, "deleted": 0.0, "variables": { "x": 672.0, "flipX": 0.0, "y": 512.0, "flipY": 0.0 }, "object": 517.0 }, { "layer": 0.0, "deleted": 0.0, "variables": { "x": 704.0, "flipX": 0.0, "y": 512.0, "flipY": 0.0 }, "object": 517.0 }, { "layer": 0.0, "deleted": 0.0, "variables": { "x": 736.0, "flipX": 0.0, "y": 512.0, "flipY": 0.0 }, "object": 517.0 }, { "layer": 0.0, "deleted": 0.0, "variables": { "x": 768.0, "flipX": 0.0, "y": 512.0, "flipY": 0.0 }, "object": 517.0 }, { "layer": 0.0, "deleted": 0.0, "variables": { "x": 800.0, "flipX": 0.0, "y": 512.0, "flipY": 0.0 }, "object": 517.0 }, { "layer": 0.0, "deleted": 0.0, "variables": { "x": 832.0, "flipX": 0.0, "y": 512.0, "flipY": 0.0 }, "object": 517.0 }, { "layer": 0.0, "deleted": 0.0, "variables": { "x": 864.0, "flipX": 0.0, "y": 512.0, "flipY": 0.0 }, "object": 517.0 }, { "layer": 0.0, "deleted": 0.0, "variables": { "x": 896.0, "flipX": 0.0, "y": 512.0, "flipY": 0.0 }, "object": 517.0 }, { "layer": 0.0, "deleted": 0.0, "variables": { "x": 928.0, "flipX": 0.0, "y": 512.0, "flipY": 0.0 }, "object": 517.0 }, { "layer": 0.0, "deleted": 0.0, "variables": { "x": 960.0, "flipX": 0.0, "y": 512.0, "flipY": 0.0 }, "object": 517.0 }, { "layer": 0.0, "deleted": 0.0, "variables": { "x": 992.0, "flipX": 0.0, "y": 512.0, "flipY": 0.0 }, "object": 517.0 }, { "layer": 0.0, "deleted": 0.0, "variables": { "x": 1024.0, "flipX": 0.0, "y": 512.0, "flipY": 0.0 }, "object": 517.0 }, { "layer": 0.0, "deleted": 0.0, "variables": { "x": 1056.0, "flipX": 0.0, "y": 512.0, "flipY": 0.0 }, "object": 517.0 }, { "layer": 0.0, "deleted": 0.0, "variables": { "x": 1088.0, "flipX": 0.0, "y": 512.0, "flipY": 0.0 }, "object": 517.0 }, { "layer": 0.0, "deleted": 0.0, "variables": { "x": 1120.0, "flipX": 0.0, "y": 512.0, "flipY": 0.0 }, "object": 517.0 }, { "layer": 0.0, "deleted": 0.0, "variables": { "x": 1152.0, "flipX": 0.0, "y": 512.0, "flipY": 0.0 }, "object": 517.0 }, { "layer": 0.0, "deleted": 0.0, "variables": { "x": 1184.0, "flipX": 0.0, "y": 512.0, "flipY": 0.0 }, "object": 517.0 }, { "layer": 0.0, "deleted": 0.0, "variables": { "x": 1216.0, "flipX": 0.0, "y": 512.0, "flipY": 0.0 }, "object": 517.0 }, { "layer": 0.0, "deleted": 0.0, "variables": { "x": 1248.0, "flipX": 0.0, "y": 512.0, "flipY": 0.0 }, "object": 517.0 }, { "layer": 0.0, "deleted": 0.0, "variables": { "x": 1280.0, "flipX": 0.0, "y": 512.0, "flipY": 0.0 }, "object": 517.0 }, { "layer": 0.0, "deleted": 0.0, "variables": { "x": 1312.0, "flipX": 0.0, "y": 512.0, "flipY": 0.0 }, "object": 517.0 }, { "layer": 0.0, "deleted": 0.0, "variables": { "x": 1344.0, "flipX": 0.0, "y": 512.0, "flipY": 0.0 }, "object": 517.0 }, { "layer": 0.0, "deleted": 0.0, "variables": { "x": 1376.0, "flipX": 0.0, "y": 512.0, "flipY": 0.0 }, "object": 517.0 }, { "layer": 0.0, "deleted": 0.0, "variables": { "x": 1408.0, "flipX": 0.0, "y": 512.0, "flipY": 0.0 }, "object": 517.0 }, { "layer": 0.0, "deleted": 0.0, "variables": { "x": 1440.0, "flipX": 0.0, "y": 512.0, "flipY": 0.0 }, "object": 517.0 }, { "layer": 0.0, "deleted": 0.0, "variables": { "x": 1472.0, "flipX": 0.0, "y": 512.0, "flipY": 0.0 }, "object": 517.0 }, { "layer": 0.0, "deleted": 0.0, "variables": { "x": 1504.0, "flipX": 0.0, "y": 512.0, "flipY": 0.0 }, "object": 517.0 }, { "layer": 0.0, "deleted": 0.0, "variables": { "x": 1536.0, "flipX": 0.0, "y": 512.0, "flipY": 0.0 }, "object": 517.0 }, { "layer": 0.0, "deleted": 0.0, "variables": { "x": 1568.0, "flipX": 0.0, "y": 512.0, "flipY": 0.0 }, "object": 517.0 }, { "layer": 0.0, "deleted": 0.0, "variables": { "x": 1600.0, "flipX": 0.0, "y": 512.0, "flipY": 0.0 }, "object": 517.0 }, { "layer": 0.0, "deleted": 0.0, "variables": { "x": 1632.0, "flipX": 0.0, "y": 512.0, "flipY": 0.0 }, "object": 517.0 }, { "layer": 0.0, "deleted": 0.0, "variables": { "x": 1664.0, "flipX": 0.0, "y": 512.0, "flipY": 0.0 }, "object": 517.0 }, { "layer": 0.0, "deleted": 0.0, "variables": { "x": 1696.0, "flipX": 0.0, "y": 512.0, "flipY": 0.0 }, "object": 517.0 }, { "layer": 0.0, "deleted": 0.0, "variables": { "x": 1728.0, "flipX": 0.0, "y": 512.0, "flipY": 0.0 }, "object": 517.0 }, { "layer": 0.0, "deleted": 0.0, "variables": { "x": 1760.0, "flipX": 0.0, "y": 512.0, "flipY": 0.0 }, "object": 517.0 }, { "layer": 0.0, "deleted": 0.0, "variables": { "x": 1760.0, "flipX": 0.0, "y": 480.0, "flipY": 0.0 }, "object": 517.0 }, { "layer": 0.0, "deleted": 0.0, "variables": { "x": 1760.0, "flipX": 0.0, "y": 448.0, "flipY": 0.0 }, "object": 517.0 }, { "layer": 0.0, "deleted": 0.0, "variables": { "x": 1760.0, "flipX": 0.0, "y": 416.0, "flipY": 0.0 }, "object": 517.0 }, { "layer": 0.0, "deleted": 0.0, "variables": { "x": 1760.0, "flipX": 0.0, "y": 384.0, "flipY": 0.0 }, "object": 517.0 }, { "layer": 0.0, "deleted": 0.0, "variables": { "x": 1760.0, "flipX": 0.0, "y": 352.0, "flipY": 0.0 }, "object": 517.0 }, { "layer": 0.0, "deleted": 0.0, "variables": { "x": 1760.0, "flipX": 0.0, "y": 320.0, "flipY": 0.0 }, "object": 517.0 }, { "layer": 0.0, "deleted": 0.0, "variables": { "x": 1760.0, "flipX": 0.0, "y": 288.0, "flipY": 0.0 }, "object": 517.0 }, { "layer": 0.0, "deleted": 0.0, "variables": { "x": 1760.0, "flipX": 0.0, "y": 256.0, "flipY": 0.0 }, "object": 517.0 }, { "layer": 0.0, "deleted": 0.0, "variables": { "x": 1760.0, "flipX": 0.0, "y": 224.0, "flipY": 0.0 }, "object": 517.0 }, { "layer": 0.0, "deleted": 0.0, "variables": { "x": 1760.0, "flipX": 0.0, "y": 192.0, "flipY": 0.0 }, "object": 517.0 }, { "layer": 0.0, "deleted": 0.0, "variables": { "x": 1760.0, "flipX": 0.0, "y": 160.0, "flipY": 0.0 }, "object": 517.0 }, { "layer": 0.0, "deleted": 0.0, "variables": { "x": 1760.0, "flipX": 0.0, "y": 128.0, "flipY": 0.0 }, "object": 517.0 }, { "layer": 0.0, "deleted": 0.0, "variables": { "x": 1760.0, "flipX": 0.0, "y": 96.0, "flipY": 0.0 }, "object": 517.0 }, { "layer": 0.0, "deleted": 0.0, "variables": { "x": 1760.0, "flipX": 0.0, "y": 64.0, "flipY": 0.0 }, "object": 517.0 }, { "layer": 0.0, "deleted": 0.0, "variables": { "x": 1760.0, "flipX": 0.0, "y": 32.0, "flipY": 0.0 }, "object": 517.0 }, { "layer": 0.0, "deleted": 0.0, "variables": { "x": 1760.0, "flipX": 0.0, "y": 0.0, "flipY": 0.0 }, "object": 517.0 }, { "layer": 0.0, "deleted": 0.0, "variables": { "x": 1760.0, "flipX": 0.0, "y": -32.0, "flipY": 0.0 }, "object": 517.0 }, { "layer": 0.0, "deleted": 0.0, "variables": { "x": 1760.0, "flipX": 0.0, "y": -64.0, "flipY": 0.0 }, "object": 517.0 }, { "layer": 0.0, "deleted": 0.0, "variables": { "x": 1760.0, "flipX": 0.0, "y": -96.0, "flipY": 0.0 }, "object": 517.0 }, { "layer": 0.0, "deleted": 0.0, "variables": { "x": 1760.0, "flipX": 0.0, "y": -128.0, "flipY": 0.0 }, "object": 517.0 }, { "layer": 0.0, "deleted": 0.0, "variables": { "x": 1760.0, "flipX": 0.0, "y": -160.0, "flipY": 0.0 }, "object": 517.0 }, { "layer": 0.0, "deleted": 0.0, "variables": { "x": 1760.0, "flipX": 0.0, "y": -192.0, "flipY": 0.0 }, "object": 517.0 }, { "layer": 0.0, "deleted": 0.0, "variables": { "x": 1760.0, "flipX": 0.0, "y": -224.0, "flipY": 0.0 }, "object": 517.0 }, { "layer": 0.0, "deleted": 0.0, "variables": { "x": 1760.0, "flipX": 0.0, "y": -256.0, "flipY": 0.0 }, "object": 517.0 }, { "layer": 0.0, "deleted": 0.0, "variables": { "x": 1760.0, "flipX": 0.0, "y": -288.0, "flipY": 0.0 }, "object": 517.0 }, { "layer": 0.0, "deleted": 0.0, "variables": { "x": 1760.0, "flipX": 0.0, "y": -320.0, "flipY": 0.0 }, "object": 517.0 }, { "layer": 0.0, "deleted": 0.0, "variables": { "x": 1760.0, "flipX": 0.0, "y": -352.0, "flipY": 0.0 }, "object": 517.0 }, { "layer": 0.0, "deleted": 0.0, "variables": { "x": 1728.0, "flipX": 0.0, "y": -352.0, "flipY": 0.0 }, "object": 517.0 }, { "layer": 0.0, "deleted": 0.0, "variables": { "x": 1696.0, "flipX": 0.0, "y": -352.0, "flipY": 0.0 }, "object": 517.0 }, { "layer": 0.0, "deleted": 0.0, "variables": { "x": 1664.0, "flipX": 0.0, "y": -352.0, "flipY": 0.0 }, "object": 517.0 }, { "layer": 0.0, "deleted": 0.0, "variables": { "x": 1632.0, "flipX": 0.0, "y": -352.0, "flipY": 0.0 }, "object": 517.0 }, { "layer": 0.0, "deleted": 0.0, "variables": { "x": 1600.0, "flipX": 0.0, "y": -352.0, "flipY": 0.0 }, "object": 517.0 }, { "layer": 0.0, "deleted": 0.0, "variables": { "x": 1568.0, "flipX": 0.0, "y": -352.0, "flipY": 0.0 }, "object": 517.0 }, { "layer": 0.0, "deleted": 0.0, "variables": { "x": 1536.0, "flipX": 0.0, "y": -352.0, "flipY": 0.0 }, "object": 517.0 }, { "layer": 0.0, "deleted": 0.0, "variables": { "x": 1504.0, "flipX": 0.0, "y": -352.0, "flipY": 0.0 }, "object": 517.0 }, { "layer": 0.0, "deleted": 0.0, "variables": { "x": 1472.0, "flipX": 0.0, "y": -352.0, "flipY": 0.0 }, "object": 517.0 }, { "layer": 0.0, "deleted": 0.0, "variables": { "x": 1440.0, "flipX": 0.0, "y": -352.0, "flipY": 0.0 }, "object": 517.0 }, { "layer": 0.0, "deleted": 0.0, "variables": { "x": 1408.0, "flipX": 0.0, "y": -352.0, "flipY": 0.0 }, "object": 517.0 }, { "layer": 0.0, "deleted": 0.0, "variables": { "x": 1376.0, "flipX": 0.0, "y": -352.0, "flipY": 0.0 }, "object": 517.0 }, { "layer": 0.0, "deleted": 0.0, "variables": { "x": 1344.0, "flipX": 0.0, "y": -352.0, "flipY": 0.0 }, "object": 517.0 }, { "layer": 0.0, "deleted": 0.0, "variables": { "x": 1312.0, "flipX": 0.0, "y": -352.0, "flipY": 0.0 }, "object": 517.0 }, { "layer": 0.0, "deleted": 0.0, "variables": { "x": 1280.0, "flipX": 0.0, "y": -352.0, "flipY": 0.0 }, "object": 517.0 }, { "layer": 0.0, "deleted": 0.0, "variables": { "x": 1248.0, "flipX": 0.0, "y": -352.0, "flipY": 0.0 }, "object": 517.0 }, { "layer": 0.0, "deleted": 0.0, "variables": { "x": 1216.0, "flipX": 0.0, "y": -352.0, "flipY": 0.0 }, "object": 517.0 }, { "layer": 0.0, "deleted": 0.0, "variables": { "x": 1184.0, "flipX": 0.0, "y": -352.0, "flipY": 0.0 }, "object": 517.0 }, { "layer": 0.0, "deleted": 0.0, "variables": { "x": 1152.0, "flipX": 0.0, "y": -352.0, "flipY": 0.0 }, "object": 517.0 }, { "layer": 0.0, "deleted": 0.0, "variables": { "x": 1120.0, "flipX": 0.0, "y": -352.0, "flipY": 0.0 }, "object": 517.0 }, { "layer": 0.0, "deleted": 0.0, "variables": { "x": 1088.0, "flipX": 0.0, "y": -352.0, "flipY": 0.0 }, "object": 517.0 }, { "layer": 0.0, "deleted": 0.0, "variables": { "x": 1056.0, "flipX": 0.0, "y": -352.0, "flipY": 0.0 }, "object": 517.0 }, { "layer": 0.0, "deleted": 0.0, "variables": { "x": 1024.0, "flipX": 0.0, "y": -352.0, "flipY": 0.0 }, "object": 517.0 }, { "layer": 0.0, "deleted": 0.0, "variables": { "x": 992.0, "flipX": 0.0, "y": -352.0, "flipY": 0.0 }, "object": 517.0 }, { "layer": 0.0, "deleted": 0.0, "variables": { "x": 960.0, "flipX": 0.0, "y": -352.0, "flipY": 0.0 }, "object": 517.0 }, { "layer": 0.0, "deleted": 0.0, "variables": { "x": 928.0, "flipX": 0.0, "y": -352.0, "flipY": 0.0 }, "object": 517.0 }, { "layer": 0.0, "deleted": 0.0, "variables": { "x": 896.0, "flipX": 0.0, "y": -352.0, "flipY": 0.0 }, "object": 517.0 }, { "layer": 0.0, "deleted": 0.0, "variables": { "x": 864.0, "flipX": 0.0, "y": -352.0, "flipY": 0.0 }, "object": 517.0 }, { "layer": 0.0, "deleted": 0.0, "variables": { "x": 832.0, "flipX": 0.0, "y": -352.0, "flipY": 0.0 }, "object": 517.0 }, { "layer": 0.0, "deleted": 0.0, "variables": { "x": 800.0, "flipX": 0.0, "y": -352.0, "flipY": 0.0 }, "object": 517.0 }, { "layer": 0.0, "deleted": 0.0, "variables": { "x": 768.0, "flipX": 0.0, "y": -352.0, "flipY": 0.0 }, "object": 517.0 }, { "layer": 0.0, "deleted": 0.0, "variables": { "x": 736.0, "flipX": 0.0, "y": -352.0, "flipY": 0.0 }, "object": 517.0 }, { "layer": 0.0, "deleted": 0.0, "variables": { "x": 704.0, "flipX": 0.0, "y": -352.0, "flipY": 0.0 }, "object": 517.0 }, { "layer": 0.0, "deleted": 0.0, "variables": { "x": 672.0, "flipX": 0.0, "y": -352.0, "flipY": 0.0 }, "object": 517.0 }, { "layer": 0.0, "deleted": 0.0, "variables": { "x": 640.0, "flipX": 0.0, "y": -352.0, "flipY": 0.0 }, "object": 517.0 }, { "layer": 0.0, "deleted": 0.0, "variables": { "x": 608.0, "flipX": 0.0, "y": -352.0, "flipY": 0.0 }, "object": 517.0 }, { "layer": 0.0, "deleted": 0.0, "variables": { "x": 576.0, "flipX": 0.0, "y": -352.0, "flipY": 0.0 }, "object": 517.0 }, { "layer": 0.0, "deleted": 0.0, "variables": { "x": 544.0, "flipX": 0.0, "y": -352.0, "flipY": 0.0 }, "object": 517.0 }, { "layer": 0.0, "deleted": 0.0, "variables": { "x": 512.0, "flipX": 0.0, "y": -352.0, "flipY": 0.0 }, "object": 517.0 }, { "layer": 0.0, "deleted": 0.0, "variables": { "x": 480.0, "flipX": 0.0, "y": -352.0, "flipY": 0.0 }, "object": 517.0 }, { "layer": 0.0, "deleted": 0.0, "variables": { "x": 448.0, "flipX": 0.0, "y": -352.0, "flipY": 0.0 }, "object": 517.0 }, { "layer": 0.0, "deleted": 0.0, "variables": { "x": 416.0, "flipX": 0.0, "y": -352.0, "flipY": 0.0 }, "object": 517.0 }, { "layer": 0.0, "deleted": 0.0, "variables": { "x": 384.0, "flipX": 0.0, "y": -352.0, "flipY": 0.0 }, "object": 517.0 }, { "layer": 0.0, "deleted": 0.0, "variables": { "x": 352.0, "flipX": 0.0, "y": -352.0, "flipY": 0.0 }, "object": 517.0 }, { "layer": 0.0, "deleted": 0.0, "variables": { "x": 320.0, "flipX": 0.0, "y": -352.0, "flipY": 0.0 }, "object": 517.0 }, { "layer": 0.0, "deleted": 0.0, "variables": { "x": 288.0, "flipX": 0.0, "y": -352.0, "flipY": 0.0 }, "object": 517.0 }, { "layer": 0.0, "deleted": 0.0, "variables": { "x": 256.0, "flipX": 0.0, "y": -352.0, "flipY": 0.0 }, "object": 517.0 }, { "layer": 0.0, "deleted": 0.0, "variables": { "x": 224.0, "flipX": 0.0, "y": -352.0, "flipY": 0.0 }, "object": 517.0 }, { "layer": 0.0, "deleted": 0.0, "variables": { "x": 192.0, "flipX": 0.0, "y": -352.0, "flipY": 0.0 }, "object": 517.0 }, { "layer": 0.0, "deleted": 0.0, "variables": { "x": 160.0, "flipX": 0.0, "y": -352.0, "flipY": 0.0 }, "object": 517.0 }, { "layer": 0.0, "deleted": 0.0, "variables": { "x": 128.0, "flipX": 0.0, "y": -352.0, "flipY": 0.0 }, "object": 517.0 }, { "layer": 0.0, "deleted": 0.0, "variables": { "x": 96.0, "flipX": 0.0, "y": -352.0, "flipY": 0.0 }, "object": 517.0 }, { "layer": 0.0, "deleted": 0.0, "variables": { "x": 64.0, "flipX": 0.0, "y": -352.0, "flipY": 0.0 }, "object": 517.0 }, { "layer": 0.0, "deleted": 0.0, "variables": { "x": 32.0, "flipX": 0.0, "y": -352.0, "flipY": 0.0 }, "object": 517.0 }, { "layer": 0.0, "deleted": 0.0, "variables": { "x": 0.0, "flipX": 0.0, "y": -352.0, "flipY": 0.0 }, "object": 517.0 }, { "layer": 0.0, "deleted": 0.0, "variables": { "x": 0.0, "flipX": 0.0, "y": -320.0, "flipY": 0.0 }, "object": 517.0 }, { "layer": 0.0, "deleted": 0.0, "variables": { "x": 0.0, "flipX": 0.0, "y": -288.0, "flipY": 0.0 }, "object": 517.0 }, { "layer": 0.0, "deleted": 0.0, "variables": { "x": 0.0, "flipX": 0.0, "y": -256.0, "flipY": 0.0 }, "object": 517.0 }, { "layer": 0.0, "deleted": 0.0, "variables": { "x": 0.0, "flipX": 0.0, "y": -224.0, "flipY": 0.0 }, "object": 517.0 }, { "layer": 0.0, "deleted": 0.0, "variables": { "x": 0.0, "flipX": 0.0, "y": -192.0, "flipY": 0.0 }, "object": 517.0 }, { "layer": 0.0, "deleted": 0.0, "variables": { "x": 0.0, "flipX": 0.0, "y": -160.0, "flipY": 0.0 }, "object": 517.0 }, { "layer": 0.0, "deleted": 0.0, "variables": { "x": 0.0, "flipX": 0.0, "y": -128.0, "flipY": 0.0 }, "object": 517.0 }, { "layer": 0.0, "deleted": 0.0, "variables": { "x": 0.0, "flipX": 0.0, "y": -96.0, "flipY": 0.0 }, "object": 517.0 }, { "layer": 0.0, "deleted": 0.0, "variables": { "x": 0.0, "flipX": 0.0, "y": -64.0, "flipY": 0.0 }, "object": 517.0 }, { "layer": 0.0, "deleted": 0.0, "variables": { "x": 0.0, "flipX": 0.0, "y": -32.0, "flipY": 0.0 }, "object": 517.0 }, { "layer": 0.0, "deleted": 0.0, "variables": { "x": 0.0, "flipX": 0.0, "y": 0.0, "flipY": 0.0 }, "object": 517.0 }, { "layer": 0.0, "deleted": 0.0, "variables": { "x": 0.0, "flipX": 0.0, "y": 32.0, "flipY": 0.0 }, "object": 517.0 }, { "layer": 0.0, "deleted": 0.0, "variables": { "x": 0.0, "flipX": 0.0, "y": 64.0, "flipY": 0.0 }, "object": 517.0 }, { "layer": 0.0, "deleted": 0.0, "variables": { "x": 0.0, "flipX": 0.0, "y": 96.0, "flipY": 0.0 }, "object": 517.0 }, { "layer": 0.0, "deleted": 0.0, "variables": { "x": 0.0, "flipX": 0.0, "y": 128.0, "flipY": 0.0 }, "object": 517.0 }, { "layer": 0.0, "deleted": 0.0, "variables": { "x": 0.0, "flipX": 0.0, "y": 160.0, "flipY": 0.0 }, "object": 517.0 }, { "layer": 0.0, "deleted": 0.0, "variables": { "x": 0.0, "flipX": 0.0, "y": 192.0, "flipY": 0.0 }, "object": 517.0 }, { "layer": 0.0, "deleted": 0.0, "variables": { "x": 0.0, "flipX": 0.0, "y": 224.0, "flipY": 0.0 }, "object": 517.0 }, { "layer": 0.0, "deleted": 0.0, "variables": { "x": 0.0, "flipX": 0.0, "y": 256.0, "flipY": 0.0 }, "object": 517.0 }, { "layer": 0.0, "deleted": 0.0, "variables": { "x": 0.0, "flipX": 0.0, "y": 288.0, "flipY": 0.0 }, "object": 517.0 }, { "layer": 0.0, "deleted": 0.0, "variables": { "x": 0.0, "flipX": 0.0, "y": 320.0, "flipY": 0.0 }, "object": 517.0 }, { "layer": 0.0, "deleted": 0.0, "variables": { "x": 0.0, "flipX": 0.0, "y": 352.0, "flipY": 0.0 }, "object": 517.0 }, { "layer": 0.0, "deleted": 0.0, "variables": { "x": 0.0, "flipX": 0.0, "y": 384.0, "flipY": 0.0 }, "object": 517.0 }, { "layer": 0.0, "deleted": 0.0, "variables": { "x": 0.0, "flipX": 0.0, "y": 416.0, "flipY": 0.0 }, "object": 517.0 }, { "layer": 0.0, "deleted": 0.0, "variables": { "x": 0.0, "flipX": 0.0, "y": 448.0, "flipY": 0.0 }, "object": 517.0 }, { "layer": 0.0, "deleted": 0.0, "variables": { "x": 0.0, "flipX": 0.0, "y": 480.0, "flipY": 0.0 }, "object": 517.0 }, { "layer": 0.0, "deleted": 0.0, "variables": { "x": 32.0, "flipX": 0.0, "y": 480.0, "flipY": 0.0 }, "object": 517.0 }, { "layer": 0.0, "deleted": 0.0, "variables": { "x": 64.0, "flipX": 0.0, "y": 480.0, "flipY": 0.0 }, "object": 517.0 }, { "layer": 0.0, "deleted": 0.0, "variables": { "x": 96.0, "flipX": 0.0, "y": 480.0, "flipY": 0.0 }, "object": 517.0 }, { "layer": 0.0, "deleted": 0.0, "variables": { "x": 128.0, "flipX": 0.0, "y": 480.0, "flipY": 0.0 }, "object": 517.0 }, { "layer": 0.0, "deleted": 0.0, "variables": { "x": 160.0, "flipX": 0.0, "y": 480.0, "flipY": 0.0 }, "object": 517.0 }, { "layer": 0.0, "deleted": 0.0, "variables": { "x": 192.0, "flipX": 0.0, "y": 480.0, "flipY": 0.0 }, "object": 517.0 }, { "layer": 0.0, "deleted": 0.0, "variables": { "x": 224.0, "flipX": 0.0, "y": 480.0, "flipY": 0.0 }, "object": 517.0 }, { "layer": 0.0, "deleted": 0.0, "variables": { "x": 256.0, "flipX": 0.0, "y": 480.0, "flipY": 0.0 }, "object": 517.0 }, { "layer": 0.0, "deleted": 0.0, "variables": { "x": 288.0, "flipX": 0.0, "y": 480.0, "flipY": 0.0 }, "object": 517.0 }, { "layer": 0.0, "deleted": 0.0, "variables": { "x": 320.0, "flipX": 0.0, "y": 480.0, "flipY": 0.0 }, "object": 517.0 }, { "layer": 0.0, "deleted": 0.0, "variables": { "x": 352.0, "flipX": 0.0, "y": 480.0, "flipY": 0.0 }, "object": 517.0 }, { "layer": 0.0, "deleted": 0.0, "variables": { "x": 384.0, "flipX": 0.0, "y": 480.0, "flipY": 0.0 }, "object": 517.0 }, { "layer": 0.0, "deleted": 0.0, "variables": { "x": 416.0, "flipX": 0.0, "y": 480.0, "flipY": 0.0 }, "object": 517.0 }, { "layer": 0.0, "deleted": 0.0, "variables": { "x": 448.0, "flipX": 0.0, "y": 480.0, "flipY": 0.0 }, "object": 517.0 }, { "layer": 0.0, "deleted": 0.0, "variables": { "x": 480.0, "flipX": 0.0, "y": 480.0, "flipY": 0.0 }, "object": 517.0 }, { "layer": 0.0, "deleted": 0.0, "variables": { "x": 512.0, "flipX": 0.0, "y": 480.0, "flipY": 0.0 }, "object": 517.0 }, { "layer": 0.0, "deleted": 0.0, "variables": { "x": 544.0, "flipX": 0.0, "y": 480.0, "flipY": 0.0 }, "object": 517.0 }, { "layer": 0.0, "deleted": 0.0, "variables": { "x": 576.0, "flipX": 0.0, "y": 480.0, "flipY": 0.0 }, "object": 517.0 }, { "layer": 0.0, "deleted": 0.0, "variables": { "x": 608.0, "flipX": 0.0, "y": 480.0, "flipY": 0.0 }, "object": 517.0 }, { "layer": 0.0, "deleted": 0.0, "variables": { "x": 640.0, "flipX": 0.0, "y": 480.0, "flipY": 0.0 }, "object": 517.0 }, { "layer": 0.0, "deleted": 0.0, "variables": { "x": 672.0, "flipX": 0.0, "y": 480.0, "flipY": 0.0 }, "object": 517.0 }, { "layer": 0.0, "deleted": 0.0, "variables": { "x": 704.0, "flipX": 0.0, "y": 480.0, "flipY": 0.0 }, "object": 517.0 }, { "layer": 0.0, "deleted": 0.0, "variables": { "x": 736.0, "flipX": 0.0, "y": 480.0, "flipY": 0.0 }, "object": 517.0 }, { "layer": 0.0, "deleted": 0.0, "variables": { "x": 768.0, "flipX": 0.0, "y": 480.0, "flipY": 0.0 }, "object": 517.0 }, { "layer": 0.0, "deleted": 0.0, "variables": { "x": 800.0, "flipX": 0.0, "y": 480.0, "flipY": 0.0 }, "object": 517.0 }, { "layer": 0.0, "deleted": 0.0, "variables": { "x": 832.0, "flipX": 0.0, "y": 480.0, "flipY": 0.0 }, "object": 517.0 }, { "layer": 0.0, "deleted": 0.0, "variables": { "x": 864.0, "flipX": 0.0, "y": 480.0, "flipY": 0.0 }, "object": 517.0 }, { "layer": 0.0, "deleted": 0.0, "variables": { "x": 896.0, "flipX": 0.0, "y": 480.0, "flipY": 0.0 }, "object": 517.0 }, { "layer": 0.0, "deleted": 0.0, "variables": { "x": 928.0, "flipX": 0.0, "y": 480.0, "flipY": 0.0 }, "object": 517.0 }, { "layer": 0.0, "deleted": 0.0, "variables": { "x": 960.0, "flipX": 0.0, "y": 480.0, "flipY": 0.0 }, "object": 517.0 }, { "layer": 0.0, "deleted": 0.0, "variables": { "x": 992.0, "flipX": 0.0, "y": 480.0, "flipY": 0.0 }, "object": 517.0 }, { "layer": 0.0, "deleted": 0.0, "variables": { "x": 1024.0, "flipX": 0.0, "y": 480.0, "flipY": 0.0 }, "object": 517.0 }, { "layer": 0.0, "deleted": 0.0, "variables": { "x": 1056.0, "flipX": 0.0, "y": 480.0, "flipY": 0.0 }, "object": 517.0 }, { "layer": 0.0, "deleted": 0.0, "variables": { "x": 1088.0, "flipX": 0.0, "y": 480.0, "flipY": 0.0 }, "object": 517.0 }, { "layer": 0.0, "deleted": 0.0, "variables": { "x": 1120.0, "flipX": 0.0, "y": 480.0, "flipY": 0.0 }, "object": 517.0 }, { "layer": 0.0, "deleted": 0.0, "variables": { "x": 1152.0, "flipX": 0.0, "y": 480.0, "flipY": 0.0 }, "object": 517.0 }, { "layer": 0.0, "deleted": 0.0, "variables": { "x": 1184.0, "flipX": 0.0, "y": 480.0, "flipY": 0.0 }, "object": 517.0 }, { "layer": 0.0, "deleted": 0.0, "variables": { "x": 1216.0, "flipX": 0.0, "y": 480.0, "flipY": 0.0 }, "object": 517.0 }, { "layer": 0.0, "deleted": 0.0, "variables": { "x": 1248.0, "flipX": 0.0, "y": 480.0, "flipY": 0.0 }, "object": 517.0 }, { "layer": 0.0, "deleted": 0.0, "variables": { "x": 1280.0, "flipX": 0.0, "y": 480.0, "flipY": 0.0 }, "object": 517.0 }, { "layer": 0.0, "deleted": 0.0, "variables": { "x": 1312.0, "flipX": 0.0, "y": 480.0, "flipY": 0.0 }, "object": 517.0 }, { "layer": 0.0, "deleted": 0.0, "variables": { "x": 1344.0, "flipX": 0.0, "y": 480.0, "flipY": 0.0 }, "object": 517.0 }, { "layer": 0.0, "deleted": 0.0, "variables": { "x": 1376.0, "flipX": 0.0, "y": 480.0, "flipY": 0.0 }, "object": 517.0 }, { "layer": 0.0, "deleted": 0.0, "variables": { "x": 1408.0, "flipX": 0.0, "y": 480.0, "flipY": 0.0 }, "object": 517.0 }, { "layer": 0.0, "deleted": 0.0, "variables": { "x": 1440.0, "flipX": 0.0, "y": 480.0, "flipY": 0.0 }, "object": 517.0 }, { "layer": 0.0, "deleted": 0.0, "variables": { "x": 1472.0, "flipX": 0.0, "y": 480.0, "flipY": 0.0 }, "object": 517.0 }, { "layer": 0.0, "deleted": 0.0, "variables": { "x": 1504.0, "flipX": 0.0, "y": 480.0, "flipY": 0.0 }, "object": 517.0 }, { "layer": 0.0, "deleted": 0.0, "variables": { "x": 1536.0, "flipX": 0.0, "y": 480.0, "flipY": 0.0 }, "object": 517.0 }, { "layer": 0.0, "deleted": 0.0, "variables": { "x": 1568.0, "flipX": 0.0, "y": 480.0, "flipY": 0.0 }, "object": 517.0 }, { "layer": 0.0, "deleted": 0.0, "variables": { "x": 1600.0, "flipX": 0.0, "y": 480.0, "flipY": 0.0 }, "object": 517.0 }, { "layer": 0.0, "deleted": 0.0, "variables": { "x": 1632.0, "flipX": 0.0, "y": 480.0, "flipY": 0.0 }, "object": 517.0 }, { "layer": 0.0, "deleted": 0.0, "variables": { "x": 1664.0, "flipX": 0.0, "y": 480.0, "flipY": 0.0 }, "object": 517.0 }, { "layer": 0.0, "deleted": 0.0, "variables": { "x": 1696.0, "flipX": 0.0, "y": 480.0, "flipY": 0.0 }, "object": 517.0 }, { "layer": 0.0, "deleted": 0.0, "variables": { "x": 1728.0, "flipX": 0.0, "y": 480.0, "flipY": 0.0 }, "object": 517.0 }, { "layer": 0.0, "deleted": 0.0, "variables": { "x": 1728.0, "flipX": 0.0, "y": 320.0, "flipY": 0.0 }, "object": 517.0 }, { "layer": 0.0, "deleted": 0.0, "variables": { "x": 1696.0, "flipX": 0.0, "y": 320.0, "flipY": 0.0 }, "object": 517.0 }, { "layer": 0.0, "deleted": 0.0, "variables": { "x": 1664.0, "flipX": 0.0, "y": 320.0, "flipY": 0.0 }, "object": 517.0 }, { "layer": 0.0, "deleted": 0.0, "variables": { "x": 1632.0, "flipX": 0.0, "y": 320.0, "flipY": 0.0 }, "object": 517.0 }, { "layer": 0.0, "deleted": 0.0, "variables": { "x": 1600.0, "flipX": 0.0, "y": 320.0, "flipY": 0.0 }, "object": 517.0 }, { "layer": 0.0, "deleted": 0.0, "variables": { "x": 1568.0, "flipX": 0.0, "y": 320.0, "flipY": 0.0 }, "object": 517.0 }, { "layer": 0.0, "deleted": 0.0, "variables": { "x": 1536.0, "flipX": 0.0, "y": 320.0, "flipY": 0.0 }, "object": 517.0 }, { "layer": 0.0, "deleted": 0.0, "variables": { "x": 1536.0, "flipX": 0.0, "y": 288.0, "flipY": 0.0 }, "object": 517.0 }, { "layer": 0.0, "deleted": 0.0, "variables": { "x": 1536.0, "flipX": 0.0, "y": 256.0, "flipY": 0.0 }, "object": 517.0 }, { "layer": 0.0, "deleted": 0.0, "variables": { "x": 1536.0, "flipX": 0.0, "y": 224.0, "flipY": 0.0 }, "object": 517.0 }, { "layer": 0.0, "deleted": 0.0, "variables": { "x": 1568.0, "flipX": 0.0, "y": 224.0, "flipY": 0.0 }, "object": 517.0 }, { "layer": 0.0, "deleted": 0.0, "variables": { "x": 1600.0, "flipX": 0.0, "y": 224.0, "flipY": 0.0 }, "object": 517.0 }, { "layer": 0.0, "deleted": 0.0, "variables": { "x": 1632.0, "flipX": 0.0, "y": 224.0, "flipY": 0.0 }, "object": 517.0 }, { "layer": 0.0, "deleted": 0.0, "variables": { "x": 1664.0, "flipX": 0.0, "y": 224.0, "flipY": 0.0 }, "object": 517.0 }, { "layer": 0.0, "deleted": 0.0, "variables": { "x": 1696.0, "flipX": 0.0, "y": 224.0, "flipY": 0.0 }, "object": 517.0 }, { "layer": 0.0, "deleted": 0.0, "variables": { "x": 1728.0, "flipX": 0.0, "y": 224.0, "flipY": 0.0 }, "object": 517.0 }, { "layer": 0.0, "deleted": 0.0, "variables": { "x": 1728.0, "flipX": 0.0, "y": 256.0, "flipY": 0.0 }, "object": 517.0 }, { "layer": 0.0, "deleted": 0.0, "variables": { "x": 1728.0, "flipX": 0.0, "y": 288.0, "flipY": 0.0 }, "object": 517.0 }, { "layer": 0.0, "deleted": 0.0, "variables": { "x": 1696.0, "flipX": 0.0, "y": 288.0, "flipY": 0.0 }, "object": 517.0 }, { "layer": 0.0, "deleted": 0.0, "variables": { "x": 1664.0, "flipX": 0.0, "y": 288.0, "flipY": 0.0 }, "object": 517.0 }, { "layer": 0.0, "deleted": 0.0, "variables": { "x": 1632.0, "flipX": 0.0, "y": 288.0, "flipY": 0.0 }, "object": 517.0 }, { "layer": 0.0, "deleted": 0.0, "variables": { "x": 1600.0, "flipX": 0.0, "y": 288.0, "flipY": 0.0 }, "object": 517.0 }, { "layer": 0.0, "deleted": 0.0, "variables": { "x": 1568.0, "flipX": 0.0, "y": 288.0, "flipY": 0.0 }, "object": 517.0 }, { "layer": 0.0, "deleted": 0.0, "variables": { "x": 1568.0, "flipX": 0.0, "y": 256.0, "flipY": 0.0 }, "object": 517.0 }, { "layer": 0.0, "deleted": 0.0, "variables": { "x": 1600.0, "flipX": 0.0, "y": 256.0, "flipY": 0.0 }, "object": 517.0 }, { "layer": 0.0, "deleted": 0.0, "variables": { "x": 1632.0, "flipX": 0.0, "y": 256.0, "flipY": 0.0 }, "object": 517.0 }, { "layer": 0.0, "deleted": 0.0, "variables": { "x": 1664.0, "flipX": 0.0, "y": 256.0, "flipY": 0.0 }, "object": 517.0 }, { "layer": 0.0, "deleted": 0.0, "variables": { "x": 1696.0, "flipX": 0.0, "y": 256.0, "flipY": 0.0 }, "object": 517.0 }, { "layer": 0.0, "deleted": 0.0, "variables": { "x": 1312.0, "flipX": 0.0, "y": 224.0, "flipY": 0.0 }, "object": 517.0 }, { "layer": 0.0, "deleted": 0.0, "variables": { "x": 1280.0, "flipX": 0.0, "y": 224.0, "flipY": 0.0 }, "object": 517.0 }, { "layer": 0.0, "deleted": 0.0, "variables": { "x": 1248.0, "flipX": 0.0, "y": 224.0, "flipY": 0.0 }, "object": 517.0 }, { "layer": 0.0, "deleted": 0.0, "variables": { "x": 1216.0, "flipX": 0.0, "y": 224.0, "flipY": 0.0 }, "object": 517.0 }, { "layer": 0.0, "deleted": 0.0, "variables": { "x": 1184.0, "flipX": 0.0, "y": 224.0, "flipY": 0.0 }, "object": 517.0 }, { "layer": 0.0, "deleted": 0.0, "variables": { "x": 1152.0, "flipX": 0.0, "y": 224.0, "flipY": 0.0 }, "object": 517.0 }, { "layer": 0.0, "deleted": 0.0, "variables": { "x": 1152.0, "flipX": 0.0, "y": 256.0, "flipY": 0.0 }, "object": 517.0 }, { "layer": 0.0, "deleted": 0.0, "variables": { "x": 1152.0, "flipX": 0.0, "y": 288.0, "flipY": 0.0 }, "object": 517.0 }, { "layer": 0.0, "deleted": 0.0, "variables": { "x": 1152.0, "flipX": 0.0, "y": 320.0, "flipY": 0.0 }, "object": 517.0 }, { "layer": 0.0, "deleted": 0.0, "variables": { "x": 1152.0, "flipX": 0.0, "y": 352.0, "flipY": 0.0 }, "object": 517.0 }, { "layer": 0.0, "deleted": 0.0, "variables": { "x": 1152.0, "flipX": 0.0, "y": 384.0, "flipY": 0.0 }, "object": 517.0 }, { "layer": 0.0, "deleted": 0.0, "variables": { "x": 1152.0, "flipX": 0.0, "y": 416.0, "flipY": 0.0 }, "object": 517.0 }, { "layer": 0.0, "deleted": 0.0, "variables": { "x": 1152.0, "flipX": 0.0, "y": 448.0, "flipY": 0.0 }, "object": 517.0 }, { "layer": 0.0, "deleted": 0.0, "variables": { "x": 1184.0, "flipX": 0.0, "y": 448.0, "flipY": 0.0 }, "object": 517.0 }, { "layer": 0.0, "deleted": 0.0, "variables": { "x": 1216.0, "flipX": 0.0, "y": 448.0, "flipY": 0.0 }, "object": 517.0 }, { "layer": 0.0, "deleted": 0.0, "variables": { "x": 1248.0, "flipX": 0.0, "y": 448.0, "flipY": 0.0 }, "object": 517.0 }, { "layer": 0.0, "deleted": 0.0, "variables": { "x": 1280.0, "flipX": 0.0, "y": 448.0, "flipY": 0.0 }, "object": 517.0 }, { "layer": 0.0, "deleted": 0.0, "variables": { "x": 1312.0, "flipX": 0.0, "y": 448.0, "flipY": 0.0 }, "object": 517.0 }, { "layer": 0.0, "deleted": 0.0, "variables": { "x": 1312.0, "flipX": 0.0, "y": 416.0, "flipY": 0.0 }, "object": 517.0 }, { "layer": 0.0, "deleted": 0.0, "variables": { "x": 1312.0, "flipX": 0.0, "y": 384.0, "flipY": 0.0 }, "object": 517.0 }, { "layer": 0.0, "deleted": 0.0, "variables": { "x": 1312.0, "flipX": 0.0, "y": 352.0, "flipY": 0.0 }, "object": 517.0 }, { "layer": 0.0, "deleted": 0.0, "variables": { "x": 1312.0, "flipX": 0.0, "y": 320.0, "flipY": 0.0 }, "object": 517.0 }, { "layer": 0.0, "deleted": 0.0, "variables": { "x": 1312.0, "flipX": 0.0, "y": 288.0, "flipY": 0.0 }, "object": 517.0 }, { "layer": 0.0, "deleted": 0.0, "variables": { "x": 1312.0, "flipX": 0.0, "y": 256.0, "flipY": 0.0 }, "object": 517.0 }, { "layer": 0.0, "deleted": 0.0, "variables": { "x": 1280.0, "flipX": 0.0, "y": 256.0, "flipY": 0.0 }, "object": 517.0 }, { "layer": 0.0, "deleted": 0.0, "variables": { "x": 1248.0, "flipX": 0.0, "y": 256.0, "flipY": 0.0 }, "object": 517.0 }, { "layer": 0.0, "deleted": 0.0, "variables": { "x": 1216.0, "flipX": 0.0, "y": 256.0, "flipY": 0.0 }, "object": 517.0 }, { "layer": 0.0, "deleted": 0.0, "variables": { "x": 1184.0, "flipX": 0.0, "y": 256.0, "flipY": 0.0 }, "object": 517.0 }, { "layer": 0.0, "deleted": 0.0, "variables": { "x": 1184.0, "flipX": 0.0, "y": 288.0, "flipY": 0.0 }, "object": 517.0 }, { "layer": 0.0, "deleted": 0.0, "variables": { "x": 1184.0, "flipX": 0.0, "y": 320.0, "flipY": 0.0 }, "object": 517.0 }, { "layer": 0.0, "deleted": 0.0, "variables": { "x": 1184.0, "flipX": 0.0, "y": 352.0, "flipY": 0.0 }, "object": 517.0 }, { "layer": 0.0, "deleted": 0.0, "variables": { "x": 1184.0, "flipX": 0.0, "y": 384.0, "flipY": 0.0 }, "object": 517.0 }, { "layer": 0.0, "deleted": 0.0, "variables": { "x": 1184.0, "flipX": 0.0, "y": 416.0, "flipY": 0.0 }, "object": 517.0 }, { "layer": 0.0, "deleted": 0.0, "variables": { "x": 1216.0, "flipX": 0.0, "y": 416.0, "flipY": 0.0 }, "object": 517.0 }, { "layer": 0.0, "deleted": 0.0, "variables": { "x": 1248.0, "flipX": 0.0, "y": 416.0, "flipY": 0.0 }, "object": 517.0 }, { "layer": 0.0, "deleted": 0.0, "variables": { "x": 1280.0, "flipX": 0.0, "y": 416.0, "flipY": 0.0 }, "object": 517.0 }, { "layer": 0.0, "deleted": 0.0, "variables": { "x": 1280.0, "flipX": 0.0, "y": 384.0, "flipY": 0.0 }, "object": 517.0 }, { "layer": 0.0, "deleted": 0.0, "variables": { "x": 1280.0, "flipX": 0.0, "y": 352.0, "flipY": 0.0 }, "object": 517.0 }, { "layer": 0.0, "deleted": 0.0, "variables": { "x": 1280.0, "flipX": 0.0, "y": 320.0, "flipY": 0.0 }, "object": 517.0 }, { "layer": 0.0, "deleted": 0.0, "variables": { "x": 1280.0, "flipX": 0.0, "y": 288.0, "flipY": 0.0 }, "object": 517.0 }, { "layer": 0.0, "deleted": 0.0, "variables": { "x": 1248.0, "flipX": 0.0, "y": 288.0, "flipY": 0.0 }, "object": 517.0 }, { "layer": 0.0, "deleted": 0.0, "variables": { "x": 1216.0, "flipX": 0.0, "y": 288.0, "flipY": 0.0 }, "object": 517.0 }, { "layer": 0.0, "deleted": 0.0, "variables": { "x": 1216.0, "flipX": 0.0, "y": 320.0, "flipY": 0.0 }, "object": 517.0 }, { "layer": 0.0, "deleted": 0.0, "variables": { "x": 1216.0, "flipX": 0.0, "y": 352.0, "flipY": 0.0 }, "object": 517.0 }, { "layer": 0.0, "deleted": 0.0, "variables": { "x": 1216.0, "flipX": 0.0, "y": 384.0, "flipY": 0.0 }, "object": 517.0 }, { "layer": 0.0, "deleted": 0.0, "variables": { "x": 1248.0, "flipX": 0.0, "y": 384.0, "flipY": 0.0 }, "object": 517.0 }, { "layer": 0.0, "deleted": 0.0, "variables": { "x": 1248.0, "flipX": 0.0, "y": 352.0, "flipY": 0.0 }, "object": 517.0 }, { "layer": 0.0, "deleted": 0.0, "variables": { "x": 1248.0, "flipX": 0.0, "y": 320.0, "flipY": 0.0 }, "object": 517.0 }, { "layer": 0.0, "deleted": 0.0, "variables": { "x": 1664.0, "flipX": 0.0, "content": "obj_pizzakintomato", "flipY": 0.0, "y": 448.0 }, "object": 751.0 }, { "layer": 0.0, "deleted": 0.0, "variables": { "x": 1408.0, "flipX": 0.0, "y": 320.0, "flipY": 0.0 }, "object": 617.0 }, { "layer": 0.0, "deleted": 0.0, "variables": { "x": 1440.0, "flipX": 0.0, "y": 320.0, "flipY": 0.0 }, "object": 617.0 }, { "layer": 0.0, "deleted": 0.0, "variables": { "x": 1440.0, "flipX": 0.0, "y": 448.0, "flipY": 0.0 }, "object": 134.0 }, { "layer": 0.0, "deleted": 0.0, "variables": { "x": 1568.0, "flipX": 0.0, "y": 448.0, "flipY": 0.0 }, "object": 134.0 }, { "layer": 0.0, "deleted": 0.0, "variables": { "x": 1600.0, "flipX": 0.0, "y": 448.0, "flipY": 0.0 }, "object": 134.0 }, { "layer": 0.0, "deleted": 0.0, "variables": { "x": 1728.0, "flipX": 0.0, "y": 448.0, "flipY": 0.0 }, "object": 134.0 }, { "layer": 0.0, "deleted": 0.0, "variables": { "x": 1536.0, "flipX": 0.0, "y": 448.0, "flipY": 0.0 }, "object": 134.0 }, { "layer": 0.0, "deleted": 0.0, "variables": { "x": 1248.0, "flipX": 1.0, "y": 179.0, "flipY": 0.0 }, "object": 333.0 }, { "layer": 0.0, "deleted": 0.0, "variables": { "x": 832.0, "flipX": 1.0, "y": 384.0, "flipY": 0.0 }, "object": 722.0 }, { "layer": 0.0, "deleted": 0.0, "variables": { "x": 864.0, "flipX": 1.0, "y": 384.0, "flipY": 0.0 }, "object": 722.0 }, { "layer": 0.0, "deleted": 0.0, "variables": { "x": 896.0, "flipX": 1.0, "y": 384.0, "flipY": 0.0 }, "object": 722.0 }, { "layer": 0.0, "deleted": 0.0, "variables": { "x": 928.0, "flipX": 1.0, "y": 384.0, "flipY": 0.0 }, "object": 722.0 }, { "layer": 0.0, "deleted": 0.0, "variables": { "x": 224.0, "flipX": 1.0, "y": 352.0, "flipY": 0.0 }, "object": 517.0 }, { "layer": 0.0, "deleted": 0.0, "variables": { "x": 256.0, "flipX": 1.0, "y": 352.0, "flipY": 0.0 }, "object": 517.0 }, { "layer": 0.0, "deleted": 0.0, "variables": { "x": 288.0, "flipX": 1.0, "y": 352.0, "flipY": 0.0 }, "object": 517.0 }, { "layer": 0.0, "deleted": 0.0, "variables": { "x": 288.0, "flipX": 1.0, "y": 384.0, "flipY": 0.0 }, "object": 517.0 }, { "layer": 0.0, "deleted": 0.0, "variables": { "x": 288.0, "flipX": 1.0, "y": 416.0, "flipY": 0.0 }, "object": 517.0 }, { "layer": 0.0, "deleted": 0.0, "variables": { "x": 288.0, "flipX": 1.0, "y": 448.0, "flipY": 0.0 }, "object": 517.0 }, { "layer": 0.0, "deleted": 0.0, "variables": { "x": 256.0, "flipX": 1.0, "y": 448.0, "flipY": 0.0 }, "object": 517.0 }, { "layer": 0.0, "deleted": 0.0, "variables": { "x": 224.0, "flipX": 1.0, "y": 448.0, "flipY": 0.0 }, "object": 517.0 }, { "layer": 0.0, "deleted": 0.0, "variables": { "x": 192.0, "flipX": 1.0, "y": 448.0, "flipY": 0.0 }, "object": 517.0 }, { "layer": 0.0, "deleted": 0.0, "variables": { "x": 160.0, "flipX": 1.0, "y": 448.0, "flipY": 0.0 }, "object": 517.0 }, { "layer": 0.0, "deleted": 0.0, "variables": { "x": 128.0, "flipX": 1.0, "y": 448.0, "flipY": 0.0 }, "object": 517.0 }, { "layer": 0.0, "deleted": 0.0, "variables": { "x": 96.0, "flipX": 1.0, "y": 448.0, "flipY": 0.0 }, "object": 517.0 }, { "layer": 0.0, "deleted": 0.0, "variables": { "x": 64.0, "flipX": 1.0, "y": 448.0, "flipY": 0.0 }, "object": 517.0 }, { "layer": 0.0, "deleted": 0.0, "variables": { "x": 32.0, "flipX": 1.0, "y": 448.0, "flipY": 0.0 }, "object": 517.0 }, { "layer": 0.0, "deleted": 0.0, "variables": { "x": 32.0, "flipX": 1.0, "y": 416.0, "flipY": 0.0 }, "object": 517.0 }, { "layer": 0.0, "deleted": 0.0, "variables": { "x": 64.0, "flipX": 1.0, "y": 416.0, "flipY": 0.0 }, "object": 517.0 }, { "layer": 0.0, "deleted": 0.0, "variables": { "x": 96.0, "flipX": 1.0, "y": 416.0, "flipY": 0.0 }, "object": 517.0 }, { "layer": 0.0, "deleted": 0.0, "variables": { "x": 128.0, "flipX": 1.0, "y": 416.0, "flipY": 0.0 }, "object": 517.0 }, { "layer": 0.0, "deleted": 0.0, "variables": { "x": 160.0, "flipX": 1.0, "y": 416.0, "flipY": 0.0 }, "object": 517.0 }, { "layer": 0.0, "deleted": 0.0, "variables": { "x": 192.0, "flipX": 1.0, "y": 416.0, "flipY": 0.0 }, "object": 517.0 }, { "layer": 0.0, "deleted": 0.0, "variables": { "x": 224.0, "flipX": 1.0, "y": 416.0, "flipY": 0.0 }, "object": 517.0 }, { "layer": 0.0, "deleted": 0.0, "variables": { "x": 256.0, "flipX": 1.0, "y": 416.0, "flipY": 0.0 }, "object": 517.0 }, { "layer": 0.0, "deleted": 0.0, "variables": { "x": 256.0, "flipX": 1.0, "y": 384.0, "flipY": 0.0 }, "object": 517.0 }, { "layer": 0.0, "deleted": 0.0, "variables": { "x": 224.0, "flipX": 1.0, "y": 384.0, "flipY": 0.0 }, "object": 517.0 }, { "layer": 0.0, "deleted": 0.0, "variables": { "x": 64.0, "y": 320.0, "targetRoom": "hallofdeath", "image_xscale": 1.0, "image_yscale": 1.0, "flipX": 0.0, "flipY": 0.0 }, "object": 795.0 }, { "layer": 0.0, "deleted": 0.0, "variables": { "x": 96.0, "flipX": 0.0, "y": 384.0, "flipY": 0.0 }, "object": 806.0 }, { "layer": 0.0, "deleted": 0.0, "variables": { "x": 384.0, "flipX": 0.0, "y": 448.0, "flipY": 0.0 }, "object": 134.0 }, { "layer": 0.0, "deleted": 0.0, "variables": { "x": 416.0, "flipX": 0.0, "y": 448.0, "flipY": 0.0 }, "object": 134.0 }, { "layer": 0.0, "deleted": 0.0, "variables": { "x": 448.0, "flipX": 0.0, "y": 448.0, "flipY": 0.0 }, "object": 134.0 }, { "layer": 0.0, "deleted": 0.0, "variables": { "x": 480.0, "flipX": 0.0, "y": 448.0, "flipY": 0.0 }, "object": 134.0 }, { "layer": 0.0, "deleted": 0.0, "variables": { "x": 512.0, "flipX": 0.0, "y": 448.0, "flipY": 0.0 }, "object": 134.0 }, { "layer": 0.0, "deleted": 0.0, "variables": { "x": 544.0, "flipX": 0.0, "y": 448.0, "flipY": 0.0 }, "object": 134.0 }, { "layer": 0.0, "deleted": 0.0, "variables": { "x": 608.0, "flipX": 0.0, "y": 448.0, "flipY": 0.0 }, "object": 134.0 }, { "layer": 0.0, "deleted": 0.0, "variables": { "x": 576.0, "flipX": 0.0, "y": 448.0, "flipY": 0.0 }, "object": 134.0 }, { "layer": 0.0, "deleted": 0.0, "variables": { "x": 640.0, "flipX": 0.0, "y": 448.0, "flipY": 0.0 }, "object": 134.0 }, { "layer": 0.0, "deleted": 0.0, "variables": { "x": 672.0, "flipX": 0.0, "y": 448.0, "flipY": 0.0 }, "object": 134.0 }, { "layer": 0.0, "deleted": 0.0, "variables": { "x": 704.0, "flipX": 0.0, "y": 448.0, "flipY": 0.0 }, "object": 134.0 }, { "layer": 0.0, "deleted": 0.0, "variables": { "x": 768.0, "flipX": 0.0, "y": 448.0, "flipY": 0.0 }, "object": 134.0 }, { "layer": 0.0, "deleted": 0.0, "variables": { "x": 768.0, "flipX": 0.0, "y": 448.0, "flipY": 0.0 }, "object": 134.0 }, { "layer": 0.0, "deleted": 0.0, "variables": { "x": 736.0, "flipX": 0.0, "y": 448.0, "flipY": 0.0 }, "object": 134.0 }, { "layer": 0.0, "deleted": 0.0, "variables": { "x": 1632.0, "flipX": 0.0, "y": 160.0, "flipY": 0.0 }, "object": 551.0 }, { "layer": 0.0, "deleted": 0.0, "variables": { "x": 1088.0, "flipX": 0.0, "y": 448.0, "flipY": 0.0 }, "object": 516.0 }, { "layer": 0.0, "deleted": 0.0, "variables": { "x": 896.0, "flipX": 1.0, "y": 337.0, "flipY": 0.0 }, "object": 659.0 }, { "layer": 0.0, "deleted": 0.0, "variables": { "x": 544.0, "flipX": 1.0, "y": 273.0, "flipY": 0.0 }, "object": 659.0 }, { "layer": 0.0, "deleted": 0.0, "variables": { "x": 1120.0, "flipX": 0.0, "y": 416.0, "flipY": 0.0 }, "object": 516.0 }, { "layer": 0.0, "deleted": 0.0, "variables": { "x": 1120.0, "flipX": 0.0, "y": 448.0, "flipY": 0.0 }, "object": 517.0 }, { "layer": 0.0, "deleted": 0.0, "variables": { "x": 480.0, "flipX": 0.0, "y": 320.0, "flipY": 0.0 }, "object": 722.0 }, { "layer": 0.0, "deleted": 0.0, "variables": { "x": 512.0, "flipX": 0.0, "y": 320.0, "flipY": 0.0 }, "object": 722.0 }, { "layer": 0.0, "deleted": 0.0, "variables": { "x": 544.0, "flipX": 0.0, "y": 320.0, "flipY": 0.0 }, "object": 722.0 }, { "layer": 0.0, "deleted": 0.0, "variables": { "x": 576.0, "flipX": 0.0, "y": 320.0, "flipY": 0.0 }, "object": 722.0 }, { "layer": 0.0, "deleted": 0.0, "variables": { "x": 800.0, "flipX": 0.0, "y": 448.0, "flipY": 0.0 }, "object": 134.0 }, { "layer": 0.0, "deleted": 0.0, "variables": { "x": 832.0, "flipX": 0.0, "y": 448.0, "flipY": 0.0 }, "object": 134.0 }, { "layer": 0.0, "deleted": 0.0, "variables": { "x": 896.0, "flipX": 0.0, "y": 448.0, "flipY": 0.0 }, "object": 134.0 }, { "layer": 0.0, "deleted": 0.0, "variables": { "x": 864.0, "flipX": 0.0, "y": 448.0, "flipY": 0.0 }, "object": 134.0 }, { "layer": 0.0, "deleted": 0.0, "variables": { "x": 928.0, "flipX": 0.0, "y": 448.0, "flipY": 0.0 }, "object": 134.0 }, { "layer": 0.0, "deleted": 0.0, "variables": { "x": 960.0, "flipX": 0.0, "y": 448.0, "flipY": 0.0 }, "object": 134.0 }, { "layer": 0.0, "deleted": 0.0, "variables": { "x": 992.0, "flipX": 0.0, "y": 448.0, "flipY": 0.0 }, "object": 134.0 }, { "layer": 0.0, "deleted": 0.0, "variables": { "x": 1024.0, "flipX": 0.0, "y": 448.0, "flipY": 0.0 }, "object": 134.0 }, { "layer": 0.0, "deleted": 0.0, "variables": { "x": 1056.0, "flipX": 0.0, "y": 448.0, "flipY": 0.0 }, "object": 134.0 }, { "layer": 0.0, "deleted": 0.0, "variables": { "x": 352.0, "flipX": 0.0, "y": 448.0, "flipY": 0.0 }, "object": 134.0 }, { "layer": 0.0, "deleted": 1.0, "variables": { "x": 192.0, "flipX": 0.0, "y": 384.0, "flipY": 0.0 }, "object": 134.0 } ], "tile_data": { "5": { "1248_288": { "autotile": 1.0, "autotile_index": 0.0, "tileset": "tile_medieval", "coord": [ 8.0, 1.0 ] }, "0_192": { "autotile": 1.0, "autotile_index": 0.0, "tileset": "tile_medieval", "coord": [ 3.0, 2.0 ] }, "1312_384": { "autotile": 1.0, "autotile_index": 0.0, "tileset": "tile_medieval", "coord": [ 3.0, 2.0 ] }, "1792_0": { "autotile": 1.0, "autotile_index": 0.0, "tileset": "tile_medieval", "coord": [ 0.0, 0.0 ] }, "224_-352": { "autotile": 1.0, "autotile_index": 0.0, "tileset": "tile_medieval", "coord": [ 2.0, 3.0 ] }, "512_-384": { "autotile": 1.0, "autotile_index": 0.0, "tileset": "tile_medieval", "coord": [ 0.0, 0.0 ] }, "288_448": { "autotile": 1.0, "autotile_index": 0.0, "tileset": "tile_medieval", "coord": [ 3.0, 2.0 ] }, "1696_480": { "autotile": 1.0, "autotile_index": 0.0, "tileset": "tile_medieval", "coord": [ 2.0, 1.0 ] }, "1792_-160": { "autotile": 1.0, "autotile_index": 0.0, "tileset": "tile_medieval", "coord": [ 0.0, 0.0 ] }, "544_-384": { "autotile": 1.0, "autotile_index": 0.0, "tileset": "tile_medieval", "coord": [ 0.0, 0.0 ] }, "384_480": { "autotile": 1.0, "autotile_index": 0.0, "tileset": "tile_medieval", "coord": [ 2.0, 1.0 ] }, "1376_480": { "autotile": 1.0, "autotile_index": 0.0, "tileset": "tile_medieval", "coord": [ 2.0, 1.0 ] }, "928_384": { "autotile": 0.0, "autotile_index": 0.0, "tileset": "tile_medieval", "coord": [ 3.0, 9.0 ] }, "1696_-416": { "autotile": 1.0, "autotile_index": 0.0, "tileset": "tile_medieval", "coord": [ 0.0, 0.0 ] }, "544_320": { "coord": [ 2.0, 9.0 ], "autotile_index": 0.0, "tileset": "tile_medieval", "autotile": 0.0 }, "1152_288": { "autotile": 1.0, "autotile_index": 0.0, "tileset": "tile_medieval", "coord": [ 1.0, 2.0 ] }, "1312_-352": { "autotile": 1.0, "autotile_index": 0.0, "tileset": "tile_medieval", "coord": [ 2.0, 3.0 ] }, "512_480": { "autotile": 1.0, "autotile_index": 0.0, "tileset": "tile_medieval", "coord": [ 2.0, 1.0 ] }, "1568_320": { "autotile": 1.0, "autotile_index": 0.0, "tileset": "tile_medieval", "coord": [ 2.0, 3.0 ] }, "1792_384": { "autotile": 1.0, "autotile_index": 0.0, "tileset": "tile_medieval", "coord": [ 0.0, 0.0 ] }, "672_512": { "autotile": 1.0, "autotile_index": 0.0, "tileset": "tile_medieval", "coord": [ 2.0, 2.0 ] }, "1600_224": { "autotile": 1.0, "autotile_index": 0.0, "tileset": "tile_medieval", "coord": [ 2.0, 1.0 ] }, "896_512": { "autotile": 1.0, "autotile_index": 0.0, "tileset": "tile_medieval", "coord": [ 2.0, 2.0 ] }, "1664_480": { "autotile": 1.0, "autotile_index": 0.0, "tileset": "tile_medieval", "coord": [ 2.0, 1.0 ] }, "1376_-352": { "autotile": 1.0, "autotile_index": 0.0, "tileset": "tile_medieval", "coord": [ 2.0, 3.0 ] }, "1760_-192": { "autotile": 1.0, "autotile_index": 0.0, "tileset": "tile_medieval", "coord": [ 1.0, 2.0 ] }, "1504_-352": { "autotile": 1.0, "autotile_index": 0.0, "tileset": "tile_medieval", "coord": [ 2.0, 3.0 ] }, "-32_-384": { "autotile": 1.0, "autotile_index": 0.0, "tileset": "tile_medieval", "coord": [ 0.0, 0.0 ] }, "224_480": { "autotile": 1.0, "autotile_index": 0.0, "tileset": "tile_medieval", "coord": [ 8.0, 1.0 ] }, "1152_416": { "autotile": 1.0, "autotile_index": 0.0, "tileset": "tile_medieval", "coord": [ 1.0, 2.0 ] }, "1280_-384": { "autotile": 1.0, "autotile_index": 0.0, "tileset": "tile_medieval", "coord": [ 0.0, 0.0 ] }, "64_512": { "autotile": 1.0, "autotile_index": 0.0, "tileset": "tile_medieval", "coord": [ 8.0, 1.0 ] }, "1664_-416": { "autotile": 1.0, "autotile_index": 0.0, "tileset": "tile_medieval", "coord": [ 0.0, 0.0 ] }, "1696_256": { "autotile": 1.0, "autotile_index": 0.0, "tileset": "tile_medieval", "coord": [ 2.0, 2.0 ] }, "608_512": { "autotile": 1.0, "autotile_index": 0.0, "tileset": "tile_medieval", "coord": [ 2.0, 2.0 ] }, "32_-352": { "autotile": 1.0, "autotile_index": 0.0, "tileset": "tile_medieval", "coord": [ 2.0, 3.0 ] }, "1152_512": { "autotile": 1.0, "autotile_index": 0.0, "tileset": "tile_medieval", "coord": [ 2.0, 2.0 ] }, "768_480": { "autotile": 1.0, "autotile_index": 0.0, "tileset": "tile_medieval", "coord": [ 2.0, 1.0 ] }, "1536_-384": { "autotile": 1.0, "autotile_index": 0.0, "tileset": "tile_medieval", "coord": [ 0.0, 0.0 ] }, "0_384": { "autotile": 1.0, "autotile_index": 0.0, "tileset": "tile_medieval", "coord": [ 3.0, 2.0 ] }, "1760_-352": { "autotile": 1.0, "autotile_index": 0.0, "tileset": "tile_medieval", "coord": [ 3.0, 5.0 ] }, "1504_480": { "autotile": 1.0, "autotile_index": 0.0, "tileset": "tile_medieval", "coord": [ 2.0, 1.0 ] }, "1184_416": { "autotile": 1.0, "autotile_index": 0.0, "tileset": "tile_medieval", "coord": [ 2.0, 2.0 ] }, "1568_-352": { "autotile": 1.0, "autotile_index": 0.0, "tileset": "tile_medieval", "coord": [ 2.0, 3.0 ] }, "192_480": { "autotile": 1.0, "autotile_index": 0.0, "tileset": "tile_medieval", "coord": [ 8.0, 1.0 ] }, "1120_512": { "autotile": 1.0, "autotile_index": 0.0, "tileset": "tile_medieval", "coord": [ 2.0, 2.0 ] }, "1280_480": { "autotile": 1.0, "autotile_index": 0.0, "tileset": "tile_medieval", "coord": [ 2.0, 2.0 ] }, "1312_-384": { "autotile": 1.0, "autotile_index": 0.0, "tileset": "tile_medieval", "coord": [ 0.0, 0.0 ] }, "1696_224": { "autotile": 1.0, "autotile_index": 0.0, "tileset": "tile_medieval", "coord": [ 2.0, 1.0 ] }, "992_480": { "autotile": 1.0, "autotile_index": 0.0, "tileset": "tile_medieval", "coord": [ 2.0, 1.0 ] }, "1120_-352": { "autotile": 1.0, "autotile_index": 0.0, "tileset": "tile_medieval", "coord": [ 2.0, 3.0 ] }, "832_-384": { "autotile": 1.0, "autotile_index": 0.0, "tileset": "tile_medieval", "coord": [ 0.0, 0.0 ] }, "1024_512": { "autotile": 1.0, "autotile_index": 0.0, "tileset": "tile_medieval", "coord": [ 2.0, 2.0 ] }, "160_416": { "autotile": 1.0, "autotile_index": 0.0, "tileset": "tile_medieval", "coord": [ 2.0, 1.0 ] }, "160_-384": { "autotile": 1.0, "autotile_index": 0.0, "tileset": "tile_medieval", "coord": [ 0.0, 0.0 ] }, "0_96": { "autotile": 1.0, "autotile_index": 0.0, "tileset": "tile_medieval", "coord": [ 3.0, 2.0 ] }, "352_480": { "autotile": 1.0, "autotile_index": 0.0, "tileset": "tile_medieval", "coord": [ 2.0, 1.0 ] }, "448_-352": { "autotile": 1.0, "autotile_index": 0.0, "tileset": "tile_medieval", "coord": [ 2.0, 3.0 ] }, "544_512": { "autotile": 1.0, "autotile_index": 0.0, "tileset": "tile_medieval", "coord": [ 2.0, 2.0 ] }, "-32_320": { "autotile": 1.0, "autotile_index": 0.0, "tileset": "tile_medieval", "coord": [ 0.0, 0.0 ] }, "1248_352": { "autotile": 1.0, "autotile_index": 0.0, "tileset": "tile_medieval", "coord": [ 8.0, 1.0 ] }, "128_480": { "autotile": 1.0, "autotile_index": 0.0, "tileset": "tile_medieval", "coord": [ 8.0, 1.0 ] }, "512_512": { "autotile": 1.0, "autotile_index": 0.0, "tileset": "tile_medieval", "coord": [ 2.0, 2.0 ] }, "992_512": { "autotile": 1.0, "autotile_index": 0.0, "tileset": "tile_medieval", "coord": [ 2.0, 2.0 ] }, "1504_-384": { "autotile": 1.0, "autotile_index": 0.0, "tileset": "tile_medieval", "coord": [ 0.0, 0.0 ] }, "1728_-352": { "autotile": 1.0, "autotile_index": 0.0, "tileset": "tile_medieval", "coord": [ 2.0, 3.0 ] }, "1280_-352": { "autotile": 1.0, "autotile_index": 0.0, "tileset": "tile_medieval", "coord": [ 2.0, 3.0 ] }, "1248_384": { "autotile": 1.0, "autotile_index": 0.0, "tileset": "tile_medieval", "coord": [ 8.0, 1.0 ] }, "864_-384": { "autotile": 1.0, "autotile_index": 0.0, "tileset": "tile_medieval", "coord": [ 0.0, 0.0 ] }, "1792_192": { "autotile": 1.0, "autotile_index": 0.0, "tileset": "tile_medieval", "coord": [ 0.0, 0.0 ] }, "1408_512": { "autotile": 1.0, "autotile_index": 0.0, "tileset": "tile_medieval", "coord": [ 2.0, 2.0 ] }, "-32_-128": { "autotile": 1.0, "autotile_index": 0.0, "tileset": "tile_medieval", "coord": [ 0.0, 0.0 ] }, "288_384": { "autotile": 1.0, "autotile_index": 0.0, "tileset": "tile_medieval", "coord": [ 3.0, 2.0 ] }, "256_480": { "autotile": 1.0, "autotile_index": 0.0, "tileset": "tile_medieval", "coord": [ 2.0, 2.0 ] }, "832_480": { "autotile": 1.0, "autotile_index": 0.0, "tileset": "tile_medieval", "coord": [ 2.0, 1.0 ] }, "-32_-288": { "autotile": 1.0, "autotile_index": 0.0, "tileset": "tile_medieval", "coord": [ 0.0, 0.0 ] }, "672_480": { "autotile": 1.0, "autotile_index": 0.0, "tileset": "tile_medieval", "coord": [ 2.0, 1.0 ] }, "1792_64": { "autotile": 1.0, "autotile_index": 0.0, "tileset": "tile_medieval", "coord": [ 0.0, 0.0 ] }, "32_416": { "autotile": 1.0, "autotile_index": 0.0, "tileset": "tile_medieval", "coord": [ 2.0, 1.0 ] }, "1344_-352": { "autotile": 1.0, "autotile_index": 0.0, "tileset": "tile_medieval", "coord": [ 2.0, 3.0 ] }, "1216_-352": { "autotile": 1.0, "autotile_index": 0.0, "tileset": "tile_medieval", "coord": [ 2.0, 3.0 ] }, "224_384": { "autotile": 1.0, "autotile_index": 0.0, "tileset": "tile_medieval", "coord": [ 1.0, 2.0 ] }, "128_448": { "autotile": 1.0, "autotile_index": 0.0, "tileset": "tile_medieval", "coord": [ 2.0, 2.0 ] }, "-32_-32": { "autotile": 1.0, "autotile_index": 0.0, "tileset": "tile_medieval", "coord": [ 0.0, 0.0 ] }, "768_-352": { "autotile": 1.0, "autotile_index": 0.0, "tileset": "tile_medieval", "coord": [ 2.0, 3.0 ] }, "1312_416": { "autotile": 1.0, "autotile_index": 0.0, "tileset": "tile_medieval", "coord": [ 3.0, 2.0 ] }, "1280_352": { "autotile": 1.0, "autotile_index": 0.0, "tileset": "tile_medieval", "coord": [ 2.0, 2.0 ] }, "0_-128": { "autotile": 1.0, "autotile_index": 0.0, "tileset": "tile_medieval", "coord": [ 3.0, 2.0 ] }, "1440_-352": { "autotile": 1.0, "autotile_index": 0.0, "tileset": "tile_medieval", "coord": [ 2.0, 3.0 ] }, "1760_96": { "autotile": 1.0, "autotile_index": 0.0, "tileset": "tile_medieval", "coord": [ 1.0, 2.0 ] }, "1152_224": { "autotile": 1.0, "autotile_index": 0.0, "tileset": "tile_medieval", "coord": [ 1.0, 1.0 ] }, "-32_128": { "autotile": 1.0, "autotile_index": 0.0, "tileset": "tile_medieval", "coord": [ 0.0, 0.0 ] }, "1280_384": { "autotile": 1.0, "autotile_index": 0.0, "tileset": "tile_medieval", "coord": [ 2.0, 2.0 ] }, "928_512": { "autotile": 1.0, "autotile_index": 0.0, "tileset": "tile_medieval", "coord": [ 2.0, 2.0 ] }, "-32_-224": { "autotile": 1.0, "autotile_index": 0.0, "tileset": "tile_medieval", "coord": [ 0.0, 0.0 ] }, "224_448": { "autotile": 1.0, "autotile_index": 0.0, "tileset": "tile_medieval", "coord": [ 2.0, 2.0 ] }, "160_480": { "autotile": 1.0, "autotile_index": 0.0, "tileset": "tile_medieval", "coord": [ 8.0, 1.0 ] }, "352_-384": { "autotile": 1.0, "autotile_index": 0.0, "tileset": "tile_medieval", "coord": [ 0.0, 0.0 ] }, "1664_-352": { "autotile": 1.0, "autotile_index": 0.0, "tileset": "tile_medieval", "coord": [ 2.0, 3.0 ] }, "1184_480": { "autotile": 1.0, "autotile_index": 0.0, "tileset": "tile_medieval", "coord": [ 2.0, 2.0 ] }, "1568_224": { "autotile": 1.0, "autotile_index": 0.0, "tileset": "tile_medieval", "coord": [ 2.0, 1.0 ] }, "256_-352": { "autotile": 1.0, "autotile_index": 0.0, "tileset": "tile_medieval", "coord": [ 2.0, 3.0 ] }, "64_416": { "autotile": 1.0, "autotile_index": 0.0, "tileset": "tile_medieval", "coord": [ 2.0, 1.0 ] }, "384_-384": { "autotile": 1.0, "autotile_index": 0.0, "tileset": "tile_medieval", "coord": [ 0.0, 0.0 ] }, "1184_384": { "autotile": 1.0, "autotile_index": 0.0, "tileset": "tile_medieval", "coord": [ 2.0, 2.0 ] }, "736_512": { "autotile": 1.0, "autotile_index": 0.0, "tileset": "tile_medieval", "coord": [ 2.0, 2.0 ] }, "1152_384": { "autotile": 1.0, "autotile_index": 0.0, "tileset": "tile_medieval", "coord": [ 1.0, 2.0 ] }, "224_-384": { "autotile": 1.0, "autotile_index": 0.0, "tileset": "tile_medieval", "coord": [ 0.0, 0.0 ] }, "64_448": { "autotile": 1.0, "autotile_index": 0.0, "tileset": "tile_medieval", "coord": [ 2.0, 2.0 ] }, "1760_-416": { "autotile": 1.0, "autotile_index": 0.0, "tileset": "tile_medieval", "coord": [ 0.0, 0.0 ] }, "-32_416": { "autotile": 1.0, "autotile_index": 0.0, "tileset": "tile_medieval", "coord": [ 0.0, 0.0 ] }, "1312_256": { "autotile": 1.0, "autotile_index": 0.0, "tileset": "tile_medieval", "coord": [ 3.0, 2.0 ] }, "160_-352": { "autotile": 1.0, "autotile_index": 0.0, "tileset": "tile_medieval", "coord": [ 2.0, 3.0 ] }, "1664_288": { "autotile": 1.0, "autotile_index": 0.0, "tileset": "tile_medieval", "coord": [ 2.0, 2.0 ] }, "1120_480": { "autotile": 0.0, "autotile_index": 0.0, "tileset": "tile_medieval", "coord": [ 6.0, 7.0 ] }, "1312_320": { "autotile": 1.0, "autotile_index": 0.0, "tileset": "tile_medieval", "coord": [ 3.0, 2.0 ] }, "96_-384": { "autotile": 1.0, "autotile_index": 0.0, "tileset": "tile_medieval", "coord": [ 0.0, 0.0 ] }, "1248_512": { "autotile": 1.0, "autotile_index": 0.0, "tileset": "tile_medieval", "coord": [ 8.0, 1.0 ] }, "288_480": { "autotile": 1.0, "autotile_index": 0.0, "tileset": "tile_medieval", "coord": [ 1.0, 7.0 ] }, "1248_-352": { "autotile": 1.0, "autotile_index": 0.0, "tileset": "tile_medieval", "coord": [ 2.0, 3.0 ] }, "1088_-384": { "autotile": 1.0, "autotile_index": 0.0, "tileset": "tile_medieval", "coord": [ 0.0, 0.0 ] }, "384_512": { "autotile": 1.0, "autotile_index": 0.0, "tileset": "tile_medieval", "coord": [ 2.0, 2.0 ] }, "1184_512": { "autotile": 1.0, "autotile_index": 0.0, "tileset": "tile_medieval", "coord": [ 2.0, 2.0 ] }, "1632_320": { "autotile": 1.0, "autotile_index": 0.0, "tileset": "tile_medieval", "coord": [ 2.0, 3.0 ] }, "1184_-384": { "autotile": 1.0, "autotile_index": 0.0, "tileset": "tile_medieval", "coord": [ 0.0, 0.0 ] }, "1696_512": { "autotile": 1.0, "autotile_index": 0.0, "tileset": "tile_medieval", "coord": [ 2.0, 2.0 ] }, "1696_-352": { "autotile": 1.0, "autotile_index": 0.0, "tileset": "tile_medieval", "coord": [ 2.0, 3.0 ] }, "-32_-160": { "autotile": 1.0, "autotile_index": 0.0, "tileset": "tile_medieval", "coord": [ 0.0, 0.0 ] }, "1664_-384": { "autotile": 1.0, "autotile_index": 0.0, "tileset": "tile_medieval", "coord": [ 0.0, 0.0 ] }, "1440_480": { "autotile": 1.0, "autotile_index": 0.0, "tileset": "tile_medieval", "coord": [ 2.0, 1.0 ] }, "1760_-160": { "autotile": 1.0, "autotile_index": 0.0, "tileset": "tile_medieval", "coord": [ 1.0, 2.0 ] }, "896_384": { "autotile": 0.0, "autotile_index": 0.0, "tileset": "tile_medieval", "coord": [ 2.0, 9.0 ] }, "-32_256": { "autotile": 1.0, "autotile_index": 0.0, "tileset": "tile_medieval", "coord": [ 0.0, 0.0 ] }, "320_-384": { "autotile": 1.0, "autotile_index": 0.0, "tileset": "tile_medieval", "coord": [ 0.0, 0.0 ] }, "480_-384": { "autotile": 1.0, "autotile_index": 0.0, "tileset": "tile_medieval", "coord": [ 0.0, 0.0 ] }, "0_160": { "autotile": 1.0, "autotile_index": 0.0, "tileset": "tile_medieval", "coord": [ 3.0, 2.0 ] }, "864_480": { "autotile": 1.0, "autotile_index": 0.0, "tileset": "tile_medieval", "coord": [ 2.0, 1.0 ] }, "1280_416": { "autotile": 1.0, "autotile_index": 0.0, "tileset": "tile_medieval", "coord": [ 2.0, 2.0 ] }, "1600_288": { "autotile": 1.0, "autotile_index": 0.0, "tileset": "tile_medieval", "coord": [ 2.0, 2.0 ] }, "640_480": { "autotile": 1.0, "autotile_index": 0.0, "tileset": "tile_medieval", "coord": [ 2.0, 1.0 ] }, "1216_448": { "autotile": 1.0, "autotile_index": 0.0, "tileset": "tile_medieval", "coord": [ 8.0, 1.0 ] }, "1216_288": { "autotile": 1.0, "autotile_index": 0.0, "tileset": "tile_medieval", "coord": [ 8.0, 1.0 ] }, "928_480": { "autotile": 1.0, "autotile_index": 0.0, "tileset": "tile_medieval", "coord": [ 2.0, 1.0 ] }, "96_448": { "autotile": 1.0, "autotile_index": 0.0, "tileset": "tile_medieval", "coord": [ 2.0, 2.0 ] }, "1568_256": { "autotile": 1.0, "autotile_index": 0.0, "tileset": "tile_medieval", "coord": [ 2.0, 2.0 ] }, "0_224": { "autotile": 1.0, "autotile_index": 0.0, "tileset": "tile_medieval", "coord": [ 3.0, 2.0 ] }, "1664_512": { "autotile": 1.0, "autotile_index": 0.0, "tileset": "tile_medieval", "coord": [ 2.0, 2.0 ] }, "1696_288": { "autotile": 1.0, "autotile_index": 0.0, "tileset": "tile_medieval", "coord": [ 2.0, 2.0 ] }, "1568_512": { "autotile": 1.0, "autotile_index": 0.0, "tileset": "tile_medieval", "coord": [ 2.0, 2.0 ] }, "-32_288": { "autotile": 1.0, "autotile_index": 0.0, "tileset": "tile_medieval", "coord": [ 0.0, 0.0 ] }, "864_384": { "autotile": 0.0, "autotile_index": 0.0, "tileset": "tile_medieval", "coord": [ 2.0, 9.0 ] }, "-32_32": { "autotile": 1.0, "autotile_index": 0.0, "tileset": "tile_medieval", "coord": [ 0.0, 0.0 ] }, "992_-384": { "autotile": 1.0, "autotile_index": 0.0, "tileset": "tile_medieval", "coord": [ 0.0, 0.0 ] }, "1088_448": { "autotile": 0.0, "autotile_index": 0.0, "tileset": "tile_medieval", "coord": [ 5.0, 6.0 ] }, "1472_480": { "autotile": 1.0, "autotile_index": 0.0, "tileset": "tile_medieval", "coord": [ 2.0, 1.0 ] }, "1312_512": { "autotile": 1.0, "autotile_index": 0.0, "tileset": "tile_medieval", "coord": [ 2.0, 2.0 ] }, "1760_160": { "autotile": 1.0, "autotile_index": 0.0, "tileset": "tile_medieval", "coord": [ 1.0, 2.0 ] }, "512_-352": { "autotile": 1.0, "autotile_index": 0.0, "tileset": "tile_medieval", "coord": [ 2.0, 3.0 ] }, "1216_512": { "autotile": 1.0, "autotile_index": 0.0, "tileset": "tile_medieval", "coord": [ 8.0, 1.0 ] }, "1568_288": { "autotile": 1.0, "autotile_index": 0.0, "tileset": "tile_medieval", "coord": [ 2.0, 2.0 ] }, "256_384": { "autotile": 1.0, "autotile_index": 0.0, "tileset": "tile_medieval", "coord": [ 2.0, 2.0 ] }, "1632_-384": { "autotile": 1.0, "autotile_index": 0.0, "tileset": "tile_medieval", "coord": [ 0.0, 0.0 ] }, "1280_448": { "autotile": 1.0, "autotile_index": 0.0, "tileset": "tile_medieval", "coord": [ 2.0, 2.0 ] }, "1536_480": { "autotile": 1.0, "autotile_index": 0.0, "tileset": "tile_medieval", "coord": [ 2.0, 1.0 ] }, "1792_416": { "autotile": 1.0, "autotile_index": 0.0, "tileset": "tile_medieval", "coord": [ 0.0, 0.0 ] }, "32_512": { "autotile": 1.0, "autotile_index": 0.0, "tileset": "tile_medieval", "coord": [ 8.0, 1.0 ] }, "96_512": { "autotile": 1.0, "autotile_index": 0.0, "tileset": "tile_medieval", "coord": [ 8.0, 1.0 ] }, "1280_288": { "autotile": 1.0, "autotile_index": 0.0, "tileset": "tile_medieval", "coord": [ 2.0, 2.0 ] }, "-32_384": { "autotile": 1.0, "autotile_index": 0.0, "tileset": "tile_medieval", "coord": [ 0.0, 0.0 ] }, "1632_512": { "autotile": 1.0, "autotile_index": 0.0, "tileset": "tile_medieval", "coord": [ 2.0, 2.0 ] }, "1216_384": { "autotile": 1.0, "autotile_index": 0.0, "tileset": "tile_medieval", "coord": [ 8.0, 1.0 ] }, "1536_288": { "autotile": 1.0, "autotile_index": 0.0, "tileset": "tile_medieval", "coord": [ 1.0, 2.0 ] }, "64_-384": { "autotile": 1.0, "autotile_index": 0.0, "tileset": "tile_medieval", "coord": [ 0.0, 0.0 ] }, "1760_256": { "autotile": 1.0, "autotile_index": 0.0, "tileset": "tile_medieval", "coord": [ 2.0, 2.0 ] }, "1472_512": { "autotile": 1.0, "autotile_index": 0.0, "tileset": "tile_medieval", "coord": [ 2.0, 2.0 ] }, "64_-352": { "autotile": 1.0, "autotile_index": 0.0, "tileset": "tile_medieval", "coord": [ 2.0, 3.0 ] }, "1536_320": { "autotile": 1.0, "autotile_index": 0.0, "tileset": "tile_medieval", "coord": [ 1.0, 3.0 ] }, "192_448": { "autotile": 1.0, "autotile_index": 0.0, "tileset": "tile_medieval", "coord": [ 2.0, 2.0 ] }, "416_-352": { "autotile": 1.0, "autotile_index": 0.0, "tileset": "tile_medieval", "coord": [ 2.0, 3.0 ] }, "1792_160": { "autotile": 1.0, "autotile_index": 0.0, "tileset": "tile_medieval", "coord": [ 0.0, 0.0 ] }, "1760_352": { "autotile": 1.0, "autotile_index": 0.0, "tileset": "tile_medieval", "coord": [ 1.0, 2.0 ] }, "1568_-384": { "autotile": 1.0, "autotile_index": 0.0, "tileset": "tile_medieval", "coord": [ 0.0, 0.0 ] }, "1216_-384": { "autotile": 1.0, "autotile_index": 0.0, "tileset": "tile_medieval", "coord": [ 0.0, 0.0 ] }, "864_512": { "autotile": 1.0, "autotile_index": 0.0, "tileset": "tile_medieval", "coord": [ 2.0, 2.0 ] }, "480_512": { "autotile": 1.0, "autotile_index": 0.0, "tileset": "tile_medieval", "coord": [ 2.0, 2.0 ] }, "352_-352": { "autotile": 1.0, "autotile_index": 0.0, "tileset": "tile_medieval", "coord": [ 2.0, 3.0 ] }, "608_480": { "autotile": 1.0, "autotile_index": 0.0, "tileset": "tile_medieval", "coord": [ 2.0, 1.0 ] }, "-32_192": { "autotile": 1.0, "autotile_index": 0.0, "tileset": "tile_medieval", "coord": [ 0.0, 0.0 ] }, "0_128": { "autotile": 1.0, "autotile_index": 0.0, "tileset": "tile_medieval", "coord": [ 3.0, 2.0 ] }, "1792_256": { "autotile": 1.0, "autotile_index": 0.0, "tileset": "tile_medieval", "coord": [ 0.0, 0.0 ] }, "-32_-256": { "autotile": 1.0, "autotile_index": 0.0, "tileset": "tile_medieval", "coord": [ 0.0, 0.0 ] }, "1440_-384": { "autotile": 1.0, "autotile_index": 0.0, "tileset": "tile_medieval", "coord": [ 0.0, 0.0 ] }, "1152_352": { "autotile": 1.0, "autotile_index": 0.0, "tileset": "tile_medieval", "coord": [ 1.0, 2.0 ] }, "1600_480": { "autotile": 1.0, "autotile_index": 0.0, "tileset": "tile_medieval", "coord": [ 2.0, 1.0 ] }, "1376_512": { "autotile": 1.0, "autotile_index": 0.0, "tileset": "tile_medieval", "coord": [ 2.0, 2.0 ] }, "576_320": { "coord": [ 3.0, 9.0 ], "autotile_index": 0.0, "tileset": "tile_medieval", "autotile": 0.0 }, "672_-384": { "autotile": 1.0, "autotile_index": 0.0, "tileset": "tile_medieval", "coord": [ 0.0, 0.0 ] }, "1792_-352": { "autotile": 1.0, "autotile_index": 0.0, "tileset": "tile_medieval", "coord": [ 0.0, 0.0 ] }, "1600_320": { "autotile": 1.0, "autotile_index": 0.0, "tileset": "tile_medieval", "coord": [ 2.0, 3.0 ] }, "-32_-64": { "autotile": 1.0, "autotile_index": 0.0, "tileset": "tile_medieval", "coord": [ 0.0, 0.0 ] }, "1248_-384": { "autotile": 1.0, "autotile_index": 0.0, "tileset": "tile_medieval", "coord": [ 0.0, 0.0 ] }, "256_416": { "autotile": 1.0, "autotile_index": 0.0, "tileset": "tile_medieval", "coord": [ 2.0, 2.0 ] }, "640_-352": { "autotile": 1.0, "autotile_index": 0.0, "tileset": "tile_medieval", "coord": [ 2.0, 3.0 ] }, "416_512": { "autotile": 1.0, "autotile_index": 0.0, "tileset": "tile_medieval", "coord": [ 2.0, 2.0 ] }, "256_-384": { "autotile": 1.0, "autotile_index": 0.0, "tileset": "tile_medieval", "coord": [ 0.0, 0.0 ] }, "1184_256": { "autotile": 1.0, "autotile_index": 0.0, "tileset": "tile_medieval", "coord": [ 2.0, 2.0 ] }, "1024_-352": { "autotile": 1.0, "autotile_index": 0.0, "tileset": "tile_medieval", "coord": [ 2.0, 3.0 ] }, "1056_-352": { "autotile": 1.0, "autotile_index": 0.0, "tileset": "tile_medieval", "coord": [ 2.0, 3.0 ] }, "-32_480": { "autotile": 1.0, "autotile_index": 0.0, "tileset": "tile_medieval", "coord": [ 0.0, 0.0 ] }, "1760_224": { "autotile": 1.0, "autotile_index": 0.0, "tileset": "tile_medieval", "coord": [ 3.0, 7.0 ] }, "1312_224": { "autotile": 1.0, "autotile_index": 0.0, "tileset": "tile_medieval", "coord": [ 3.0, 1.0 ] }, "96_416": { "autotile": 1.0, "autotile_index": 0.0, "tileset": "tile_medieval", "coord": [ 2.0, 1.0 ] }, "1792_-64": { "autotile": 1.0, "autotile_index": 0.0, "tileset": "tile_medieval", "coord": [ 0.0, 0.0 ] }, "1312_448": { "autotile": 1.0, "autotile_index": 0.0, "tileset": "tile_medieval", "coord": [ 3.0, 2.0 ] }, "416_480": { "autotile": 1.0, "autotile_index": 0.0, "tileset": "tile_medieval", "coord": [ 2.0, 1.0 ] }, "1792_-384": { "autotile": 1.0, "autotile_index": 0.0, "tileset": "tile_medieval", "coord": [ 0.0, 0.0 ] }, "640_-384": { "autotile": 1.0, "autotile_index": 0.0, "tileset": "tile_medieval", "coord": [ 0.0, 0.0 ] }, "480_320": { "coord": [ 1.0, 9.0 ], "autotile_index": 0.0, "tileset": "tile_medieval", "autotile": 0.0 }, "928_-352": { "autotile": 1.0, "autotile_index": 0.0, "tileset": "tile_medieval", "coord": [ 2.0, 3.0 ] }, "480_-352": { "autotile": 1.0, "autotile_index": 0.0, "tileset": "tile_medieval", "coord": [ 2.0, 3.0 ] }, "320_512": { "autotile": 1.0, "autotile_index": 0.0, "tileset": "tile_medieval", "coord": [ 2.0, 2.0 ] }, "288_416": { "autotile": 1.0, "autotile_index": 0.0, "tileset": "tile_medieval", "coord": [ 3.0, 2.0 ] }, "1184_320": { "autotile": 1.0, "autotile_index": 0.0, "tileset": "tile_medieval", "coord": [ 2.0, 2.0 ] }, "0_-160": { "autotile": 1.0, "autotile_index": 0.0, "tileset": "tile_medieval", "coord": [ 3.0, 2.0 ] }, "704_480": { "autotile": 1.0, "autotile_index": 0.0, "tileset": "tile_medieval", "coord": [ 2.0, 1.0 ] }, "1312_352": { "autotile": 1.0, "autotile_index": 0.0, "tileset": "tile_medieval", "coord": [ 3.0, 2.0 ] }, "832_-352": { "autotile": 1.0, "autotile_index": 0.0, "tileset": "tile_medieval", "coord": [ 2.0, 3.0 ] }, "1600_512": { "autotile": 1.0, "autotile_index": 0.0, "tileset": "tile_medieval", "coord": [ 2.0, 2.0 ] }, "0_32": { "autotile": 1.0, "autotile_index": 0.0, "tileset": "tile_medieval", "coord": [ 3.0, 2.0 ] }, "1600_-352": { "autotile": 1.0, "autotile_index": 0.0, "tileset": "tile_medieval", "coord": [ 2.0, 3.0 ] }, "1536_-352": { "autotile": 1.0, "autotile_index": 0.0, "tileset": "tile_medieval", "coord": [ 2.0, 3.0 ] }, "1536_512": { "autotile": 1.0, "autotile_index": 0.0, "tileset": "tile_medieval", "coord": [ 2.0, 2.0 ] }, "-32_-96": { "autotile": 1.0, "autotile_index": 0.0, "tileset": "tile_medieval", "coord": [ 0.0, 0.0 ] }, "1216_480": { "autotile": 1.0, "autotile_index": 0.0, "tileset": "tile_medieval", "coord": [ 8.0, 1.0 ] }, "288_352": { "autotile": 1.0, "autotile_index": 0.0, "tileset": "tile_medieval", "coord": [ 3.0, 1.0 ] }, "0_-288": { "autotile": 1.0, "autotile_index": 0.0, "tileset": "tile_medieval", "coord": [ 3.0, 2.0 ] }, "0_0": { "autotile": 1.0, "autotile_index": 0.0, "tileset": "tile_medieval", "coord": [ 3.0, 2.0 ] }, "1376_-384": { "autotile": 1.0, "autotile_index": 0.0, "tileset": "tile_medieval", "coord": [ 0.0, 0.0 ] }, "1152_256": { "autotile": 1.0, "autotile_index": 0.0, "tileset": "tile_medieval", "coord": [ 1.0, 2.0 ] }, "1504_512": { "autotile": 1.0, "autotile_index": 0.0, "tileset": "tile_medieval", "coord": [ 2.0, 2.0 ] }, "1248_480": { "autotile": 1.0, "autotile_index": 0.0, "tileset": "tile_medieval", "coord": [ 8.0, 1.0 ] }, "1792_288": { "autotile": 1.0, "autotile_index": 0.0, "tileset": "tile_medieval", "coord": [ 0.0, 0.0 ] }, "1248_416": { "autotile": 1.0, "autotile_index": 0.0, "tileset": "tile_medieval", "coord": [ 8.0, 1.0 ] }, "768_-384": { "autotile": 1.0, "autotile_index": 0.0, "tileset": "tile_medieval", "coord": [ 0.0, 0.0 ] }, "0_-192": { "autotile": 1.0, "autotile_index": 0.0, "tileset": "tile_medieval", "coord": [ 3.0, 2.0 ] }, "1792_320": { "autotile": 1.0, "autotile_index": 0.0, "tileset": "tile_medieval", "coord": [ 0.0, 0.0 ] }, "416_-384": { "autotile": 1.0, "autotile_index": 0.0, "tileset": "tile_medieval", "coord": [ 0.0, 0.0 ] }, "256_512": { "autotile": 1.0, "autotile_index": 0.0, "tileset": "tile_medieval", "coord": [ 2.0, 2.0 ] }, "-32_-192": { "autotile": 1.0, "autotile_index": 0.0, "tileset": "tile_medieval", "coord": [ 0.0, 0.0 ] }, "1728_512": { "autotile": 1.0, "autotile_index": 0.0, "tileset": "tile_medieval", "coord": [ 2.0, 2.0 ] }, "1184_448": { "autotile": 1.0, "autotile_index": 0.0, "tileset": "tile_medieval", "coord": [ 2.0, 2.0 ] }, "1728_256": { "autotile": 1.0, "autotile_index": 0.0, "tileset": "tile_medieval", "coord": [ 2.0, 2.0 ] }, "832_384": { "autotile": 0.0, "autotile_index": 0.0, "tileset": "tile_medieval", "coord": [ 1.0, 9.0 ] }, "1760_-64": { "autotile": 1.0, "autotile_index": 0.0, "tileset": "tile_medieval", "coord": [ 1.0, 2.0 ] }, "-32_0": { "autotile": 1.0, "autotile_index": 0.0, "tileset": "tile_medieval", "coord": [ 0.0, 0.0 ] }, "1728_320": { "autotile": 1.0, "autotile_index": 0.0, "tileset": "tile_medieval", "coord": [ 2.0, 3.0 ] }, "1792_-256": { "autotile": 1.0, "autotile_index": 0.0, "tileset": "tile_medieval", "coord": [ 0.0, 0.0 ] }, "1312_480": { "autotile": 1.0, "autotile_index": 0.0, "tileset": "tile_medieval", "coord": [ 1.0, 7.0 ] }, "960_-384": { "autotile": 1.0, "autotile_index": 0.0, "tileset": "tile_medieval", "coord": [ 0.0, 0.0 ] }, "1792_224": { "autotile": 1.0, "autotile_index": 0.0, "tileset": "tile_medieval", "coord": [ 0.0, 0.0 ] }, "1760_32": { "autotile": 1.0, "autotile_index": 0.0, "tileset": "tile_medieval", "coord": [ 1.0, 2.0 ] }, "576_-352": { "autotile": 1.0, "autotile_index": 0.0, "tileset": "tile_medieval", "coord": [ 2.0, 3.0 ] }, "0_416": { "autotile": 1.0, "autotile_index": 0.0, "tileset": "tile_medieval", "coord": [ 1.0, 7.0 ] }, "1280_320": { "autotile": 1.0, "autotile_index": 0.0, "tileset": "tile_medieval", "coord": [ 2.0, 2.0 ] }, "1696_320": { "autotile": 1.0, "autotile_index": 0.0, "tileset": "tile_medieval", "coord": [ 2.0, 3.0 ] }, "1760_192": { "autotile": 1.0, "autotile_index": 0.0, "tileset": "tile_medieval", "coord": [ 1.0, 2.0 ] }, "960_480": { "autotile": 1.0, "autotile_index": 0.0, "tileset": "tile_medieval", "coord": [ 2.0, 1.0 ] }, "288_-352": { "autotile": 1.0, "autotile_index": 0.0, "tileset": "tile_medieval", "coord": [ 2.0, 3.0 ] }, "896_-384": { "autotile": 1.0, "autotile_index": 0.0, "tileset": "tile_medieval", "coord": [ 0.0, 0.0 ] }, "-32_352": { "autotile": 1.0, "autotile_index": 0.0, "tileset": "tile_medieval", "coord": [ 0.0, 0.0 ] }, "0_-32": { "autotile": 1.0, "autotile_index": 0.0, "tileset": "tile_medieval", "coord": [ 3.0, 2.0 ] }, "800_-352": { "autotile": 1.0, "autotile_index": 0.0, "tileset": "tile_medieval", "coord": [ 2.0, 3.0 ] }, "576_-384": { "autotile": 1.0, "autotile_index": 0.0, "tileset": "tile_medieval", "coord": [ 0.0, 0.0 ] }, "1760_64": { "autotile": 1.0, "autotile_index": 0.0, "tileset": "tile_medieval", "coord": [ 1.0, 2.0 ] }, "1088_-352": { "autotile": 1.0, "autotile_index": 0.0, "tileset": "tile_medieval", "coord": [ 2.0, 3.0 ] }, "1792_96": { "autotile": 1.0, "autotile_index": 0.0, "tileset": "tile_medieval", "coord": [ 0.0, 0.0 ] }, "1344_-384": { "autotile": 1.0, "autotile_index": 0.0, "tileset": "tile_medieval", "coord": [ 0.0, 0.0 ] }, "768_512": { "autotile": 1.0, "autotile_index": 0.0, "tileset": "tile_medieval", "coord": [ 2.0, 2.0 ] }, "1280_512": { "autotile": 1.0, "autotile_index": 0.0, "tileset": "tile_medieval", "coord": [ 2.0, 2.0 ] }, "0_-352": { "autotile": 1.0, "autotile_index": 0.0, "tileset": "tile_medieval", "coord": [ 1.0, 5.0 ] }, "288_512": { "autotile": 1.0, "autotile_index": 0.0, "tileset": "tile_medieval", "coord": [ 2.0, 2.0 ] }, "1216_416": { "autotile": 1.0, "autotile_index": 0.0, "tileset": "tile_medieval", "coord": [ 8.0, 1.0 ] }, "96_-352": { "autotile": 1.0, "autotile_index": 0.0, "tileset": "tile_medieval", "coord": [ 2.0, 3.0 ] }, "1760_512": { "autotile": 1.0, "autotile_index": 0.0, "tileset": "tile_medieval", "coord": [ 2.0, 2.0 ] }, "1152_480": { "autotile": 0.0, "autotile_index": 0.0, "tileset": "tile_medieval", "coord": [ 7.0, 1.0 ] }, "1632_480": { "autotile": 1.0, "autotile_index": 0.0, "tileset": "tile_medieval", "coord": [ 2.0, 1.0 ] }, "1120_416": { "autotile": 0.0, "autotile_index": 0.0, "tileset": "tile_medieval", "coord": [ 6.0, 5.0 ] }, "1248_256": { "autotile": 1.0, "autotile_index": 0.0, "tileset": "tile_medieval", "coord": [ 2.0, 2.0 ] }, "64_480": { "autotile": 1.0, "autotile_index": 0.0, "tileset": "tile_medieval", "coord": [ 8.0, 1.0 ] }, "0_-384": { "autotile": 1.0, "autotile_index": 0.0, "tileset": "tile_medieval", "coord": [ 0.0, 0.0 ] }, "1792_-128": { "autotile": 1.0, "autotile_index": 0.0, "tileset": "tile_medieval", "coord": [ 0.0, 0.0 ] }, "832_512": { "autotile": 1.0, "autotile_index": 0.0, "tileset": "tile_medieval", "coord": [ 2.0, 2.0 ] }, "1760_-384": { "autotile": 1.0, "autotile_index": 0.0, "tileset": "tile_medieval", "coord": [ 0.0, 0.0 ] }, "608_-352": { "autotile": 1.0, "autotile_index": 0.0, "tileset": "tile_medieval", "coord": [ 2.0, 3.0 ] }, "896_480": { "autotile": 1.0, "autotile_index": 0.0, "tileset": "tile_medieval", "coord": [ 2.0, 1.0 ] }, "1760_-288": { "autotile": 1.0, "autotile_index": 0.0, "tileset": "tile_medieval", "coord": [ 1.0, 2.0 ] }, "1536_224": { "autotile": 1.0, "autotile_index": 0.0, "tileset": "tile_medieval", "coord": [ 1.0, 1.0 ] }, "576_480": { "autotile": 1.0, "autotile_index": 0.0, "tileset": "tile_medieval", "coord": [ 2.0, 1.0 ] }, "1056_512": { "autotile": 1.0, "autotile_index": 0.0, "tileset": "tile_medieval", "coord": [ 2.0, 2.0 ] }, "1792_-416": { "autotile": 1.0, "autotile_index": 0.0, "tileset": "tile_medieval", "coord": [ 0.0, 0.0 ] }, "1792_-32": { "autotile": 1.0, "autotile_index": 0.0, "tileset": "tile_medieval", "coord": [ 0.0, 0.0 ] }, "192_-384": { "autotile": 1.0, "autotile_index": 0.0, "tileset": "tile_medieval", "coord": [ 0.0, 0.0 ] }, "1792_-96": { "autotile": 1.0, "autotile_index": 0.0, "tileset": "tile_medieval", "coord": [ 0.0, 0.0 ] }, "288_-384": { "autotile": 1.0, "autotile_index": 0.0, "tileset": "tile_medieval", "coord": [ 0.0, 0.0 ] }, "1728_288": { "autotile": 1.0, "autotile_index": 0.0, "tileset": "tile_medieval", "coord": [ 2.0, 2.0 ] }, "224_352": { "autotile": 1.0, "autotile_index": 0.0, "tileset": "tile_medieval", "coord": [ 1.0, 1.0 ] }, "1280_224": { "autotile": 1.0, "autotile_index": 0.0, "tileset": "tile_medieval", "coord": [ 2.0, 1.0 ] }, "0_256": { "autotile": 1.0, "autotile_index": 0.0, "tileset": "tile_medieval", "coord": [ 3.0, 2.0 ] }, "1312_288": { "autotile": 1.0, "autotile_index": 0.0, "tileset": "tile_medieval", "coord": [ 3.0, 2.0 ] }, "1344_480": { "autotile": 1.0, "autotile_index": 0.0, "tileset": "tile_medieval", "coord": [ 2.0, 1.0 ] }, "320_-352": { "autotile": 1.0, "autotile_index": 0.0, "tileset": "tile_medieval", "coord": [ 2.0, 3.0 ] }, "1760_128": { "autotile": 1.0, "autotile_index": 0.0, "tileset": "tile_medieval", "coord": [ 1.0, 2.0 ] }, "1696_-384": { "autotile": 1.0, "autotile_index": 0.0, "tileset": "tile_medieval", "coord": [ 0.0, 0.0 ] }, "1152_-384": { "autotile": 1.0, "autotile_index": 0.0, "tileset": "tile_medieval", "coord": [ 0.0, 0.0 ] }, "-32_96": { "autotile": 1.0, "autotile_index": 0.0, "tileset": "tile_medieval", "coord": [ 0.0, 0.0 ] }, "1024_480": { "autotile": 1.0, "autotile_index": 0.0, "tileset": "tile_medieval", "coord": [ 2.0, 1.0 ] }, "1184_224": { "autotile": 1.0, "autotile_index": 0.0, "tileset": "tile_medieval", "coord": [ 2.0, 1.0 ] }, "928_-384": { "autotile": 1.0, "autotile_index": 0.0, "tileset": "tile_medieval", "coord": [ 0.0, 0.0 ] }, "192_512": { "autotile": 1.0, "autotile_index": 0.0, "tileset": "tile_medieval", "coord": [ 8.0, 1.0 ] }, "1472_-352": { "autotile": 1.0, "autotile_index": 0.0, "tileset": "tile_medieval", "coord": [ 2.0, 3.0 ] }, "1152_320": { "autotile": 1.0, "autotile_index": 0.0, "tileset": "tile_medieval", "coord": [ 1.0, 2.0 ] }, "1152_448": { "autotile": 0.0, "autotile_index": 0.0, "tileset": "tile_medieval", "coord": [ 6.0, 7.0 ] }, "1120_-384": { "autotile": 1.0, "autotile_index": 0.0, "tileset": "tile_medieval", "coord": [ 0.0, 0.0 ] }, "0_448": { "autotile": 1.0, "autotile_index": 0.0, "tileset": "tile_medieval", "coord": [ 2.0, 2.0 ] }, "1184_-352": { "autotile": 1.0, "autotile_index": 0.0, "tileset": "tile_medieval", "coord": [ 2.0, 3.0 ] }, "-32_-352": { "autotile": 1.0, "autotile_index": 0.0, "tileset": "tile_medieval", "coord": [ 0.0, 0.0 ] }, "1728_480": { "autotile": 1.0, "autotile_index": 0.0, "tileset": "tile_medieval", "coord": [ 2.0, 1.0 ] }, "1792_-288": { "autotile": 1.0, "autotile_index": 0.0, "tileset": "tile_medieval", "coord": [ 0.0, 0.0 ] }, "1056_480": { "autotile": 0.0, "autotile_index": 0.0, "tileset": "tile_medieval", "coord": [ 4.0, 7.0 ] }, "1792_-192": { "autotile": 1.0, "autotile_index": 0.0, "tileset": "tile_medieval", "coord": [ 0.0, 0.0 ] }, "384_-352": { "autotile": 1.0, "autotile_index": 0.0, "tileset": "tile_medieval", "coord": [ 2.0, 3.0 ] }, "256_448": { "autotile": 1.0, "autotile_index": 0.0, "tileset": "tile_medieval", "coord": [ 2.0, 2.0 ] }, "0_-224": { "autotile": 1.0, "autotile_index": 0.0, "tileset": "tile_medieval", "coord": [ 3.0, 2.0 ] }, "1664_256": { "autotile": 1.0, "autotile_index": 0.0, "tileset": "tile_medieval", "coord": [ 2.0, 2.0 ] }, "0_352": { "autotile": 1.0, "autotile_index": 0.0, "tileset": "tile_medieval", "coord": [ 3.0, 2.0 ] }, "1408_-352": { "autotile": 1.0, "autotile_index": 0.0, "tileset": "tile_medieval", "coord": [ 2.0, 3.0 ] }, "1664_224": { "autotile": 1.0, "autotile_index": 0.0, "tileset": "tile_medieval", "coord": [ 2.0, 1.0 ] }, "1760_416": { "autotile": 1.0, "autotile_index": 0.0, "tileset": "tile_medieval", "coord": [ 1.0, 2.0 ] }, "1792_128": { "autotile": 1.0, "autotile_index": 0.0, "tileset": "tile_medieval", "coord": [ 0.0, 0.0 ] }, "800_480": { "autotile": 1.0, "autotile_index": 0.0, "tileset": "tile_medieval", "coord": [ 2.0, 1.0 ] }, "1632_288": { "autotile": 1.0, "autotile_index": 0.0, "tileset": "tile_medieval", "coord": [ 2.0, 2.0 ] }, "1216_256": { "autotile": 1.0, "autotile_index": 0.0, "tileset": "tile_medieval", "coord": [ 2.0, 2.0 ] }, "1760_-32": { "autotile": 1.0, "autotile_index": 0.0, "tileset": "tile_medieval", "coord": [ 1.0, 2.0 ] }, "640_512": { "autotile": 1.0, "autotile_index": 0.0, "tileset": "tile_medieval", "coord": [ 2.0, 2.0 ] }, "512_320": { "coord": [ 2.0, 9.0 ], "autotile_index": 0.0, "tileset": "tile_medieval", "autotile": 0.0 }, "960_512": { "autotile": 1.0, "autotile_index": 0.0, "tileset": "tile_medieval", "coord": [ 2.0, 2.0 ] }, "1792_32": { "autotile": 1.0, "autotile_index": 0.0, "tileset": "tile_medieval", "coord": [ 0.0, 0.0 ] }, "448_-384": { "autotile": 1.0, "autotile_index": 0.0, "tileset": "tile_medieval", "coord": [ 0.0, 0.0 ] }, "128_416": { "autotile": 1.0, "autotile_index": 0.0, "tileset": "tile_medieval", "coord": [ 2.0, 1.0 ] }, "1248_224": { "autotile": 1.0, "autotile_index": 0.0, "tileset": "tile_medieval", "coord": [ 2.0, 1.0 ] }, "0_-256": { "autotile": 1.0, "autotile_index": 0.0, "tileset": "tile_medieval", "coord": [ 3.0, 2.0 ] }, "1344_512": { "autotile": 1.0, "autotile_index": 0.0, "tileset": "tile_medieval", "coord": [ 2.0, 2.0 ] }, "0_480": { "autotile": 1.0, "autotile_index": 0.0, "tileset": "tile_medieval", "coord": [ 8.0, 1.0 ] }, "0_-64": { "autotile": 1.0, "autotile_index": 0.0, "tileset": "tile_medieval", "coord": [ 3.0, 2.0 ] }, "1408_-384": { "autotile": 1.0, "autotile_index": 0.0, "tileset": "tile_medieval", "coord": [ 0.0, 0.0 ] }, "32_448": { "autotile": 1.0, "autotile_index": 0.0, "tileset": "tile_medieval", "coord": [ 2.0, 2.0 ] }, "672_-352": { "autotile": 1.0, "autotile_index": 0.0, "tileset": "tile_medieval", "coord": [ 2.0, 3.0 ] }, "1600_-384": { "autotile": 1.0, "autotile_index": 0.0, "tileset": "tile_medieval", "coord": [ 0.0, 0.0 ] }, "32_-384": { "autotile": 1.0, "autotile_index": 0.0, "tileset": "tile_medieval", "coord": [ 0.0, 0.0 ] }, "576_512": { "autotile": 1.0, "autotile_index": 0.0, "tileset": "tile_medieval", "coord": [ 2.0, 2.0 ] }, "736_480": { "autotile": 1.0, "autotile_index": 0.0, "tileset": "tile_medieval", "coord": [ 2.0, 1.0 ] }, "704_512": { "autotile": 1.0, "autotile_index": 0.0, "tileset": "tile_medieval", "coord": [ 2.0, 2.0 ] }, "1472_-384": { "autotile": 1.0, "autotile_index": 0.0, "tileset": "tile_medieval", "coord": [ 0.0, 0.0 ] }, "-32_224": { "autotile": 1.0, "autotile_index": 0.0, "tileset": "tile_medieval", "coord": [ 0.0, 0.0 ] }, "1184_288": { "autotile": 1.0, "autotile_index": 0.0, "tileset": "tile_medieval", "coord": [ 2.0, 2.0 ] }, "1280_256": { "autotile": 1.0, "autotile_index": 0.0, "tileset": "tile_medieval", "coord": [ 2.0, 2.0 ] }, "992_-352": { "autotile": 1.0, "autotile_index": 0.0, "tileset": "tile_medieval", "coord": [ 2.0, 3.0 ] }, "704_-352": { "autotile": 1.0, "autotile_index": 0.0, "tileset": "tile_medieval", "coord": [ 2.0, 3.0 ] }, "0_64": { "autotile": 1.0, "autotile_index": 0.0, "tileset": "tile_medieval", "coord": [ 3.0, 2.0 ] }, "320_480": { "autotile": 1.0, "autotile_index": 0.0, "tileset": "tile_medieval", "coord": [ 2.0, 1.0 ] }, "1152_-352": { "autotile": 1.0, "autotile_index": 0.0, "tileset": "tile_medieval", "coord": [ 2.0, 3.0 ] }, "256_352": { "autotile": 1.0, "autotile_index": 0.0, "tileset": "tile_medieval", "coord": [ 2.0, 1.0 ] }, "448_480": { "autotile": 1.0, "autotile_index": 0.0, "tileset": "tile_medieval", "coord": [ 2.0, 1.0 ] }, "704_-384": { "autotile": 1.0, "autotile_index": 0.0, "tileset": "tile_medieval", "coord": [ 0.0, 0.0 ] }, "1632_224": { "autotile": 1.0, "autotile_index": 0.0, "tileset": "tile_medieval", "coord": [ 2.0, 1.0 ] }, "1408_480": { "autotile": 1.0, "autotile_index": 0.0, "tileset": "tile_medieval", "coord": [ 2.0, 1.0 ] }, "480_480": { "autotile": 1.0, "autotile_index": 0.0, "tileset": "tile_medieval", "coord": [ 2.0, 1.0 ] }, "1216_224": { "autotile": 1.0, "autotile_index": 0.0, "tileset": "tile_medieval", "coord": [ 2.0, 1.0 ] }, "1760_-224": { "autotile": 1.0, "autotile_index": 0.0, "tileset": "tile_medieval", "coord": [ 1.0, 2.0 ] }, "-32_448": { "autotile": 1.0, "autotile_index": 0.0, "tileset": "tile_medieval", "coord": [ 0.0, 0.0 ] }, "1760_-256": { "autotile": 1.0, "autotile_index": 0.0, "tileset": "tile_medieval", "coord": [ 1.0, 2.0 ] }, "0_288": { "autotile": 1.0, "autotile_index": 0.0, "tileset": "tile_medieval", "coord": [ 3.0, 2.0 ] }, "-32_64": { "autotile": 1.0, "autotile_index": 0.0, "tileset": "tile_medieval", "coord": [ 0.0, 0.0 ] }, "896_-352": { "autotile": 1.0, "autotile_index": 0.0, "tileset": "tile_medieval", "coord": [ 2.0, 3.0 ] }, "1056_-384": { "autotile": 1.0, "autotile_index": 0.0, "tileset": "tile_medieval", "coord": [ 0.0, 0.0 ] }, "1792_-320": { "autotile": 1.0, "autotile_index": 0.0, "tileset": "tile_medieval", "coord": [ 0.0, 0.0 ] }, "1728_224": { "autotile": 1.0, "autotile_index": 0.0, "tileset": "tile_medieval", "coord": [ 2.0, 1.0 ] }, "32_480": { "autotile": 1.0, "autotile_index": 0.0, "tileset": "tile_medieval", "coord": [ 8.0, 1.0 ] }, "1760_320": { "autotile": 1.0, "autotile_index": 0.0, "tileset": "tile_medieval", "coord": [ 3.0, 5.0 ] }, "960_-352": { "autotile": 1.0, "autotile_index": 0.0, "tileset": "tile_medieval", "coord": [ 2.0, 3.0 ] }, "0_512": { "autotile": 1.0, "autotile_index": 0.0, "tileset": "tile_medieval", "coord": [ 8.0, 1.0 ] }, "1632_-416": { "autotile": 1.0, "autotile_index": 0.0, "tileset": "tile_medieval", "coord": [ 0.0, 0.0 ] }, "128_-352": { "autotile": 1.0, "autotile_index": 0.0, "tileset": "tile_medieval", "coord": [ 2.0, 3.0 ] }, "608_-384": { "autotile": 1.0, "autotile_index": 0.0, "tileset": "tile_medieval", "coord": [ 0.0, 0.0 ] }, "352_512": { "autotile": 1.0, "autotile_index": 0.0, "tileset": "tile_medieval", "coord": [ 2.0, 2.0 ] }, "1248_320": { "autotile": 1.0, "autotile_index": 0.0, "tileset": "tile_medieval", "coord": [ 8.0, 1.0 ] }, "128_512": { "autotile": 1.0, "autotile_index": 0.0, "tileset": "tile_medieval", "coord": [ 8.0, 1.0 ] }, "0_-320": { "autotile": 1.0, "autotile_index": 0.0, "tileset": "tile_medieval", "coord": [ 3.0, 2.0 ] }, "-32_160": { "autotile": 1.0, "autotile_index": 0.0, "tileset": "tile_medieval", "coord": [ 0.0, 0.0 ] }, "800_512": { "autotile": 1.0, "autotile_index": 0.0, "tileset": "tile_medieval", "coord": [ 2.0, 2.0 ] }, "1024_-384": { "autotile": 1.0, "autotile_index": 0.0, "tileset": "tile_medieval", "coord": [ 0.0, 0.0 ] }, "1760_288": { "autotile": 1.0, "autotile_index": 0.0, "tileset": "tile_medieval", "coord": [ 2.0, 2.0 ] }, "1216_352": { "autotile": 1.0, "autotile_index": 0.0, "tileset": "tile_medieval", "coord": [ 8.0, 1.0 ] }, "1728_-384": { "autotile": 1.0, "autotile_index": 0.0, "tileset": "tile_medieval", "coord": [ 0.0, 0.0 ] }, "544_-352": { "autotile": 1.0, "autotile_index": 0.0, "tileset": "tile_medieval", "coord": [ 2.0, 3.0 ] }, "1760_-320": { "autotile": 1.0, "autotile_index": 0.0, "tileset": "tile_medieval", "coord": [ 1.0, 2.0 ] }, "0_-96": { "autotile": 1.0, "autotile_index": 0.0, "tileset": "tile_medieval", "coord": [ 3.0, 2.0 ] }, "800_-384": { "autotile": 1.0, "autotile_index": 0.0, "tileset": "tile_medieval", "coord": [ 0.0, 0.0 ] }, "1088_512": { "autotile": 1.0, "autotile_index": 0.0, "tileset": "tile_medieval", "coord": [ 2.0, 2.0 ] }, "1632_-352": { "autotile": 1.0, "autotile_index": 0.0, "tileset": "tile_medieval", "coord": [ 2.0, 3.0 ] }, "1536_256": { "autotile": 1.0, "autotile_index": 0.0, "tileset": "tile_medieval", "coord": [ 1.0, 2.0 ] }, "1760_0": { "autotile": 1.0, "autotile_index": 0.0, "tileset": "tile_medieval", "coord": [ 1.0, 2.0 ] }, "224_512": { "autotile": 1.0, "autotile_index": 0.0, "tileset": "tile_medieval", "coord": [ 8.0, 1.0 ] }, "1120_448": { "autotile": 0.0, "autotile_index": 0.0, "tileset": "tile_medieval", "coord": [ 6.0, 6.0 ] }, "1440_512": { "autotile": 1.0, "autotile_index": 0.0, "tileset": "tile_medieval", "coord": [ 2.0, 2.0 ] }, "1760_384": { "autotile": 1.0, "autotile_index": 0.0, "tileset": "tile_medieval", "coord": [ 1.0, 2.0 ] }, "1632_256": { "autotile": 1.0, "autotile_index": 0.0, "tileset": "tile_medieval", "coord": [ 2.0, 2.0 ] }, "1760_448": { "autotile": 1.0, "autotile_index": 0.0, "tileset": "tile_medieval", "coord": [ 1.0, 2.0 ] }, "160_512": { "autotile": 1.0, "autotile_index": 0.0, "tileset": "tile_medieval", "coord": [ 8.0, 1.0 ] }, "1600_256": { "autotile": 1.0, "autotile_index": 0.0, "tileset": "tile_medieval", "coord": [ 2.0, 2.0 ] }, "1760_-96": { "autotile": 1.0, "autotile_index": 0.0, "tileset": "tile_medieval", "coord": [ 1.0, 2.0 ] }, "1216_320": { "autotile": 1.0, "autotile_index": 0.0, "tileset": "tile_medieval", "coord": [ 8.0, 1.0 ] }, "1792_448": { "autotile": 1.0, "autotile_index": 0.0, "tileset": "tile_medieval", "coord": [ 0.0, 0.0 ] }, "96_480": { "autotile": 1.0, "autotile_index": 0.0, "tileset": "tile_medieval", "coord": [ 8.0, 1.0 ] }, "1760_-128": { "autotile": 1.0, "autotile_index": 0.0, "tileset": "tile_medieval", "coord": [ 1.0, 2.0 ] }, "-32_-320": { "autotile": 1.0, "autotile_index": 0.0, "tileset": "tile_medieval", "coord": [ 0.0, 0.0 ] }, "1568_480": { "autotile": 1.0, "autotile_index": 0.0, "tileset": "tile_medieval", "coord": [ 2.0, 1.0 ] }, "128_-384": { "autotile": 1.0, "autotile_index": 0.0, "tileset": "tile_medieval", "coord": [ 0.0, 0.0 ] }, "1088_480": { "autotile": 0.0, "autotile_index": 0.0, "tileset": "tile_medieval", "coord": [ 5.0, 7.0 ] }, "448_512": { "autotile": 1.0, "autotile_index": 0.0, "tileset": "tile_medieval", "coord": [ 2.0, 2.0 ] }, "1248_448": { "autotile": 1.0, "autotile_index": 0.0, "tileset": "tile_medieval", "coord": [ 8.0, 1.0 ] }, "160_448": { "autotile": 1.0, "autotile_index": 0.0, "tileset": "tile_medieval", "coord": [ 2.0, 2.0 ] }, "736_-384": { "autotile": 1.0, "autotile_index": 0.0, "tileset": "tile_medieval", "coord": [ 0.0, 0.0 ] }, "736_-352": { "autotile": 1.0, "autotile_index": 0.0, "tileset": "tile_medieval", "coord": [ 2.0, 3.0 ] }, "0_320": { "autotile": 1.0, "autotile_index": 0.0, "tileset": "tile_medieval", "coord": [ 3.0, 2.0 ] }, "544_480": { "autotile": 1.0, "autotile_index": 0.0, "tileset": "tile_medieval", "coord": [ 2.0, 1.0 ] }, "1664_320": { "autotile": 1.0, "autotile_index": 0.0, "tileset": "tile_medieval", "coord": [ 2.0, 3.0 ] }, "1792_352": { "autotile": 1.0, "autotile_index": 0.0, "tileset": "tile_medieval", "coord": [ 0.0, 0.0 ] }, "1792_-224": { "autotile": 1.0, "autotile_index": 0.0, "tileset": "tile_medieval", "coord": [ 0.0, 0.0 ] }, "864_-352": { "autotile": 1.0, "autotile_index": 0.0, "tileset": "tile_medieval", "coord": [ 2.0, 3.0 ] }, "1760_480": { "autotile": 1.0, "autotile_index": 0.0, "tileset": "tile_medieval", "coord": [ 3.0, 7.0 ] }, "1728_-416": { "autotile": 1.0, "autotile_index": 0.0, "tileset": "tile_medieval", "coord": [ 0.0, 0.0 ] }, "1184_352": { "autotile": 1.0, "autotile_index": 0.0, "tileset": "tile_medieval", "coord": [ 2.0, 2.0 ] }, "224_416": { "autotile": 1.0, "autotile_index": 0.0, "tileset": "tile_medieval", "coord": [ 3.0, 7.0 ] }, "192_-352": { "autotile": 1.0, "autotile_index": 0.0, "tileset": "tile_medieval", "coord": [ 2.0, 3.0 ] }, "192_416": { "autotile": 1.0, "autotile_index": 0.0, "tileset": "tile_medieval", "coord": [ 2.0, 1.0 ] } } }, "backgrounds": { "5": { "x": 0.0, "scroll_x": 0.0, "tile_y": 1.0, "hspeed": 0.0, "scroll_y": 0.0, "y": 0.0, "sprite": "gaben", "tile_x": 1.0, "vspeed": 0.0, "image_speed": 15.0, "panic_sprite": -1.0 } }, "properties": { "song": "", "roomX": 0.0, "levelWidth": 1792.0, "roomY": -352.0, "levelHeight": 540.0, "songTransitionTime": 100.0 } }