{ "editorVersion": 5.0, "instances": [ { "layer": 0.0, "deleted": 0.0, "variables": { "x": 112.0, "y": 320.0 }, "object": 804.0 }, { "layer": 0.0, "deleted": 0.0, "variables": { "x": 128.0, "y": 224.0, "image_xscale": 1.0, "image_yscale": 1.0, "flipX": 0.0, "flipY": 0.0 }, "object": 770.0 }, { "layer": 0.0, "deleted": 0.0, "variables": { "x": 448.0, "y": 352.0, "activateTimer": "true", "image_xscale": 1.0, "image_yscale": 1.0, "flipX": 0.0, "flipY": 0.0 }, "object": 748.0 }, { "layer": 0.0, "deleted": 0.0, "variables": { "x": 768.0, "flipX": 0.0, "y": 288.0, "flipY": 0.0 }, "object": 746.0 }, { "layer": 0.0, "deleted": 0.0, "variables": { "x": 768.0, "flipX": 0.0, "y": 352.0, "flipY": 0.0 }, "object": 746.0 }, { "layer": 0.0, "deleted": 0.0, "variables": { "x": 768.0, "flipX": 0.0, "y": 416.0, "flipY": 0.0 }, "object": 746.0 }, { "layer": 0.0, "deleted": 0.0, "variables": { "x": 992.0, "flipX": 0.0, "y": 416.0, "flipY": 0.0 }, "object": 317.0 }, { "layer": 0.0, "deleted": 0.0, "variables": { "x": 32.0, "flipX": 0.0, "y": 352.0, "flipY": 0.0 }, "object": 517.0 }, { "layer": 0.0, "deleted": 0.0, "variables": { "x": 64.0, "flipX": 0.0, "y": 352.0, "flipY": 0.0 }, "object": 517.0 }, { "layer": 0.0, "deleted": 0.0, "variables": { "x": 96.0, "flipX": 0.0, "y": 352.0, "flipY": 0.0 }, "object": 517.0 }, { "layer": 0.0, "deleted": 0.0, "variables": { "x": 128.0, "flipX": 0.0, "y": 352.0, "flipY": 0.0 }, "object": 517.0 }, { "layer": 0.0, "deleted": 0.0, "variables": { "x": 160.0, "flipX": 0.0, "y": 352.0, "flipY": 0.0 }, "object": 517.0 }, { "layer": 0.0, "deleted": 0.0, "variables": { "x": 192.0, "flipX": 0.0, "y": 352.0, "flipY": 0.0 }, "object": 517.0 }, { "layer": 0.0, "deleted": 0.0, "variables": { "x": 192.0, "flipX": 0.0, "y": 416.0, "flipY": 0.0 }, "object": 517.0 }, { "layer": 0.0, "deleted": 0.0, "variables": { "x": 224.0, "flipX": 0.0, "y": 416.0, "flipY": 0.0 }, "object": 517.0 }, { "layer": 0.0, "deleted": 0.0, "variables": { "x": 256.0, "flipX": 0.0, "y": 416.0, "flipY": 0.0 }, "object": 517.0 }, { "layer": 0.0, "deleted": 0.0, "variables": { "x": 288.0, "flipX": 0.0, "y": 416.0, "flipY": 0.0 }, "object": 517.0 }, { "layer": 0.0, "deleted": 0.0, "variables": { "x": 320.0, "flipX": 0.0, "y": 416.0, "flipY": 0.0 }, "object": 517.0 }, { "layer": 0.0, "deleted": 0.0, "variables": { "x": 352.0, "flipX": 0.0, "y": 416.0, "flipY": 0.0 }, "object": 517.0 }, { "layer": 0.0, "deleted": 0.0, "variables": { "x": 384.0, "flipX": 0.0, "y": 416.0, "flipY": 0.0 }, "object": 517.0 }, { "layer": 0.0, "deleted": 0.0, "variables": { "x": 384.0, "flipX": 0.0, "y": 384.0, "flipY": 0.0 }, "object": 517.0 }, { "layer": 0.0, "deleted": 0.0, "variables": { "x": 416.0, "flipX": 0.0, "y": 384.0, "flipY": 0.0 }, "object": 517.0 }, { "layer": 0.0, "deleted": 0.0, "variables": { "x": 448.0, "flipX": 0.0, "y": 384.0, "flipY": 0.0 }, "object": 517.0 }, { "layer": 0.0, "deleted": 0.0, "variables": { "x": 480.0, "flipX": 0.0, "y": 384.0, "flipY": 0.0 }, "object": 517.0 }, { "layer": 0.0, "deleted": 0.0, "variables": { "x": 512.0, "flipX": 0.0, "y": 384.0, "flipY": 0.0 }, "object": 517.0 }, { "layer": 0.0, "deleted": 0.0, "variables": { "x": 512.0, "flipX": 0.0, "y": 480.0, "flipY": 0.0 }, "object": 517.0 }, { "layer": 0.0, "deleted": 0.0, "variables": { "x": 544.0, "flipX": 0.0, "y": 480.0, "flipY": 0.0 }, "object": 517.0 }, { "layer": 0.0, "deleted": 0.0, "variables": { "x": 576.0, "flipX": 0.0, "y": 480.0, "flipY": 0.0 }, "object": 517.0 }, { "layer": 0.0, "deleted": 0.0, "variables": { "x": 608.0, "flipX": 0.0, "y": 480.0, "flipY": 0.0 }, "object": 517.0 }, { "layer": 0.0, "deleted": 0.0, "variables": { "x": 640.0, "flipX": 0.0, "y": 480.0, "flipY": 0.0 }, "object": 517.0 }, { "layer": 0.0, "deleted": 0.0, "variables": { "x": 672.0, "flipX": 0.0, "y": 480.0, "flipY": 0.0 }, "object": 517.0 }, { "layer": 0.0, "deleted": 0.0, "variables": { "x": 704.0, "flipX": 0.0, "y": 480.0, "flipY": 0.0 }, "object": 517.0 }, { "layer": 0.0, "deleted": 0.0, "variables": { "x": 736.0, "flipX": 0.0, "y": 480.0, "flipY": 0.0 }, "object": 517.0 }, { "layer": 0.0, "deleted": 0.0, "variables": { "x": 768.0, "flipX": 0.0, "y": 480.0, "flipY": 0.0 }, "object": 517.0 }, { "layer": 0.0, "deleted": 0.0, "variables": { "x": 800.0, "flipX": 0.0, "y": 480.0, "flipY": 0.0 }, "object": 517.0 }, { "layer": 0.0, "deleted": 0.0, "variables": { "x": 832.0, "flipX": 0.0, "y": 480.0, "flipY": 0.0 }, "object": 517.0 }, { "layer": 0.0, "deleted": 0.0, "variables": { "x": 864.0, "flipX": 0.0, "y": 480.0, "flipY": 0.0 }, "object": 517.0 }, { "layer": 0.0, "deleted": 0.0, "variables": { "x": 896.0, "flipX": 0.0, "y": 480.0, "flipY": 0.0 }, "object": 517.0 }, { "layer": 0.0, "deleted": 0.0, "variables": { "x": 928.0, "flipX": 0.0, "y": 480.0, "flipY": 0.0 }, "object": 517.0 }, { "layer": 0.0, "deleted": 0.0, "variables": { "x": 960.0, "flipX": 0.0, "y": 480.0, "flipY": 0.0 }, "object": 517.0 }, { "layer": 0.0, "deleted": 0.0, "variables": { "x": 992.0, "flipX": 0.0, "y": 480.0, "flipY": 0.0 }, "object": 517.0 }, { "layer": 0.0, "deleted": 0.0, "variables": { "x": 1024.0, "flipX": 0.0, "y": 480.0, "flipY": 0.0 }, "object": 517.0 }, { "layer": 0.0, "deleted": 0.0, "variables": { "x": 1056.0, "flipX": 0.0, "y": 480.0, "flipY": 0.0 }, "object": 517.0 }, { "layer": 0.0, "deleted": 0.0, "variables": { "x": 1088.0, "flipX": 0.0, "y": 480.0, "flipY": 0.0 }, "object": 517.0 }, { "layer": 0.0, "deleted": 0.0, "variables": { "x": 1120.0, "flipX": 0.0, "y": 480.0, "flipY": 0.0 }, "object": 517.0 }, { "layer": 0.0, "deleted": 0.0, "variables": { "x": 1152.0, "flipX": 0.0, "y": 480.0, "flipY": 0.0 }, "object": 517.0 }, { "layer": 0.0, "deleted": 0.0, "variables": { "x": 1184.0, "flipX": 0.0, "y": 480.0, "flipY": 0.0 }, "object": 517.0 }, { "layer": 0.0, "deleted": 0.0, "variables": { "x": 1216.0, "flipX": 0.0, "y": 480.0, "flipY": 0.0 }, "object": 517.0 }, { "layer": 0.0, "deleted": 0.0, "variables": { "x": 1248.0, "flipX": 0.0, "y": 480.0, "flipY": 0.0 }, "object": 517.0 }, { "layer": 0.0, "deleted": 0.0, "variables": { "x": 1280.0, "flipX": 0.0, "y": 480.0, "flipY": 0.0 }, "object": 517.0 }, { "layer": 0.0, "deleted": 0.0, "variables": { "x": 1312.0, "flipX": 0.0, "y": 480.0, "flipY": 0.0 }, "object": 517.0 }, { "layer": 0.0, "deleted": 0.0, "variables": { "x": 1344.0, "flipX": 0.0, "y": 480.0, "flipY": 0.0 }, "object": 517.0 }, { "layer": 0.0, "deleted": 0.0, "variables": { "x": 1376.0, "flipX": 0.0, "y": 480.0, "flipY": 0.0 }, "object": 517.0 }, { "layer": 0.0, "deleted": 0.0, "variables": { "x": 1408.0, "flipX": 0.0, "y": 480.0, "flipY": 0.0 }, "object": 517.0 }, { "layer": 0.0, "deleted": 0.0, "variables": { "x": 1440.0, "flipX": 0.0, "y": 480.0, "flipY": 0.0 }, "object": 517.0 }, { "layer": 0.0, "deleted": 0.0, "variables": { "x": 1472.0, "flipX": 0.0, "y": 480.0, "flipY": 0.0 }, "object": 517.0 }, { "layer": 0.0, "deleted": 0.0, "variables": { "x": 1504.0, "flipX": 0.0, "y": 480.0, "flipY": 0.0 }, "object": 517.0 }, { "layer": 0.0, "deleted": 0.0, "variables": { "x": 1536.0, "flipX": 0.0, "y": 480.0, "flipY": 0.0 }, "object": 517.0 }, { "layer": 0.0, "deleted": 0.0, "variables": { "x": 1568.0, "flipX": 0.0, "y": 480.0, "flipY": 0.0 }, "object": 517.0 }, { "layer": 0.0, "deleted": 0.0, "variables": { "x": 1600.0, "flipX": 0.0, "y": 480.0, "flipY": 0.0 }, "object": 517.0 }, { "layer": 0.0, "deleted": 0.0, "variables": { "x": 1632.0, "flipX": 0.0, "y": 480.0, "flipY": 0.0 }, "object": 517.0 }, { "layer": 0.0, "deleted": 0.0, "variables": { "x": 1664.0, "flipX": 0.0, "y": 480.0, "flipY": 0.0 }, "object": 517.0 }, { "layer": 0.0, "deleted": 0.0, "variables": { "x": 1696.0, "flipX": 0.0, "y": 480.0, "flipY": 0.0 }, "object": 517.0 }, { "layer": 0.0, "deleted": 0.0, "variables": { "x": 1728.0, "flipX": 0.0, "y": 480.0, "flipY": 0.0 }, "object": 517.0 }, { "layer": 0.0, "deleted": 0.0, "variables": { "x": 1760.0, "flipX": 0.0, "y": 480.0, "flipY": 0.0 }, "object": 517.0 }, { "layer": 0.0, "deleted": 0.0, "variables": { "x": 1792.0, "flipX": 0.0, "y": 480.0, "flipY": 0.0 }, "object": 517.0 }, { "layer": 0.0, "deleted": 0.0, "variables": { "x": 1824.0, "flipX": 0.0, "y": 480.0, "flipY": 0.0 }, "object": 517.0 }, { "layer": 0.0, "deleted": 0.0, "variables": { "x": 1856.0, "flipX": 0.0, "y": 480.0, "flipY": 0.0 }, "object": 517.0 }, { "layer": 0.0, "deleted": 0.0, "variables": { "x": 1888.0, "flipX": 0.0, "y": 480.0, "flipY": 0.0 }, "object": 517.0 }, { "layer": 0.0, "deleted": 0.0, "variables": { "x": 1184.0, "flipX": 0.0, "y": 448.0, "flipY": 0.0 }, "object": 134.0 }, { "layer": 0.0, "deleted": 0.0, "variables": { "x": 1280.0, "flipX": 0.0, "y": 448.0, "flipY": 0.0 }, "object": 134.0 }, { "layer": 0.0, "deleted": 0.0, "variables": { "x": 1344.0, "flipX": 0.0, "y": 448.0, "flipY": 0.0 }, "object": 134.0 }, { "layer": 0.0, "deleted": 0.0, "variables": { "x": 1408.0, "flipX": 0.0, "y": 448.0, "flipY": 0.0 }, "object": 134.0 }, { "layer": 0.0, "deleted": 0.0, "variables": { "x": 1472.0, "flipX": 0.0, "y": 448.0, "flipY": 0.0 }, "object": 134.0 }, { "layer": 0.0, "deleted": 0.0, "variables": { "x": 1536.0, "flipX": 0.0, "y": 448.0, "flipY": 0.0 }, "object": 134.0 }, { "layer": 0.0, "deleted": 0.0, "variables": { "x": 1632.0, "flipX": 0.0, "y": 448.0, "flipY": 0.0 }, "object": 134.0 }, { "layer": 0.0, "deleted": 0.0, "variables": { "x": 1568.0, "flipX": 0.0, "y": 448.0, "flipY": 0.0 }, "object": 134.0 }, { "layer": 0.0, "deleted": 0.0, "variables": { "x": 1504.0, "flipX": 0.0, "y": 448.0, "flipY": 0.0 }, "object": 134.0 }, { "layer": 0.0, "deleted": 0.0, "variables": { "x": 1440.0, "flipX": 0.0, "y": 448.0, "flipY": 0.0 }, "object": 134.0 }, { "layer": 0.0, "deleted": 0.0, "variables": { "x": 1376.0, "flipX": 0.0, "y": 448.0, "flipY": 0.0 }, "object": 134.0 }, { "layer": 0.0, "deleted": 0.0, "variables": { "x": 1312.0, "flipX": 0.0, "y": 448.0, "flipY": 0.0 }, "object": 134.0 }, { "layer": 0.0, "deleted": 0.0, "variables": { "x": 1248.0, "flipX": 0.0, "y": 448.0, "flipY": 0.0 }, "object": 134.0 }, { "layer": 0.0, "deleted": 0.0, "variables": { "x": 1216.0, "flipX": 0.0, "y": 448.0, "flipY": 0.0 }, "object": 134.0 }, { "layer": 0.0, "deleted": 0.0, "variables": { "x": 1152.0, "flipX": 0.0, "y": 448.0, "flipY": 0.0 }, "object": 134.0 }, { "layer": 0.0, "deleted": 0.0, "variables": { "x": 1696.0, "flipX": 0.0, "y": 384.0, "flipY": 0.0 }, "object": 722.0 }, { "layer": 0.0, "deleted": 0.0, "variables": { "x": 1728.0, "flipX": 0.0, "y": 384.0, "flipY": 0.0 }, "object": 722.0 }, { "layer": 0.0, "deleted": 0.0, "variables": { "x": 1760.0, "flipX": 0.0, "y": 384.0, "flipY": 0.0 }, "object": 722.0 }, { "layer": 0.0, "deleted": 0.0, "variables": { "x": 1792.0, "flipX": 0.0, "y": 384.0, "flipY": 0.0 }, "object": 722.0 }, { "layer": 0.0, "deleted": 0.0, "variables": { "x": 1824.0, "flipX": 0.0, "y": 384.0, "flipY": 0.0 }, "object": 722.0 }, { "layer": 0.0, "deleted": 0.0, "variables": { "x": 1856.0, "flipX": 0.0, "y": 384.0, "flipY": 0.0 }, "object": 722.0 }, { "layer": 0.0, "deleted": 0.0, "variables": { "x": 1888.0, "flipX": 0.0, "y": 448.0, "flipY": 0.0 }, "object": 517.0 }, { "layer": 0.0, "deleted": 0.0, "variables": { "x": 1888.0, "flipX": 0.0, "y": 416.0, "flipY": 0.0 }, "object": 517.0 }, { "layer": 0.0, "deleted": 0.0, "variables": { "x": 1888.0, "flipX": 0.0, "y": 384.0, "flipY": 0.0 }, "object": 517.0 }, { "layer": 0.0, "deleted": 0.0, "variables": { "x": 1888.0, "flipX": 0.0, "y": 352.0, "flipY": 0.0 }, "object": 517.0 }, { "layer": 0.0, "deleted": 0.0, "variables": { "x": 1888.0, "flipX": 0.0, "y": 320.0, "flipY": 0.0 }, "object": 517.0 }, { "layer": 0.0, "deleted": 0.0, "variables": { "x": 1888.0, "flipX": 0.0, "y": 288.0, "flipY": 0.0 }, "object": 517.0 }, { "layer": 0.0, "deleted": 0.0, "variables": { "x": 1888.0, "flipX": 0.0, "y": 256.0, "flipY": 0.0 }, "object": 517.0 }, { "layer": 0.0, "deleted": 0.0, "variables": { "x": 1888.0, "flipX": 0.0, "y": 224.0, "flipY": 0.0 }, "object": 517.0 }, { "layer": 0.0, "deleted": 0.0, "variables": { "x": 1888.0, "flipX": 0.0, "y": 192.0, "flipY": 0.0 }, "object": 517.0 }, { "layer": 0.0, "deleted": 0.0, "variables": { "x": 1888.0, "flipX": 0.0, "y": 160.0, "flipY": 0.0 }, "object": 517.0 }, { "layer": 0.0, "deleted": 0.0, "variables": { "x": 1888.0, "flipX": 0.0, "y": 128.0, "flipY": 0.0 }, "object": 517.0 }, { "layer": 0.0, "deleted": 0.0, "variables": { "x": 1888.0, "flipX": 0.0, "y": 96.0, "flipY": 0.0 }, "object": 517.0 }, { "layer": 0.0, "deleted": 0.0, "variables": { "x": 1888.0, "flipX": 0.0, "y": 64.0, "flipY": 0.0 }, "object": 517.0 }, { "layer": 0.0, "deleted": 0.0, "variables": { "x": 1888.0, "flipX": 0.0, "y": 32.0, "flipY": 0.0 }, "object": 517.0 }, { "layer": 0.0, "deleted": 0.0, "variables": { "x": 1888.0, "flipX": 0.0, "y": 0.0, "flipY": 0.0 }, "object": 517.0 }, { "layer": 0.0, "deleted": 0.0, "variables": { "x": 1856.0, "flipX": 0.0, "y": 0.0, "flipY": 0.0 }, "object": 517.0 }, { "layer": 0.0, "deleted": 0.0, "variables": { "x": 1824.0, "flipX": 0.0, "y": 0.0, "flipY": 0.0 }, "object": 517.0 }, { "layer": 0.0, "deleted": 0.0, "variables": { "x": 1792.0, "flipX": 0.0, "y": 0.0, "flipY": 0.0 }, "object": 517.0 }, { "layer": 0.0, "deleted": 0.0, "variables": { "x": 1760.0, "flipX": 0.0, "y": 0.0, "flipY": 0.0 }, "object": 517.0 }, { "layer": 0.0, "deleted": 0.0, "variables": { "x": 1728.0, "flipX": 0.0, "y": 0.0, "flipY": 0.0 }, "object": 517.0 }, { "layer": 0.0, "deleted": 0.0, "variables": { "x": 1696.0, "flipX": 0.0, "y": 0.0, "flipY": 0.0 }, "object": 517.0 }, { "layer": 0.0, "deleted": 0.0, "variables": { "x": 1664.0, "flipX": 0.0, "y": 0.0, "flipY": 0.0 }, "object": 517.0 }, { "layer": 0.0, "deleted": 0.0, "variables": { "x": 1632.0, "flipX": 0.0, "y": 0.0, "flipY": 0.0 }, "object": 517.0 }, { "layer": 0.0, "deleted": 0.0, "variables": { "x": 1600.0, "flipX": 0.0, "y": 0.0, "flipY": 0.0 }, "object": 517.0 }, { "layer": 0.0, "deleted": 0.0, "variables": { "x": 1568.0, "flipX": 0.0, "y": 0.0, "flipY": 0.0 }, "object": 517.0 }, { "layer": 0.0, "deleted": 0.0, "variables": { "x": 1536.0, "flipX": 0.0, "y": 0.0, "flipY": 0.0 }, "object": 517.0 }, { "layer": 0.0, "deleted": 0.0, "variables": { "x": 1504.0, "flipX": 0.0, "y": 0.0, "flipY": 0.0 }, "object": 517.0 }, { "layer": 0.0, "deleted": 0.0, "variables": { "x": 1472.0, "flipX": 0.0, "y": 0.0, "flipY": 0.0 }, "object": 517.0 }, { "layer": 0.0, "deleted": 0.0, "variables": { "x": 1440.0, "flipX": 0.0, "y": 0.0, "flipY": 0.0 }, "object": 517.0 }, { "layer": 0.0, "deleted": 0.0, "variables": { "x": 1408.0, "flipX": 0.0, "y": 0.0, "flipY": 0.0 }, "object": 517.0 }, { "layer": 0.0, "deleted": 0.0, "variables": { "x": 1376.0, "flipX": 0.0, "y": 0.0, "flipY": 0.0 }, "object": 517.0 }, { "layer": 0.0, "deleted": 0.0, "variables": { "x": 1344.0, "flipX": 0.0, "y": 0.0, "flipY": 0.0 }, "object": 517.0 }, { "layer": 0.0, "deleted": 0.0, "variables": { "x": 1312.0, "flipX": 0.0, "y": 0.0, "flipY": 0.0 }, "object": 517.0 }, { "layer": 0.0, "deleted": 0.0, "variables": { "x": 1280.0, "flipX": 0.0, "y": 0.0, "flipY": 0.0 }, "object": 517.0 }, { "layer": 0.0, "deleted": 0.0, "variables": { "x": 1248.0, "flipX": 0.0, "y": 0.0, "flipY": 0.0 }, "object": 517.0 }, { "layer": 0.0, "deleted": 0.0, "variables": { "x": 1216.0, "flipX": 0.0, "y": 0.0, "flipY": 0.0 }, "object": 517.0 }, { "layer": 0.0, "deleted": 0.0, "variables": { "x": 1184.0, "flipX": 0.0, "y": 0.0, "flipY": 0.0 }, "object": 517.0 }, { "layer": 0.0, "deleted": 0.0, "variables": { "x": 1152.0, "flipX": 0.0, "y": 0.0, "flipY": 0.0 }, "object": 517.0 }, { "layer": 0.0, "deleted": 0.0, "variables": { "x": 1120.0, "flipX": 0.0, "y": 0.0, "flipY": 0.0 }, "object": 517.0 }, { "layer": 0.0, "deleted": 0.0, "variables": { "x": 1088.0, "flipX": 0.0, "y": 0.0, "flipY": 0.0 }, "object": 517.0 }, { "layer": 0.0, "deleted": 0.0, "variables": { "x": 1056.0, "flipX": 0.0, "y": 0.0, "flipY": 0.0 }, "object": 517.0 }, { "layer": 0.0, "deleted": 0.0, "variables": { "x": 1024.0, "flipX": 0.0, "y": 0.0, "flipY": 0.0 }, "object": 517.0 }, { "layer": 0.0, "deleted": 0.0, "variables": { "x": 992.0, "flipX": 0.0, "y": 0.0, "flipY": 0.0 }, "object": 517.0 }, { "layer": 0.0, "deleted": 0.0, "variables": { "x": 960.0, "flipX": 0.0, "y": 0.0, "flipY": 0.0 }, "object": 517.0 }, { "layer": 0.0, "deleted": 0.0, "variables": { "x": 928.0, "flipX": 0.0, "y": 0.0, "flipY": 0.0 }, "object": 517.0 }, { "layer": 0.0, "deleted": 0.0, "variables": { "x": 896.0, "flipX": 0.0, "y": 0.0, "flipY": 0.0 }, "object": 517.0 }, { "layer": 0.0, "deleted": 0.0, "variables": { "x": 864.0, "flipX": 0.0, "y": 0.0, "flipY": 0.0 }, "object": 517.0 }, { "layer": 0.0, "deleted": 0.0, "variables": { "x": 832.0, "flipX": 0.0, "y": 0.0, "flipY": 0.0 }, "object": 517.0 }, { "layer": 0.0, "deleted": 0.0, "variables": { "x": 800.0, "flipX": 0.0, "y": 0.0, "flipY": 0.0 }, "object": 517.0 }, { "layer": 0.0, "deleted": 0.0, "variables": { "x": 768.0, "flipX": 0.0, "y": 0.0, "flipY": 0.0 }, "object": 517.0 }, { "layer": 0.0, "deleted": 0.0, "variables": { "x": 736.0, "flipX": 0.0, "y": 0.0, "flipY": 0.0 }, "object": 517.0 }, { "layer": 0.0, "deleted": 0.0, "variables": { "x": 704.0, "flipX": 0.0, "y": 0.0, "flipY": 0.0 }, "object": 517.0 }, { "layer": 0.0, "deleted": 0.0, "variables": { "x": 672.0, "flipX": 0.0, "y": 0.0, "flipY": 0.0 }, "object": 517.0 }, { "layer": 0.0, "deleted": 0.0, "variables": { "x": 640.0, "flipX": 0.0, "y": 0.0, "flipY": 0.0 }, "object": 517.0 }, { "layer": 0.0, "deleted": 0.0, "variables": { "x": 608.0, "flipX": 0.0, "y": 0.0, "flipY": 0.0 }, "object": 517.0 }, { "layer": 0.0, "deleted": 0.0, "variables": { "x": 576.0, "flipX": 0.0, "y": 0.0, "flipY": 0.0 }, "object": 517.0 }, { "layer": 0.0, "deleted": 0.0, "variables": { "x": 544.0, "flipX": 0.0, "y": 0.0, "flipY": 0.0 }, "object": 517.0 }, { "layer": 0.0, "deleted": 0.0, "variables": { "x": 512.0, "flipX": 0.0, "y": 0.0, "flipY": 0.0 }, "object": 517.0 }, { "layer": 0.0, "deleted": 0.0, "variables": { "x": 480.0, "flipX": 0.0, "y": 0.0, "flipY": 0.0 }, "object": 517.0 }, { "layer": 0.0, "deleted": 0.0, "variables": { "x": 448.0, "flipX": 0.0, "y": 0.0, "flipY": 0.0 }, "object": 517.0 }, { "layer": 0.0, "deleted": 0.0, "variables": { "x": 416.0, "flipX": 0.0, "y": 0.0, "flipY": 0.0 }, "object": 517.0 }, { "layer": 0.0, "deleted": 0.0, "variables": { "x": 384.0, "flipX": 0.0, "y": 0.0, "flipY": 0.0 }, "object": 517.0 }, { "layer": 0.0, "deleted": 0.0, "variables": { "x": 352.0, "flipX": 0.0, "y": 0.0, "flipY": 0.0 }, "object": 517.0 }, { "layer": 0.0, "deleted": 0.0, "variables": { "x": 320.0, "flipX": 0.0, "y": 0.0, "flipY": 0.0 }, "object": 517.0 }, { "layer": 0.0, "deleted": 0.0, "variables": { "x": 288.0, "flipX": 0.0, "y": 0.0, "flipY": 0.0 }, "object": 517.0 }, { "layer": 0.0, "deleted": 0.0, "variables": { "x": 256.0, "flipX": 0.0, "y": 0.0, "flipY": 0.0 }, "object": 517.0 }, { "layer": 0.0, "deleted": 0.0, "variables": { "x": 224.0, "flipX": 0.0, "y": 0.0, "flipY": 0.0 }, "object": 517.0 }, { "layer": 0.0, "deleted": 0.0, "variables": { "x": 192.0, "flipX": 0.0, "y": 0.0, "flipY": 0.0 }, "object": 517.0 }, { "layer": 0.0, "deleted": 0.0, "variables": { "x": 160.0, "flipX": 0.0, "y": 0.0, "flipY": 0.0 }, "object": 517.0 }, { "layer": 0.0, "deleted": 0.0, "variables": { "x": 128.0, "flipX": 0.0, "y": 0.0, "flipY": 0.0 }, "object": 517.0 }, { "layer": 0.0, "deleted": 0.0, "variables": { "x": 96.0, "flipX": 0.0, "y": 0.0, "flipY": 0.0 }, "object": 517.0 }, { "layer": 0.0, "deleted": 0.0, "variables": { "x": 64.0, "flipX": 0.0, "y": 0.0, "flipY": 0.0 }, "object": 517.0 }, { "layer": 0.0, "deleted": 0.0, "variables": { "x": 32.0, "flipX": 0.0, "y": 0.0, "flipY": 0.0 }, "object": 517.0 }, { "layer": 0.0, "deleted": 0.0, "variables": { "x": 0.0, "flipX": 0.0, "y": 0.0, "flipY": 0.0 }, "object": 517.0 }, { "layer": 0.0, "deleted": 0.0, "variables": { "x": 0.0, "flipX": 0.0, "y": 32.0, "flipY": 0.0 }, "object": 517.0 }, { "layer": 0.0, "deleted": 0.0, "variables": { "x": 0.0, "flipX": 0.0, "y": 64.0, "flipY": 0.0 }, "object": 517.0 }, { "layer": 0.0, "deleted": 0.0, "variables": { "x": 0.0, "flipX": 0.0, "y": 96.0, "flipY": 0.0 }, "object": 517.0 }, { "layer": 0.0, "deleted": 0.0, "variables": { "x": 0.0, "flipX": 0.0, "y": 128.0, "flipY": 0.0 }, "object": 517.0 }, { "layer": 0.0, "deleted": 0.0, "variables": { "x": 0.0, "flipX": 0.0, "y": 160.0, "flipY": 0.0 }, "object": 517.0 }, { "layer": 0.0, "deleted": 0.0, "variables": { "x": 0.0, "flipX": 0.0, "y": 192.0, "flipY": 0.0 }, "object": 517.0 }, { "layer": 0.0, "deleted": 0.0, "variables": { "x": 0.0, "flipX": 0.0, "y": 224.0, "flipY": 0.0 }, "object": 517.0 }, { "layer": 0.0, "deleted": 0.0, "variables": { "x": 0.0, "flipX": 0.0, "y": 256.0, "flipY": 0.0 }, "object": 517.0 }, { "layer": 0.0, "deleted": 0.0, "variables": { "x": 0.0, "flipX": 0.0, "y": 288.0, "flipY": 0.0 }, "object": 517.0 }, { "layer": 0.0, "deleted": 0.0, "variables": { "x": 0.0, "flipX": 0.0, "y": 320.0, "flipY": 0.0 }, "object": 517.0 }, { "layer": 0.0, "deleted": 0.0, "variables": { "x": 0.0, "flipX": 0.0, "y": 352.0, "flipY": 0.0 }, "object": 517.0 }, { "layer": 0.0, "deleted": 0.0, "variables": { "x": 0.0, "flipX": 0.0, "y": 384.0, "flipY": 0.0 }, "object": 517.0 }, { "layer": 0.0, "deleted": 0.0, "variables": { "x": 0.0, "flipX": 0.0, "y": 416.0, "flipY": 0.0 }, "object": 517.0 }, { "layer": 0.0, "deleted": 0.0, "variables": { "x": 0.0, "flipX": 0.0, "y": 448.0, "flipY": 0.0 }, "object": 517.0 }, { "layer": 0.0, "deleted": 0.0, "variables": { "x": 0.0, "flipX": 0.0, "y": 480.0, "flipY": 0.0 }, "object": 517.0 }, { "layer": 0.0, "deleted": 0.0, "variables": { "x": 0.0, "flipX": 0.0, "y": 512.0, "flipY": 0.0 }, "object": 517.0 }, { "layer": 0.0, "deleted": 0.0, "variables": { "x": 32.0, "flipX": 0.0, "y": 512.0, "flipY": 0.0 }, "object": 517.0 }, { "layer": 0.0, "deleted": 0.0, "variables": { "x": 64.0, "flipX": 0.0, "y": 512.0, "flipY": 0.0 }, "object": 517.0 }, { "layer": 0.0, "deleted": 0.0, "variables": { "x": 96.0, "flipX": 0.0, "y": 512.0, "flipY": 0.0 }, "object": 517.0 }, { "layer": 0.0, "deleted": 0.0, "variables": { "x": 128.0, "flipX": 0.0, "y": 512.0, "flipY": 0.0 }, "object": 517.0 }, { "layer": 0.0, "deleted": 0.0, "variables": { "x": 160.0, "flipX": 0.0, "y": 512.0, "flipY": 0.0 }, "object": 517.0 }, { "layer": 0.0, "deleted": 0.0, "variables": { "x": 192.0, "flipX": 0.0, "y": 512.0, "flipY": 0.0 }, "object": 517.0 }, { "layer": 0.0, "deleted": 0.0, "variables": { "x": 192.0, "flipX": 0.0, "y": 480.0, "flipY": 0.0 }, "object": 517.0 }, { "layer": 0.0, "deleted": 0.0, "variables": { "x": 192.0, "flipX": 0.0, "y": 448.0, "flipY": 0.0 }, "object": 517.0 }, { "layer": 0.0, "deleted": 0.0, "variables": { "x": 160.0, "flipX": 0.0, "y": 448.0, "flipY": 0.0 }, "object": 517.0 }, { "layer": 0.0, "deleted": 0.0, "variables": { "x": 160.0, "flipX": 0.0, "y": 416.0, "flipY": 0.0 }, "object": 517.0 }, { "layer": 0.0, "deleted": 0.0, "variables": { "x": 160.0, "flipX": 0.0, "y": 384.0, "flipY": 0.0 }, "object": 517.0 }, { "layer": 0.0, "deleted": 0.0, "variables": { "x": 192.0, "flipX": 0.0, "y": 384.0, "flipY": 0.0 }, "object": 517.0 }, { "layer": 0.0, "deleted": 0.0, "variables": { "x": 128.0, "flipX": 0.0, "y": 384.0, "flipY": 0.0 }, "object": 517.0 }, { "layer": 0.0, "deleted": 0.0, "variables": { "x": 96.0, "flipX": 0.0, "y": 384.0, "flipY": 0.0 }, "object": 517.0 }, { "layer": 0.0, "deleted": 0.0, "variables": { "x": 64.0, "flipX": 0.0, "y": 384.0, "flipY": 0.0 }, "object": 517.0 }, { "layer": 0.0, "deleted": 0.0, "variables": { "x": 32.0, "flipX": 0.0, "y": 384.0, "flipY": 0.0 }, "object": 517.0 }, { "layer": 0.0, "deleted": 0.0, "variables": { "x": 32.0, "flipX": 0.0, "y": 416.0, "flipY": 0.0 }, "object": 517.0 }, { "layer": 0.0, "deleted": 0.0, "variables": { "x": 32.0, "flipX": 0.0, "y": 448.0, "flipY": 0.0 }, "object": 517.0 }, { "layer": 0.0, "deleted": 0.0, "variables": { "x": 32.0, "flipX": 0.0, "y": 480.0, "flipY": 0.0 }, "object": 517.0 }, { "layer": 0.0, "deleted": 0.0, "variables": { "x": 64.0, "flipX": 0.0, "y": 480.0, "flipY": 0.0 }, "object": 517.0 }, { "layer": 0.0, "deleted": 0.0, "variables": { "x": 96.0, "flipX": 0.0, "y": 480.0, "flipY": 0.0 }, "object": 517.0 }, { "layer": 0.0, "deleted": 0.0, "variables": { "x": 128.0, "flipX": 0.0, "y": 480.0, "flipY": 0.0 }, "object": 517.0 }, { "layer": 0.0, "deleted": 0.0, "variables": { "x": 160.0, "flipX": 0.0, "y": 480.0, "flipY": 0.0 }, "object": 517.0 }, { "layer": 0.0, "deleted": 0.0, "variables": { "x": 128.0, "flipX": 0.0, "y": 448.0, "flipY": 0.0 }, "object": 517.0 }, { "layer": 0.0, "deleted": 0.0, "variables": { "x": 128.0, "flipX": 0.0, "y": 416.0, "flipY": 0.0 }, "object": 517.0 }, { "layer": 0.0, "deleted": 0.0, "variables": { "x": 96.0, "flipX": 0.0, "y": 416.0, "flipY": 0.0 }, "object": 517.0 }, { "layer": 0.0, "deleted": 0.0, "variables": { "x": 64.0, "flipX": 0.0, "y": 416.0, "flipY": 0.0 }, "object": 517.0 }, { "layer": 0.0, "deleted": 0.0, "variables": { "x": 64.0, "flipX": 0.0, "y": 448.0, "flipY": 0.0 }, "object": 517.0 }, { "layer": 0.0, "deleted": 0.0, "variables": { "x": 96.0, "flipX": 0.0, "y": 448.0, "flipY": 0.0 }, "object": 517.0 }, { "layer": 0.0, "deleted": 0.0, "variables": { "x": 224.0, "flipX": 0.0, "y": 448.0, "flipY": 0.0 }, "object": 517.0 }, { "layer": 0.0, "deleted": 0.0, "variables": { "x": 224.0, "flipX": 0.0, "y": 480.0, "flipY": 0.0 }, "object": 517.0 }, { "layer": 0.0, "deleted": 0.0, "variables": { "x": 224.0, "flipX": 0.0, "y": 512.0, "flipY": 0.0 }, "object": 517.0 }, { "layer": 0.0, "deleted": 0.0, "variables": { "x": 256.0, "flipX": 0.0, "y": 512.0, "flipY": 0.0 }, "object": 517.0 }, { "layer": 0.0, "deleted": 0.0, "variables": { "x": 288.0, "flipX": 0.0, "y": 512.0, "flipY": 0.0 }, "object": 517.0 }, { "layer": 0.0, "deleted": 0.0, "variables": { "x": 320.0, "flipX": 0.0, "y": 512.0, "flipY": 0.0 }, "object": 517.0 }, { "layer": 0.0, "deleted": 0.0, "variables": { "x": 352.0, "flipX": 0.0, "y": 512.0, "flipY": 0.0 }, "object": 517.0 }, { "layer": 0.0, "deleted": 0.0, "variables": { "x": 384.0, "flipX": 0.0, "y": 512.0, "flipY": 0.0 }, "object": 517.0 }, { "layer": 0.0, "deleted": 0.0, "variables": { "x": 416.0, "flipX": 0.0, "y": 512.0, "flipY": 0.0 }, "object": 517.0 }, { "layer": 0.0, "deleted": 0.0, "variables": { "x": 448.0, "flipX": 0.0, "y": 512.0, "flipY": 0.0 }, "object": 517.0 }, { "layer": 0.0, "deleted": 0.0, "variables": { "x": 480.0, "flipX": 0.0, "y": 512.0, "flipY": 0.0 }, "object": 517.0 }, { "layer": 0.0, "deleted": 0.0, "variables": { "x": 512.0, "flipX": 0.0, "y": 512.0, "flipY": 0.0 }, "object": 517.0 }, { "layer": 0.0, "deleted": 0.0, "variables": { "x": 480.0, "flipX": 0.0, "y": 480.0, "flipY": 0.0 }, "object": 517.0 }, { "layer": 0.0, "deleted": 0.0, "variables": { "x": 480.0, "flipX": 0.0, "y": 448.0, "flipY": 0.0 }, "object": 517.0 }, { "layer": 0.0, "deleted": 0.0, "variables": { "x": 480.0, "flipX": 0.0, "y": 416.0, "flipY": 0.0 }, "object": 517.0 }, { "layer": 0.0, "deleted": 0.0, "variables": { "x": 512.0, "flipX": 0.0, "y": 416.0, "flipY": 0.0 }, "object": 517.0 }, { "layer": 0.0, "deleted": 0.0, "variables": { "x": 512.0, "flipX": 0.0, "y": 448.0, "flipY": 0.0 }, "object": 517.0 }, { "layer": 0.0, "deleted": 0.0, "variables": { "x": 448.0, "flipX": 0.0, "y": 416.0, "flipY": 0.0 }, "object": 517.0 }, { "layer": 0.0, "deleted": 0.0, "variables": { "x": 416.0, "flipX": 0.0, "y": 416.0, "flipY": 0.0 }, "object": 517.0 }, { "layer": 0.0, "deleted": 0.0, "variables": { "x": 416.0, "flipX": 0.0, "y": 448.0, "flipY": 0.0 }, "object": 517.0 }, { "layer": 0.0, "deleted": 0.0, "variables": { "x": 448.0, "flipX": 0.0, "y": 448.0, "flipY": 0.0 }, "object": 517.0 }, { "layer": 0.0, "deleted": 0.0, "variables": { "x": 448.0, "flipX": 0.0, "y": 480.0, "flipY": 0.0 }, "object": 517.0 }, { "layer": 0.0, "deleted": 0.0, "variables": { "x": 416.0, "flipX": 0.0, "y": 480.0, "flipY": 0.0 }, "object": 517.0 }, { "layer": 0.0, "deleted": 0.0, "variables": { "x": 384.0, "flipX": 0.0, "y": 480.0, "flipY": 0.0 }, "object": 517.0 }, { "layer": 0.0, "deleted": 0.0, "variables": { "x": 352.0, "flipX": 0.0, "y": 480.0, "flipY": 0.0 }, "object": 517.0 }, { "layer": 0.0, "deleted": 0.0, "variables": { "x": 320.0, "flipX": 0.0, "y": 480.0, "flipY": 0.0 }, "object": 517.0 }, { "layer": 0.0, "deleted": 0.0, "variables": { "x": 288.0, "flipX": 0.0, "y": 480.0, "flipY": 0.0 }, "object": 517.0 }, { "layer": 0.0, "deleted": 0.0, "variables": { "x": 256.0, "flipX": 0.0, "y": 480.0, "flipY": 0.0 }, "object": 517.0 }, { "layer": 0.0, "deleted": 0.0, "variables": { "x": 256.0, "flipX": 0.0, "y": 448.0, "flipY": 0.0 }, "object": 517.0 }, { "layer": 0.0, "deleted": 0.0, "variables": { "x": 288.0, "flipX": 0.0, "y": 448.0, "flipY": 0.0 }, "object": 517.0 }, { "layer": 0.0, "deleted": 0.0, "variables": { "x": 320.0, "flipX": 0.0, "y": 448.0, "flipY": 0.0 }, "object": 517.0 }, { "layer": 0.0, "deleted": 0.0, "variables": { "x": 352.0, "flipX": 0.0, "y": 448.0, "flipY": 0.0 }, "object": 517.0 }, { "layer": 0.0, "deleted": 0.0, "variables": { "x": 384.0, "flipX": 0.0, "y": 448.0, "flipY": 0.0 }, "object": 517.0 }, { "layer": 0.0, "deleted": 0.0, "variables": { "x": 544.0, "flipX": 0.0, "y": 512.0, "flipY": 0.0 }, "object": 517.0 }, { "layer": 0.0, "deleted": 0.0, "variables": { "x": 576.0, "flipX": 0.0, "y": 512.0, "flipY": 0.0 }, "object": 517.0 }, { "layer": 0.0, "deleted": 0.0, "variables": { "x": 608.0, "flipX": 0.0, "y": 512.0, "flipY": 0.0 }, "object": 517.0 }, { "layer": 0.0, "deleted": 0.0, "variables": { "x": 640.0, "flipX": 0.0, "y": 512.0, "flipY": 0.0 }, "object": 517.0 }, { "layer": 0.0, "deleted": 0.0, "variables": { "x": 672.0, "flipX": 0.0, "y": 512.0, "flipY": 0.0 }, "object": 517.0 }, { "layer": 0.0, "deleted": 0.0, "variables": { "x": 704.0, "flipX": 0.0, "y": 512.0, "flipY": 0.0 }, "object": 517.0 }, { "layer": 0.0, "deleted": 0.0, "variables": { "x": 736.0, "flipX": 0.0, "y": 512.0, "flipY": 0.0 }, "object": 517.0 }, { "layer": 0.0, "deleted": 0.0, "variables": { "x": 768.0, "flipX": 0.0, "y": 512.0, "flipY": 0.0 }, "object": 517.0 }, { "layer": 0.0, "deleted": 0.0, "variables": { "x": 800.0, "flipX": 0.0, "y": 512.0, "flipY": 0.0 }, "object": 517.0 }, { "layer": 0.0, "deleted": 0.0, "variables": { "x": 832.0, "flipX": 0.0, "y": 512.0, "flipY": 0.0 }, "object": 517.0 }, { "layer": 0.0, "deleted": 0.0, "variables": { "x": 864.0, "flipX": 0.0, "y": 512.0, "flipY": 0.0 }, "object": 517.0 }, { "layer": 0.0, "deleted": 0.0, "variables": { "x": 896.0, "flipX": 0.0, "y": 512.0, "flipY": 0.0 }, "object": 517.0 }, { "layer": 0.0, "deleted": 0.0, "variables": { "x": 928.0, "flipX": 0.0, "y": 512.0, "flipY": 0.0 }, "object": 517.0 }, { "layer": 0.0, "deleted": 0.0, "variables": { "x": 960.0, "flipX": 0.0, "y": 512.0, "flipY": 0.0 }, "object": 517.0 }, { "layer": 0.0, "deleted": 0.0, "variables": { "x": 992.0, "flipX": 0.0, "y": 512.0, "flipY": 0.0 }, "object": 517.0 }, { "layer": 0.0, "deleted": 0.0, "variables": { "x": 1024.0, "flipX": 0.0, "y": 512.0, "flipY": 0.0 }, "object": 517.0 }, { "layer": 0.0, "deleted": 0.0, "variables": { "x": 1056.0, "flipX": 0.0, "y": 512.0, "flipY": 0.0 }, "object": 517.0 }, { "layer": 0.0, "deleted": 0.0, "variables": { "x": 1088.0, "flipX": 0.0, "y": 512.0, "flipY": 0.0 }, "object": 517.0 }, { "layer": 0.0, "deleted": 0.0, "variables": { "x": 1120.0, "flipX": 0.0, "y": 512.0, "flipY": 0.0 }, "object": 517.0 }, { "layer": 0.0, "deleted": 0.0, "variables": { "x": 1152.0, "flipX": 0.0, "y": 512.0, "flipY": 0.0 }, "object": 517.0 }, { "layer": 0.0, "deleted": 0.0, "variables": { "x": 1184.0, "flipX": 0.0, "y": 512.0, "flipY": 0.0 }, "object": 517.0 }, { "layer": 0.0, "deleted": 0.0, "variables": { "x": 1216.0, "flipX": 0.0, "y": 512.0, "flipY": 0.0 }, "object": 517.0 }, { "layer": 0.0, "deleted": 0.0, "variables": { "x": 1248.0, "flipX": 0.0, "y": 512.0, "flipY": 0.0 }, "object": 517.0 }, { "layer": 0.0, "deleted": 0.0, "variables": { "x": 1280.0, "flipX": 0.0, "y": 512.0, "flipY": 0.0 }, "object": 517.0 }, { "layer": 0.0, "deleted": 0.0, "variables": { "x": 1312.0, "flipX": 0.0, "y": 512.0, "flipY": 0.0 }, "object": 517.0 }, { "layer": 0.0, "deleted": 0.0, "variables": { "x": 1344.0, "flipX": 0.0, "y": 512.0, "flipY": 0.0 }, "object": 517.0 }, { "layer": 0.0, "deleted": 0.0, "variables": { "x": 1376.0, "flipX": 0.0, "y": 512.0, "flipY": 0.0 }, "object": 517.0 }, { "layer": 0.0, "deleted": 0.0, "variables": { "x": 1408.0, "flipX": 0.0, "y": 512.0, "flipY": 0.0 }, "object": 517.0 }, { "layer": 0.0, "deleted": 0.0, "variables": { "x": 1440.0, "flipX": 0.0, "y": 512.0, "flipY": 0.0 }, "object": 517.0 }, { "layer": 0.0, "deleted": 0.0, "variables": { "x": 1472.0, "flipX": 0.0, "y": 512.0, "flipY": 0.0 }, "object": 517.0 }, { "layer": 0.0, "deleted": 0.0, "variables": { "x": 1504.0, "flipX": 0.0, "y": 512.0, "flipY": 0.0 }, "object": 517.0 }, { "layer": 0.0, "deleted": 0.0, "variables": { "x": 1536.0, "flipX": 0.0, "y": 512.0, "flipY": 0.0 }, "object": 517.0 }, { "layer": 0.0, "deleted": 0.0, "variables": { "x": 1568.0, "flipX": 0.0, "y": 512.0, "flipY": 0.0 }, "object": 517.0 }, { "layer": 0.0, "deleted": 0.0, "variables": { "x": 1600.0, "flipX": 0.0, "y": 512.0, "flipY": 0.0 }, "object": 517.0 }, { "layer": 0.0, "deleted": 0.0, "variables": { "x": 1632.0, "flipX": 0.0, "y": 512.0, "flipY": 0.0 }, "object": 517.0 }, { "layer": 0.0, "deleted": 0.0, "variables": { "x": 1664.0, "flipX": 0.0, "y": 512.0, "flipY": 0.0 }, "object": 517.0 }, { "layer": 0.0, "deleted": 0.0, "variables": { "x": 1696.0, "flipX": 0.0, "y": 512.0, "flipY": 0.0 }, "object": 517.0 }, { "layer": 0.0, "deleted": 0.0, "variables": { "x": 1728.0, "flipX": 0.0, "y": 512.0, "flipY": 0.0 }, "object": 517.0 }, { "layer": 0.0, "deleted": 0.0, "variables": { "x": 1760.0, "flipX": 0.0, "y": 512.0, "flipY": 0.0 }, "object": 517.0 }, { "layer": 0.0, "deleted": 0.0, "variables": { "x": 1792.0, "flipX": 0.0, "y": 512.0, "flipY": 0.0 }, "object": 517.0 }, { "layer": 0.0, "deleted": 0.0, "variables": { "x": 1824.0, "flipX": 0.0, "y": 512.0, "flipY": 0.0 }, "object": 517.0 }, { "layer": 0.0, "deleted": 0.0, "variables": { "x": 1856.0, "flipX": 0.0, "y": 512.0, "flipY": 0.0 }, "object": 517.0 }, { "layer": 0.0, "deleted": 0.0, "variables": { "x": 1888.0, "flipX": 0.0, "y": 512.0, "flipY": 0.0 }, "object": 517.0 }, { "layer": 0.0, "deleted": 0.0, "variables": { "x": 1056.0, "flipX": 0.0, "y": 384.0, "flipY": 0.0 }, "object": 517.0 }, { "layer": 0.0, "deleted": 0.0, "variables": { "x": 1024.0, "flipX": 0.0, "y": 384.0, "flipY": 0.0 }, "object": 517.0 }, { "layer": 0.0, "deleted": 0.0, "variables": { "x": 992.0, "flipX": 0.0, "y": 384.0, "flipY": 0.0 }, "object": 517.0 }, { "layer": 0.0, "deleted": 0.0, "variables": { "x": 992.0, "flipX": 0.0, "y": 352.0, "flipY": 0.0 }, "object": 517.0 }, { "layer": 0.0, "deleted": 0.0, "variables": { "x": 1024.0, "flipX": 0.0, "y": 352.0, "flipY": 0.0 }, "object": 517.0 }, { "layer": 0.0, "deleted": 0.0, "variables": { "x": 1056.0, "flipX": 0.0, "y": 352.0, "flipY": 0.0 }, "object": 517.0 }, { "layer": 0.0, "deleted": 0.0, "variables": { "x": 1056.0, "flipX": 0.0, "y": 320.0, "flipY": 0.0 }, "object": 517.0 }, { "layer": 0.0, "deleted": 0.0, "variables": { "x": 1024.0, "flipX": 0.0, "y": 320.0, "flipY": 0.0 }, "object": 517.0 }, { "layer": 0.0, "deleted": 0.0, "variables": { "x": 992.0, "flipX": 0.0, "y": 320.0, "flipY": 0.0 }, "object": 517.0 }, { "layer": 0.0, "deleted": 0.0, "variables": { "x": 1024.0, "flipX": 0.0, "y": 288.0, "flipY": 0.0 }, "object": 517.0 }, { "layer": 0.0, "deleted": 0.0, "variables": { "x": 1056.0, "flipX": 0.0, "y": 288.0, "flipY": 0.0 }, "object": 517.0 }, { "layer": 0.0, "deleted": 0.0, "variables": { "x": 992.0, "flipX": 0.0, "y": 288.0, "flipY": 0.0 }, "object": 517.0 }, { "layer": 0.0, "deleted": 0.0, "variables": { "x": 1056.0, "flipX": 0.0, "y": 256.0, "flipY": 0.0 }, "object": 517.0 }, { "layer": 0.0, "deleted": 0.0, "variables": { "x": 1056.0, "flipX": 0.0, "y": 224.0, "flipY": 0.0 }, "object": 517.0 }, { "layer": 0.0, "deleted": 0.0, "variables": { "x": 1056.0, "flipX": 0.0, "y": 192.0, "flipY": 0.0 }, "object": 517.0 }, { "layer": 0.0, "deleted": 0.0, "variables": { "x": 1056.0, "flipX": 0.0, "y": 160.0, "flipY": 0.0 }, "object": 517.0 }, { "layer": 0.0, "deleted": 0.0, "variables": { "x": 1024.0, "flipX": 0.0, "y": 160.0, "flipY": 0.0 }, "object": 517.0 }, { "layer": 0.0, "deleted": 0.0, "variables": { "x": 1024.0, "flipX": 0.0, "y": 192.0, "flipY": 0.0 }, "object": 517.0 }, { "layer": 0.0, "deleted": 0.0, "variables": { "x": 1024.0, "flipX": 0.0, "y": 224.0, "flipY": 0.0 }, "object": 517.0 }, { "layer": 0.0, "deleted": 0.0, "variables": { "x": 1024.0, "flipX": 0.0, "y": 256.0, "flipY": 0.0 }, "object": 517.0 }, { "layer": 0.0, "deleted": 0.0, "variables": { "x": 992.0, "flipX": 0.0, "y": 256.0, "flipY": 0.0 }, "object": 517.0 }, { "layer": 0.0, "deleted": 0.0, "variables": { "x": 992.0, "flipX": 0.0, "y": 224.0, "flipY": 0.0 }, "object": 517.0 }, { "layer": 0.0, "deleted": 0.0, "variables": { "x": 992.0, "flipX": 0.0, "y": 192.0, "flipY": 0.0 }, "object": 517.0 }, { "layer": 0.0, "deleted": 0.0, "variables": { "x": 992.0, "flipX": 0.0, "y": 160.0, "flipY": 0.0 }, "object": 517.0 }, { "layer": 0.0, "deleted": 0.0, "variables": { "x": 960.0, "flipX": 0.0, "y": 160.0, "flipY": 0.0 }, "object": 517.0 }, { "layer": 0.0, "deleted": 0.0, "variables": { "x": 928.0, "flipX": 0.0, "y": 160.0, "flipY": 0.0 }, "object": 517.0 }, { "layer": 0.0, "deleted": 0.0, "variables": { "x": 896.0, "flipX": 0.0, "y": 160.0, "flipY": 0.0 }, "object": 517.0 }, { "layer": 0.0, "deleted": 0.0, "variables": { "x": 864.0, "flipX": 0.0, "y": 160.0, "flipY": 0.0 }, "object": 517.0 }, { "layer": 0.0, "deleted": 0.0, "variables": { "x": 832.0, "flipX": 0.0, "y": 160.0, "flipY": 0.0 }, "object": 517.0 }, { "layer": 0.0, "deleted": 0.0, "variables": { "x": 832.0, "flipX": 0.0, "y": 192.0, "flipY": 0.0 }, "object": 517.0 }, { "layer": 0.0, "deleted": 0.0, "variables": { "x": 864.0, "flipX": 0.0, "y": 192.0, "flipY": 0.0 }, "object": 517.0 }, { "layer": 0.0, "deleted": 0.0, "variables": { "x": 896.0, "flipX": 0.0, "y": 192.0, "flipY": 0.0 }, "object": 517.0 }, { "layer": 0.0, "deleted": 0.0, "variables": { "x": 928.0, "flipX": 0.0, "y": 192.0, "flipY": 0.0 }, "object": 517.0 }, { "layer": 0.0, "deleted": 0.0, "variables": { "x": 960.0, "flipX": 0.0, "y": 192.0, "flipY": 0.0 }, "object": 517.0 }, { "layer": 0.0, "deleted": 0.0, "variables": { "x": 960.0, "flipX": 0.0, "y": 224.0, "flipY": 0.0 }, "object": 517.0 }, { "layer": 0.0, "deleted": 0.0, "variables": { "x": 928.0, "flipX": 0.0, "y": 224.0, "flipY": 0.0 }, "object": 517.0 }, { "layer": 0.0, "deleted": 0.0, "variables": { "x": 896.0, "flipX": 0.0, "y": 224.0, "flipY": 0.0 }, "object": 517.0 }, { "layer": 0.0, "deleted": 0.0, "variables": { "x": 864.0, "flipX": 0.0, "y": 224.0, "flipY": 0.0 }, "object": 517.0 }, { "layer": 0.0, "deleted": 0.0, "variables": { "x": 832.0, "flipX": 0.0, "y": 224.0, "flipY": 0.0 }, "object": 517.0 }, { "layer": 0.0, "deleted": 0.0, "variables": { "x": 832.0, "flipX": 0.0, "y": 256.0, "flipY": 0.0 }, "object": 517.0 }, { "layer": 0.0, "deleted": 0.0, "variables": { "x": 864.0, "flipX": 0.0, "y": 256.0, "flipY": 0.0 }, "object": 517.0 }, { "layer": 0.0, "deleted": 0.0, "variables": { "x": 896.0, "flipX": 0.0, "y": 256.0, "flipY": 0.0 }, "object": 517.0 }, { "layer": 0.0, "deleted": 0.0, "variables": { "x": 928.0, "flipX": 0.0, "y": 256.0, "flipY": 0.0 }, "object": 517.0 }, { "layer": 0.0, "deleted": 0.0, "variables": { "x": 960.0, "flipX": 0.0, "y": 256.0, "flipY": 0.0 }, "object": 517.0 }, { "layer": 0.0, "deleted": 0.0, "variables": { "x": 800.0, "flipX": 0.0, "y": 256.0, "flipY": 0.0 }, "object": 517.0 }, { "layer": 0.0, "deleted": 0.0, "variables": { "x": 768.0, "flipX": 0.0, "y": 256.0, "flipY": 0.0 }, "object": 517.0 }, { "layer": 0.0, "deleted": 0.0, "variables": { "x": 736.0, "flipX": 0.0, "y": 256.0, "flipY": 0.0 }, "object": 517.0 }, { "layer": 0.0, "deleted": 0.0, "variables": { "x": 736.0, "flipX": 0.0, "y": 224.0, "flipY": 0.0 }, "object": 517.0 }, { "layer": 0.0, "deleted": 0.0, "variables": { "x": 736.0, "flipX": 0.0, "y": 192.0, "flipY": 0.0 }, "object": 517.0 }, { "layer": 0.0, "deleted": 0.0, "variables": { "x": 736.0, "flipX": 0.0, "y": 160.0, "flipY": 0.0 }, "object": 517.0 }, { "layer": 0.0, "deleted": 0.0, "variables": { "x": 1440.0, "flipX": 0.0, "y": 288.0, "flipY": 0.0 }, "object": 722.0 }, { "layer": 0.0, "deleted": 0.0, "variables": { "x": 736.0, "flipX": 0.0, "y": 128.0, "flipY": 0.0 }, "object": 517.0 }, { "layer": 0.0, "deleted": 0.0, "variables": { "x": 736.0, "flipX": 0.0, "y": 64.0, "flipY": 0.0 }, "object": 517.0 }, { "layer": 0.0, "deleted": 0.0, "variables": { "x": 736.0, "flipX": 0.0, "y": 32.0, "flipY": 0.0 }, "object": 517.0 }, { "layer": 0.0, "deleted": 0.0, "variables": { "x": 768.0, "flipX": 0.0, "y": 32.0, "flipY": 0.0 }, "object": 517.0 }, { "layer": 0.0, "deleted": 0.0, "variables": { "x": 800.0, "flipX": 0.0, "y": 32.0, "flipY": 0.0 }, "object": 517.0 }, { "layer": 0.0, "deleted": 0.0, "variables": { "x": 832.0, "flipX": 0.0, "y": 32.0, "flipY": 0.0 }, "object": 517.0 }, { "layer": 0.0, "deleted": 0.0, "variables": { "x": 832.0, "flipX": 0.0, "y": 64.0, "flipY": 0.0 }, "object": 517.0 }, { "layer": 0.0, "deleted": 0.0, "variables": { "x": 832.0, "flipX": 0.0, "y": 96.0, "flipY": 0.0 }, "object": 517.0 }, { "layer": 0.0, "deleted": 0.0, "variables": { "x": 832.0, "flipX": 0.0, "y": 128.0, "flipY": 0.0 }, "object": 517.0 }, { "layer": 0.0, "deleted": 0.0, "variables": { "x": 800.0, "flipX": 0.0, "y": 128.0, "flipY": 0.0 }, "object": 517.0 }, { "layer": 0.0, "deleted": 0.0, "variables": { "x": 800.0, "flipX": 0.0, "y": 96.0, "flipY": 0.0 }, "object": 517.0 }, { "layer": 0.0, "deleted": 0.0, "variables": { "x": 800.0, "flipX": 0.0, "y": 64.0, "flipY": 0.0 }, "object": 517.0 }, { "layer": 0.0, "deleted": 0.0, "variables": { "x": 768.0, "flipX": 0.0, "y": 64.0, "flipY": 0.0 }, "object": 517.0 }, { "layer": 0.0, "deleted": 0.0, "variables": { "x": 736.0, "flipX": 0.0, "y": 96.0, "flipY": 0.0 }, "object": 517.0 }, { "layer": 0.0, "deleted": 0.0, "variables": { "x": 1472.0, "flipX": 0.0, "y": 288.0, "flipY": 0.0 }, "object": 722.0 }, { "layer": 0.0, "deleted": 0.0, "variables": { "x": 1504.0, "flipX": 0.0, "y": 288.0, "flipY": 0.0 }, "object": 722.0 }, { "layer": 0.0, "deleted": 0.0, "variables": { "x": 1536.0, "flipX": 0.0, "y": 288.0, "flipY": 0.0 }, "object": 722.0 }, { "layer": 0.0, "deleted": 0.0, "variables": { "x": 768.0, "flipX": 0.0, "y": 96.0, "flipY": 0.0 }, "object": 517.0 }, { "layer": 0.0, "deleted": 0.0, "variables": { "x": 768.0, "flipX": 0.0, "y": 128.0, "flipY": 0.0 }, "object": 517.0 }, { "layer": 0.0, "deleted": 0.0, "variables": { "x": 768.0, "flipX": 0.0, "y": 160.0, "flipY": 0.0 }, "object": 517.0 }, { "layer": 0.0, "deleted": 0.0, "variables": { "x": 768.0, "flipX": 0.0, "y": 192.0, "flipY": 0.0 }, "object": 517.0 }, { "layer": 0.0, "deleted": 0.0, "variables": { "x": 768.0, "flipX": 0.0, "y": 224.0, "flipY": 0.0 }, "object": 517.0 }, { "layer": 0.0, "deleted": 0.0, "variables": { "x": 800.0, "flipX": 0.0, "y": 224.0, "flipY": 0.0 }, "object": 517.0 }, { "layer": 0.0, "deleted": 0.0, "variables": { "x": 800.0, "flipX": 0.0, "y": 192.0, "flipY": 0.0 }, "object": 517.0 }, { "layer": 0.0, "deleted": 0.0, "variables": { "x": 800.0, "flipX": 0.0, "y": 160.0, "flipY": 0.0 }, "object": 517.0 }, { "layer": 0.0, "deleted": 0.0, "variables": { "x": 1376.0, "flipX": 0.0, "y": 288.0, "flipY": 0.0 }, "object": 722.0 }, { "layer": 0.0, "deleted": 0.0, "variables": { "x": 1408.0, "flipX": 0.0, "y": 288.0, "flipY": 0.0 }, "object": 722.0 }, { "layer": 0.0, "deleted": 0.0, "variables": { "x": 1792.0, "flipX": 0.0, "y": 352.0, "flipY": 0.0 }, "object": 134.0 }, { "layer": 0.0, "deleted": 0.0, "variables": { "x": 1600.0, "flipX": 0.0, "y": 448.0, "flipY": 0.0 }, "object": 134.0 }, { "layer": 0.0, "deleted": 0.0, "variables": { "x": 1664.0, "flipX": 0.0, "y": 448.0, "flipY": 0.0 }, "object": 134.0 }, { "layer": 0.0, "deleted": 0.0, "variables": { "x": 1472.0, "flipX": 0.0, "y": 256.0, "flipY": 0.0 }, "object": 134.0 }, { "layer": 0.0, "deleted": 0.0, "variables": { "x": 1088.0, "flipX": 0.0, "y": 113.0, "flipY": 0.0 }, "object": 681.0 }, { "layer": 0.0, "deleted": 0.0, "variables": { "x": 1056.0, "flipX": 0.0, "y": 113.0, "flipY": 0.0 }, "object": 681.0 }, { "layer": 0.0, "deleted": 0.0, "variables": { "x": 928.0, "flipX": 0.0, "y": 128.0, "flipY": 0.0 }, "object": 805.0 }, { "layer": 0.0, "deleted": 0.0, "variables": { "x": 1024.0, "flipX": 0.0, "y": 113.0, "flipY": 0.0 }, "object": 681.0 }, { "layer": 0.0, "deleted": 0.0, "variables": { "x": 960.0, "flipX": 0.0, "y": 113.0, "flipY": 0.0 }, "object": 681.0 }, { "layer": 0.0, "deleted": 0.0, "variables": { "x": 992.0, "flipX": 0.0, "y": 113.0, "flipY": 0.0 }, "object": 681.0 }, { "layer": 0.0, "deleted": 0.0, "variables": { "x": 1472.0, "flipX": 0.0, "y": 192.0, "flipY": 0.0 }, "object": 763.0 }, { "layer": 0.0, "deleted": 0.0, "variables": { "x": 1056.0, "flipX": 0.0, "y": 416.0, "flipY": 0.0 }, "object": 11.0 }, { "layer": 0.0, "deleted": 0.0, "variables": { "x": 1056.0, "flipX": 0.0, "y": 448.0, "flipY": 0.0 }, "object": 11.0 }, { "layer": 0.0, "deleted": 0.0, "variables": { "x": 896.0, "y": 64.0, "targetRoom": "hallofdeath", "image_xscale": 1.0, "image_yscale": 1.0, "flipX": 0.0, "flipY": 0.0 }, "object": 795.0 }, { "layer": 0.0, "deleted": 0.0, "variables": { "x": 928.0, "flipX": 0.0, "y": 113.0, "flipY": 0.0 }, "object": 681.0 }, { "layer": 0.0, "deleted": 0.0, "variables": { "x": 896.0, "flipX": 0.0, "y": 113.0, "flipY": 0.0 }, "object": 681.0 }, { "layer": 0.0, "deleted": 0.0, "variables": { "x": 896.0, "flipX": 0.0, "y": 113.0, "flipY": 0.0 }, "object": 681.0 }, { "layer": 0.0, "deleted": 0.0, "variables": { "x": 1696.0, "flipX": 0.0, "y": 448.0, "flipY": 0.0 }, "object": 134.0 }, { "layer": 0.0, "deleted": 0.0, "variables": { "x": 1728.0, "flipX": 0.0, "y": 448.0, "flipY": 0.0 }, "object": 134.0 }, { "layer": 0.0, "deleted": 0.0, "variables": { "x": 1760.0, "flipX": 0.0, "y": 448.0, "flipY": 0.0 }, "object": 134.0 }, { "layer": 0.0, "deleted": 0.0, "variables": { "x": 1792.0, "flipX": 0.0, "y": 448.0, "flipY": 0.0 }, "object": 134.0 }, { "layer": 0.0, "deleted": 0.0, "variables": { "x": 1824.0, "flipX": 0.0, "y": 448.0, "flipY": 0.0 }, "object": 134.0 }, { "layer": 0.0, "deleted": 0.0, "variables": { "x": 1856.0, "flipX": 0.0, "y": 448.0, "flipY": 0.0 }, "object": 134.0 }, { "layer": 0.0, "deleted": 0.0, "variables": { "x": 1856.0, "flipX": 0.0, "content": "obj_pizzakinshroom", "flipY": 0.0, "y": 448.0 }, "object": 751.0 } ], "tile_data": { "5": { "576_512": { "autotile": 1.0, "autotile_index": 0.0, "tileset": "spr_warprops", "coord": [ 3.0, 38.0 ] }, "288_-32": { "autotile": 1.0, "autotile_index": 0.0, "tileset": "spr_warprops", "coord": [ 0.0, 0.0 ] }, "224_512": { "autotile": 1.0, "autotile_index": 0.0, "tileset": "spr_warprops", "coord": [ 3.0, 39.0 ] }, "1088_512": { "autotile": 1.0, "autotile_index": 0.0, "tileset": "spr_warprops", "coord": [ 3.0, 38.0 ] }, "-32_352": { "autotile": 1.0, "autotile_index": 0.0, "tileset": "spr_warprops", "coord": [ 0.0, 0.0 ] }, "0_32": { "autotile": 1.0, "autotile_index": 0.0, "tileset": "spr_warprops", "coord": [ 5.0, 39.0 ] }, "1920_64": { "autotile": 1.0, "autotile_index": 0.0, "tileset": "spr_warprops", "coord": [ 0.0, 0.0 ] }, "896_480": { "autotile": 1.0, "autotile_index": 0.0, "tileset": "spr_warprops", "coord": [ 2.0, 37.0 ] }, "1952_32": { "autotile": 1.0, "autotile_index": 0.0, "tileset": "spr_warprops", "coord": [ 0.0, 0.0 ] }, "96_416": { "autotile": 1.0, "autotile_index": 0.0, "tileset": "spr_warprops", "coord": [ 3.0, 39.0 ] }, "128_384": { "autotile": 1.0, "autotile_index": 0.0, "tileset": "spr_warprops", "coord": [ 3.0, 38.0 ] }, "448_480": { "autotile": 1.0, "autotile_index": 0.0, "tileset": "spr_warprops", "coord": [ 3.0, 39.0 ] }, "736_512": { "autotile": 1.0, "autotile_index": 0.0, "tileset": "spr_warprops", "coord": [ 3.0, 38.0 ] }, "0_224": { "autotile": 1.0, "autotile_index": 0.0, "tileset": "spr_warprops", "coord": [ 5.0, 38.0 ] }, "0_384": { "autotile": 1.0, "autotile_index": 0.0, "tileset": "spr_warprops", "coord": [ 3.0, 38.0 ] }, "1952_0": { "autotile": 1.0, "autotile_index": 0.0, "tileset": "spr_warprops", "coord": [ 0.0, 0.0 ] }, "1760_384": { "autotile": 0.0, "autotile_index": 0.0, "tileset": "spr_warprops", "coord": [ 2.0, 57.0 ] }, "-32_256": { "autotile": 1.0, "autotile_index": 0.0, "tileset": "spr_warprops", "coord": [ 0.0, 0.0 ] }, "1472_0": { "autotile": 1.0, "autotile_index": 0.0, "tileset": "spr_warprops", "coord": [ 2.0, 40.0 ] }, "640_480": { "autotile": 1.0, "autotile_index": 0.0, "tileset": "spr_warprops", "coord": [ 3.0, 37.0 ] }, "736_256": { "autotile": 1.0, "autotile_index": 0.0, "tileset": "spr_warprops", "coord": [ 1.0, 40.0 ] }, "1536_0": { "autotile": 1.0, "autotile_index": 0.0, "tileset": "spr_warprops", "coord": [ 2.0, 40.0 ] }, "1024_288": { "autotile": 1.0, "autotile_index": 0.0, "tileset": "spr_warprops", "coord": [ 3.0, 38.0 ] }, "992_320": { "autotile": 1.0, "autotile_index": 0.0, "tileset": "spr_warprops", "coord": [ 1.0, 39.0 ] }, "1856_512": { "autotile": 1.0, "autotile_index": 0.0, "tileset": "spr_warprops", "coord": [ 3.0, 38.0 ] }, "768_-32": { "autotile": 1.0, "autotile_index": 0.0, "tileset": "spr_warprops", "coord": [ 0.0, 0.0 ] }, "832_128": { "autotile": 1.0, "autotile_index": 0.0, "tileset": "spr_warprops", "coord": [ 5.0, 39.0 ] }, "672_-32": { "autotile": 1.0, "autotile_index": 0.0, "tileset": "spr_warprops", "coord": [ 0.0, 0.0 ] }, "224_416": { "autotile": 1.0, "autotile_index": 0.0, "tileset": "spr_warprops", "coord": [ 2.0, 37.0 ] }, "1856_384": { "autotile": 0.0, "autotile_index": 0.0, "tileset": "spr_warprops", "coord": [ 4.0, 57.0 ] }, "576_480": { "autotile": 1.0, "autotile_index": 0.0, "tileset": "spr_warprops", "coord": [ 2.0, 37.0 ] }, "96_448": { "autotile": 1.0, "autotile_index": 0.0, "tileset": "spr_warprops", "coord": [ 3.0, 39.0 ] }, "1920_0": { "autotile": 1.0, "autotile_index": 0.0, "tileset": "spr_warprops", "coord": [ 0.0, 0.0 ] }, "512_0": { "autotile": 1.0, "autotile_index": 0.0, "tileset": "spr_warprops", "coord": [ 3.0, 40.0 ] }, "960_192": { "autotile": 1.0, "autotile_index": 0.0, "tileset": "spr_warprops", "coord": [ 3.0, 38.0 ] }, "960_480": { "autotile": 1.0, "autotile_index": 0.0, "tileset": "spr_warprops", "coord": [ 3.0, 37.0 ] }, "0_352": { "autotile": 1.0, "autotile_index": 0.0, "tileset": "spr_warprops", "coord": [ 0.0, 45.0 ] }, "-32_-32": { "autotile": 1.0, "autotile_index": 0.0, "tileset": "spr_warprops", "coord": [ 0.0, 0.0 ] }, "800_512": { "autotile": 1.0, "autotile_index": 0.0, "tileset": "spr_warprops", "coord": [ 3.0, 38.0 ] }, "736_480": { "autotile": 1.0, "autotile_index": 0.0, "tileset": "spr_warprops", "coord": [ 2.0, 37.0 ] }, "128_-32": { "autotile": 1.0, "autotile_index": 0.0, "tileset": "spr_warprops", "coord": [ 0.0, 0.0 ] }, "96_0": { "autotile": 1.0, "autotile_index": 0.0, "tileset": "spr_warprops", "coord": [ 2.0, 40.0 ] }, "384_480": { "autotile": 1.0, "autotile_index": 0.0, "tileset": "spr_warprops", "coord": [ 3.0, 39.0 ] }, "1152_512": { "autotile": 1.0, "autotile_index": 0.0, "tileset": "spr_warprops", "coord": [ 3.0, 38.0 ] }, "384_-32": { "autotile": 1.0, "autotile_index": 0.0, "tileset": "spr_warprops", "coord": [ 0.0, 0.0 ] }, "544_-32": { "autotile": 1.0, "autotile_index": 0.0, "tileset": "spr_warprops", "coord": [ 0.0, 0.0 ] }, "1280_512": { "autotile": 1.0, "autotile_index": 0.0, "tileset": "spr_warprops", "coord": [ 3.0, 38.0 ] }, "32_352": { "autotile": 1.0, "autotile_index": 0.0, "tileset": "spr_warprops", "coord": [ 4.0, 37.0 ] }, "1088_480": { "autotile": 1.0, "autotile_index": 0.0, "tileset": "spr_warprops", "coord": [ 3.0, 37.0 ] }, "1696_-32": { "autotile": 1.0, "autotile_index": 0.0, "tileset": "spr_warprops", "coord": [ 0.0, 0.0 ] }, "1408_512": { "autotile": 1.0, "autotile_index": 0.0, "tileset": "spr_warprops", "coord": [ 3.0, 38.0 ] }, "1888_0": { "autotile": 1.0, "autotile_index": 0.0, "tileset": "spr_warprops", "coord": [ 3.0, 42.0 ] }, "1120_0": { "autotile": 1.0, "autotile_index": 0.0, "tileset": "spr_warprops", "coord": [ 2.0, 40.0 ] }, "864_480": { "autotile": 1.0, "autotile_index": 0.0, "tileset": "spr_warprops", "coord": [ 2.0, 37.0 ] }, "832_160": { "autotile": 1.0, "autotile_index": 0.0, "tileset": "spr_warprops", "coord": [ 0.0, 45.0 ] }, "1568_512": { "autotile": 1.0, "autotile_index": 0.0, "tileset": "spr_warprops", "coord": [ 3.0, 38.0 ] }, "1248_480": { "autotile": 1.0, "autotile_index": 0.0, "tileset": "spr_warprops", "coord": [ 3.0, 37.0 ] }, "352_-32": { "autotile": 1.0, "autotile_index": 0.0, "tileset": "spr_warprops", "coord": [ 0.0, 0.0 ] }, "896_512": { "autotile": 1.0, "autotile_index": 0.0, "tileset": "spr_warprops", "coord": [ 3.0, 38.0 ] }, "0_0": { "autotile": 1.0, "autotile_index": 0.0, "tileset": "spr_warprops", "coord": [ 0.0, 42.0 ] }, "704_0": { "autotile": 1.0, "autotile_index": 0.0, "tileset": "spr_warprops", "coord": [ 4.0, 40.0 ] }, "736_128": { "autotile": 1.0, "autotile_index": 0.0, "tileset": "spr_warprops", "coord": [ 1.0, 39.0 ] }, "800_-32": { "autotile": 1.0, "autotile_index": 0.0, "tileset": "spr_warprops", "coord": [ 0.0, 0.0 ] }, "864_512": { "autotile": 1.0, "autotile_index": 0.0, "tileset": "spr_warprops", "coord": [ 3.0, 38.0 ] }, "512_-32": { "autotile": 1.0, "autotile_index": 0.0, "tileset": "spr_warprops", "coord": [ 0.0, 0.0 ] }, "1024_224": { "autotile": 1.0, "autotile_index": 0.0, "tileset": "spr_warprops", "coord": [ 4.0, 39.0 ] }, "1824_384": { "autotile": 0.0, "autotile_index": 0.0, "tileset": "spr_warprops", "coord": [ 3.0, 57.0 ] }, "1888_288": { "autotile": 1.0, "autotile_index": 0.0, "tileset": "spr_warprops", "coord": [ 1.0, 39.0 ] }, "1888_64": { "autotile": 1.0, "autotile_index": 0.0, "tileset": "spr_warprops", "coord": [ 1.0, 39.0 ] }, "256_480": { "autotile": 1.0, "autotile_index": 0.0, "tileset": "spr_warprops", "coord": [ 3.0, 39.0 ] }, "896_224": { "autotile": 1.0, "autotile_index": 0.0, "tileset": "spr_warprops", "coord": [ 3.0, 39.0 ] }, "64_480": { "autotile": 1.0, "autotile_index": 0.0, "tileset": "spr_warprops", "coord": [ 3.0, 39.0 ] }, "896_0": { "autotile": 1.0, "autotile_index": 0.0, "tileset": "spr_warprops", "coord": [ 4.0, 40.0 ] }, "0_320": { "autotile": 1.0, "autotile_index": 0.0, "tileset": "spr_warprops", "coord": [ 5.0, 39.0 ] }, "-32_128": { "autotile": 1.0, "autotile_index": 0.0, "tileset": "spr_warprops", "coord": [ 0.0, 0.0 ] }, "1024_160": { "autotile": 1.0, "autotile_index": 0.0, "tileset": "spr_warprops", "coord": [ 3.0, 37.0 ] }, "320_512": { "autotile": 1.0, "autotile_index": 0.0, "tileset": "spr_warprops", "coord": [ 3.0, 39.0 ] }, "1920_32": { "autotile": 1.0, "autotile_index": 0.0, "tileset": "spr_warprops", "coord": [ 0.0, 0.0 ] }, "-32_0": { "autotile": 1.0, "autotile_index": 0.0, "tileset": "spr_warprops", "coord": [ 0.0, 0.0 ] }, "416_-32": { "autotile": 1.0, "autotile_index": 0.0, "tileset": "spr_warprops", "coord": [ 0.0, 0.0 ] }, "448_416": { "autotile": 1.0, "autotile_index": 0.0, "tileset": "spr_warprops", "coord": [ 3.0, 38.0 ] }, "1952_-32": { "autotile": 1.0, "autotile_index": 0.0, "tileset": "spr_warprops", "coord": [ 0.0, 0.0 ] }, "480_512": { "autotile": 1.0, "autotile_index": 0.0, "tileset": "spr_warprops", "coord": [ 3.0, 38.0 ] }, "1440_0": { "autotile": 1.0, "autotile_index": 0.0, "tileset": "spr_warprops", "coord": [ 2.0, 40.0 ] }, "800_128": { "autotile": 1.0, "autotile_index": 0.0, "tileset": "spr_warprops", "coord": [ 4.0, 39.0 ] }, "1952_96": { "autotile": 1.0, "autotile_index": 0.0, "tileset": "spr_warprops", "coord": [ 0.0, 0.0 ] }, "416_0": { "autotile": 1.0, "autotile_index": 0.0, "tileset": "spr_warprops", "coord": [ 2.0, 40.0 ] }, "800_32": { "autotile": 1.0, "autotile_index": 0.0, "tileset": "spr_warprops", "coord": [ 4.0, 39.0 ] }, "736_32": { "autotile": 1.0, "autotile_index": 0.0, "tileset": "spr_warprops", "coord": [ 1.0, 39.0 ] }, "928_224": { "autotile": 1.0, "autotile_index": 0.0, "tileset": "spr_warprops", "coord": [ 3.0, 39.0 ] }, "1216_-32": { "autotile": 1.0, "autotile_index": 0.0, "tileset": "spr_warprops", "coord": [ 0.0, 0.0 ] }, "1344_-32": { "autotile": 1.0, "autotile_index": 0.0, "tileset": "spr_warprops", "coord": [ 0.0, 0.0 ] }, "736_64": { "autotile": 1.0, "autotile_index": 0.0, "tileset": "spr_warprops", "coord": [ 1.0, 39.0 ] }, "0_480": { "autotile": 1.0, "autotile_index": 0.0, "tileset": "spr_warprops", "coord": [ 3.0, 39.0 ] }, "160_416": { "autotile": 1.0, "autotile_index": 0.0, "tileset": "spr_warprops", "coord": [ 4.0, 39.0 ] }, "1920_320": { "autotile": 1.0, "autotile_index": 0.0, "tileset": "spr_warprops", "coord": [ 0.0, 0.0 ] }, "672_512": { "autotile": 1.0, "autotile_index": 0.0, "tileset": "spr_warprops", "coord": [ 3.0, 38.0 ] }, "1920_256": { "autotile": 1.0, "autotile_index": 0.0, "tileset": "spr_warprops", "coord": [ 0.0, 0.0 ] }, "1632_480": { "autotile": 1.0, "autotile_index": 0.0, "tileset": "spr_warprops", "coord": [ 3.0, 37.0 ] }, "320_480": { "autotile": 1.0, "autotile_index": 0.0, "tileset": "spr_warprops", "coord": [ 3.0, 39.0 ] }, "1952_64": { "autotile": 1.0, "autotile_index": 0.0, "tileset": "spr_warprops", "coord": [ 0.0, 0.0 ] }, "320_448": { "autotile": 1.0, "autotile_index": 0.0, "tileset": "spr_warprops", "coord": [ 3.0, 38.0 ] }, "1888_96": { "autotile": 1.0, "autotile_index": 0.0, "tileset": "spr_warprops", "coord": [ 1.0, 38.0 ] }, "480_448": { "autotile": 1.0, "autotile_index": 0.0, "tileset": "spr_warprops", "coord": [ 4.0, 39.0 ] }, "1088_0": { "autotile": 1.0, "autotile_index": 0.0, "tileset": "spr_warprops", "coord": [ 4.0, 40.0 ] }, "1824_512": { "autotile": 1.0, "autotile_index": 0.0, "tileset": "spr_warprops", "coord": [ 3.0, 38.0 ] }, "768_224": { "autotile": 1.0, "autotile_index": 0.0, "tileset": "spr_warprops", "coord": [ 2.0, 39.0 ] }, "1216_512": { "autotile": 1.0, "autotile_index": 0.0, "tileset": "spr_warprops", "coord": [ 3.0, 38.0 ] }, "960_-32": { "autotile": 1.0, "autotile_index": 0.0, "tileset": "spr_warprops", "coord": [ 0.0, 0.0 ] }, "1504_512": { "autotile": 1.0, "autotile_index": 0.0, "tileset": "spr_warprops", "coord": [ 3.0, 38.0 ] }, "896_160": { "autotile": 1.0, "autotile_index": 0.0, "tileset": "spr_warprops", "coord": [ 4.0, 37.0 ] }, "512_384": { "autotile": 1.0, "autotile_index": 0.0, "tileset": "spr_warprops", "coord": [ 5.0, 37.0 ] }, "608_-32": { "autotile": 1.0, "autotile_index": 0.0, "tileset": "spr_warprops", "coord": [ 0.0, 0.0 ] }, "352_448": { "autotile": 1.0, "autotile_index": 0.0, "tileset": "spr_warprops", "coord": [ 3.0, 38.0 ] }, "1536_-32": { "autotile": 1.0, "autotile_index": 0.0, "tileset": "spr_warprops", "coord": [ 0.0, 0.0 ] }, "480_480": { "autotile": 1.0, "autotile_index": 0.0, "tileset": "spr_warprops", "coord": [ 4.0, 39.0 ] }, "288_0": { "autotile": 1.0, "autotile_index": 0.0, "tileset": "spr_warprops", "coord": [ 3.0, 40.0 ] }, "1056_160": { "autotile": 1.0, "autotile_index": 0.0, "tileset": "spr_warprops", "coord": [ 5.0, 37.0 ] }, "416_512": { "autotile": 1.0, "autotile_index": 0.0, "tileset": "spr_warprops", "coord": [ 3.0, 39.0 ] }, "128_416": { "autotile": 1.0, "autotile_index": 0.0, "tileset": "spr_warprops", "coord": [ 3.0, 39.0 ] }, "1056_384": { "autotile": 1.0, "autotile_index": 0.0, "tileset": "spr_warprops", "coord": [ 5.0, 40.0 ] }, "1664_480": { "autotile": 1.0, "autotile_index": 0.0, "tileset": "spr_warprops", "coord": [ 4.0, 37.0 ] }, "960_224": { "autotile": 1.0, "autotile_index": 0.0, "tileset": "spr_warprops", "coord": [ 3.0, 39.0 ] }, "960_512": { "autotile": 1.0, "autotile_index": 0.0, "tileset": "spr_warprops", "coord": [ 3.0, 38.0 ] }, "384_384": { "autotile": 1.0, "autotile_index": 0.0, "tileset": "spr_warprops", "coord": [ 1.0, 37.0 ] }, "992_384": { "autotile": 1.0, "autotile_index": 0.0, "tileset": "spr_warprops", "coord": [ 1.0, 40.0 ] }, "1504_288": { "coord": [ 4.0, 59.0 ], "autotile_index": 0.0, "tileset": "spr_warprops", "autotile": 0.0 }, "1248_-32": { "autotile": 1.0, "autotile_index": 0.0, "tileset": "spr_warprops", "coord": [ 0.0, 0.0 ] }, "992_256": { "autotile": 1.0, "autotile_index": 0.0, "tileset": "spr_warprops", "coord": [ 3.0, 42.0 ] }, "1888_512": { "autotile": 1.0, "autotile_index": 0.0, "tileset": "spr_warprops", "coord": [ 3.0, 38.0 ] }, "320_-32": { "autotile": 1.0, "autotile_index": 0.0, "tileset": "spr_warprops", "coord": [ 0.0, 0.0 ] }, "928_512": { "autotile": 1.0, "autotile_index": 0.0, "tileset": "spr_warprops", "coord": [ 3.0, 38.0 ] }, "1792_0": { "autotile": 1.0, "autotile_index": 0.0, "tileset": "spr_warprops", "coord": [ 2.0, 40.0 ] }, "1536_288": { "coord": [ 5.0, 59.0 ], "autotile_index": 0.0, "tileset": "spr_warprops", "autotile": 0.0 }, "1120_512": { "autotile": 1.0, "autotile_index": 0.0, "tileset": "spr_warprops", "coord": [ 3.0, 38.0 ] }, "480_384": { "autotile": 1.0, "autotile_index": 0.0, "tileset": "spr_warprops", "coord": [ 2.0, 37.0 ] }, "320_0": { "autotile": 1.0, "autotile_index": 0.0, "tileset": "spr_warprops", "coord": [ 2.0, 40.0 ] }, "1568_-32": { "autotile": 1.0, "autotile_index": 0.0, "tileset": "spr_warprops", "coord": [ 0.0, 0.0 ] }, "192_352": { "autotile": 1.0, "autotile_index": 0.0, "tileset": "spr_warprops", "coord": [ 5.0, 37.0 ] }, "160_512": { "autotile": 1.0, "autotile_index": 0.0, "tileset": "spr_warprops", "coord": [ 3.0, 39.0 ] }, "288_480": { "autotile": 1.0, "autotile_index": 0.0, "tileset": "spr_warprops", "coord": [ 3.0, 39.0 ] }, "-32_416": { "autotile": 1.0, "autotile_index": 0.0, "tileset": "spr_warprops", "coord": [ 0.0, 0.0 ] }, "-32_32": { "autotile": 1.0, "autotile_index": 0.0, "tileset": "spr_warprops", "coord": [ 0.0, 0.0 ] }, "832_224": { "autotile": 1.0, "autotile_index": 0.0, "tileset": "spr_warprops", "coord": [ 3.0, 39.0 ] }, "1504_0": { "autotile": 1.0, "autotile_index": 0.0, "tileset": "spr_warprops", "coord": [ 4.0, 40.0 ] }, "672_480": { "autotile": 1.0, "autotile_index": 0.0, "tileset": "spr_warprops", "coord": [ 4.0, 37.0 ] }, "160_-32": { "autotile": 1.0, "autotile_index": 0.0, "tileset": "spr_warprops", "coord": [ 0.0, 0.0 ] }, "416_480": { "autotile": 1.0, "autotile_index": 0.0, "tileset": "spr_warprops", "coord": [ 3.0, 39.0 ] }, "512_448": { "autotile": 1.0, "autotile_index": 0.0, "tileset": "spr_warprops", "coord": [ 5.0, 38.0 ] }, "1504_480": { "autotile": 1.0, "autotile_index": 0.0, "tileset": "spr_warprops", "coord": [ 2.0, 37.0 ] }, "1888_480": { "autotile": 1.0, "autotile_index": 0.0, "tileset": "spr_warprops", "coord": [ 3.0, 45.0 ] }, "768_128": { "autotile": 1.0, "autotile_index": 0.0, "tileset": "spr_warprops", "coord": [ 2.0, 39.0 ] }, "64_512": { "autotile": 1.0, "autotile_index": 0.0, "tileset": "spr_warprops", "coord": [ 3.0, 39.0 ] }, "1056_192": { "autotile": 1.0, "autotile_index": 0.0, "tileset": "spr_warprops", "coord": [ 5.0, 39.0 ] }, "1664_-32": { "autotile": 1.0, "autotile_index": 0.0, "tileset": "spr_warprops", "coord": [ 0.0, 0.0 ] }, "96_512": { "autotile": 1.0, "autotile_index": 0.0, "tileset": "spr_warprops", "coord": [ 3.0, 39.0 ] }, "1248_0": { "autotile": 1.0, "autotile_index": 0.0, "tileset": "spr_warprops", "coord": [ 2.0, 40.0 ] }, "320_416": { "autotile": 1.0, "autotile_index": 0.0, "tileset": "spr_warprops", "coord": [ 2.0, 37.0 ] }, "1440_480": { "autotile": 1.0, "autotile_index": 0.0, "tileset": "spr_warprops", "coord": [ 4.0, 37.0 ] }, "1024_384": { "autotile": 1.0, "autotile_index": 0.0, "tileset": "spr_warprops", "coord": [ 4.0, 40.0 ] }, "128_512": { "autotile": 1.0, "autotile_index": 0.0, "tileset": "spr_warprops", "coord": [ 3.0, 39.0 ] }, "640_-32": { "autotile": 1.0, "autotile_index": 0.0, "tileset": "spr_warprops", "coord": [ 0.0, 0.0 ] }, "1888_448": { "autotile": 1.0, "autotile_index": 0.0, "tileset": "spr_warprops", "coord": [ 1.0, 38.0 ] }, "128_448": { "autotile": 1.0, "autotile_index": 0.0, "tileset": "spr_warprops", "coord": [ 3.0, 39.0 ] }, "992_352": { "autotile": 1.0, "autotile_index": 0.0, "tileset": "spr_warprops", "coord": [ 1.0, 38.0 ] }, "1344_0": { "autotile": 1.0, "autotile_index": 0.0, "tileset": "spr_warprops", "coord": [ 3.0, 40.0 ] }, "1792_480": { "autotile": 1.0, "autotile_index": 0.0, "tileset": "spr_warprops", "coord": [ 4.0, 37.0 ] }, "1952_160": { "autotile": 1.0, "autotile_index": 0.0, "tileset": "spr_warprops", "coord": [ 0.0, 0.0 ] }, "1312_0": { "autotile": 1.0, "autotile_index": 0.0, "tileset": "spr_warprops", "coord": [ 4.0, 40.0 ] }, "1120_480": { "autotile": 1.0, "autotile_index": 0.0, "tileset": "spr_warprops", "coord": [ 3.0, 37.0 ] }, "160_448": { "autotile": 1.0, "autotile_index": 0.0, "tileset": "spr_warprops", "coord": [ 3.0, 38.0 ] }, "0_256": { "autotile": 1.0, "autotile_index": 0.0, "tileset": "spr_warprops", "coord": [ 5.0, 38.0 ] }, "1536_512": { "autotile": 1.0, "autotile_index": 0.0, "tileset": "spr_warprops", "coord": [ 3.0, 38.0 ] }, "1888_32": { "autotile": 1.0, "autotile_index": 0.0, "tileset": "spr_warprops", "coord": [ 1.0, 39.0 ] }, "1056_224": { "autotile": 1.0, "autotile_index": 0.0, "tileset": "spr_warprops", "coord": [ 5.0, 39.0 ] }, "384_0": { "autotile": 1.0, "autotile_index": 0.0, "tileset": "spr_warprops", "coord": [ 4.0, 40.0 ] }, "192_448": { "autotile": 1.0, "autotile_index": 0.0, "tileset": "spr_warprops", "coord": [ 3.0, 38.0 ] }, "480_-32": { "autotile": 1.0, "autotile_index": 0.0, "tileset": "spr_warprops", "coord": [ 0.0, 0.0 ] }, "96_480": { "autotile": 1.0, "autotile_index": 0.0, "tileset": "spr_warprops", "coord": [ 3.0, 39.0 ] }, "160_352": { "autotile": 1.0, "autotile_index": 0.0, "tileset": "spr_warprops", "coord": [ 3.0, 37.0 ] }, "800_0": { "autotile": 1.0, "autotile_index": 0.0, "tileset": "spr_warprops", "coord": [ 4.0, 39.0 ] }, "224_0": { "autotile": 1.0, "autotile_index": 0.0, "tileset": "spr_warprops", "coord": [ 3.0, 40.0 ] }, "-32_192": { "autotile": 1.0, "autotile_index": 0.0, "tileset": "spr_warprops", "coord": [ 0.0, 0.0 ] }, "800_160": { "autotile": 1.0, "autotile_index": 0.0, "tileset": "spr_warprops", "coord": [ 4.0, 39.0 ] }, "32_448": { "autotile": 1.0, "autotile_index": 0.0, "tileset": "spr_warprops", "coord": [ 3.0, 39.0 ] }, "832_32": { "autotile": 1.0, "autotile_index": 0.0, "tileset": "spr_warprops", "coord": [ 5.0, 39.0 ] }, "1952_128": { "autotile": 1.0, "autotile_index": 0.0, "tileset": "spr_warprops", "coord": [ 0.0, 0.0 ] }, "608_0": { "autotile": 1.0, "autotile_index": 0.0, "tileset": "spr_warprops", "coord": [ 2.0, 40.0 ] }, "1888_320": { "autotile": 1.0, "autotile_index": 0.0, "tileset": "spr_warprops", "coord": [ 1.0, 38.0 ] }, "640_512": { "autotile": 1.0, "autotile_index": 0.0, "tileset": "spr_warprops", "coord": [ 3.0, 38.0 ] }, "1184_0": { "autotile": 1.0, "autotile_index": 0.0, "tileset": "spr_warprops", "coord": [ 3.0, 40.0 ] }, "160_480": { "autotile": 1.0, "autotile_index": 0.0, "tileset": "spr_warprops", "coord": [ 3.0, 39.0 ] }, "1632_0": { "autotile": 1.0, "autotile_index": 0.0, "tileset": "spr_warprops", "coord": [ 4.0, 40.0 ] }, "736_192": { "autotile": 1.0, "autotile_index": 0.0, "tileset": "spr_warprops", "coord": [ 1.0, 38.0 ] }, "224_-32": { "autotile": 1.0, "autotile_index": 0.0, "tileset": "spr_warprops", "coord": [ 0.0, 0.0 ] }, "192_512": { "autotile": 1.0, "autotile_index": 0.0, "tileset": "spr_warprops", "coord": [ 3.0, 39.0 ] }, "992_288": { "autotile": 1.0, "autotile_index": 0.0, "tileset": "spr_warprops", "coord": [ 1.0, 38.0 ] }, "1056_352": { "autotile": 1.0, "autotile_index": 0.0, "tileset": "spr_warprops", "coord": [ 5.0, 39.0 ] }, "576_-32": { "autotile": 1.0, "autotile_index": 0.0, "tileset": "spr_warprops", "coord": [ 0.0, 0.0 ] }, "192_0": { "autotile": 1.0, "autotile_index": 0.0, "tileset": "spr_warprops", "coord": [ 2.0, 40.0 ] }, "1920_288": { "autotile": 1.0, "autotile_index": 0.0, "tileset": "spr_warprops", "coord": [ 0.0, 0.0 ] }, "192_416": { "autotile": 1.0, "autotile_index": 0.0, "tileset": "spr_warprops", "coord": [ 0.0, 45.0 ] }, "1888_-32": { "autotile": 1.0, "autotile_index": 0.0, "tileset": "spr_warprops", "coord": [ 0.0, 0.0 ] }, "960_0": { "autotile": 1.0, "autotile_index": 0.0, "tileset": "spr_warprops", "coord": [ 2.0, 40.0 ] }, "64_352": { "autotile": 1.0, "autotile_index": 0.0, "tileset": "spr_warprops", "coord": [ 4.0, 37.0 ] }, "352_512": { "autotile": 1.0, "autotile_index": 0.0, "tileset": "spr_warprops", "coord": [ 3.0, 39.0 ] }, "1952_192": { "autotile": 1.0, "autotile_index": 0.0, "tileset": "spr_warprops", "coord": [ 0.0, 0.0 ] }, "0_512": { "autotile": 1.0, "autotile_index": 0.0, "tileset": "spr_warprops", "coord": [ 3.0, 39.0 ] }, "1760_480": { "autotile": 1.0, "autotile_index": 0.0, "tileset": "spr_warprops", "coord": [ 4.0, 37.0 ] }, "1728_384": { "autotile": 0.0, "autotile_index": 0.0, "tileset": "spr_warprops", "coord": [ 1.0, 57.0 ] }, "800_224": { "autotile": 1.0, "autotile_index": 0.0, "tileset": "spr_warprops", "coord": [ 3.0, 39.0 ] }, "1056_-32": { "autotile": 1.0, "autotile_index": 0.0, "tileset": "spr_warprops", "coord": [ 0.0, 0.0 ] }, "0_288": { "autotile": 1.0, "autotile_index": 0.0, "tileset": "spr_warprops", "coord": [ 5.0, 39.0 ] }, "1056_480": { "autotile": 1.0, "autotile_index": 0.0, "tileset": "spr_warprops", "coord": [ 4.0, 37.0 ] }, "704_480": { "autotile": 1.0, "autotile_index": 0.0, "tileset": "spr_warprops", "coord": [ 2.0, 37.0 ] }, "864_-32": { "autotile": 1.0, "autotile_index": 0.0, "tileset": "spr_warprops", "coord": [ 0.0, 0.0 ] }, "0_160": { "autotile": 1.0, "autotile_index": 0.0, "tileset": "spr_warprops", "coord": [ 5.0, 39.0 ] }, "768_480": { "autotile": 1.0, "autotile_index": 0.0, "tileset": "spr_warprops", "coord": [ 4.0, 37.0 ] }, "1760_512": { "autotile": 1.0, "autotile_index": 0.0, "tileset": "spr_warprops", "coord": [ 3.0, 38.0 ] }, "800_64": { "autotile": 1.0, "autotile_index": 0.0, "tileset": "spr_warprops", "coord": [ 4.0, 39.0 ] }, "-32_288": { "autotile": 1.0, "autotile_index": 0.0, "tileset": "spr_warprops", "coord": [ 0.0, 0.0 ] }, "704_-32": { "autotile": 1.0, "autotile_index": 0.0, "tileset": "spr_warprops", "coord": [ 0.0, 0.0 ] }, "512_480": { "autotile": 1.0, "autotile_index": 0.0, "tileset": "spr_warprops", "coord": [ 0.0, 45.0 ] }, "1536_480": { "autotile": 1.0, "autotile_index": 0.0, "tileset": "spr_warprops", "coord": [ 4.0, 37.0 ] }, "768_512": { "autotile": 1.0, "autotile_index": 0.0, "tileset": "spr_warprops", "coord": [ 3.0, 38.0 ] }, "576_0": { "autotile": 1.0, "autotile_index": 0.0, "tileset": "spr_warprops", "coord": [ 4.0, 40.0 ] }, "1152_480": { "autotile": 1.0, "autotile_index": 0.0, "tileset": "spr_warprops", "coord": [ 2.0, 37.0 ] }, "1920_96": { "autotile": 1.0, "autotile_index": 0.0, "tileset": "spr_warprops", "coord": [ 0.0, 0.0 ] }, "32_384": { "autotile": 1.0, "autotile_index": 0.0, "tileset": "spr_warprops", "coord": [ 3.0, 38.0 ] }, "1344_480": { "autotile": 1.0, "autotile_index": 0.0, "tileset": "spr_warprops", "coord": [ 4.0, 37.0 ] }, "832_64": { "autotile": 1.0, "autotile_index": 0.0, "tileset": "spr_warprops", "coord": [ 5.0, 38.0 ] }, "1888_128": { "autotile": 1.0, "autotile_index": 0.0, "tileset": "spr_warprops", "coord": [ 1.0, 39.0 ] }, "832_0": { "autotile": 1.0, "autotile_index": 0.0, "tileset": "spr_warprops", "coord": [ 0.0, 42.0 ] }, "1920_384": { "autotile": 1.0, "autotile_index": 0.0, "tileset": "spr_warprops", "coord": [ 0.0, 0.0 ] }, "0_64": { "autotile": 1.0, "autotile_index": 0.0, "tileset": "spr_warprops", "coord": [ 5.0, 39.0 ] }, "-32_512": { "autotile": 1.0, "autotile_index": 0.0, "tileset": "spr_warprops", "coord": [ 0.0, 0.0 ] }, "928_256": { "autotile": 1.0, "autotile_index": 0.0, "tileset": "spr_warprops", "coord": [ 2.0, 40.0 ] }, "960_256": { "autotile": 1.0, "autotile_index": 0.0, "tileset": "spr_warprops", "coord": [ 4.0, 40.0 ] }, "864_192": { "autotile": 1.0, "autotile_index": 0.0, "tileset": "spr_warprops", "coord": [ 3.0, 38.0 ] }, "736_-32": { "autotile": 1.0, "autotile_index": 0.0, "tileset": "spr_warprops", "coord": [ 0.0, 0.0 ] }, "448_448": { "autotile": 1.0, "autotile_index": 0.0, "tileset": "spr_warprops", "coord": [ 3.0, 39.0 ] }, "192_480": { "autotile": 1.0, "autotile_index": 0.0, "tileset": "spr_warprops", "coord": [ 3.0, 39.0 ] }, "1184_-32": { "autotile": 1.0, "autotile_index": 0.0, "tileset": "spr_warprops", "coord": [ 0.0, 0.0 ] }, "864_160": { "autotile": 1.0, "autotile_index": 0.0, "tileset": "spr_warprops", "coord": [ 4.0, 37.0 ] }, "1056_512": { "autotile": 1.0, "autotile_index": 0.0, "tileset": "spr_warprops", "coord": [ 3.0, 38.0 ] }, "1024_0": { "autotile": 1.0, "autotile_index": 0.0, "tileset": "spr_warprops", "coord": [ 3.0, 40.0 ] }, "352_0": { "autotile": 1.0, "autotile_index": 0.0, "tileset": "spr_warprops", "coord": [ 3.0, 40.0 ] }, "416_384": { "autotile": 1.0, "autotile_index": 0.0, "tileset": "spr_warprops", "coord": [ 2.0, 37.0 ] }, "832_480": { "autotile": 1.0, "autotile_index": 0.0, "tileset": "spr_warprops", "coord": [ 3.0, 37.0 ] }, "1088_-32": { "autotile": 1.0, "autotile_index": 0.0, "tileset": "spr_warprops", "coord": [ 0.0, 0.0 ] }, "192_384": { "autotile": 1.0, "autotile_index": 0.0, "tileset": "spr_warprops", "coord": [ 5.0, 38.0 ] }, "32_480": { "autotile": 1.0, "autotile_index": 0.0, "tileset": "spr_warprops", "coord": [ 3.0, 39.0 ] }, "1280_480": { "autotile": 1.0, "autotile_index": 0.0, "tileset": "spr_warprops", "coord": [ 2.0, 37.0 ] }, "1632_-32": { "autotile": 1.0, "autotile_index": 0.0, "tileset": "spr_warprops", "coord": [ 0.0, 0.0 ] }, "640_0": { "autotile": 1.0, "autotile_index": 0.0, "tileset": "spr_warprops", "coord": [ 3.0, 40.0 ] }, "1760_-32": { "autotile": 1.0, "autotile_index": 0.0, "tileset": "spr_warprops", "coord": [ 0.0, 0.0 ] }, "1920_160": { "autotile": 1.0, "autotile_index": 0.0, "tileset": "spr_warprops", "coord": [ 0.0, 0.0 ] }, "-32_224": { "autotile": 1.0, "autotile_index": 0.0, "tileset": "spr_warprops", "coord": [ 0.0, 0.0 ] }, "768_96": { "autotile": 1.0, "autotile_index": 0.0, "tileset": "spr_warprops", "coord": [ 2.0, 39.0 ] }, "768_32": { "autotile": 1.0, "autotile_index": 0.0, "tileset": "spr_warprops", "coord": [ 2.0, 39.0 ] }, "448_0": { "autotile": 1.0, "autotile_index": 0.0, "tileset": "spr_warprops", "coord": [ 4.0, 40.0 ] }, "512_416": { "autotile": 1.0, "autotile_index": 0.0, "tileset": "spr_warprops", "coord": [ 5.0, 38.0 ] }, "224_480": { "autotile": 1.0, "autotile_index": 0.0, "tileset": "spr_warprops", "coord": [ 3.0, 39.0 ] }, "992_224": { "autotile": 1.0, "autotile_index": 0.0, "tileset": "spr_warprops", "coord": [ 3.0, 39.0 ] }, "1216_0": { "autotile": 1.0, "autotile_index": 0.0, "tileset": "spr_warprops", "coord": [ 2.0, 40.0 ] }, "608_480": { "autotile": 1.0, "autotile_index": 0.0, "tileset": "spr_warprops", "coord": [ 2.0, 37.0 ] }, "1888_416": { "autotile": 1.0, "autotile_index": 0.0, "tileset": "spr_warprops", "coord": [ 1.0, 39.0 ] }, "1888_384": { "autotile": 1.0, "autotile_index": 0.0, "tileset": "spr_warprops", "coord": [ 1.0, 39.0 ] }, "864_0": { "autotile": 1.0, "autotile_index": 0.0, "tileset": "spr_warprops", "coord": [ 3.0, 40.0 ] }, "1792_512": { "autotile": 1.0, "autotile_index": 0.0, "tileset": "spr_warprops", "coord": [ 3.0, 38.0 ] }, "1600_512": { "autotile": 1.0, "autotile_index": 0.0, "tileset": "spr_warprops", "coord": [ 3.0, 38.0 ] }, "928_480": { "autotile": 1.0, "autotile_index": 0.0, "tileset": "spr_warprops", "coord": [ 3.0, 37.0 ] }, "992_160": { "autotile": 1.0, "autotile_index": 0.0, "tileset": "spr_warprops", "coord": [ 2.0, 37.0 ] }, "992_0": { "autotile": 1.0, "autotile_index": 0.0, "tileset": "spr_warprops", "coord": [ 3.0, 40.0 ] }, "64_384": { "autotile": 1.0, "autotile_index": 0.0, "tileset": "spr_warprops", "coord": [ 3.0, 38.0 ] }, "1152_0": { "autotile": 1.0, "autotile_index": 0.0, "tileset": "spr_warprops", "coord": [ 2.0, 40.0 ] }, "1824_480": { "autotile": 1.0, "autotile_index": 0.0, "tileset": "spr_warprops", "coord": [ 4.0, 37.0 ] }, "1024_512": { "autotile": 1.0, "autotile_index": 0.0, "tileset": "spr_warprops", "coord": [ 3.0, 38.0 ] }, "1376_288": { "coord": [ 0.0, 57.0 ], "autotile_index": 0.0, "tileset": "spr_warprops", "autotile": 0.0 }, "896_192": { "autotile": 1.0, "autotile_index": 0.0, "tileset": "spr_warprops", "coord": [ 3.0, 38.0 ] }, "1920_416": { "autotile": 1.0, "autotile_index": 0.0, "tileset": "spr_warprops", "coord": [ 0.0, 0.0 ] }, "544_480": { "autotile": 1.0, "autotile_index": 0.0, "tileset": "spr_warprops", "coord": [ 4.0, 37.0 ] }, "256_512": { "autotile": 1.0, "autotile_index": 0.0, "tileset": "spr_warprops", "coord": [ 3.0, 39.0 ] }, "160_384": { "autotile": 1.0, "autotile_index": 0.0, "tileset": "spr_warprops", "coord": [ 4.0, 38.0 ] }, "544_512": { "autotile": 1.0, "autotile_index": 0.0, "tileset": "spr_warprops", "coord": [ 3.0, 38.0 ] }, "1120_-32": { "autotile": 1.0, "autotile_index": 0.0, "tileset": "spr_warprops", "coord": [ 0.0, 0.0 ] }, "64_448": { "autotile": 1.0, "autotile_index": 0.0, "tileset": "spr_warprops", "coord": [ 3.0, 39.0 ] }, "64_-32": { "autotile": 1.0, "autotile_index": 0.0, "tileset": "spr_warprops", "coord": [ 0.0, 0.0 ] }, "832_256": { "autotile": 1.0, "autotile_index": 0.0, "tileset": "spr_warprops", "coord": [ 4.0, 40.0 ] }, "-32_96": { "autotile": 1.0, "autotile_index": 0.0, "tileset": "spr_warprops", "coord": [ 0.0, 0.0 ] }, "1888_256": { "autotile": 1.0, "autotile_index": 0.0, "tileset": "spr_warprops", "coord": [ 1.0, 38.0 ] }, "928_0": { "autotile": 1.0, "autotile_index": 0.0, "tileset": "spr_warprops", "coord": [ 3.0, 40.0 ] }, "1888_224": { "autotile": 1.0, "autotile_index": 0.0, "tileset": "spr_warprops", "coord": [ 1.0, 39.0 ] }, "1312_512": { "autotile": 1.0, "autotile_index": 0.0, "tileset": "spr_warprops", "coord": [ 3.0, 38.0 ] }, "288_512": { "autotile": 1.0, "autotile_index": 0.0, "tileset": "spr_warprops", "coord": [ 3.0, 39.0 ] }, "736_0": { "autotile": 1.0, "autotile_index": 0.0, "tileset": "spr_warprops", "coord": [ 3.0, 42.0 ] }, "384_448": { "autotile": 1.0, "autotile_index": 0.0, "tileset": "spr_warprops", "coord": [ 3.0, 38.0 ] }, "768_192": { "autotile": 1.0, "autotile_index": 0.0, "tileset": "spr_warprops", "coord": [ 2.0, 39.0 ] }, "1600_480": { "autotile": 1.0, "autotile_index": 0.0, "tileset": "spr_warprops", "coord": [ 2.0, 37.0 ] }, "1568_480": { "autotile": 1.0, "autotile_index": 0.0, "tileset": "spr_warprops", "coord": [ 4.0, 37.0 ] }, "832_-32": { "autotile": 1.0, "autotile_index": 0.0, "tileset": "spr_warprops", "coord": [ 0.0, 0.0 ] }, "864_256": { "autotile": 1.0, "autotile_index": 0.0, "tileset": "spr_warprops", "coord": [ 3.0, 40.0 ] }, "256_416": { "autotile": 1.0, "autotile_index": 0.0, "tileset": "spr_warprops", "coord": [ 4.0, 37.0 ] }, "256_-32": { "autotile": 1.0, "autotile_index": 0.0, "tileset": "spr_warprops", "coord": [ 0.0, 0.0 ] }, "1280_-32": { "autotile": 1.0, "autotile_index": 0.0, "tileset": "spr_warprops", "coord": [ 0.0, 0.0 ] }, "448_384": { "autotile": 1.0, "autotile_index": 0.0, "tileset": "spr_warprops", "coord": [ 3.0, 37.0 ] }, "128_352": { "autotile": 1.0, "autotile_index": 0.0, "tileset": "spr_warprops", "coord": [ 2.0, 37.0 ] }, "1312_-32": { "autotile": 1.0, "autotile_index": 0.0, "tileset": "spr_warprops", "coord": [ 0.0, 0.0 ] }, "1728_480": { "autotile": 1.0, "autotile_index": 0.0, "tileset": "spr_warprops", "coord": [ 3.0, 37.0 ] }, "1824_0": { "autotile": 1.0, "autotile_index": 0.0, "tileset": "spr_warprops", "coord": [ 3.0, 40.0 ] }, "160_0": { "autotile": 1.0, "autotile_index": 0.0, "tileset": "spr_warprops", "coord": [ 2.0, 40.0 ] }, "992_480": { "autotile": 1.0, "autotile_index": 0.0, "tileset": "spr_warprops", "coord": [ 3.0, 37.0 ] }, "1600_-32": { "autotile": 1.0, "autotile_index": 0.0, "tileset": "spr_warprops", "coord": [ 0.0, 0.0 ] }, "1504_-32": { "autotile": 1.0, "autotile_index": 0.0, "tileset": "spr_warprops", "coord": [ 0.0, 0.0 ] }, "1920_352": { "autotile": 1.0, "autotile_index": 0.0, "tileset": "spr_warprops", "coord": [ 0.0, 0.0 ] }, "416_416": { "autotile": 1.0, "autotile_index": 0.0, "tileset": "spr_warprops", "coord": [ 2.0, 38.0 ] }, "1696_0": { "autotile": 1.0, "autotile_index": 0.0, "tileset": "spr_warprops", "coord": [ 3.0, 40.0 ] }, "32_512": { "autotile": 1.0, "autotile_index": 0.0, "tileset": "spr_warprops", "coord": [ 3.0, 39.0 ] }, "32_-32": { "autotile": 1.0, "autotile_index": 0.0, "tileset": "spr_warprops", "coord": [ 0.0, 0.0 ] }, "1024_352": { "autotile": 1.0, "autotile_index": 0.0, "tileset": "spr_warprops", "coord": [ 3.0, 38.0 ] }, "-32_64": { "autotile": 1.0, "autotile_index": 0.0, "tileset": "spr_warprops", "coord": [ 0.0, 0.0 ] }, "928_-32": { "autotile": 1.0, "autotile_index": 0.0, "tileset": "spr_warprops", "coord": [ 0.0, 0.0 ] }, "1408_0": { "autotile": 1.0, "autotile_index": 0.0, "tileset": "spr_warprops", "coord": [ 2.0, 40.0 ] }, "1024_320": { "autotile": 1.0, "autotile_index": 0.0, "tileset": "spr_warprops", "coord": [ 3.0, 38.0 ] }, "1024_192": { "autotile": 1.0, "autotile_index": 0.0, "tileset": "spr_warprops", "coord": [ 4.0, 38.0 ] }, "1696_480": { "autotile": 1.0, "autotile_index": 0.0, "tileset": "spr_warprops", "coord": [ 4.0, 37.0 ] }, "800_96": { "autotile": 1.0, "autotile_index": 0.0, "tileset": "spr_warprops", "coord": [ 4.0, 39.0 ] }, "1888_352": { "autotile": 1.0, "autotile_index": 0.0, "tileset": "spr_warprops", "coord": [ 1.0, 39.0 ] }, "1472_512": { "autotile": 1.0, "autotile_index": 0.0, "tileset": "spr_warprops", "coord": [ 3.0, 38.0 ] }, "896_256": { "autotile": 1.0, "autotile_index": 0.0, "tileset": "spr_warprops", "coord": [ 3.0, 40.0 ] }, "1696_512": { "autotile": 1.0, "autotile_index": 0.0, "tileset": "spr_warprops", "coord": [ 3.0, 38.0 ] }, "352_480": { "autotile": 1.0, "autotile_index": 0.0, "tileset": "spr_warprops", "coord": [ 3.0, 39.0 ] }, "1760_0": { "autotile": 1.0, "autotile_index": 0.0, "tileset": "spr_warprops", "coord": [ 4.0, 40.0 ] }, "544_0": { "autotile": 1.0, "autotile_index": 0.0, "tileset": "spr_warprops", "coord": [ 2.0, 40.0 ] }, "384_416": { "autotile": 1.0, "autotile_index": 0.0, "tileset": "spr_warprops", "coord": [ 3.0, 45.0 ] }, "-32_480": { "autotile": 1.0, "autotile_index": 0.0, "tileset": "spr_warprops", "coord": [ 0.0, 0.0 ] }, "1440_512": { "autotile": 1.0, "autotile_index": 0.0, "tileset": "spr_warprops", "coord": [ 3.0, 38.0 ] }, "992_-32": { "autotile": 1.0, "autotile_index": 0.0, "tileset": "spr_warprops", "coord": [ 0.0, 0.0 ] }, "32_0": { "autotile": 1.0, "autotile_index": 0.0, "tileset": "spr_warprops", "coord": [ 3.0, 40.0 ] }, "1376_512": { "autotile": 1.0, "autotile_index": 0.0, "tileset": "spr_warprops", "coord": [ 3.0, 38.0 ] }, "96_352": { "autotile": 1.0, "autotile_index": 0.0, "tileset": "spr_warprops", "coord": [ 2.0, 37.0 ] }, "1024_-32": { "autotile": 1.0, "autotile_index": 0.0, "tileset": "spr_warprops", "coord": [ 0.0, 0.0 ] }, "1184_480": { "autotile": 1.0, "autotile_index": 0.0, "tileset": "spr_warprops", "coord": [ 4.0, 37.0 ] }, "0_-32": { "autotile": 1.0, "autotile_index": 0.0, "tileset": "spr_warprops", "coord": [ 0.0, 0.0 ] }, "1600_0": { "autotile": 1.0, "autotile_index": 0.0, "tileset": "spr_warprops", "coord": [ 4.0, 40.0 ] }, "1248_512": { "autotile": 1.0, "autotile_index": 0.0, "tileset": "spr_warprops", "coord": [ 3.0, 38.0 ] }, "1664_0": { "autotile": 1.0, "autotile_index": 0.0, "tileset": "spr_warprops", "coord": [ 3.0, 40.0 ] }, "1632_512": { "autotile": 1.0, "autotile_index": 0.0, "tileset": "spr_warprops", "coord": [ 3.0, 38.0 ] }, "992_192": { "autotile": 1.0, "autotile_index": 0.0, "tileset": "spr_warprops", "coord": [ 3.0, 38.0 ] }, "0_448": { "autotile": 1.0, "autotile_index": 0.0, "tileset": "spr_warprops", "coord": [ 3.0, 39.0 ] }, "-32_320": { "autotile": 1.0, "autotile_index": 0.0, "tileset": "spr_warprops", "coord": [ 0.0, 0.0 ] }, "1856_0": { "autotile": 1.0, "autotile_index": 0.0, "tileset": "spr_warprops", "coord": [ 4.0, 40.0 ] }, "96_384": { "autotile": 1.0, "autotile_index": 0.0, "tileset": "spr_warprops", "coord": [ 3.0, 38.0 ] }, "1664_512": { "autotile": 1.0, "autotile_index": 0.0, "tileset": "spr_warprops", "coord": [ 3.0, 38.0 ] }, "832_96": { "autotile": 1.0, "autotile_index": 0.0, "tileset": "spr_warprops", "coord": [ 5.0, 38.0 ] }, "1568_0": { "autotile": 1.0, "autotile_index": 0.0, "tileset": "spr_warprops", "coord": [ 3.0, 40.0 ] }, "512_512": { "autotile": 1.0, "autotile_index": 0.0, "tileset": "spr_warprops", "coord": [ 3.0, 38.0 ] }, "800_256": { "autotile": 1.0, "autotile_index": 0.0, "tileset": "spr_warprops", "coord": [ 2.0, 40.0 ] }, "1920_-32": { "autotile": 1.0, "autotile_index": 0.0, "tileset": "spr_warprops", "coord": [ 0.0, 0.0 ] }, "768_0": { "autotile": 1.0, "autotile_index": 0.0, "tileset": "spr_warprops", "coord": [ 2.0, 39.0 ] }, "1728_512": { "autotile": 1.0, "autotile_index": 0.0, "tileset": "spr_warprops", "coord": [ 3.0, 38.0 ] }, "128_480": { "autotile": 1.0, "autotile_index": 0.0, "tileset": "spr_warprops", "coord": [ 3.0, 39.0 ] }, "1408_288": { "coord": [ 1.0, 59.0 ], "autotile_index": 0.0, "tileset": "spr_warprops", "autotile": 0.0 }, "608_512": { "autotile": 1.0, "autotile_index": 0.0, "tileset": "spr_warprops", "coord": [ 3.0, 38.0 ] }, "864_224": { "autotile": 1.0, "autotile_index": 0.0, "tileset": "spr_warprops", "coord": [ 3.0, 39.0 ] }, "992_512": { "autotile": 1.0, "autotile_index": 0.0, "tileset": "spr_warprops", "coord": [ 3.0, 38.0 ] }, "1696_384": { "autotile": 0.0, "autotile_index": 0.0, "tileset": "spr_warprops", "coord": [ 0.0, 57.0 ] }, "1888_192": { "autotile": 1.0, "autotile_index": 0.0, "tileset": "spr_warprops", "coord": [ 1.0, 39.0 ] }, "0_128": { "autotile": 1.0, "autotile_index": 0.0, "tileset": "spr_warprops", "coord": [ 5.0, 38.0 ] }, "1024_480": { "autotile": 1.0, "autotile_index": 0.0, "tileset": "spr_warprops", "coord": [ 2.0, 37.0 ] }, "1824_-32": { "autotile": 1.0, "autotile_index": 0.0, "tileset": "spr_warprops", "coord": [ 0.0, 0.0 ] }, "288_416": { "autotile": 1.0, "autotile_index": 0.0, "tileset": "spr_warprops", "coord": [ 4.0, 37.0 ] }, "352_416": { "autotile": 1.0, "autotile_index": 0.0, "tileset": "spr_warprops", "coord": [ 4.0, 37.0 ] }, "0_96": { "autotile": 1.0, "autotile_index": 0.0, "tileset": "spr_warprops", "coord": [ 5.0, 38.0 ] }, "1376_-32": { "autotile": 1.0, "autotile_index": 0.0, "tileset": "spr_warprops", "coord": [ 0.0, 0.0 ] }, "768_64": { "autotile": 1.0, "autotile_index": 0.0, "tileset": "spr_warprops", "coord": [ 2.0, 39.0 ] }, "1376_0": { "autotile": 1.0, "autotile_index": 0.0, "tileset": "spr_warprops", "coord": [ 3.0, 40.0 ] }, "832_192": { "autotile": 1.0, "autotile_index": 0.0, "tileset": "spr_warprops", "coord": [ 3.0, 38.0 ] }, "128_0": { "autotile": 1.0, "autotile_index": 0.0, "tileset": "spr_warprops", "coord": [ 2.0, 40.0 ] }, "0_192": { "autotile": 1.0, "autotile_index": 0.0, "tileset": "spr_warprops", "coord": [ 5.0, 39.0 ] }, "192_-32": { "autotile": 1.0, "autotile_index": 0.0, "tileset": "spr_warprops", "coord": [ 0.0, 0.0 ] }, "1408_-32": { "autotile": 1.0, "autotile_index": 0.0, "tileset": "spr_warprops", "coord": [ 0.0, 0.0 ] }, "1856_-32": { "autotile": 1.0, "autotile_index": 0.0, "tileset": "spr_warprops", "coord": [ 0.0, 0.0 ] }, "0_416": { "autotile": 1.0, "autotile_index": 0.0, "tileset": "spr_warprops", "coord": [ 3.0, 39.0 ] }, "1920_128": { "autotile": 1.0, "autotile_index": 0.0, "tileset": "spr_warprops", "coord": [ 0.0, 0.0 ] }, "64_0": { "autotile": 1.0, "autotile_index": 0.0, "tileset": "spr_warprops", "coord": [ 4.0, 40.0 ] }, "256_0": { "autotile": 1.0, "autotile_index": 0.0, "tileset": "spr_warprops", "coord": [ 4.0, 40.0 ] }, "-32_384": { "autotile": 1.0, "autotile_index": 0.0, "tileset": "spr_warprops", "coord": [ 0.0, 0.0 ] }, "672_0": { "autotile": 1.0, "autotile_index": 0.0, "tileset": "spr_warprops", "coord": [ 2.0, 40.0 ] }, "736_160": { "autotile": 1.0, "autotile_index": 0.0, "tileset": "spr_warprops", "coord": [ 1.0, 38.0 ] }, "800_480": { "autotile": 1.0, "autotile_index": 0.0, "tileset": "spr_warprops", "coord": [ 3.0, 37.0 ] }, "928_192": { "autotile": 1.0, "autotile_index": 0.0, "tileset": "spr_warprops", "coord": [ 3.0, 38.0 ] }, "1792_384": { "autotile": 0.0, "autotile_index": 0.0, "tileset": "spr_warprops", "coord": [ 2.0, 57.0 ] }, "384_512": { "autotile": 1.0, "autotile_index": 0.0, "tileset": "spr_warprops", "coord": [ 3.0, 39.0 ] }, "1312_480": { "autotile": 1.0, "autotile_index": 0.0, "tileset": "spr_warprops", "coord": [ 2.0, 37.0 ] }, "1472_480": { "autotile": 1.0, "autotile_index": 0.0, "tileset": "spr_warprops", "coord": [ 2.0, 37.0 ] }, "1184_512": { "autotile": 1.0, "autotile_index": 0.0, "tileset": "spr_warprops", "coord": [ 3.0, 38.0 ] }, "1728_-32": { "autotile": 1.0, "autotile_index": 0.0, "tileset": "spr_warprops", "coord": [ 0.0, 0.0 ] }, "64_416": { "autotile": 1.0, "autotile_index": 0.0, "tileset": "spr_warprops", "coord": [ 3.0, 39.0 ] }, "1344_512": { "autotile": 1.0, "autotile_index": 0.0, "tileset": "spr_warprops", "coord": [ 3.0, 38.0 ] }, "-32_448": { "autotile": 1.0, "autotile_index": 0.0, "tileset": "spr_warprops", "coord": [ 0.0, 0.0 ] }, "1472_-32": { "autotile": 1.0, "autotile_index": 0.0, "tileset": "spr_warprops", "coord": [ 0.0, 0.0 ] }, "736_96": { "autotile": 1.0, "autotile_index": 0.0, "tileset": "spr_warprops", "coord": [ 1.0, 39.0 ] }, "480_0": { "autotile": 1.0, "autotile_index": 0.0, "tileset": "spr_warprops", "coord": [ 2.0, 40.0 ] }, "1440_288": { "coord": [ 2.0, 59.0 ], "autotile_index": 0.0, "tileset": "spr_warprops", "autotile": 0.0 }, "800_192": { "autotile": 1.0, "autotile_index": 0.0, "tileset": "spr_warprops", "coord": [ 3.0, 38.0 ] }, "448_-32": { "autotile": 1.0, "autotile_index": 0.0, "tileset": "spr_warprops", "coord": [ 0.0, 0.0 ] }, "1472_288": { "coord": [ 3.0, 59.0 ], "autotile_index": 0.0, "tileset": "spr_warprops", "autotile": 0.0 }, "896_-32": { "autotile": 1.0, "autotile_index": 0.0, "tileset": "spr_warprops", "coord": [ 0.0, 0.0 ] }, "1280_0": { "autotile": 1.0, "autotile_index": 0.0, "tileset": "spr_warprops", "coord": [ 2.0, 40.0 ] }, "736_224": { "autotile": 1.0, "autotile_index": 0.0, "tileset": "spr_warprops", "coord": [ 1.0, 39.0 ] }, "1920_448": { "autotile": 1.0, "autotile_index": 0.0, "tileset": "spr_warprops", "coord": [ 0.0, 0.0 ] }, "224_448": { "autotile": 1.0, "autotile_index": 0.0, "tileset": "spr_warprops", "coord": [ 3.0, 38.0 ] }, "960_160": { "autotile": 1.0, "autotile_index": 0.0, "tileset": "spr_warprops", "coord": [ 2.0, 37.0 ] }, "1920_224": { "autotile": 1.0, "autotile_index": 0.0, "tileset": "spr_warprops", "coord": [ 0.0, 0.0 ] }, "1376_480": { "autotile": 1.0, "autotile_index": 0.0, "tileset": "spr_warprops", "coord": [ 4.0, 37.0 ] }, "1792_-32": { "autotile": 1.0, "autotile_index": 0.0, "tileset": "spr_warprops", "coord": [ 0.0, 0.0 ] }, "1024_256": { "autotile": 1.0, "autotile_index": 0.0, "tileset": "spr_warprops", "coord": [ 3.0, 38.0 ] }, "416_448": { "autotile": 1.0, "autotile_index": 0.0, "tileset": "spr_warprops", "coord": [ 3.0, 38.0 ] }, "288_448": { "autotile": 1.0, "autotile_index": 0.0, "tileset": "spr_warprops", "coord": [ 3.0, 38.0 ] }, "256_448": { "autotile": 1.0, "autotile_index": 0.0, "tileset": "spr_warprops", "coord": [ 3.0, 38.0 ] }, "480_416": { "autotile": 1.0, "autotile_index": 0.0, "tileset": "spr_warprops", "coord": [ 4.0, 38.0 ] }, "1440_-32": { "autotile": 1.0, "autotile_index": 0.0, "tileset": "spr_warprops", "coord": [ 0.0, 0.0 ] }, "1408_480": { "autotile": 1.0, "autotile_index": 0.0, "tileset": "spr_warprops", "coord": [ 4.0, 37.0 ] }, "768_256": { "autotile": 1.0, "autotile_index": 0.0, "tileset": "spr_warprops", "coord": [ 3.0, 40.0 ] }, "1152_-32": { "autotile": 1.0, "autotile_index": 0.0, "tileset": "spr_warprops", "coord": [ 0.0, 0.0 ] }, "1856_480": { "autotile": 1.0, "autotile_index": 0.0, "tileset": "spr_warprops", "coord": [ 2.0, 37.0 ] }, "1728_0": { "autotile": 1.0, "autotile_index": 0.0, "tileset": "spr_warprops", "coord": [ 2.0, 40.0 ] }, "928_160": { "autotile": 1.0, "autotile_index": 0.0, "tileset": "spr_warprops", "coord": [ 3.0, 37.0 ] }, "-32_160": { "autotile": 1.0, "autotile_index": 0.0, "tileset": "spr_warprops", "coord": [ 0.0, 0.0 ] }, "448_512": { "autotile": 1.0, "autotile_index": 0.0, "tileset": "spr_warprops", "coord": [ 3.0, 39.0 ] }, "832_512": { "autotile": 1.0, "autotile_index": 0.0, "tileset": "spr_warprops", "coord": [ 3.0, 38.0 ] }, "1056_256": { "autotile": 1.0, "autotile_index": 0.0, "tileset": "spr_warprops", "coord": [ 5.0, 38.0 ] }, "1920_192": { "autotile": 1.0, "autotile_index": 0.0, "tileset": "spr_warprops", "coord": [ 0.0, 0.0 ] }, "704_512": { "autotile": 1.0, "autotile_index": 0.0, "tileset": "spr_warprops", "coord": [ 3.0, 38.0 ] }, "1056_320": { "autotile": 1.0, "autotile_index": 0.0, "tileset": "spr_warprops", "coord": [ 5.0, 39.0 ] }, "768_160": { "autotile": 1.0, "autotile_index": 0.0, "tileset": "spr_warprops", "coord": [ 2.0, 39.0 ] }, "32_416": { "autotile": 1.0, "autotile_index": 0.0, "tileset": "spr_warprops", "coord": [ 3.0, 39.0 ] }, "1888_160": { "autotile": 1.0, "autotile_index": 0.0, "tileset": "spr_warprops", "coord": [ 1.0, 38.0 ] }, "1056_0": { "autotile": 1.0, "autotile_index": 0.0, "tileset": "spr_warprops", "coord": [ 4.0, 40.0 ] }, "1216_480": { "autotile": 1.0, "autotile_index": 0.0, "tileset": "spr_warprops", "coord": [ 2.0, 37.0 ] }, "1056_288": { "autotile": 1.0, "autotile_index": 0.0, "tileset": "spr_warprops", "coord": [ 5.0, 39.0 ] }, "96_-32": { "autotile": 1.0, "autotile_index": 0.0, "tileset": "spr_warprops", "coord": [ 0.0, 0.0 ] } } }, "backgrounds": { "5": { "x": -1.0, "scroll_x": 0.75, "tile_y": 1.0, "hspeed": 0.0, "scroll_y": 0.75, "y": -237.0, "sprite": "bg_war2", "tile_x": 1.0, "vspeed": 0.0, "image_speed": 15.0, "panic_sprite": -1.0 } }, "properties": { "songTransitionTime": 100.0, "roomX": 0.0, "levelWidth": 1920.0, "roomY": 0.0, "levelHeight": 540.0, "song": "" } }