{ "editorVersion": 5.0, "instances": [ { "layer": 0.0, "deleted": 0.0, "variables": { "x": 960.0, "y": 352.0, "targetRoom": "room1", "image_xscale": 1.0, "image_yscale": 2.0, "flipX": 1.0, "flipY": 0.0, "targetDoor": "A" }, "object": 801.0 }, { "layer": 0.0, "deleted": 0.0, "variables": { "x": 896.0, "flipX": 1.0, "y": 448.0, "flipY": 0.0 }, "object": 804.0 }, { "layer": 0.0, "deleted": 0.0, "variables": { "x": 448.0, "y": 160.0, "image_xscale": 4.0, "image_yscale": 1.0, "flipX": 1.0, "flipY": 0.0 }, "object": 722.0 }, { "layer": 0.0, "deleted": 0.0, "variables": { "x": 32.0, "y": 480.0, "image_xscale": 29.0, "image_yscale": 2.0, "flipX": 1.0, "flipY": 0.0 }, "object": 517.0 }, { "layer": 0.0, "deleted": 0.0, "variables": { "x": 320.0, "y": 288.0, "image_xscale": 12.0, "image_yscale": 6.0, "flipX": 1.0, "flipY": 0.0 }, "object": 516.0 }, { "layer": 0.0, "deleted": 0.0, "variables": { "x": 96.0, "y": 288.0, "image_xscale": 4.0, "image_yscale": 2.0, "flipX": 0.0, "flipY": 0.0 }, "object": 517.0 }, { "layer": 0.0, "deleted": 0.0, "variables": { "x": -256.0, "y": 352.0, "image_xscale": 9.0, "image_yscale": 6.0, "flipX": 1.0, "flipY": 0.0 }, "object": 517.0 }, { "layer": 0.0, "deleted": 0.0, "variables": { "x": -256.0, "y": -512.0, "image_xscale": 38.0, "image_yscale": 2.0, "flipX": 1.0, "flipY": 0.0 }, "object": 517.0 }, { "layer": 0.0, "deleted": 0.0, "variables": { "x": 896.0, "y": -448.0, "image_xscale": 2.0, "image_yscale": 25.0, "flipX": 1.0, "flipY": 0.0 }, "object": 517.0 }, { "layer": 0.0, "deleted": 0.0, "variables": { "x": 256.0, "y": 241.0, "image_xscale": 1.0, "image_yscale": 1.0, "escape": "true", "flipX": 0.0, "flipY": 0.0 }, "object": 681.0 }, { "layer": 0.0, "deleted": 0.0, "variables": { "x": 96.0, "y": -128.0, "image_xscale": 4.0, "image_yscale": 7.0, "flipX": 0.0, "flipY": 0.0 }, "object": 517.0 }, { "layer": 0.0, "deleted": 0.0, "variables": { "x": 384.0, "flipX": 0.0, "y": 288.0, "flipY": 0.0 }, "object": 11.0 }, { "layer": 0.0, "deleted": 0.0, "variables": { "x": 448.0, "flipX": 0.0, "y": 320.0, "flipY": 0.0 }, "object": 11.0 }, { "layer": 0.0, "deleted": 0.0, "variables": { "x": 512.0, "flipX": 0.0, "y": 352.0, "flipY": 0.0 }, "object": 11.0 }, { "layer": 0.0, "deleted": 0.0, "variables": { "x": 576.0, "flipX": 0.0, "y": 384.0, "flipY": 0.0 }, "object": 11.0 }, { "layer": 0.0, "deleted": 0.0, "variables": { "x": 640.0, "flipX": 0.0, "y": 416.0, "flipY": 0.0 }, "object": 11.0 }, { "layer": 0.0, "deleted": 0.0, "variables": { "x": 704.0, "flipX": 0.0, "y": 448.0, "flipY": 0.0 }, "object": 11.0 }, { "layer": 0.0, "deleted": 0.0, "variables": { "x": 320.0, "flipX": 0.0, "y": 256.0, "flipY": 0.0 }, "object": 11.0 }, { "layer": 0.0, "deleted": 0.0, "variables": { "x": 224.0, "y": 288.0, "image_xscale": 3.0, "image_yscale": 6.0, "flipX": 0.0, "flipY": 0.0 }, "object": 517.0 }, { "layer": 0.0, "deleted": 0.0, "variables": { "x": 32.0, "flipX": 0.0, "y": 288.0, "flipY": 0.0 }, "object": 733.0 }, { "layer": 0.0, "deleted": 0.0, "variables": { "x": 32.0, "flipX": 0.0, "y": 352.0, "flipY": 0.0 }, "object": 752.0 }, { "layer": 0.0, "deleted": 0.0, "variables": { "x": 64.0, "flipX": 0.0, "y": 352.0, "flipY": 0.0 }, "object": 752.0 }, { "layer": 0.0, "deleted": 0.0, "variables": { "x": 96.0, "flipX": 0.0, "y": 352.0, "flipY": 0.0 }, "object": 752.0 }, { "layer": 0.0, "deleted": 0.0, "variables": { "x": 128.0, "flipX": 0.0, "y": 352.0, "flipY": 0.0 }, "object": 752.0 }, { "layer": 0.0, "deleted": 0.0, "variables": { "x": 160.0, "flipX": 0.0, "y": 352.0, "flipY": 0.0 }, "object": 752.0 }, { "layer": 0.0, "deleted": 0.0, "variables": { "x": 192.0, "flipX": 0.0, "y": 352.0, "flipY": 0.0 }, "object": 752.0 }, { "layer": 0.0, "deleted": 0.0, "variables": { "x": 192.0, "flipX": 0.0, "y": 384.0, "flipY": 0.0 }, "object": 752.0 }, { "layer": 0.0, "deleted": 0.0, "variables": { "x": 160.0, "flipX": 0.0, "y": 384.0, "flipY": 0.0 }, "object": 752.0 }, { "layer": 0.0, "deleted": 0.0, "variables": { "x": 128.0, "flipX": 0.0, "y": 384.0, "flipY": 0.0 }, "object": 752.0 }, { "layer": 0.0, "deleted": 0.0, "variables": { "x": 96.0, "flipX": 0.0, "y": 384.0, "flipY": 0.0 }, "object": 752.0 }, { "layer": 0.0, "deleted": 0.0, "variables": { "x": 64.0, "flipX": 0.0, "y": 384.0, "flipY": 0.0 }, "object": 752.0 }, { "layer": 0.0, "deleted": 0.0, "variables": { "x": 32.0, "flipX": 0.0, "y": 384.0, "flipY": 0.0 }, "object": 752.0 }, { "layer": 0.0, "deleted": 0.0, "variables": { "x": 32.0, "flipX": 0.0, "y": 416.0, "flipY": 0.0 }, "object": 752.0 }, { "layer": 0.0, "deleted": 0.0, "variables": { "x": 64.0, "flipX": 0.0, "y": 416.0, "flipY": 0.0 }, "object": 752.0 }, { "layer": 0.0, "deleted": 0.0, "variables": { "x": 96.0, "flipX": 0.0, "y": 416.0, "flipY": 0.0 }, "object": 752.0 }, { "layer": 0.0, "deleted": 0.0, "variables": { "x": 160.0, "flipX": 0.0, "y": 416.0, "flipY": 0.0 }, "object": 752.0 }, { "layer": 0.0, "deleted": 0.0, "variables": { "x": 192.0, "flipX": 0.0, "y": 416.0, "flipY": 0.0 }, "object": 752.0 }, { "layer": 0.0, "deleted": 0.0, "variables": { "x": 128.0, "flipX": 0.0, "y": 416.0, "flipY": 0.0 }, "object": 752.0 }, { "layer": 0.0, "deleted": 0.0, "variables": { "x": 128.0, "flipX": 0.0, "y": 448.0, "flipY": 0.0 }, "object": 752.0 }, { "layer": 0.0, "deleted": 0.0, "variables": { "x": 160.0, "flipX": 0.0, "y": 448.0, "flipY": 0.0 }, "object": 752.0 }, { "layer": 0.0, "deleted": 0.0, "variables": { "x": 192.0, "flipX": 0.0, "y": 448.0, "flipY": 0.0 }, "object": 752.0 }, { "layer": 0.0, "deleted": 0.0, "variables": { "x": 96.0, "flipX": 0.0, "y": 448.0, "flipY": 0.0 }, "object": 752.0 }, { "layer": 0.0, "deleted": 0.0, "variables": { "x": 64.0, "flipX": 0.0, "y": 448.0, "flipY": 0.0 }, "object": 752.0 }, { "layer": 0.0, "deleted": 0.0, "variables": { "x": 32.0, "flipX": 0.0, "y": 448.0, "flipY": 0.0 }, "object": 752.0 }, { "layer": 0.0, "deleted": 0.0, "variables": { "x": 704.0, "y": 96.0, "image_xscale": 6.0, "image_yscale": 3.0, "flipX": 0.0, "flipY": 0.0 }, "object": 517.0 }, { "layer": 0.0, "deleted": 0.0, "variables": { "x": 832.0, "y": 64.0, "image_xscale": 2.0, "image_yscale": 1.0, "flipX": 0.0, "flipY": 0.0 }, "object": 516.0 }, { "layer": 0.0, "deleted": 0.0, "variables": { "x": 768.0, "y": -128.0, "image_xscale": 4.0, "image_yscale": 1.0, "flipX": 0.0, "flipY": 0.0 }, "object": 722.0 }, { "layer": 0.0, "deleted": 0.0, "variables": { "x": 640.0, "y": -448.0, "image_xscale": 8.0, "image_yscale": 6.0, "flipX": 0.0, "flipY": 0.0 }, "object": 517.0 }, { "layer": 0.0, "deleted": 0.0, "variables": { "x": 224.0, "y": -128.0, "image_xscale": 15.0, "image_yscale": 2.0, "flipX": 0.0, "flipY": 0.0 }, "object": 517.0 }, { "layer": 0.0, "deleted": 0.0, "variables": { "x": -32.0, "y": -256.0, "image_xscale": 4.0, "image_yscale": 11.0, "flipX": 0.0, "flipY": 0.0 }, "object": 517.0 }, { "layer": 0.0, "deleted": 0.0, "variables": { "x": -256.0, "y": -448.0, "image_xscale": 3.0, "image_yscale": 19.0, "flipX": 0.0, "flipY": 0.0 }, "object": 517.0 }, { "layer": 0.0, "deleted": 0.0, "variables": { "x": -32.0, "flipX": 0.0, "y": -288.0, "flipY": 0.0 }, "object": 516.0 }, { "layer": 0.0, "deleted": 0.0, "variables": { "x": 0.0, "y": -288.0, "image_xscale": 3.0, "image_yscale": 1.0, "flipX": 0.0, "flipY": 0.0 }, "object": 517.0 }, { "layer": 0.0, "deleted": 0.0, "variables": { "x": 96.0, "y": -288.0, "image_xscale": 5.0, "image_yscale": 1.0, "flipX": 0.0, "flipY": 0.0 }, "object": 722.0 }, { "layer": 0.0, "deleted": 0.0, "variables": { "x": -160.0, "y": -448.0, "image_xscale": 7.0, "image_yscale": 2.0, "flipX": 0.0, "flipY": 0.0 }, "object": 517.0 }, { "layer": 0.0, "deleted": 0.0, "variables": { "x": 96.0, "y": -160.0, "image_xscale": 9.0, "image_yscale": 1.0, "flipX": 0.0, "flipY": 0.0 }, "object": 517.0 }, { "layer": 0.0, "deleted": 0.0, "variables": { "x": 384.0, "y": -160.0, "image_xscale": 2.0, "image_yscale": 1.0, "flipX": 1.0, "flipY": 0.0 }, "object": 516.0 }, { "layer": 0.0, "deleted": 0.0, "variables": { "x": 96.0, "flipX": 1.0, "y": -192.0, "flipY": 0.0 }, "object": 516.0 }, { "layer": 0.0, "deleted": 0.0, "variables": { "x": 224.0, "flipX": 1.0, "y": -224.0, "flipY": 0.0 }, "object": 733.0 }, { "layer": 0.0, "deleted": 0.0, "variables": { "x": 224.0, "flipX": 1.0, "y": -224.0, "flipY": 0.0 }, "object": 752.0 }, { "layer": 0.0, "deleted": 0.0, "variables": { "x": 224.0, "flipX": 1.0, "y": -192.0, "flipY": 0.0 }, "object": 752.0 }, { "layer": 0.0, "deleted": 0.0, "variables": { "x": 256.0, "flipX": 1.0, "y": -192.0, "flipY": 0.0 }, "object": 752.0 }, { "layer": 0.0, "deleted": 0.0, "variables": { "x": 256.0, "flipX": 1.0, "y": -224.0, "flipY": 0.0 }, "object": 752.0 }, { "layer": 0.0, "deleted": 0.0, "variables": { "x": 864.0, "flipX": 1.0, "y": 0.0, "flipY": 0.0 }, "object": 11.0 }, { "layer": 0.0, "deleted": 0.0, "variables": { "x": 864.0, "flipX": 1.0, "y": -64.0, "flipY": 0.0 }, "object": 11.0 }, { "layer": 0.0, "deleted": 0.0, "variables": { "x": 864.0, "flipX": 1.0, "y": -128.0, "flipY": 0.0 }, "object": 11.0 }, { "layer": 0.0, "deleted": 0.0, "variables": { "x": 864.0, "flipX": 1.0, "y": -192.0, "flipY": 0.0 }, "object": 11.0 }, { "layer": 0.0, "deleted": 0.0, "variables": { "x": 448.0, "flipX": 1.0, "y": -160.0, "flipY": 0.0 }, "object": 11.0 }, { "layer": 0.0, "deleted": 0.0, "variables": { "x": 384.0, "flipX": 1.0, "y": -192.0, "flipY": 0.0 }, "object": 11.0 }, { "layer": 0.0, "deleted": 0.0, "variables": { "x": 96.0, "flipX": 1.0, "y": -256.0, "flipY": 0.0 }, "object": 11.0 }, { "layer": 0.0, "deleted": 0.0, "variables": { "x": 96.0, "flipX": 1.0, "y": -224.0, "flipY": 0.0 }, "object": 11.0 }, { "layer": 0.0, "deleted": 0.0, "variables": { "x": -128.0, "flipX": 1.0, "y": -256.0, "flipY": 0.0 }, "object": 11.0 }, { "layer": 0.0, "deleted": 0.0, "variables": { "x": -96.0, "flipX": 1.0, "y": -224.0, "flipY": 0.0 }, "object": 11.0 }, { "layer": 0.0, "deleted": 0.0, "variables": { "x": -128.0, "flipX": 1.0, "y": -192.0, "flipY": 0.0 }, "object": 11.0 }, { "layer": 0.0, "deleted": 0.0, "variables": { "x": -96.0, "flipX": 1.0, "y": -160.0, "flipY": 0.0 }, "object": 11.0 }, { "layer": 0.0, "deleted": 0.0, "variables": { "x": -128.0, "flipX": 1.0, "y": -128.0, "flipY": 0.0 }, "object": 11.0 }, { "layer": 0.0, "deleted": 0.0, "variables": { "x": -96.0, "flipX": 1.0, "y": -96.0, "flipY": 0.0 }, "object": 11.0 }, { "layer": 0.0, "deleted": 0.0, "variables": { "x": -128.0, "flipX": 1.0, "y": -64.0, "flipY": 0.0 }, "object": 11.0 }, { "layer": 0.0, "deleted": 0.0, "variables": { "x": -96.0, "flipX": 1.0, "y": -32.0, "flipY": 0.0 }, "object": 11.0 }, { "layer": 0.0, "deleted": 0.0, "variables": { "x": -32.0, "y": 96.0, "image_xscale": 2.0, "image_yscale": 8.0, "flipX": 1.0, "flipY": 0.0 }, "object": 517.0 }, { "layer": 0.0, "deleted": 0.0, "variables": { "x": -288.0, "y": 160.0, "targetRoom": "main", "image_xscale": 1.0, "image_yscale": 2.0, "flipX": 0.0, "flipY": 0.0, "targetDoor": "D" }, "object": 801.0 }, { "layer": 0.0, "deleted": 0.0, "variables": { "x": -224.0, "flipX": 0.0, "y": 256.0, "flipY": 0.0 }, "object": 807.0 }, { "layer": 0.0, "deleted": 0.0, "variables": { "x": -128.0, "flipX": 0.0, "y": 0.0, "flipY": 0.0 }, "object": 11.0 }, { "layer": 0.0, "deleted": 0.0, "variables": { "x": -96.0, "flipX": 0.0, "y": 32.0, "flipY": 0.0 }, "object": 11.0 }, { "layer": 0.0, "deleted": 0.0, "variables": { "x": -128.0, "flipX": 0.0, "y": 64.0, "flipY": 0.0 }, "object": 11.0 }, { "layer": 0.0, "deleted": 0.0, "variables": { "x": -128.0, "flipX": 1.0, "y": 96.0, "flipY": 0.0 }, "object": 598.0 }, { "layer": 0.0, "deleted": 0.0, "variables": { "x": -192.0, "y": 288.0, "image_xscale": 2.0, "image_yscale": 2.0, "flipX": 1.0, "flipY": 0.0 }, "object": 516.0 }, { "layer": 0.0, "deleted": 0.0, "variables": { "x": -96.0, "flipX": 0.0, "y": 306.0, "flipY": 0.0 }, "object": 656.0 }, { "layer": 0.0, "deleted": 0.0, "variables": { "x": 512.0, "y": 113.0, "image_xscale": 1.0, "image_yscale": 1.0, "escape": "true", "flipX": 1.0, "flipY": 0.0 }, "object": 646.0 }, { "layer": 0.0, "deleted": 0.0, "variables": { "x": 160.0, "y": -335.0, "image_xscale": 1.0, "image_yscale": 1.0, "escape": "true", "flipX": 0.0, "flipY": 0.0 }, "object": 659.0 }, { "layer": 0.0, "deleted": 0.0, "variables": { "x": -256.0, "y": 288.0, "image_xscale": 2.0, "image_yscale": 2.0, "flipX": 1.0, "flipY": 0.0 }, "object": 517.0 }, { "layer": 0.0, "deleted": 0.0, "variables": { "x": -160.0, "y": 96.0, "image_xscale": 1.0, "image_yscale": 2.0, "flipX": 1.0, "flipY": 0.0 }, "object": 517.0 }, { "layer": 0.0, "deleted": 0.0, "variables": { "x": -64.0, "y": 96.0, "image_xscale": 1.0, "image_yscale": 2.0, "flipX": 1.0, "flipY": 0.0 }, "object": 517.0 }, { "layer": 0.0, "deleted": 0.0, "variables": { "x": -64.0, "flipX": 0.0, "y": 64.0, "flipY": 0.0 }, "object": 516.0 }, { "layer": 0.0, "deleted": 0.0, "variables": { "x": -160.0, "flipX": 1.0, "y": 64.0, "flipY": 0.0 }, "object": 516.0 } ], "tile_data": { "5": { "-32_-64": { "coord": [ 1.0, 1.0 ], "autotile_index": 0.0, "tileset": "tiles_GABEN", "autotile": 1.0 }, "928_-512": { "autotile": 1.0, "autotile_index": 0.0, "tileset": "tiles_GABEN", "coord": [ 2.0, 1.0 ] }, "-224_512": { "coord": [ 2.0, 1.0 ], "autotile_index": 0.0, "tileset": "tiles_GABEN", "autotile": 1.0 }, "128_-128": { "coord": [ 2.0, 1.0 ], "autotile_index": 0.0, "tileset": "tiles_GABEN", "autotile": 1.0 }, "672_-480": { "coord": [ 2.0, 1.0 ], "autotile_index": 0.0, "tileset": "tiles_GABEN", "autotile": 1.0 }, "-192_-480": { "coord": [ 2.0, 1.0 ], "autotile_index": 0.0, "tileset": "tiles_GABEN", "autotile": 1.0 }, "448_-96": { "autotile": 1.0, "autotile_index": 0.0, "tileset": "tiles_GABEN", "coord": [ 2.0, 2.0 ] }, "352_-512": { "autotile": 1.0, "autotile_index": 0.0, "tileset": "tiles_GABEN", "coord": [ 2.0, 1.0 ] }, "640_-128": { "autotile": 1.0, "autotile_index": 0.0, "tileset": "tiles_GABEN", "coord": [ 2.0, 0.0 ] }, "704_128": { "autotile": 1.0, "autotile_index": 0.0, "tileset": "tiles_GABEN", "coord": [ 1.0, 1.0 ] }, "576_448": { "autotile": 1.0, "autotile_index": 0.0, "tileset": "tiles_GABEN", "coord": [ 2.0, 0.0 ] }, "544_416": { "autotile": 1.0, "autotile_index": 0.0, "tileset": "tiles_GABEN", "coord": [ 3.0, 0.0 ] }, "0_-288": { "coord": [ 1.0, 0.0 ], "autotile_index": 0.0, "tileset": "tiles_GABEN", "autotile": 1.0 }, "-192_64": { "autotile": 1.0, "autotile_index": 0.0, "tileset": "tiles_GABEN", "coord": [ 3.0, 1.0 ] }, "224_-160": { "coord": [ 2.0, 0.0 ], "autotile_index": 0.0, "tileset": "tiles_GABEN", "autotile": 1.0 }, "512_448": { "autotile": 1.0, "autotile_index": 0.0, "tileset": "tiles_GABEN", "coord": [ 2.0, 1.0 ] }, "512_416": { "autotile": 1.0, "autotile_index": 0.0, "tileset": "tiles_GABEN", "coord": [ 2.0, 0.0 ] }, "800_96": { "autotile": 1.0, "autotile_index": 0.0, "tileset": "tiles_GABEN", "coord": [ 2.0, 0.0 ] }, "-64_512": { "autotile": 1.0, "autotile_index": 0.0, "tileset": "tiles_GABEN", "coord": [ 2.0, 1.0 ] }, "192_-128": { "coord": [ 2.0, 1.0 ], "autotile_index": 0.0, "tileset": "tiles_GABEN", "autotile": 1.0 }, "544_-512": { "autotile": 1.0, "autotile_index": 0.0, "tileset": "tiles_GABEN", "coord": [ 2.0, 1.0 ] }, "512_-96": { "autotile": 1.0, "autotile_index": 0.0, "tileset": "tiles_GABEN", "coord": [ 2.0, 2.0 ] }, "160_-64": { "coord": [ 2.0, 1.0 ], "autotile_index": 0.0, "tileset": "tiles_GABEN", "autotile": 1.0 }, "896_320": { "autotile": 1.0, "autotile_index": 0.0, "tileset": "tiles_GABEN", "coord": [ 1.0, 2.0 ] }, "928_-96": { "autotile": 1.0, "autotile_index": 0.0, "tileset": "tiles_GABEN", "coord": [ 2.0, 1.0 ] }, "32_-128": { "coord": [ 2.0, 1.0 ], "autotile_index": 0.0, "tileset": "tiles_GABEN", "autotile": 1.0 }, "896_-320": { "autotile": 1.0, "autotile_index": 0.0, "tileset": "tiles_GABEN", "coord": [ 2.0, 1.0 ] }, "768_160": { "autotile": 1.0, "autotile_index": 0.0, "tileset": "tiles_GABEN", "coord": [ 2.0, 2.0 ] }, "-192_-192": { "coord": [ 3.0, 1.0 ], "autotile_index": 0.0, "tileset": "tiles_GABEN", "autotile": 1.0 }, "160_0": { "coord": [ 2.0, 1.0 ], "autotile_index": 0.0, "tileset": "tiles_GABEN", "autotile": 1.0 }, "480_-128": { "autotile": 1.0, "autotile_index": 0.0, "tileset": "tiles_GABEN", "coord": [ 2.0, 0.0 ] }, "-160_512": { "coord": [ 2.0, 1.0 ], "autotile_index": 0.0, "tileset": "tiles_GABEN", "autotile": 1.0 }, "32_-64": { "coord": [ 2.0, 1.0 ], "autotile_index": 0.0, "tileset": "tiles_GABEN", "autotile": 1.0 }, "64_-32": { "coord": [ 2.0, 1.0 ], "autotile_index": 0.0, "tileset": "tiles_GABEN", "autotile": 1.0 }, "-224_-96": { "coord": [ 2.0, 1.0 ], "autotile_index": 0.0, "tileset": "tiles_GABEN", "autotile": 1.0 }, "544_448": { "autotile": 1.0, "autotile_index": 0.0, "tileset": "tiles_GABEN", "coord": [ 4.0, 4.0 ] }, "800_128": { "autotile": 1.0, "autotile_index": 0.0, "tileset": "tiles_GABEN", "coord": [ 2.0, 1.0 ] }, "256_480": { "coord": [ 2.0, 1.0 ], "autotile_index": 0.0, "tileset": "tiles_GABEN", "autotile": 1.0 }, "-256_-224": { "coord": [ 2.0, 1.0 ], "autotile_index": 0.0, "tileset": "tiles_GABEN", "autotile": 1.0 }, "-32_-416": { "autotile": 1.0, "autotile_index": 0.0, "tileset": "tiles_GABEN", "coord": [ 2.0, 2.0 ] }, "448_160": { "autotile": 0.0, "autotile_index": 0.0, "tileset": "tiles_GABEN", "coord": [ 4.0, 0.0 ] }, "384_416": { "autotile": 1.0, "autotile_index": 0.0, "tileset": "tiles_GABEN", "coord": [ 2.0, 1.0 ] }, "224_512": { "coord": [ 2.0, 1.0 ], "autotile_index": 0.0, "tileset": "tiles_GABEN", "autotile": 1.0 }, "-64_352": { "coord": [ 2.0, 0.0 ], "autotile_index": 0.0, "tileset": "tiles_GABEN", "autotile": 1.0 }, "384_-128": { "coord": [ 2.0, 0.0 ], "autotile_index": 0.0, "tileset": "tiles_GABEN", "autotile": 1.0 }, "32_512": { "coord": [ 2.0, 1.0 ], "autotile_index": 0.0, "tileset": "tiles_GABEN", "autotile": 1.0 }, "768_-352": { "autotile": 1.0, "autotile_index": 0.0, "tileset": "tiles_GABEN", "coord": [ 2.0, 1.0 ] }, "288_-512": { "autotile": 1.0, "autotile_index": 0.0, "tileset": "tiles_GABEN", "coord": [ 2.0, 1.0 ] }, "800_-128": { "autotile": 0.0, "autotile_index": 0.0, "tileset": "tiles_GABEN", "coord": [ 4.0, 0.0 ] }, "0_448": { "coord": [ 3.0, 1.0 ], "autotile_index": 0.0, "tileset": "tiles_GABEN", "autotile": 1.0 }, "352_448": { "autotile": 1.0, "autotile_index": 0.0, "tileset": "tiles_GABEN", "coord": [ 2.0, 1.0 ] }, "928_-384": { "autotile": 1.0, "autotile_index": 0.0, "tileset": "tiles_GABEN", "coord": [ 2.0, 1.0 ] }, "160_-288": { "coord": [ 4.0, 0.0 ], "autotile_index": 0.0, "tileset": "tiles_GABEN", "autotile": 0.0 }, "-224_-352": { "coord": [ 2.0, 1.0 ], "autotile_index": 0.0, "tileset": "tiles_GABEN", "autotile": 1.0 }, "-224_-480": { "coord": [ 2.0, 1.0 ], "autotile_index": 0.0, "tileset": "tiles_GABEN", "autotile": 1.0 }, "-224_-160": { "coord": [ 2.0, 1.0 ], "autotile_index": 0.0, "tileset": "tiles_GABEN", "autotile": 1.0 }, "0_416": { "coord": [ 3.0, 1.0 ], "autotile_index": 0.0, "tileset": "tiles_GABEN", "autotile": 1.0 }, "800_-480": { "autotile": 1.0, "autotile_index": 0.0, "tileset": "tiles_GABEN", "coord": [ 2.0, 1.0 ] }, "480_384": { "autotile": 1.0, "autotile_index": 0.0, "tileset": "tiles_GABEN", "coord": [ 3.0, 0.0 ] }, "64_288": { "coord": [ 0.0, 1.0 ], "autotile_index": 0.0, "tileset": "tiles_GABEN", "autotile": 0.0 }, "-256_-160": { "coord": [ 2.0, 1.0 ], "autotile_index": 0.0, "tileset": "tiles_GABEN", "autotile": 1.0 }, "832_480": { "autotile": 1.0, "autotile_index": 0.0, "tileset": "tiles_GABEN", "coord": [ 2.0, 0.0 ] }, "224_-224": { "coord": [ 6.0, 0.0 ], "autotile_index": 0.0, "tileset": "tiles_GABEN", "autotile": 0.0 }, "608_416": { "autotile": 0.0, "autotile_index": 0.0, "tileset": "tiles_GABEN", "coord": [ 3.0, 4.0 ] }, "-256_64": { "autotile": 1.0, "autotile_index": 0.0, "tileset": "tiles_GABEN", "coord": [ 2.0, 1.0 ] }, "96_-32": { "coord": [ 2.0, 1.0 ], "autotile_index": 0.0, "tileset": "tiles_GABEN", "autotile": 1.0 }, "-256_384": { "autotile": 1.0, "autotile_index": 0.0, "tileset": "tiles_GABEN", "coord": [ 2.0, 1.0 ] }, "-224_-448": { "coord": [ 2.0, 1.0 ], "autotile_index": 0.0, "tileset": "tiles_GABEN", "autotile": 1.0 }, "64_-256": { "coord": [ 3.0, 1.0 ], "autotile_index": 0.0, "tileset": "tiles_GABEN", "autotile": 1.0 }, "-32_-192": { "coord": [ 1.0, 1.0 ], "autotile_index": 0.0, "tileset": "tiles_GABEN", "autotile": 1.0 }, "96_0": { "coord": [ 2.0, 1.0 ], "autotile_index": 0.0, "tileset": "tiles_GABEN", "autotile": 1.0 }, "192_-288": { "coord": [ 4.0, 0.0 ], "autotile_index": 0.0, "tileset": "tiles_GABEN", "autotile": 0.0 }, "640_-416": { "coord": [ 1.0, 1.0 ], "autotile_index": 0.0, "tileset": "tiles_GABEN", "autotile": 1.0 }, "736_-384": { "coord": [ 2.0, 1.0 ], "autotile_index": 0.0, "tileset": "tiles_GABEN", "autotile": 1.0 }, "128_32": { "coord": [ 2.0, 1.0 ], "autotile_index": 0.0, "tileset": "tiles_GABEN", "autotile": 1.0 }, "864_-288": { "autotile": 1.0, "autotile_index": 0.0, "tileset": "tiles_GABEN", "coord": [ 2.0, 2.0 ] }, "-256_-416": { "coord": [ 2.0, 1.0 ], "autotile_index": 0.0, "tileset": "tiles_GABEN", "autotile": 1.0 }, "0_128": { "autotile": 1.0, "autotile_index": 0.0, "tileset": "tiles_GABEN", "coord": [ 3.0, 1.0 ] }, "800_160": { "autotile": 1.0, "autotile_index": 0.0, "tileset": "tiles_GABEN", "coord": [ 2.0, 2.0 ] }, "64_-224": { "coord": [ 3.0, 1.0 ], "autotile_index": 0.0, "tileset": "tiles_GABEN", "autotile": 1.0 }, "-96_-416": { "coord": [ 2.0, 2.0 ], "autotile_index": 0.0, "tileset": "tiles_GABEN", "autotile": 1.0 }, "32_-160": { "coord": [ 2.0, 1.0 ], "autotile_index": 0.0, "tileset": "tiles_GABEN", "autotile": 1.0 }, "-224_-256": { "coord": [ 2.0, 1.0 ], "autotile_index": 0.0, "tileset": "tiles_GABEN", "autotile": 1.0 }, "896_-384": { "autotile": 1.0, "autotile_index": 0.0, "tileset": "tiles_GABEN", "coord": [ 2.0, 1.0 ] }, "480_-512": { "autotile": 1.0, "autotile_index": 0.0, "tileset": "tiles_GABEN", "coord": [ 2.0, 1.0 ] }, "-32_384": { "coord": [ 2.0, 1.0 ], "autotile_index": 0.0, "tileset": "tiles_GABEN", "autotile": 1.0 }, "-64_-480": { "autotile": 1.0, "autotile_index": 0.0, "tileset": "tiles_GABEN", "coord": [ 2.0, 1.0 ] }, "0_384": { "coord": [ 3.0, 1.0 ], "autotile_index": 0.0, "tileset": "tiles_GABEN", "autotile": 1.0 }, "608_-480": { "coord": [ 2.0, 2.0 ], "autotile_index": 0.0, "tileset": "tiles_GABEN", "autotile": 1.0 }, "-32_32": { "autotile": 1.0, "autotile_index": 0.0, "tileset": "tiles_GABEN", "coord": [ 1.0, 1.0 ] }, "928_512": { "autotile": 1.0, "autotile_index": 0.0, "tileset": "tiles_GABEN", "coord": [ 2.0, 1.0 ] }, "-192_-320": { "coord": [ 3.0, 1.0 ], "autotile_index": 0.0, "tileset": "tiles_GABEN", "autotile": 1.0 }, "-224_-288": { "coord": [ 2.0, 1.0 ], "autotile_index": 0.0, "tileset": "tiles_GABEN", "autotile": 1.0 }, "-192_0": { "coord": [ 3.0, 1.0 ], "autotile_index": 0.0, "tileset": "tiles_GABEN", "autotile": 1.0 }, "480_448": { "autotile": 1.0, "autotile_index": 0.0, "tileset": "tiles_GABEN", "coord": [ 2.0, 1.0 ] }, "0_512": { "coord": [ 2.0, 1.0 ], "autotile_index": 0.0, "tileset": "tiles_GABEN", "autotile": 1.0 }, "-64_96": { "autotile": 1.0, "autotile_index": 0.0, "tileset": "tiles_GABEN", "coord": [ 1.0, 0.0 ] }, "896_96": { "coord": [ 6.0, 4.0 ], "autotile_index": 0.0, "tileset": "tiles_GABEN", "autotile": 0.0 }, "-160_-416": { "coord": [ 2.0, 2.0 ], "autotile_index": 0.0, "tileset": "tiles_GABEN", "autotile": 1.0 }, "864_160": { "autotile": 1.0, "autotile_index": 0.0, "tileset": "tiles_GABEN", "coord": [ 2.0, 2.0 ] }, "32_480": { "coord": [ 2.0, 0.0 ], "autotile_index": 0.0, "tileset": "tiles_GABEN", "autotile": 1.0 }, "832_128": { "autotile": 1.0, "autotile_index": 0.0, "tileset": "tiles_GABEN", "coord": [ 2.0, 1.0 ] }, "800_-512": { "autotile": 1.0, "autotile_index": 0.0, "tileset": "tiles_GABEN", "coord": [ 2.0, 1.0 ] }, "-256_-64": { "coord": [ 2.0, 1.0 ], "autotile_index": 0.0, "tileset": "tiles_GABEN", "autotile": 1.0 }, "544_512": { "autotile": 1.0, "autotile_index": 0.0, "tileset": "tiles_GABEN", "coord": [ 2.0, 1.0 ] }, "480_160": { "autotile": 0.0, "autotile_index": 0.0, "tileset": "tiles_GABEN", "coord": [ 4.0, 0.0 ] }, "256_-96": { "coord": [ 2.0, 2.0 ], "autotile_index": 0.0, "tileset": "tiles_GABEN", "autotile": 1.0 }, "32_-288": { "coord": [ 2.0, 0.0 ], "autotile_index": 0.0, "tileset": "tiles_GABEN", "autotile": 1.0 }, "0_-32": { "coord": [ 2.0, 1.0 ], "autotile_index": 0.0, "tileset": "tiles_GABEN", "autotile": 1.0 }, "288_320": { "autotile": 1.0, "autotile_index": 0.0, "tileset": "tiles_GABEN", "coord": [ 4.0, 4.0 ] }, "128_0": { "coord": [ 2.0, 1.0 ], "autotile_index": 0.0, "tileset": "tiles_GABEN", "autotile": 1.0 }, "-96_-480": { "coord": [ 2.0, 1.0 ], "autotile_index": 0.0, "tileset": "tiles_GABEN", "autotile": 1.0 }, "896_-32": { "autotile": 1.0, "autotile_index": 0.0, "tileset": "tiles_GABEN", "coord": [ 1.0, 1.0 ] }, "416_-128": { "coord": [ 2.0, 0.0 ], "autotile_index": 0.0, "tileset": "tiles_GABEN", "autotile": 1.0 }, "352_352": { "autotile": 1.0, "autotile_index": 0.0, "tileset": "tiles_GABEN", "coord": [ 4.0, 4.0 ] }, "256_448": { "coord": [ 2.0, 1.0 ], "autotile_index": 0.0, "tileset": "tiles_GABEN", "autotile": 1.0 }, "544_480": { "autotile": 1.0, "autotile_index": 0.0, "tileset": "tiles_GABEN", "coord": [ 2.0, 1.0 ] }, "-128_416": { "autotile": 1.0, "autotile_index": 0.0, "tileset": "tiles_GABEN", "coord": [ 2.0, 1.0 ] }, "320_-160": { "coord": [ 2.0, 0.0 ], "autotile_index": 0.0, "tileset": "tiles_GABEN", "autotile": 1.0 }, "320_512": { "autotile": 1.0, "autotile_index": 0.0, "tileset": "tiles_GABEN", "coord": [ 2.0, 1.0 ] }, "-256_-192": { "coord": [ 2.0, 1.0 ], "autotile_index": 0.0, "tileset": "tiles_GABEN", "autotile": 1.0 }, "32_-224": { "coord": [ 2.0, 1.0 ], "autotile_index": 0.0, "tileset": "tiles_GABEN", "autotile": 1.0 }, "928_-64": { "autotile": 1.0, "autotile_index": 0.0, "tileset": "tiles_GABEN", "coord": [ 2.0, 1.0 ] }, "-192_320": { "autotile": 1.0, "autotile_index": 0.0, "tileset": "tiles_GABEN", "coord": [ 3.0, 0.0 ] }, "320_-480": { "autotile": 1.0, "autotile_index": 0.0, "tileset": "tiles_GABEN", "coord": [ 2.0, 2.0 ] }, "192_-96": { "coord": [ 4.0, 2.0 ], "autotile_index": 0.0, "tileset": "tiles_GABEN", "autotile": 1.0 }, "64_64": { "coord": [ 2.0, 2.0 ], "autotile_index": 0.0, "tileset": "tiles_GABEN", "autotile": 1.0 }, "-160_-512": { "coord": [ 2.0, 1.0 ], "autotile_index": 0.0, "tileset": "tiles_GABEN", "autotile": 1.0 }, "864_-128": { "autotile": 0.0, "autotile_index": 0.0, "tileset": "tiles_GABEN", "coord": [ 4.0, 0.0 ] }, "0_-448": { "autotile": 1.0, "autotile_index": 0.0, "tileset": "tiles_GABEN", "coord": [ 2.0, 1.0 ] }, "352_-480": { "autotile": 1.0, "autotile_index": 0.0, "tileset": "tiles_GABEN", "coord": [ 2.0, 2.0 ] }, "832_-288": { "autotile": 1.0, "autotile_index": 0.0, "tileset": "tiles_GABEN", "coord": [ 2.0, 2.0 ] }, "896_512": { "autotile": 1.0, "autotile_index": 0.0, "tileset": "tiles_GABEN", "coord": [ 2.0, 1.0 ] }, "-32_352": { "coord": [ 6.0, 4.0 ], "autotile_index": 0.0, "tileset": "tiles_GABEN", "autotile": 1.0 }, "672_448": { "autotile": 0.0, "autotile_index": 0.0, "tileset": "tiles_GABEN", "coord": [ 3.0, 4.0 ] }, "224_-192": { "coord": [ 6.0, 1.0 ], "autotile_index": 0.0, "tileset": "tiles_GABEN", "autotile": 0.0 }, "480_352": { "autotile": 0.0, "autotile_index": 0.0, "tileset": "tiles_GABEN", "coord": [ 3.0, 4.0 ] }, "-128_384": { "autotile": 1.0, "autotile_index": 0.0, "tileset": "tiles_GABEN", "coord": [ 2.0, 1.0 ] }, "640_480": { "autotile": 1.0, "autotile_index": 0.0, "tileset": "tiles_GABEN", "coord": [ 2.0, 0.0 ] }, "-32_-512": { "autotile": 1.0, "autotile_index": 0.0, "tileset": "tiles_GABEN", "coord": [ 2.0, 1.0 ] }, "0_-192": { "coord": [ 2.0, 1.0 ], "autotile_index": 0.0, "tileset": "tiles_GABEN", "autotile": 1.0 }, "480_-96": { "autotile": 1.0, "autotile_index": 0.0, "tileset": "tiles_GABEN", "coord": [ 2.0, 2.0 ] }, "32_-416": { "autotile": 1.0, "autotile_index": 0.0, "tileset": "tiles_GABEN", "coord": [ 3.0, 2.0 ] }, "256_352": { "coord": [ 2.0, 1.0 ], "autotile_index": 0.0, "tileset": "tiles_GABEN", "autotile": 1.0 }, "896_-480": { "autotile": 1.0, "autotile_index": 0.0, "tileset": "tiles_GABEN", "coord": [ 2.0, 1.0 ] }, "672_480": { "autotile": 1.0, "autotile_index": 0.0, "tileset": "tiles_GABEN", "coord": [ 2.0, 0.0 ] }, "448_416": { "autotile": 1.0, "autotile_index": 0.0, "tileset": "tiles_GABEN", "coord": [ 2.0, 1.0 ] }, "320_416": { "autotile": 1.0, "autotile_index": 0.0, "tileset": "tiles_GABEN", "coord": [ 2.0, 1.0 ] }, "384_448": { "autotile": 1.0, "autotile_index": 0.0, "tileset": "tiles_GABEN", "coord": [ 2.0, 1.0 ] }, "896_-96": { "autotile": 1.0, "autotile_index": 0.0, "tileset": "tiles_GABEN", "coord": [ 1.0, 1.0 ] }, "128_64": { "coord": [ 2.0, 2.0 ], "autotile_index": 0.0, "tileset": "tiles_GABEN", "autotile": 1.0 }, "768_128": { "autotile": 1.0, "autotile_index": 0.0, "tileset": "tiles_GABEN", "coord": [ 2.0, 1.0 ] }, "128_-32": { "autotile": 1.0, "autotile_index": 0.0, "tileset": "tiles_GABEN", "coord": [ 2.0, 1.0 ] }, "-96_480": { "autotile": 1.0, "autotile_index": 0.0, "tileset": "tiles_GABEN", "coord": [ 2.0, 1.0 ] }, "704_-480": { "coord": [ 2.0, 1.0 ], "autotile_index": 0.0, "tileset": "tiles_GABEN", "autotile": 1.0 }, "-224_-384": { "coord": [ 2.0, 1.0 ], "autotile_index": 0.0, "tileset": "tiles_GABEN", "autotile": 1.0 }, "-192_-96": { "coord": [ 3.0, 1.0 ], "autotile_index": 0.0, "tileset": "tiles_GABEN", "autotile": 1.0 }, "-32_320": { "coord": [ 1.0, 1.0 ], "autotile_index": 0.0, "tileset": "tiles_GABEN", "autotile": 1.0 }, "352_-96": { "coord": [ 2.0, 2.0 ], "autotile_index": 0.0, "tileset": "tiles_GABEN", "autotile": 1.0 }, "-224_-512": { "coord": [ 2.0, 1.0 ], "autotile_index": 0.0, "tileset": "tiles_GABEN", "autotile": 1.0 }, "-32_96": { "autotile": 1.0, "autotile_index": 0.0, "tileset": "tiles_GABEN", "coord": [ 6.0, 4.0 ] }, "128_288": { "coord": [ 2.0, 0.0 ], "autotile_index": 0.0, "tileset": "tiles_GABEN", "autotile": 1.0 }, "-224_-128": { "coord": [ 2.0, 1.0 ], "autotile_index": 0.0, "tileset": "tiles_GABEN", "autotile": 1.0 }, "832_96": { "autotile": 0.0, "autotile_index": 0.0, "tileset": "tiles_GABEN", "coord": [ 2.0, 0.0 ] }, "-256_416": { "autotile": 1.0, "autotile_index": 0.0, "tileset": "tiles_GABEN", "coord": [ 2.0, 1.0 ] }, "256_512": { "coord": [ 2.0, 1.0 ], "autotile_index": 0.0, "tileset": "tiles_GABEN", "autotile": 1.0 }, "320_352": { "autotile": 1.0, "autotile_index": 0.0, "tileset": "tiles_GABEN", "coord": [ 2.0, 1.0 ] }, "-64_448": { "autotile": 1.0, "autotile_index": 0.0, "tileset": "tiles_GABEN", "coord": [ 2.0, 1.0 ] }, "32_-512": { "autotile": 1.0, "autotile_index": 0.0, "tileset": "tiles_GABEN", "coord": [ 2.0, 1.0 ] }, "416_416": { "autotile": 1.0, "autotile_index": 0.0, "tileset": "tiles_GABEN", "coord": [ 2.0, 1.0 ] }, "0_-64": { "coord": [ 2.0, 1.0 ], "autotile_index": 0.0, "tileset": "tiles_GABEN", "autotile": 1.0 }, "768_-384": { "autotile": 1.0, "autotile_index": 0.0, "tileset": "tiles_GABEN", "coord": [ 2.0, 1.0 ] }, "512_-480": { "autotile": 1.0, "autotile_index": 0.0, "tileset": "tiles_GABEN", "coord": [ 2.0, 2.0 ] }, "288_512": { "autotile": 1.0, "autotile_index": 0.0, "tileset": "tiles_GABEN", "coord": [ 2.0, 1.0 ] }, "768_-288": { "autotile": 1.0, "autotile_index": 0.0, "tileset": "tiles_GABEN", "coord": [ 2.0, 2.0 ] }, "-192_480": { "coord": [ 2.0, 1.0 ], "autotile_index": 0.0, "tileset": "tiles_GABEN", "autotile": 1.0 }, "-192_-224": { "coord": [ 3.0, 1.0 ], "autotile_index": 0.0, "tileset": "tiles_GABEN", "autotile": 1.0 }, "320_-96": { "coord": [ 2.0, 2.0 ], "autotile_index": 0.0, "tileset": "tiles_GABEN", "autotile": 1.0 }, "0_-128": { "coord": [ 2.0, 1.0 ], "autotile_index": 0.0, "tileset": "tiles_GABEN", "autotile": 1.0 }, "-192_512": { "coord": [ 2.0, 1.0 ], "autotile_index": 0.0, "tileset": "tiles_GABEN", "autotile": 1.0 }, "704_-448": { "coord": [ 2.0, 1.0 ], "autotile_index": 0.0, "tileset": "tiles_GABEN", "autotile": 1.0 }, "192_-64": { "coord": [ 3.0, 1.0 ], "autotile_index": 0.0, "tileset": "tiles_GABEN", "autotile": 1.0 }, "768_-128": { "autotile": 0.0, "autotile_index": 0.0, "tileset": "tiles_GABEN", "coord": [ 4.0, 0.0 ] }, "160_-480": { "coord": [ 2.0, 2.0 ], "autotile_index": 0.0, "tileset": "tiles_GABEN", "autotile": 1.0 }, "352_512": { "autotile": 1.0, "autotile_index": 0.0, "tileset": "tiles_GABEN", "coord": [ 2.0, 1.0 ] }, "736_-288": { "coord": [ 2.0, 2.0 ], "autotile_index": 0.0, "tileset": "tiles_GABEN", "autotile": 1.0 }, "0_-96": { "coord": [ 2.0, 1.0 ], "autotile_index": 0.0, "tileset": "tiles_GABEN", "autotile": 1.0 }, "0_64": { "autotile": 1.0, "autotile_index": 0.0, "tileset": "tiles_GABEN", "coord": [ 4.0, 2.0 ] }, "96_-96": { "coord": [ 2.0, 1.0 ], "autotile_index": 0.0, "tileset": "tiles_GABEN", "autotile": 1.0 }, "96_320": { "coord": [ 2.0, 2.0 ], "autotile_index": 0.0, "tileset": "tiles_GABEN", "autotile": 1.0 }, "-128_448": { "autotile": 1.0, "autotile_index": 0.0, "tileset": "tiles_GABEN", "coord": [ 2.0, 1.0 ] }, "160_288": { "coord": [ 2.0, 0.0 ], "autotile_index": 0.0, "tileset": "tiles_GABEN", "autotile": 1.0 }, "928_96": { "autotile": 1.0, "autotile_index": 0.0, "tileset": "tiles_GABEN", "coord": [ 2.0, 1.0 ] }, "-256_288": { "autotile": 1.0, "autotile_index": 0.0, "tileset": "tiles_GABEN", "coord": [ 2.0, 0.0 ] }, "-160_384": { "autotile": 1.0, "autotile_index": 0.0, "tileset": "tiles_GABEN", "coord": [ 2.0, 1.0 ] }, "256_-480": { "coord": [ 2.0, 2.0 ], "autotile_index": 0.0, "tileset": "tiles_GABEN", "autotile": 1.0 }, "96_-160": { "coord": [ 2.0, 0.0 ], "autotile_index": 0.0, "tileset": "tiles_GABEN", "autotile": 1.0 }, "672_-384": { "coord": [ 2.0, 1.0 ], "autotile_index": 0.0, "tileset": "tiles_GABEN", "autotile": 1.0 }, "448_352": { "autotile": 0.0, "autotile_index": 0.0, "tileset": "tiles_GABEN", "coord": [ 2.0, 4.0 ] }, "864_-352": { "autotile": 1.0, "autotile_index": 0.0, "tileset": "tiles_GABEN", "coord": [ 2.0, 1.0 ] }, "512_-512": { "autotile": 1.0, "autotile_index": 0.0, "tileset": "tiles_GABEN", "coord": [ 2.0, 1.0 ] }, "-224_128": { "autotile": 1.0, "autotile_index": 0.0, "tileset": "tiles_GABEN", "coord": [ 2.0, 2.0 ] }, "256_384": { "coord": [ 2.0, 1.0 ], "autotile_index": 0.0, "tileset": "tiles_GABEN", "autotile": 1.0 }, "928_-480": { "autotile": 1.0, "autotile_index": 0.0, "tileset": "tiles_GABEN", "coord": [ 2.0, 1.0 ] }, "0_0": { "coord": [ 2.0, 1.0 ], "autotile_index": 0.0, "tileset": "tiles_GABEN", "autotile": 1.0 }, "-256_-96": { "coord": [ 2.0, 1.0 ], "autotile_index": 0.0, "tileset": "tiles_GABEN", "autotile": 1.0 }, "64_480": { "coord": [ 2.0, 0.0 ], "autotile_index": 0.0, "tileset": "tiles_GABEN", "autotile": 1.0 }, "224_384": { "coord": [ 1.0, 1.0 ], "autotile_index": 0.0, "tileset": "tiles_GABEN", "autotile": 1.0 }, "-224_320": { "autotile": 1.0, "autotile_index": 0.0, "tileset": "tiles_GABEN", "coord": [ 4.0, 4.0 ] }, "0_-224": { "coord": [ 2.0, 1.0 ], "autotile_index": 0.0, "tileset": "tiles_GABEN", "autotile": 1.0 }, "-224_-416": { "coord": [ 2.0, 1.0 ], "autotile_index": 0.0, "tileset": "tiles_GABEN", "autotile": 1.0 }, "-32_192": { "autotile": 1.0, "autotile_index": 0.0, "tileset": "tiles_GABEN", "coord": [ 1.0, 1.0 ] }, "448_-480": { "autotile": 1.0, "autotile_index": 0.0, "tileset": "tiles_GABEN", "coord": [ 2.0, 2.0 ] }, "96_-288": { "coord": [ 4.0, 0.0 ], "autotile_index": 0.0, "tileset": "tiles_GABEN", "autotile": 0.0 }, "352_-160": { "coord": [ 3.0, 0.0 ], "autotile_index": 0.0, "tileset": "tiles_GABEN", "autotile": 1.0 }, "96_480": { "coord": [ 2.0, 0.0 ], "autotile_index": 0.0, "tileset": "tiles_GABEN", "autotile": 1.0 }, "-32_-128": { "coord": [ 1.0, 1.0 ], "autotile_index": 0.0, "tileset": "tiles_GABEN", "autotile": 1.0 }, "-256_512": { "coord": [ 2.0, 1.0 ], "autotile_index": 0.0, "tileset": "tiles_GABEN", "autotile": 1.0 }, "832_-448": { "autotile": 1.0, "autotile_index": 0.0, "tileset": "tiles_GABEN", "coord": [ 2.0, 1.0 ] }, "128_320": { "coord": [ 2.0, 2.0 ], "autotile_index": 0.0, "tileset": "tiles_GABEN", "autotile": 1.0 }, "0_32": { "autotile": 1.0, "autotile_index": 0.0, "tileset": "tiles_GABEN", "coord": [ 2.0, 1.0 ] }, "736_-480": { "coord": [ 2.0, 1.0 ], "autotile_index": 0.0, "tileset": "tiles_GABEN", "autotile": 1.0 }, "416_384": { "autotile": 1.0, "autotile_index": 0.0, "tileset": "tiles_GABEN", "coord": [ 4.0, 4.0 ] }, "480_480": { "autotile": 1.0, "autotile_index": 0.0, "tileset": "tiles_GABEN", "coord": [ 2.0, 1.0 ] }, "768_-480": { "autotile": 1.0, "autotile_index": 0.0, "tileset": "tiles_GABEN", "coord": [ 2.0, 1.0 ] }, "-192_-128": { "coord": [ 3.0, 1.0 ], "autotile_index": 0.0, "tileset": "tiles_GABEN", "autotile": 1.0 }, "224_-96": { "coord": [ 2.0, 2.0 ], "autotile_index": 0.0, "tileset": "tiles_GABEN", "autotile": 1.0 }, "256_288": { "coord": [ 2.0, 0.0 ], "autotile_index": 0.0, "tileset": "tiles_GABEN", "autotile": 1.0 }, "128_-480": { "coord": [ 2.0, 2.0 ], "autotile_index": 0.0, "tileset": "tiles_GABEN", "autotile": 1.0 }, "928_-352": { "autotile": 1.0, "autotile_index": 0.0, "tileset": "tiles_GABEN", "coord": [ 2.0, 1.0 ] }, "224_-128": { "coord": [ 2.0, 1.0 ], "autotile_index": 0.0, "tileset": "tiles_GABEN", "autotile": 1.0 }, "128_480": { "coord": [ 2.0, 0.0 ], "autotile_index": 0.0, "tileset": "tiles_GABEN", "autotile": 1.0 }, "640_-384": { "coord": [ 1.0, 1.0 ], "autotile_index": 0.0, "tileset": "tiles_GABEN", "autotile": 1.0 }, "640_-480": { "coord": [ 6.0, 2.0 ], "autotile_index": 0.0, "tileset": "tiles_GABEN", "autotile": 1.0 }, "-192_-448": { "coord": [ 2.0, 1.0 ], "autotile_index": 0.0, "tileset": "tiles_GABEN", "autotile": 1.0 }, "288_448": { "autotile": 1.0, "autotile_index": 0.0, "tileset": "tiles_GABEN", "coord": [ 2.0, 1.0 ] }, "640_-512": { "coord": [ 2.0, 1.0 ], "autotile_index": 0.0, "tileset": "tiles_GABEN", "autotile": 1.0 }, "800_-384": { "autotile": 1.0, "autotile_index": 0.0, "tileset": "tiles_GABEN", "coord": [ 2.0, 1.0 ] }, "352_-128": { "coord": [ 4.0, 4.0 ], "autotile_index": 0.0, "tileset": "tiles_GABEN", "autotile": 1.0 }, "-256_-288": { "coord": [ 2.0, 1.0 ], "autotile_index": 0.0, "tileset": "tiles_GABEN", "autotile": 1.0 }, "864_-416": { "autotile": 1.0, "autotile_index": 0.0, "tileset": "tiles_GABEN", "coord": [ 2.0, 1.0 ] }, "-32_-448": { "autotile": 1.0, "autotile_index": 0.0, "tileset": "tiles_GABEN", "coord": [ 2.0, 1.0 ] }, "896_-128": { "autotile": 1.0, "autotile_index": 0.0, "tileset": "tiles_GABEN", "coord": [ 1.0, 1.0 ] }, "448_384": { "autotile": 1.0, "autotile_index": 0.0, "tileset": "tiles_GABEN", "coord": [ 2.0, 0.0 ] }, "-128_-448": { "coord": [ 2.0, 1.0 ], "autotile_index": 0.0, "tileset": "tiles_GABEN", "autotile": 1.0 }, "-256_-256": { "coord": [ 2.0, 1.0 ], "autotile_index": 0.0, "tileset": "tiles_GABEN", "autotile": 1.0 }, "352_288": { "autotile": 0.0, "autotile_index": 0.0, "tileset": "tiles_GABEN", "coord": [ 3.0, 4.0 ] }, "-64_416": { "autotile": 1.0, "autotile_index": 0.0, "tileset": "tiles_GABEN", "coord": [ 2.0, 1.0 ] }, "256_320": { "coord": [ 2.0, 1.0 ], "autotile_index": 0.0, "tileset": "tiles_GABEN", "autotile": 1.0 }, "96_-64": { "coord": [ 2.0, 1.0 ], "autotile_index": 0.0, "tileset": "tiles_GABEN", "autotile": 1.0 }, "384_512": { "autotile": 1.0, "autotile_index": 0.0, "tileset": "tiles_GABEN", "coord": [ 2.0, 1.0 ] }, "-32_-256": { "coord": [ 1.0, 0.0 ], "autotile_index": 0.0, "tileset": "tiles_GABEN", "autotile": 1.0 }, "64_0": { "coord": [ 2.0, 1.0 ], "autotile_index": 0.0, "tileset": "tiles_GABEN", "autotile": 1.0 }, "128_-512": { "coord": [ 2.0, 1.0 ], "autotile_index": 0.0, "tileset": "tiles_GABEN", "autotile": 1.0 }, "928_64": { "autotile": 1.0, "autotile_index": 0.0, "tileset": "tiles_GABEN", "coord": [ 2.0, 1.0 ] }, "-128_-416": { "coord": [ 2.0, 2.0 ], "autotile_index": 0.0, "tileset": "tiles_GABEN", "autotile": 1.0 }, "224_-512": { "coord": [ 2.0, 1.0 ], "autotile_index": 0.0, "tileset": "tiles_GABEN", "autotile": 1.0 }, "32_320": { "coord": [ 2.0, 2.0 ], "autotile_index": 0.0, "tileset": "tiles_GABEN", "autotile": 1.0 }, "-160_416": { "autotile": 1.0, "autotile_index": 0.0, "tileset": "tiles_GABEN", "coord": [ 2.0, 1.0 ] }, "576_-512": { "coord": [ 2.0, 1.0 ], "autotile_index": 0.0, "tileset": "tiles_GABEN", "autotile": 1.0 }, "-224_352": { "autotile": 1.0, "autotile_index": 0.0, "tileset": "tiles_GABEN", "coord": [ 2.0, 1.0 ] }, "-192_-352": { "coord": [ 3.0, 1.0 ], "autotile_index": 0.0, "tileset": "tiles_GABEN", "autotile": 1.0 }, "672_-512": { "coord": [ 2.0, 1.0 ], "autotile_index": 0.0, "tileset": "tiles_GABEN", "autotile": 1.0 }, "-192_-512": { "coord": [ 2.0, 1.0 ], "autotile_index": 0.0, "tileset": "tiles_GABEN", "autotile": 1.0 }, "-64_-416": { "autotile": 1.0, "autotile_index": 0.0, "tileset": "tiles_GABEN", "coord": [ 2.0, 2.0 ] }, "544_-128": { "autotile": 1.0, "autotile_index": 0.0, "tileset": "tiles_GABEN", "coord": [ 2.0, 0.0 ] }, "704_-352": { "coord": [ 2.0, 1.0 ], "autotile_index": 0.0, "tileset": "tiles_GABEN", "autotile": 1.0 }, "-224_-64": { "coord": [ 2.0, 1.0 ], "autotile_index": 0.0, "tileset": "tiles_GABEN", "autotile": 1.0 }, "896_0": { "autotile": 1.0, "autotile_index": 0.0, "tileset": "tiles_GABEN", "coord": [ 1.0, 1.0 ] }, "160_32": { "coord": [ 2.0, 1.0 ], "autotile_index": 0.0, "tileset": "tiles_GABEN", "autotile": 1.0 }, "-256_0": { "coord": [ 2.0, 1.0 ], "autotile_index": 0.0, "tileset": "tiles_GABEN", "autotile": 1.0 }, "32_-96": { "coord": [ 2.0, 1.0 ], "autotile_index": 0.0, "tileset": "tiles_GABEN", "autotile": 1.0 }, "864_128": { "autotile": 1.0, "autotile_index": 0.0, "tileset": "tiles_GABEN", "coord": [ 2.0, 1.0 ] }, "416_512": { "autotile": 1.0, "autotile_index": 0.0, "tileset": "tiles_GABEN", "coord": [ 2.0, 1.0 ] }, "736_480": { "autotile": 1.0, "autotile_index": 0.0, "tileset": "tiles_GABEN", "coord": [ 2.0, 0.0 ] }, "-96_448": { "autotile": 1.0, "autotile_index": 0.0, "tileset": "tiles_GABEN", "coord": [ 2.0, 1.0 ] }, "832_-128": { "autotile": 0.0, "autotile_index": 0.0, "tileset": "tiles_GABEN", "coord": [ 4.0, 0.0 ] }, "224_352": { "coord": [ 1.0, 1.0 ], "autotile_index": 0.0, "tileset": "tiles_GABEN", "autotile": 1.0 }, "-224_32": { "autotile": 1.0, "autotile_index": 0.0, "tileset": "tiles_GABEN", "coord": [ 2.0, 1.0 ] }, "-32_160": { "autotile": 1.0, "autotile_index": 0.0, "tileset": "tiles_GABEN", "coord": [ 1.0, 1.0 ] }, "320_-512": { "autotile": 1.0, "autotile_index": 0.0, "tileset": "tiles_GABEN", "coord": [ 2.0, 1.0 ] }, "-256_-480": { "autotile": 1.0, "autotile_index": 0.0, "tileset": "tiles_GABEN", "coord": [ 2.0, 1.0 ] }, "320_448": { "autotile": 1.0, "autotile_index": 0.0, "tileset": "tiles_GABEN", "coord": [ 2.0, 1.0 ] }, "160_-32": { "autotile": 1.0, "autotile_index": 0.0, "tileset": "tiles_GABEN", "coord": [ 2.0, 1.0 ] }, "864_-512": { "autotile": 1.0, "autotile_index": 0.0, "tileset": "tiles_GABEN", "coord": [ 2.0, 1.0 ] }, "416_320": { "autotile": 0.0, "autotile_index": 0.0, "tileset": "tiles_GABEN", "coord": [ 3.0, 4.0 ] }, "736_-448": { "coord": [ 2.0, 1.0 ], "autotile_index": 0.0, "tileset": "tiles_GABEN", "autotile": 1.0 }, "864_-384": { "autotile": 1.0, "autotile_index": 0.0, "tileset": "tiles_GABEN", "coord": [ 2.0, 1.0 ] }, "352_320": { "autotile": 1.0, "autotile_index": 0.0, "tileset": "tiles_GABEN", "coord": [ 3.0, 0.0 ] }, "-32_416": { "coord": [ 2.0, 1.0 ], "autotile_index": 0.0, "tileset": "tiles_GABEN", "autotile": 1.0 }, "832_-384": { "autotile": 1.0, "autotile_index": 0.0, "tileset": "tiles_GABEN", "coord": [ 2.0, 1.0 ] }, "768_480": { "autotile": 1.0, "autotile_index": 0.0, "tileset": "tiles_GABEN", "coord": [ 2.0, 0.0 ] }, "896_-288": { "autotile": 1.0, "autotile_index": 0.0, "tileset": "tiles_GABEN", "coord": [ 6.0, 2.0 ] }, "832_-416": { "autotile": 1.0, "autotile_index": 0.0, "tileset": "tiles_GABEN", "coord": [ 2.0, 1.0 ] }, "0_192": { "autotile": 1.0, "autotile_index": 0.0, "tileset": "tiles_GABEN", "coord": [ 3.0, 1.0 ] }, "-32_-224": { "coord": [ 1.0, 1.0 ], "autotile_index": 0.0, "tileset": "tiles_GABEN", "autotile": 1.0 }, "-32_224": { "coord": [ 1.0, 1.0 ], "autotile_index": 0.0, "tileset": "tiles_GABEN", "autotile": 1.0 }, "32_-32": { "coord": [ 2.0, 1.0 ], "autotile_index": 0.0, "tileset": "tiles_GABEN", "autotile": 1.0 }, "64_-480": { "autotile": 1.0, "autotile_index": 0.0, "tileset": "tiles_GABEN", "coord": [ 2.0, 2.0 ] }, "928_160": { "autotile": 1.0, "autotile_index": 0.0, "tileset": "tiles_GABEN", "coord": [ 2.0, 1.0 ] }, "896_-64": { "autotile": 1.0, "autotile_index": 0.0, "tileset": "tiles_GABEN", "coord": [ 1.0, 1.0 ] }, "608_480": { "autotile": 1.0, "autotile_index": 0.0, "tileset": "tiles_GABEN", "coord": [ 4.0, 4.0 ] }, "-256_96": { "autotile": 1.0, "autotile_index": 0.0, "tileset": "tiles_GABEN", "coord": [ 2.0, 1.0 ] }, "832_-512": { "autotile": 1.0, "autotile_index": 0.0, "tileset": "tiles_GABEN", "coord": [ 2.0, 1.0 ] }, "512_384": { "autotile": 0.0, "autotile_index": 0.0, "tileset": "tiles_GABEN", "coord": [ 2.0, 4.0 ] }, "928_288": { "autotile": 1.0, "autotile_index": 0.0, "tileset": "tiles_GABEN", "coord": [ 2.0, 1.0 ] }, "-224_-320": { "coord": [ 2.0, 1.0 ], "autotile_index": 0.0, "tileset": "tiles_GABEN", "autotile": 1.0 }, "288_-96": { "coord": [ 2.0, 2.0 ], "autotile_index": 0.0, "tileset": "tiles_GABEN", "autotile": 1.0 }, "128_-288": { "coord": [ 4.0, 0.0 ], "autotile_index": 0.0, "tileset": "tiles_GABEN", "autotile": 0.0 }, "-224_480": { "coord": [ 2.0, 1.0 ], "autotile_index": 0.0, "tileset": "tiles_GABEN", "autotile": 1.0 }, "-224_-224": { "coord": [ 2.0, 1.0 ], "autotile_index": 0.0, "tileset": "tiles_GABEN", "autotile": 1.0 }, "736_128": { "autotile": 1.0, "autotile_index": 0.0, "tileset": "tiles_GABEN", "coord": [ 2.0, 1.0 ] }, "864_96": { "autotile": 0.0, "autotile_index": 0.0, "tileset": "tiles_GABEN", "coord": [ 2.0, 0.0 ] }, "928_224": { "autotile": 1.0, "autotile_index": 0.0, "tileset": "tiles_GABEN", "coord": [ 2.0, 1.0 ] }, "-32_-160": { "coord": [ 1.0, 1.0 ], "autotile_index": 0.0, "tileset": "tiles_GABEN", "autotile": 1.0 }, "928_480": { "autotile": 1.0, "autotile_index": 0.0, "tileset": "tiles_GABEN", "coord": [ 2.0, 0.0 ] }, "224_480": { "coord": [ 6.0, 4.0 ], "autotile_index": 0.0, "tileset": "tiles_GABEN", "autotile": 1.0 }, "64_-192": { "coord": [ 3.0, 1.0 ], "autotile_index": 0.0, "tileset": "tiles_GABEN", "autotile": 1.0 }, "928_192": { "autotile": 1.0, "autotile_index": 0.0, "tileset": "tiles_GABEN", "coord": [ 2.0, 1.0 ] }, "608_448": { "autotile": 1.0, "autotile_index": 0.0, "tileset": "tiles_GABEN", "coord": [ 3.0, 0.0 ] }, "-224_-32": { "coord": [ 2.0, 1.0 ], "autotile_index": 0.0, "tileset": "tiles_GABEN", "autotile": 1.0 }, "0_352": { "coord": [ 3.0, 1.0 ], "autotile_index": 0.0, "tileset": "tiles_GABEN", "autotile": 1.0 }, "-224_-192": { "coord": [ 2.0, 1.0 ], "autotile_index": 0.0, "tileset": "tiles_GABEN", "autotile": 1.0 }, "832_512": { "autotile": 1.0, "autotile_index": 0.0, "tileset": "tiles_GABEN", "coord": [ 2.0, 1.0 ] }, "768_-320": { "autotile": 1.0, "autotile_index": 0.0, "tileset": "tiles_GABEN", "coord": [ 2.0, 1.0 ] }, "576_512": { "autotile": 1.0, "autotile_index": 0.0, "tileset": "tiles_GABEN", "coord": [ 2.0, 1.0 ] }, "96_64": { "coord": [ 2.0, 2.0 ], "autotile_index": 0.0, "tileset": "tiles_GABEN", "autotile": 1.0 }, "32_-192": { "coord": [ 2.0, 1.0 ], "autotile_index": 0.0, "tileset": "tiles_GABEN", "autotile": 1.0 }, "416_448": { "autotile": 1.0, "autotile_index": 0.0, "tileset": "tiles_GABEN", "coord": [ 2.0, 1.0 ] }, "-256_448": { "coord": [ 2.0, 1.0 ], "autotile_index": 0.0, "tileset": "tiles_GABEN", "autotile": 1.0 }, "96_-480": { "autotile": 1.0, "autotile_index": 0.0, "tileset": "tiles_GABEN", "coord": [ 2.0, 2.0 ] }, "384_480": { "autotile": 1.0, "autotile_index": 0.0, "tileset": "tiles_GABEN", "coord": [ 2.0, 1.0 ] }, "192_0": { "coord": [ 3.0, 1.0 ], "autotile_index": 0.0, "tileset": "tiles_GABEN", "autotile": 1.0 }, "192_320": { "coord": [ 2.0, 2.0 ], "autotile_index": 0.0, "tileset": "tiles_GABEN", "autotile": 1.0 }, "-160_96": { "autotile": 1.0, "autotile_index": 0.0, "tileset": "tiles_GABEN", "coord": [ 3.0, 0.0 ] }, "-160_128": { "autotile": 1.0, "autotile_index": 0.0, "tileset": "tiles_GABEN", "coord": [ 3.0, 2.0 ] }, "-64_128": { "autotile": 1.0, "autotile_index": 0.0, "tileset": "tiles_GABEN", "coord": [ 1.0, 2.0 ] }, "-96_352": { "autotile": 1.0, "autotile_index": 0.0, "tileset": "tiles_GABEN", "coord": [ 2.0, 0.0 ] }, "320_480": { "autotile": 1.0, "autotile_index": 0.0, "tileset": "tiles_GABEN", "coord": [ 2.0, 1.0 ] }, "-256_-320": { "coord": [ 2.0, 1.0 ], "autotile_index": 0.0, "tileset": "tiles_GABEN", "autotile": 1.0 }, "928_-32": { "autotile": 1.0, "autotile_index": 0.0, "tileset": "tiles_GABEN", "coord": [ 2.0, 1.0 ] }, "-192_384": { "autotile": 1.0, "autotile_index": 0.0, "tileset": "tiles_GABEN", "coord": [ 2.0, 1.0 ] }, "-32_256": { "coord": [ 1.0, 1.0 ], "autotile_index": 0.0, "tileset": "tiles_GABEN", "autotile": 1.0 }, "832_160": { "autotile": 1.0, "autotile_index": 0.0, "tileset": "tiles_GABEN", "coord": [ 2.0, 2.0 ] }, "672_-448": { "coord": [ 2.0, 1.0 ], "autotile_index": 0.0, "tileset": "tiles_GABEN", "autotile": 1.0 }, "-32_-96": { "coord": [ 1.0, 1.0 ], "autotile_index": 0.0, "tileset": "tiles_GABEN", "autotile": 1.0 }, "0_-480": { "autotile": 1.0, "autotile_index": 0.0, "tileset": "tiles_GABEN", "coord": [ 2.0, 1.0 ] }, "512_480": { "autotile": 1.0, "autotile_index": 0.0, "tileset": "tiles_GABEN", "coord": [ 2.0, 1.0 ] }, "160_320": { "coord": [ 2.0, 2.0 ], "autotile_index": 0.0, "tileset": "tiles_GABEN", "autotile": 1.0 }, "864_512": { "autotile": 1.0, "autotile_index": 0.0, "tileset": "tiles_GABEN", "coord": [ 2.0, 1.0 ] }, "192_-480": { "coord": [ 2.0, 2.0 ], "autotile_index": 0.0, "tileset": "tiles_GABEN", "autotile": 1.0 }, "192_-32": { "autotile": 1.0, "autotile_index": 0.0, "tileset": "tiles_GABEN", "coord": [ 3.0, 1.0 ] }, "352_384": { "autotile": 1.0, "autotile_index": 0.0, "tileset": "tiles_GABEN", "coord": [ 2.0, 1.0 ] }, "864_64": { "autotile": 0.0, "autotile_index": 0.0, "tileset": "tiles_GABEN", "coord": [ 1.0, 4.0 ] }, "-64_-448": { "autotile": 1.0, "autotile_index": 0.0, "tileset": "tiles_GABEN", "coord": [ 2.0, 1.0 ] }, "768_-512": { "autotile": 1.0, "autotile_index": 0.0, "tileset": "tiles_GABEN", "coord": [ 2.0, 1.0 ] }, "-256_128": { "autotile": 1.0, "autotile_index": 0.0, "tileset": "tiles_GABEN", "coord": [ 2.0, 2.0 ] }, "928_256": { "coord": [ 2.0, 1.0 ], "autotile_index": 0.0, "tileset": "tiles_GABEN", "autotile": 1.0 }, "32_288": { "coord": [ 0.0, 1.0 ], "autotile_index": 0.0, "tileset": "tiles_GABEN", "autotile": 0.0 }, "-96_416": { "autotile": 1.0, "autotile_index": 0.0, "tileset": "tiles_GABEN", "coord": [ 2.0, 1.0 ] }, "384_320": { "autotile": 0.0, "autotile_index": 0.0, "tileset": "tiles_GABEN", "coord": [ 2.0, 4.0 ] }, "576_480": { "autotile": 1.0, "autotile_index": 0.0, "tileset": "tiles_GABEN", "coord": [ 2.0, 1.0 ] }, "704_512": { "autotile": 1.0, "autotile_index": 0.0, "tileset": "tiles_GABEN", "coord": [ 2.0, 1.0 ] }, "288_416": { "autotile": 1.0, "autotile_index": 0.0, "tileset": "tiles_GABEN", "coord": [ 2.0, 1.0 ] }, "288_384": { "autotile": 1.0, "autotile_index": 0.0, "tileset": "tiles_GABEN", "coord": [ 2.0, 1.0 ] }, "768_96": { "autotile": 1.0, "autotile_index": 0.0, "tileset": "tiles_GABEN", "coord": [ 2.0, 0.0 ] }, "800_-352": { "autotile": 1.0, "autotile_index": 0.0, "tileset": "tiles_GABEN", "coord": [ 2.0, 1.0 ] }, "-32_-288": { "coord": [ 0.0, 3.0 ], "autotile_index": 0.0, "tileset": "tiles_GABEN", "autotile": 0.0 }, "928_-448": { "autotile": 1.0, "autotile_index": 0.0, "tileset": "tiles_GABEN", "coord": [ 2.0, 1.0 ] }, "-192_352": { "autotile": 1.0, "autotile_index": 0.0, "tileset": "tiles_GABEN", "coord": [ 4.0, 4.0 ] }, "832_-480": { "autotile": 1.0, "autotile_index": 0.0, "tileset": "tiles_GABEN", "coord": [ 2.0, 1.0 ] }, "-160_480": { "coord": [ 2.0, 1.0 ], "autotile_index": 0.0, "tileset": "tiles_GABEN", "autotile": 1.0 }, "-192_-384": { "coord": [ 3.0, 1.0 ], "autotile_index": 0.0, "tileset": "tiles_GABEN", "autotile": 1.0 }, "288_352": { "autotile": 1.0, "autotile_index": 0.0, "tileset": "tiles_GABEN", "coord": [ 2.0, 1.0 ] }, "480_-480": { "autotile": 1.0, "autotile_index": 0.0, "tileset": "tiles_GABEN", "coord": [ 2.0, 2.0 ] }, "704_160": { "autotile": 1.0, "autotile_index": 0.0, "tileset": "tiles_GABEN", "coord": [ 1.0, 2.0 ] }, "-32_448": { "coord": [ 2.0, 1.0 ], "autotile_index": 0.0, "tileset": "tiles_GABEN", "autotile": 1.0 }, "-256_320": { "autotile": 1.0, "autotile_index": 0.0, "tileset": "tiles_GABEN", "coord": [ 2.0, 1.0 ] }, "384_-96": { "coord": [ 2.0, 2.0 ], "autotile_index": 0.0, "tileset": "tiles_GABEN", "autotile": 1.0 }, "160_-128": { "coord": [ 2.0, 1.0 ], "autotile_index": 0.0, "tileset": "tiles_GABEN", "autotile": 1.0 }, "0_320": { "coord": [ 4.0, 2.0 ], "autotile_index": 0.0, "tileset": "tiles_GABEN", "autotile": 1.0 }, "-192_128": { "autotile": 1.0, "autotile_index": 0.0, "tileset": "tiles_GABEN", "coord": [ 2.0, 2.0 ] }, "0_256": { "coord": [ 3.0, 1.0 ], "autotile_index": 0.0, "tileset": "tiles_GABEN", "autotile": 1.0 }, "608_-96": { "autotile": 1.0, "autotile_index": 0.0, "tileset": "tiles_GABEN", "coord": [ 2.0, 2.0 ] }, "-32_480": { "coord": [ 2.0, 1.0 ], "autotile_index": 0.0, "tileset": "tiles_GABEN", "autotile": 1.0 }, "800_-320": { "autotile": 1.0, "autotile_index": 0.0, "tileset": "tiles_GABEN", "coord": [ 2.0, 1.0 ] }, "896_-448": { "autotile": 1.0, "autotile_index": 0.0, "tileset": "tiles_GABEN", "coord": [ 2.0, 1.0 ] }, "640_-352": { "coord": [ 1.0, 1.0 ], "autotile_index": 0.0, "tileset": "tiles_GABEN", "autotile": 1.0 }, "896_288": { "autotile": 1.0, "autotile_index": 0.0, "tileset": "tiles_GABEN", "coord": [ 1.0, 1.0 ] }, "672_-320": { "coord": [ 2.0, 1.0 ], "autotile_index": 0.0, "tileset": "tiles_GABEN", "autotile": 1.0 }, "-192_288": { "autotile": 0.0, "autotile_index": 0.0, "tileset": "tiles_GABEN", "coord": [ 1.0, 3.0 ] }, "864_480": { "autotile": 1.0, "autotile_index": 0.0, "tileset": "tiles_GABEN", "coord": [ 2.0, 0.0 ] }, "896_192": { "autotile": 1.0, "autotile_index": 0.0, "tileset": "tiles_GABEN", "coord": [ 1.0, 1.0 ] }, "64_-288": { "coord": [ 3.0, 0.0 ], "autotile_index": 0.0, "tileset": "tiles_GABEN", "autotile": 1.0 }, "288_-160": { "coord": [ 2.0, 0.0 ], "autotile_index": 0.0, "tileset": "tiles_GABEN", "autotile": 1.0 }, "896_-160": { "autotile": 1.0, "autotile_index": 0.0, "tileset": "tiles_GABEN", "coord": [ 1.0, 1.0 ] }, "928_-256": { "autotile": 1.0, "autotile_index": 0.0, "tileset": "tiles_GABEN", "coord": [ 2.0, 1.0 ] }, "288_-480": { "autotile": 1.0, "autotile_index": 0.0, "tileset": "tiles_GABEN", "coord": [ 2.0, 2.0 ] }, "896_160": { "autotile": 1.0, "autotile_index": 0.0, "tileset": "tiles_GABEN", "coord": [ 6.0, 2.0 ] }, "640_512": { "autotile": 1.0, "autotile_index": 0.0, "tileset": "tiles_GABEN", "coord": [ 2.0, 1.0 ] }, "928_-224": { "autotile": 1.0, "autotile_index": 0.0, "tileset": "tiles_GABEN", "coord": [ 2.0, 1.0 ] }, "672_512": { "autotile": 1.0, "autotile_index": 0.0, "tileset": "tiles_GABEN", "coord": [ 2.0, 1.0 ] }, "384_-512": { "autotile": 1.0, "autotile_index": 0.0, "tileset": "tiles_GABEN", "coord": [ 2.0, 1.0 ] }, "-64_480": { "autotile": 1.0, "autotile_index": 0.0, "tileset": "tiles_GABEN", "coord": [ 2.0, 1.0 ] }, "-64_384": { "coord": [ 2.0, 1.0 ], "autotile_index": 0.0, "tileset": "tiles_GABEN", "autotile": 1.0 }, "416_352": { "autotile": 1.0, "autotile_index": 0.0, "tileset": "tiles_GABEN", "coord": [ 3.0, 0.0 ] }, "224_-288": { "coord": [ 4.0, 0.0 ], "autotile_index": 0.0, "tileset": "tiles_GABEN", "autotile": 0.0 }, "-128_-480": { "coord": [ 2.0, 1.0 ], "autotile_index": 0.0, "tileset": "tiles_GABEN", "autotile": 1.0 }, "128_512": { "coord": [ 2.0, 1.0 ], "autotile_index": 0.0, "tileset": "tiles_GABEN", "autotile": 1.0 }, "928_-160": { "autotile": 1.0, "autotile_index": 0.0, "tileset": "tiles_GABEN", "coord": [ 2.0, 1.0 ] }, "-32_128": { "autotile": 1.0, "autotile_index": 0.0, "tileset": "tiles_GABEN", "coord": [ 6.0, 2.0 ] }, "-256_-448": { "coord": [ 2.0, 1.0 ], "autotile_index": 0.0, "tileset": "tiles_GABEN", "autotile": 1.0 }, "-224_384": { "autotile": 1.0, "autotile_index": 0.0, "tileset": "tiles_GABEN", "coord": [ 2.0, 1.0 ] }, "192_288": { "coord": [ 2.0, 0.0 ], "autotile_index": 0.0, "tileset": "tiles_GABEN", "autotile": 1.0 }, "640_-96": { "autotile": 1.0, "autotile_index": 0.0, "tileset": "tiles_GABEN", "coord": [ 2.0, 2.0 ] }, "-256_-512": { "autotile": 1.0, "autotile_index": 0.0, "tileset": "tiles_GABEN", "coord": [ 2.0, 1.0 ] }, "0_-256": { "coord": [ 6.0, 4.0 ], "autotile_index": 0.0, "tileset": "tiles_GABEN", "autotile": 1.0 }, "768_512": { "autotile": 1.0, "autotile_index": 0.0, "tileset": "tiles_GABEN", "coord": [ 2.0, 1.0 ] }, "864_-448": { "autotile": 1.0, "autotile_index": 0.0, "tileset": "tiles_GABEN", "coord": [ 2.0, 1.0 ] }, "576_-480": { "coord": [ 2.0, 2.0 ], "autotile_index": 0.0, "tileset": "tiles_GABEN", "autotile": 1.0 }, "736_160": { "autotile": 1.0, "autotile_index": 0.0, "tileset": "tiles_GABEN", "coord": [ 2.0, 2.0 ] }, "704_480": { "autotile": 1.0, "autotile_index": 0.0, "tileset": "tiles_GABEN", "coord": [ 2.0, 0.0 ] }, "192_480": { "coord": [ 2.0, 0.0 ], "autotile_index": 0.0, "tileset": "tiles_GABEN", "autotile": 1.0 }, "224_320": { "coord": [ 6.0, 2.0 ], "autotile_index": 0.0, "tileset": "tiles_GABEN", "autotile": 1.0 }, "-224_64": { "autotile": 1.0, "autotile_index": 0.0, "tileset": "tiles_GABEN", "coord": [ 2.0, 1.0 ] }, "192_64": { "coord": [ 3.0, 2.0 ], "autotile_index": 0.0, "tileset": "tiles_GABEN", "autotile": 1.0 }, "-160_448": { "coord": [ 2.0, 1.0 ], "autotile_index": 0.0, "tileset": "tiles_GABEN", "autotile": 1.0 }, "288_480": { "autotile": 1.0, "autotile_index": 0.0, "tileset": "tiles_GABEN", "coord": [ 2.0, 1.0 ] }, "928_-320": { "autotile": 1.0, "autotile_index": 0.0, "tileset": "tiles_GABEN", "coord": [ 2.0, 1.0 ] }, "-96_512": { "autotile": 1.0, "autotile_index": 0.0, "tileset": "tiles_GABEN", "coord": [ 2.0, 1.0 ] }, "448_512": { "autotile": 1.0, "autotile_index": 0.0, "tileset": "tiles_GABEN", "coord": [ 2.0, 1.0 ] }, "-128_512": { "autotile": 1.0, "autotile_index": 0.0, "tileset": "tiles_GABEN", "coord": [ 2.0, 1.0 ] }, "800_-288": { "autotile": 1.0, "autotile_index": 0.0, "tileset": "tiles_GABEN", "coord": [ 2.0, 2.0 ] }, "768_-448": { "autotile": 1.0, "autotile_index": 0.0, "tileset": "tiles_GABEN", "coord": [ 2.0, 1.0 ] }, "928_-128": { "autotile": 1.0, "autotile_index": 0.0, "tileset": "tiles_GABEN", "coord": [ 2.0, 1.0 ] }, "288_288": { "autotile": 1.0, "autotile_index": 0.0, "tileset": "tiles_GABEN", "coord": [ 3.0, 0.0 ] }, "-128_352": { "autotile": 1.0, "autotile_index": 0.0, "tileset": "tiles_GABEN", "coord": [ 2.0, 0.0 ] }, "672_-128": { "autotile": 1.0, "autotile_index": 0.0, "tileset": "tiles_GABEN", "coord": [ 3.0, 0.0 ] }, "896_-256": { "autotile": 1.0, "autotile_index": 0.0, "tileset": "tiles_GABEN", "coord": [ 1.0, 1.0 ] }, "96_32": { "coord": [ 2.0, 1.0 ], "autotile_index": 0.0, "tileset": "tiles_GABEN", "autotile": 1.0 }, "800_-416": { "autotile": 1.0, "autotile_index": 0.0, "tileset": "tiles_GABEN", "coord": [ 2.0, 1.0 ] }, "704_96": { "autotile": 1.0, "autotile_index": 0.0, "tileset": "tiles_GABEN", "coord": [ 1.0, 0.0 ] }, "800_-448": { "autotile": 1.0, "autotile_index": 0.0, "tileset": "tiles_GABEN", "coord": [ 2.0, 1.0 ] }, "-224_416": { "autotile": 1.0, "autotile_index": 0.0, "tileset": "tiles_GABEN", "coord": [ 2.0, 1.0 ] }, "64_-160": { "coord": [ 4.0, 4.0 ], "autotile_index": 0.0, "tileset": "tiles_GABEN", "autotile": 1.0 }, "896_224": { "autotile": 1.0, "autotile_index": 0.0, "tileset": "tiles_GABEN", "coord": [ 1.0, 1.0 ] }, "-256_-32": { "coord": [ 2.0, 1.0 ], "autotile_index": 0.0, "tileset": "tiles_GABEN", "autotile": 1.0 }, "-160_64": { "autotile": 0.0, "autotile_index": 0.0, "tileset": "tiles_GABEN", "coord": [ 1.0, 3.0 ] }, "544_-480": { "autotile": 1.0, "autotile_index": 0.0, "tileset": "tiles_GABEN", "coord": [ 2.0, 2.0 ] }, "-32_-32": { "coord": [ 1.0, 1.0 ], "autotile_index": 0.0, "tileset": "tiles_GABEN", "autotile": 1.0 }, "736_-352": { "coord": [ 2.0, 1.0 ], "autotile_index": 0.0, "tileset": "tiles_GABEN", "autotile": 1.0 }, "-160_352": { "autotile": 1.0, "autotile_index": 0.0, "tileset": "tiles_GABEN", "coord": [ 2.0, 0.0 ] }, "32_-480": { "autotile": 1.0, "autotile_index": 0.0, "tileset": "tiles_GABEN", "coord": [ 4.0, 2.0 ] }, "320_384": { "autotile": 1.0, "autotile_index": 0.0, "tileset": "tiles_GABEN", "coord": [ 2.0, 1.0 ] }, "-192_32": { "autotile": 1.0, "autotile_index": 0.0, "tileset": "tiles_GABEN", "coord": [ 3.0, 1.0 ] }, "704_-416": { "coord": [ 2.0, 1.0 ], "autotile_index": 0.0, "tileset": "tiles_GABEN", "autotile": 1.0 }, "512_512": { "autotile": 1.0, "autotile_index": 0.0, "tileset": "tiles_GABEN", "coord": [ 2.0, 1.0 ] }, "384_-480": { "autotile": 1.0, "autotile_index": 0.0, "tileset": "tiles_GABEN", "coord": [ 2.0, 2.0 ] }, "-96_-512": { "coord": [ 2.0, 1.0 ], "autotile_index": 0.0, "tileset": "tiles_GABEN", "autotile": 1.0 }, "928_0": { "autotile": 1.0, "autotile_index": 0.0, "tileset": "tiles_GABEN", "coord": [ 2.0, 1.0 ] }, "320_-128": { "coord": [ 2.0, 1.0 ], "autotile_index": 0.0, "tileset": "tiles_GABEN", "autotile": 1.0 }, "736_512": { "autotile": 1.0, "autotile_index": 0.0, "tileset": "tiles_GABEN", "coord": [ 2.0, 1.0 ] }, "448_-128": { "autotile": 1.0, "autotile_index": 0.0, "tileset": "tiles_GABEN", "coord": [ 2.0, 0.0 ] }, "544_384": { "autotile": 0.0, "autotile_index": 0.0, "tileset": "tiles_GABEN", "coord": [ 3.0, 4.0 ] }, "256_-160": { "coord": [ 2.0, 0.0 ], "autotile_index": 0.0, "tileset": "tiles_GABEN", "autotile": 1.0 }, "-192_-160": { "coord": [ 3.0, 1.0 ], "autotile_index": 0.0, "tileset": "tiles_GABEN", "autotile": 1.0 }, "-64_64": { "autotile": 0.0, "autotile_index": 0.0, "tileset": "tiles_GABEN", "coord": [ 0.0, 3.0 ] }, "0_-416": { "autotile": 1.0, "autotile_index": 0.0, "tileset": "tiles_GABEN", "coord": [ 2.0, 2.0 ] }, "128_-64": { "coord": [ 2.0, 1.0 ], "autotile_index": 0.0, "tileset": "tiles_GABEN", "autotile": 1.0 }, "896_256": { "coord": [ 1.0, 1.0 ], "autotile_index": 0.0, "tileset": "tiles_GABEN", "autotile": 1.0 }, "736_-416": { "coord": [ 2.0, 1.0 ], "autotile_index": 0.0, "tileset": "tiles_GABEN", "autotile": 1.0 }, "96_-192": { "coord": [ 1.0, 3.0 ], "autotile_index": 0.0, "tileset": "tiles_GABEN", "autotile": 0.0 }, "-32_0": { "coord": [ 1.0, 1.0 ], "autotile_index": 0.0, "tileset": "tiles_GABEN", "autotile": 1.0 }, "-256_480": { "coord": [ 2.0, 1.0 ], "autotile_index": 0.0, "tileset": "tiles_GABEN", "autotile": 1.0 }, "320_320": { "autotile": 1.0, "autotile_index": 0.0, "tileset": "tiles_GABEN", "coord": [ 2.0, 0.0 ] }, "576_-96": { "autotile": 1.0, "autotile_index": 0.0, "tileset": "tiles_GABEN", "coord": [ 2.0, 2.0 ] }, "896_-512": { "autotile": 1.0, "autotile_index": 0.0, "tileset": "tiles_GABEN", "coord": [ 2.0, 1.0 ] }, "-128_-512": { "coord": [ 2.0, 1.0 ], "autotile_index": 0.0, "tileset": "tiles_GABEN", "autotile": 1.0 }, "192_-160": { "coord": [ 2.0, 0.0 ], "autotile_index": 0.0, "tileset": "tiles_GABEN", "autotile": 1.0 }, "224_-480": { "coord": [ 2.0, 2.0 ], "autotile_index": 0.0, "tileset": "tiles_GABEN", "autotile": 1.0 }, "704_-320": { "coord": [ 2.0, 1.0 ], "autotile_index": 0.0, "tileset": "tiles_GABEN", "autotile": 1.0 }, "160_480": { "coord": [ 2.0, 0.0 ], "autotile_index": 0.0, "tileset": "tiles_GABEN", "autotile": 1.0 }, "-256_-384": { "coord": [ 2.0, 1.0 ], "autotile_index": 0.0, "tileset": "tiles_GABEN", "autotile": 1.0 }, "672_-288": { "coord": [ 2.0, 2.0 ], "autotile_index": 0.0, "tileset": "tiles_GABEN", "autotile": 1.0 }, "672_-96": { "autotile": 1.0, "autotile_index": 0.0, "tileset": "tiles_GABEN", "coord": [ 3.0, 2.0 ] }, "-224_96": { "autotile": 1.0, "autotile_index": 0.0, "tileset": "tiles_GABEN", "coord": [ 2.0, 1.0 ] }, "896_32": { "coord": [ 1.0, 1.0 ], "autotile_index": 0.0, "tileset": "tiles_GABEN", "autotile": 1.0 }, "160_64": { "coord": [ 2.0, 2.0 ], "autotile_index": 0.0, "tileset": "tiles_GABEN", "autotile": 1.0 }, "384_-160": { "coord": [ 2.0, 4.0 ], "autotile_index": 0.0, "tileset": "tiles_GABEN", "autotile": 0.0 }, "864_-320": { "autotile": 1.0, "autotile_index": 0.0, "tileset": "tiles_GABEN", "coord": [ 2.0, 1.0 ] }, "-256_-352": { "coord": [ 2.0, 1.0 ], "autotile_index": 0.0, "tileset": "tiles_GABEN", "autotile": 1.0 }, "64_-512": { "autotile": 1.0, "autotile_index": 0.0, "tileset": "tiles_GABEN", "coord": [ 2.0, 1.0 ] }, "224_288": { "coord": [ 2.0, 0.0 ], "autotile_index": 0.0, "tileset": "tiles_GABEN", "autotile": 1.0 }, "32_-448": { "autotile": 1.0, "autotile_index": 0.0, "tileset": "tiles_GABEN", "coord": [ 3.0, 1.0 ] }, "64_-64": { "coord": [ 2.0, 1.0 ], "autotile_index": 0.0, "tileset": "tiles_GABEN", "autotile": 1.0 }, "704_-512": { "coord": [ 2.0, 1.0 ], "autotile_index": 0.0, "tileset": "tiles_GABEN", "autotile": 1.0 }, "0_96": { "autotile": 1.0, "autotile_index": 0.0, "tileset": "tiles_GABEN", "coord": [ 3.0, 1.0 ] }, "-192_-64": { "coord": [ 3.0, 1.0 ], "autotile_index": 0.0, "tileset": "tiles_GABEN", "autotile": 1.0 }, "384_384": { "autotile": 1.0, "autotile_index": 0.0, "tileset": "tiles_GABEN", "coord": [ 2.0, 1.0 ] }, "288_-128": { "coord": [ 2.0, 1.0 ], "autotile_index": 0.0, "tileset": "tiles_GABEN", "autotile": 1.0 }, "768_-416": { "autotile": 1.0, "autotile_index": 0.0, "tileset": "tiles_GABEN", "coord": [ 2.0, 1.0 ] }, "128_-96": { "coord": [ 2.0, 1.0 ], "autotile_index": 0.0, "tileset": "tiles_GABEN", "autotile": 1.0 }, "736_-320": { "coord": [ 2.0, 1.0 ], "autotile_index": 0.0, "tileset": "tiles_GABEN", "autotile": 1.0 }, "-32_512": { "coord": [ 2.0, 1.0 ], "autotile_index": 0.0, "tileset": "tiles_GABEN", "autotile": 1.0 }, "640_-320": { "coord": [ 1.0, 1.0 ], "autotile_index": 0.0, "tileset": "tiles_GABEN", "autotile": 1.0 }, "-224_288": { "autotile": 1.0, "autotile_index": 0.0, "tileset": "tiles_GABEN", "coord": [ 3.0, 0.0 ] }, "64_32": { "coord": [ 2.0, 1.0 ], "autotile_index": 0.0, "tileset": "tiles_GABEN", "autotile": 1.0 }, "544_160": { "autotile": 0.0, "autotile_index": 0.0, "tileset": "tiles_GABEN", "coord": [ 4.0, 0.0 ] }, "608_-128": { "autotile": 1.0, "autotile_index": 0.0, "tileset": "tiles_GABEN", "coord": [ 2.0, 0.0 ] }, "928_128": { "autotile": 1.0, "autotile_index": 0.0, "tileset": "tiles_GABEN", "coord": [ 2.0, 1.0 ] }, "672_-352": { "coord": [ 2.0, 1.0 ], "autotile_index": 0.0, "tileset": "tiles_GABEN", "autotile": 1.0 }, "32_64": { "autotile": 1.0, "autotile_index": 0.0, "tileset": "tiles_GABEN", "coord": [ 2.0, 2.0 ] }, "256_-224": { "coord": [ 7.0, 0.0 ], "autotile_index": 0.0, "tileset": "tiles_GABEN", "autotile": 0.0 }, "0_-160": { "coord": [ 2.0, 1.0 ], "autotile_index": 0.0, "tileset": "tiles_GABEN", "autotile": 1.0 }, "128_-160": { "coord": [ 2.0, 0.0 ], "autotile_index": 0.0, "tileset": "tiles_GABEN", "autotile": 1.0 }, "320_288": { "autotile": 0.0, "autotile_index": 0.0, "tileset": "tiles_GABEN", "coord": [ 2.0, 4.0 ] }, "800_512": { "autotile": 1.0, "autotile_index": 0.0, "tileset": "tiles_GABEN", "coord": [ 2.0, 1.0 ] }, "704_-384": { "coord": [ 2.0, 1.0 ], "autotile_index": 0.0, "tileset": "tiles_GABEN", "autotile": 1.0 }, "192_32": { "coord": [ 3.0, 1.0 ], "autotile_index": 0.0, "tileset": "tiles_GABEN", "autotile": 1.0 }, "-160_-448": { "coord": [ 2.0, 1.0 ], "autotile_index": 0.0, "tileset": "tiles_GABEN", "autotile": 1.0 }, "864_-480": { "autotile": 1.0, "autotile_index": 0.0, "tileset": "tiles_GABEN", "coord": [ 2.0, 1.0 ] }, "-128_480": { "autotile": 1.0, "autotile_index": 0.0, "tileset": "tiles_GABEN", "coord": [ 2.0, 1.0 ] }, "-256_32": { "autotile": 1.0, "autotile_index": 0.0, "tileset": "tiles_GABEN", "coord": [ 2.0, 1.0 ] }, "416_-160": { "coord": [ 3.0, 4.0 ], "autotile_index": 0.0, "tileset": "tiles_GABEN", "autotile": 0.0 }, "0_480": { "coord": [ 4.0, 4.0 ], "autotile_index": 0.0, "tileset": "tiles_GABEN", "autotile": 1.0 }, "0_-512": { "autotile": 1.0, "autotile_index": 0.0, "tileset": "tiles_GABEN", "coord": [ 2.0, 1.0 ] }, "416_480": { "autotile": 1.0, "autotile_index": 0.0, "tileset": "tiles_GABEN", "coord": [ 2.0, 1.0 ] }, "160_512": { "coord": [ 2.0, 1.0 ], "autotile_index": 0.0, "tileset": "tiles_GABEN", "autotile": 1.0 }, "-256_352": { "autotile": 1.0, "autotile_index": 0.0, "tileset": "tiles_GABEN", "coord": [ 2.0, 1.0 ] }, "832_64": { "autotile": 0.0, "autotile_index": 0.0, "tileset": "tiles_GABEN", "coord": [ 0.0, 4.0 ] }, "96_512": { "coord": [ 2.0, 1.0 ], "autotile_index": 0.0, "tileset": "tiles_GABEN", "autotile": 1.0 }, "576_-128": { "autotile": 1.0, "autotile_index": 0.0, "tileset": "tiles_GABEN", "coord": [ 2.0, 0.0 ] }, "832_-320": { "autotile": 1.0, "autotile_index": 0.0, "tileset": "tiles_GABEN", "coord": [ 2.0, 1.0 ] }, "-96_384": { "autotile": 1.0, "autotile_index": 0.0, "tileset": "tiles_GABEN", "coord": [ 2.0, 1.0 ] }, "-192_-32": { "coord": [ 3.0, 1.0 ], "autotile_index": 0.0, "tileset": "tiles_GABEN", "autotile": 1.0 }, "192_512": { "coord": [ 2.0, 1.0 ], "autotile_index": 0.0, "tileset": "tiles_GABEN", "autotile": 1.0 }, "736_96": { "autotile": 1.0, "autotile_index": 0.0, "tileset": "tiles_GABEN", "coord": [ 2.0, 0.0 ] }, "0_160": { "autotile": 1.0, "autotile_index": 0.0, "tileset": "tiles_GABEN", "coord": [ 3.0, 1.0 ] }, "32_32": { "autotile": 1.0, "autotile_index": 0.0, "tileset": "tiles_GABEN", "coord": [ 2.0, 1.0 ] }, "416_-512": { "autotile": 1.0, "autotile_index": 0.0, "tileset": "tiles_GABEN", "coord": [ 2.0, 1.0 ] }, "256_-192": { "coord": [ 7.0, 1.0 ], "autotile_index": 0.0, "tileset": "tiles_GABEN", "autotile": 0.0 }, "480_416": { "autotile": 1.0, "autotile_index": 0.0, "tileset": "tiles_GABEN", "coord": [ 4.0, 4.0 ] }, "64_320": { "coord": [ 2.0, 2.0 ], "autotile_index": 0.0, "tileset": "tiles_GABEN", "autotile": 1.0 }, "352_416": { "autotile": 1.0, "autotile_index": 0.0, "tileset": "tiles_GABEN", "coord": [ 2.0, 1.0 ] }, "-32_-480": { "autotile": 1.0, "autotile_index": 0.0, "tileset": "tiles_GABEN", "coord": [ 2.0, 1.0 ] }, "-96_-448": { "coord": [ 2.0, 1.0 ], "autotile_index": 0.0, "tileset": "tiles_GABEN", "autotile": 1.0 }, "448_-512": { "autotile": 1.0, "autotile_index": 0.0, "tileset": "tiles_GABEN", "coord": [ 2.0, 1.0 ] }, "896_480": { "autotile": 1.0, "autotile_index": 0.0, "tileset": "tiles_GABEN", "coord": [ 2.0, 0.0 ] }, "-192_-288": { "coord": [ 3.0, 1.0 ], "autotile_index": 0.0, "tileset": "tiles_GABEN", "autotile": 1.0 }, "32_0": { "coord": [ 2.0, 1.0 ], "autotile_index": 0.0, "tileset": "tiles_GABEN", "autotile": 1.0 }, "608_512": { "autotile": 1.0, "autotile_index": 0.0, "tileset": "tiles_GABEN", "coord": [ 2.0, 1.0 ] }, "256_-512": { "coord": [ 2.0, 1.0 ], "autotile_index": 0.0, "tileset": "tiles_GABEN", "autotile": 1.0 }, "-192_96": { "autotile": 1.0, "autotile_index": 0.0, "tileset": "tiles_GABEN", "coord": [ 4.0, 4.0 ] }, "896_-416": { "autotile": 1.0, "autotile_index": 0.0, "tileset": "tiles_GABEN", "coord": [ 2.0, 1.0 ] }, "96_288": { "coord": [ 2.0, 0.0 ], "autotile_index": 0.0, "tileset": "tiles_GABEN", "autotile": 1.0 }, "-160_-480": { "coord": [ 2.0, 1.0 ], "autotile_index": 0.0, "tileset": "tiles_GABEN", "autotile": 1.0 }, "800_480": { "autotile": 1.0, "autotile_index": 0.0, "tileset": "tiles_GABEN", "coord": [ 2.0, 0.0 ] }, "896_128": { "autotile": 1.0, "autotile_index": 0.0, "tileset": "tiles_GABEN", "coord": [ 2.0, 1.0 ] }, "-256_-128": { "coord": [ 2.0, 1.0 ], "autotile_index": 0.0, "tileset": "tiles_GABEN", "autotile": 1.0 }, "416_-480": { "autotile": 1.0, "autotile_index": 0.0, "tileset": "tiles_GABEN", "coord": [ 2.0, 2.0 ] }, "928_-416": { "autotile": 1.0, "autotile_index": 0.0, "tileset": "tiles_GABEN", "coord": [ 2.0, 1.0 ] }, "0_288": { "coord": [ 4.0, 4.0 ], "autotile_index": 0.0, "tileset": "tiles_GABEN", "autotile": 1.0 }, "832_-352": { "autotile": 1.0, "autotile_index": 0.0, "tileset": "tiles_GABEN", "coord": [ 2.0, 1.0 ] }, "-160_320": { "autotile": 0.0, "autotile_index": 0.0, "tileset": "tiles_GABEN", "coord": [ 1.0, 3.0 ] }, "-192_448": { "coord": [ 2.0, 1.0 ], "autotile_index": 0.0, "tileset": "tiles_GABEN", "autotile": 1.0 }, "512_-128": { "autotile": 1.0, "autotile_index": 0.0, "tileset": "tiles_GABEN", "coord": [ 2.0, 0.0 ] }, "416_-96": { "coord": [ 2.0, 2.0 ], "autotile_index": 0.0, "tileset": "tiles_GABEN", "autotile": 1.0 }, "544_-96": { "autotile": 1.0, "autotile_index": 0.0, "tileset": "tiles_GABEN", "coord": [ 2.0, 2.0 ] }, "-32_288": { "coord": [ 1.0, 1.0 ], "autotile_index": 0.0, "tileset": "tiles_GABEN", "autotile": 1.0 }, "608_-512": { "coord": [ 2.0, 1.0 ], "autotile_index": 0.0, "tileset": "tiles_GABEN", "autotile": 1.0 }, "352_480": { "autotile": 1.0, "autotile_index": 0.0, "tileset": "tiles_GABEN", "coord": [ 2.0, 1.0 ] }, "-32_64": { "autotile": 1.0, "autotile_index": 0.0, "tileset": "tiles_GABEN", "coord": [ 1.0, 1.0 ] }, "896_64": { "autotile": 0.0, "autotile_index": 0.0, "tileset": "tiles_GABEN", "coord": [ 1.0, 1.0 ] }, "-64_-512": { "autotile": 1.0, "autotile_index": 0.0, "tileset": "tiles_GABEN", "coord": [ 2.0, 1.0 ] }, "-224_448": { "coord": [ 2.0, 1.0 ], "autotile_index": 0.0, "tileset": "tiles_GABEN", "autotile": 1.0 }, "672_-416": { "coord": [ 2.0, 1.0 ], "autotile_index": 0.0, "tileset": "tiles_GABEN", "autotile": 1.0 }, "96_-512": { "autotile": 1.0, "autotile_index": 0.0, "tileset": "tiles_GABEN", "coord": [ 2.0, 1.0 ] }, "256_416": { "coord": [ 2.0, 1.0 ], "autotile_index": 0.0, "tileset": "tiles_GABEN", "autotile": 1.0 }, "640_-448": { "coord": [ 1.0, 1.0 ], "autotile_index": 0.0, "tileset": "tiles_GABEN", "autotile": 1.0 }, "64_-128": { "coord": [ 2.0, 1.0 ], "autotile_index": 0.0, "tileset": "tiles_GABEN", "autotile": 1.0 }, "928_-288": { "autotile": 1.0, "autotile_index": 0.0, "tileset": "tiles_GABEN", "coord": [ 2.0, 1.0 ] }, "224_448": { "coord": [ 1.0, 1.0 ], "autotile_index": 0.0, "tileset": "tiles_GABEN", "autotile": 1.0 }, "928_320": { "autotile": 1.0, "autotile_index": 0.0, "tileset": "tiles_GABEN", "coord": [ 2.0, 2.0 ] }, "640_448": { "autotile": 0.0, "autotile_index": 0.0, "tileset": "tiles_GABEN", "coord": [ 2.0, 4.0 ] }, "384_352": { "autotile": 1.0, "autotile_index": 0.0, "tileset": "tiles_GABEN", "coord": [ 2.0, 0.0 ] }, "896_-192": { "autotile": 1.0, "autotile_index": 0.0, "tileset": "tiles_GABEN", "coord": [ 1.0, 1.0 ] }, "-192_-256": { "coord": [ 3.0, 1.0 ], "autotile_index": 0.0, "tileset": "tiles_GABEN", "autotile": 1.0 }, "928_32": { "coord": [ 2.0, 1.0 ], "autotile_index": 0.0, "tileset": "tiles_GABEN", "autotile": 1.0 }, "32_-256": { "coord": [ 2.0, 1.0 ], "autotile_index": 0.0, "tileset": "tiles_GABEN", "autotile": 1.0 }, "256_-128": { "coord": [ 2.0, 1.0 ], "autotile_index": 0.0, "tileset": "tiles_GABEN", "autotile": 1.0 }, "64_512": { "coord": [ 2.0, 1.0 ], "autotile_index": 0.0, "tileset": "tiles_GABEN", "autotile": 1.0 }, "160_-160": { "coord": [ 2.0, 0.0 ], "autotile_index": 0.0, "tileset": "tiles_GABEN", "autotile": 1.0 }, "928_-192": { "autotile": 1.0, "autotile_index": 0.0, "tileset": "tiles_GABEN", "coord": [ 2.0, 1.0 ] }, "896_-224": { "autotile": 1.0, "autotile_index": 0.0, "tileset": "tiles_GABEN", "coord": [ 1.0, 1.0 ] }, "192_-512": { "coord": [ 2.0, 1.0 ], "autotile_index": 0.0, "tileset": "tiles_GABEN", "autotile": 1.0 }, "448_448": { "autotile": 1.0, "autotile_index": 0.0, "tileset": "tiles_GABEN", "coord": [ 2.0, 1.0 ] }, "-192_-416": { "coord": [ 4.0, 2.0 ], "autotile_index": 0.0, "tileset": "tiles_GABEN", "autotile": 1.0 }, "64_-96": { "coord": [ 2.0, 1.0 ], "autotile_index": 0.0, "tileset": "tiles_GABEN", "autotile": 1.0 }, "512_160": { "autotile": 0.0, "autotile_index": 0.0, "tileset": "tiles_GABEN", "coord": [ 4.0, 0.0 ] }, "704_-288": { "coord": [ 2.0, 2.0 ], "autotile_index": 0.0, "tileset": "tiles_GABEN", "autotile": 1.0 }, "160_-512": { "coord": [ 2.0, 1.0 ], "autotile_index": 0.0, "tileset": "tiles_GABEN", "autotile": 1.0 }, "-192_416": { "autotile": 1.0, "autotile_index": 0.0, "tileset": "tiles_GABEN", "coord": [ 2.0, 1.0 ] }, "-320_-480": { "coord": [ 4.0, 0.0 ], "autotile_index": 0.0, "tileset": "tiles_GABEN", "autotile": 0.0 }, "0_224": { "coord": [ 3.0, 1.0 ], "autotile_index": 0.0, "tileset": "tiles_GABEN", "autotile": 1.0 }, "160_-96": { "coord": [ 2.0, 1.0 ], "autotile_index": 0.0, "tileset": "tiles_GABEN", "autotile": 1.0 }, "640_-288": { "coord": [ 1.0, 2.0 ], "autotile_index": 0.0, "tileset": "tiles_GABEN", "autotile": 1.0 }, "480_512": { "autotile": 1.0, "autotile_index": 0.0, "tileset": "tiles_GABEN", "coord": [ 2.0, 1.0 ] }, "448_480": { "autotile": 1.0, "autotile_index": 0.0, "tileset": "tiles_GABEN", "coord": [ 2.0, 1.0 ] }, "576_416": { "autotile": 0.0, "autotile_index": 0.0, "tileset": "tiles_GABEN", "coord": [ 2.0, 4.0 ] }, "96_-128": { "coord": [ 2.0, 1.0 ], "autotile_index": 0.0, "tileset": "tiles_GABEN", "autotile": 1.0 }, "-224_0": { "coord": [ 2.0, 1.0 ], "autotile_index": 0.0, "tileset": "tiles_GABEN", "autotile": 1.0 }, "224_416": { "coord": [ 1.0, 1.0 ], "autotile_index": 0.0, "tileset": "tiles_GABEN", "autotile": 1.0 }, "896_-352": { "autotile": 1.0, "autotile_index": 0.0, "tileset": "tiles_GABEN", "coord": [ 2.0, 1.0 ] }, "736_-512": { "coord": [ 2.0, 1.0 ], "autotile_index": 0.0, "tileset": "tiles_GABEN", "autotile": 1.0 } } }, "backgrounds": { "5": { "x": 0.0, "scroll_x": 0.0, "tile_y": 1.0, "hspeed": 0.0, "scroll_y": 0.0, "y": 0.0, "sprite": "gaben", "tile_x": 1.0, "vspeed": 0.0, "image_speed": 15.0, "panic_sprite": -1.0 } }, "properties": { "song": "", "roomX": -256.0, "levelWidth": 960.0, "roomY": -512.0, "levelHeight": 540.0, "songTransitionTime": 100.0 } }