{ "editorVersion": 5.0, "instances": [ { "layer": 0.0, "deleted": 0.0, "variables": { "x": -288.0, "y": 480.0, "image_xscale": 72.0, "image_yscale": 2.0, "flipX": 1.0, "flipY": 0.0 }, "object": 517.0 }, { "layer": 0.0, "deleted": 0.0, "variables": { "x": 1920.0, "flipX": 0.0, "y": 448.0, "flipY": 0.0 }, "object": 617.0 }, { "layer": 0.0, "deleted": 0.0, "variables": { "x": -288.0, "y": -256.0, "image_xscale": 72.0, "image_yscale": 2.0, "flipX": 0.0, "flipY": 0.0 }, "object": 517.0 }, { "layer": 0.0, "deleted": 0.0, "variables": { "x": -288.0, "y": -192.0, "image_xscale": 2.0, "image_yscale": 21.0, "flipX": 0.0, "flipY": 0.0 }, "object": 517.0 }, { "layer": 0.0, "deleted": 0.0, "variables": { "x": 1408.0, "flipX": 0.0, "y": 448.0, "flipY": 0.0 }, "object": 617.0 }, { "layer": 0.0, "deleted": 0.0, "variables": { "x": 1568.0, "y": -32.0, "image_xscale": 7.0, "image_yscale": 1.0, "flipX": 0.0, "flipY": 0.0 }, "object": 743.0 }, { "layer": 0.0, "deleted": 0.0, "variables": { "x": 1792.0, "y": 96.0, "image_xscale": 5.0, "image_yscale": 1.0, "flipX": 0.0, "flipY": 0.0 }, "object": 743.0 }, { "layer": 0.0, "deleted": 0.0, "variables": { "x": 1760.0, "flipX": 0.0, "y": 96.0, "flipY": 0.0 }, "object": 3.0 }, { "layer": 0.0, "deleted": 0.0, "variables": { "x": 1728.0, "flipX": 0.0, "y": 128.0, "flipY": 0.0 }, "object": 3.0 }, { "layer": 0.0, "deleted": 0.0, "variables": { "x": 1696.0, "flipX": 0.0, "y": 160.0, "flipY": 0.0 }, "object": 3.0 }, { "layer": 0.0, "deleted": 0.0, "variables": { "x": 1376.0, "flipX": 0.0, "y": 448.0, "flipY": 0.0 }, "object": 617.0 }, { "layer": 0.0, "deleted": 0.0, "variables": { "x": 128.0, "y": 224.0, "image_xscale": 4.0, "image_yscale": 8.0, "flipX": 0.0, "flipY": 0.0 }, "object": 517.0 }, { "layer": 0.0, "deleted": 0.0, "variables": { "x": 1440.0, "y": 192.0, "image_xscale": 8.0, "image_yscale": 1.0, "flipX": 0.0, "flipY": 0.0 }, "object": 743.0 }, { "layer": 0.0, "deleted": 0.0, "variables": { "x": 256.0, "y": 416.0, "image_xscale": 6.0, "image_yscale": 2.0, "flipX": 1.0, "flipY": 0.0 }, "object": 517.0 }, { "layer": 0.0, "deleted": 0.0, "variables": { "x": 1184.0, "y": -32.0, "image_xscale": 12.0, "image_yscale": 3.0, "flipX": 0.0, "flipY": 0.0 }, "object": 517.0 }, { "layer": 0.0, "deleted": 0.0, "variables": { "x": 1248.0, "y": 192.0, "image_xscale": 4.0, "image_yscale": 9.0, "flipX": 1.0, "flipY": 0.0 }, "object": 517.0 }, { "layer": 0.0, "deleted": 0.0, "variables": { "x": 448.0, "y": 416.0, "image_xscale": 4.0, "image_yscale": 2.0, "flipX": 1.0, "flipY": 0.0 }, "object": 516.0 }, { "layer": 0.0, "deleted": 0.0, "variables": { "x": 896.0, "y": -192.0, "image_xscale": 9.0, "image_yscale": 8.0, "flipX": 1.0, "flipY": 0.0 }, "object": 517.0 }, { "layer": 0.0, "deleted": 0.0, "variables": { "x": 896.0, "y": 64.0, "image_xscale": 3.0, "image_yscale": 12.0, "flipX": 0.0, "flipY": 0.0 }, "object": 517.0 }, { "layer": 0.0, "deleted": 0.0, "variables": { "x": 1440.0, "flipX": 0.0, "y": 448.0, "flipY": 0.0 }, "object": 617.0 }, { "layer": 0.0, "deleted": 1.0, "variables": { "x": 1472.0, "flipX": 0.0, "y": 455.0, "flipY": 0.0 }, "object": 617.0 }, { "layer": 0.0, "deleted": 1.0, "variables": { "x": 1504.0, "flipX": 0.0, "y": 455.0, "flipY": 0.0 }, "object": 617.0 }, { "layer": 0.0, "deleted": 1.0, "variables": { "x": 1536.0, "flipX": 0.0, "y": 455.0, "flipY": 0.0 }, "object": 617.0 }, { "layer": 0.0, "deleted": 1.0, "variables": { "x": 1568.0, "flipX": 0.0, "y": 455.0, "flipY": 0.0 }, "object": 617.0 }, { "layer": 0.0, "deleted": 1.0, "variables": { "x": 1600.0, "flipX": 0.0, "y": 455.0, "flipY": 0.0 }, "object": 617.0 }, { "layer": 0.0, "deleted": 1.0, "variables": { "x": 1632.0, "flipX": 0.0, "y": 455.0, "flipY": 0.0 }, "object": 617.0 }, { "layer": 0.0, "deleted": 1.0, "variables": { "x": 1664.0, "flipX": 0.0, "y": 455.0, "flipY": 0.0 }, "object": 617.0 }, { "layer": 0.0, "deleted": 1.0, "variables": { "x": 1696.0, "flipX": 0.0, "y": 455.0, "flipY": 0.0 }, "object": 617.0 }, { "layer": 0.0, "deleted": 1.0, "variables": { "x": 1728.0, "flipX": 0.0, "y": 455.0, "flipY": 0.0 }, "object": 617.0 }, { "layer": 0.0, "deleted": 1.0, "variables": { "x": 1760.0, "flipX": 0.0, "y": 455.0, "flipY": 0.0 }, "object": 617.0 }, 0.0, 0.0, 0.0, 0.0, 0.0, { "layer": 0.0, "deleted": 0.0, "variables": { "x": 1888.0, "flipX": 0.0, "y": 448.0, "flipY": 0.0 }, "object": 617.0 }, { "layer": 0.0, "deleted": 0.0, "variables": { "x": 1856.0, "flipX": 0.0, "y": 448.0, "flipY": 0.0 }, "object": 617.0 }, { "layer": 0.0, "deleted": 0.0, "variables": { "x": 1824.0, "flipX": 0.0, "y": 448.0, "flipY": 0.0 }, "object": 617.0 }, { "layer": 0.0, "deleted": 0.0, "variables": { "x": 1792.0, "flipX": 0.0, "y": 448.0, "flipY": 0.0 }, "object": 617.0 }, { "layer": 0.0, "deleted": 0.0, "variables": { "x": 1760.0, "flipX": 0.0, "y": 448.0, "flipY": 0.0 }, "object": 617.0 }, { "layer": 0.0, "deleted": 0.0, "variables": { "x": 1728.0, "flipX": 0.0, "y": 448.0, "flipY": 0.0 }, "object": 617.0 }, { "layer": 0.0, "deleted": 0.0, "variables": { "x": 1696.0, "flipX": 0.0, "y": 448.0, "flipY": 0.0 }, "object": 617.0 }, { "layer": 0.0, "deleted": 0.0, "variables": { "x": 1664.0, "flipX": 0.0, "y": 448.0, "flipY": 0.0 }, "object": 617.0 }, { "layer": 0.0, "deleted": 0.0, "variables": { "x": 1632.0, "flipX": 0.0, "y": 448.0, "flipY": 0.0 }, "object": 617.0 }, { "layer": 0.0, "deleted": 0.0, "variables": { "x": 1600.0, "flipX": 0.0, "y": 448.0, "flipY": 0.0 }, "object": 617.0 }, { "layer": 0.0, "deleted": 0.0, "variables": { "x": 1568.0, "flipX": 0.0, "y": 448.0, "flipY": 0.0 }, "object": 617.0 }, { "layer": 0.0, "deleted": 0.0, "variables": { "x": 1536.0, "flipX": 0.0, "y": 448.0, "flipY": 0.0 }, "object": 617.0 }, { "layer": 0.0, "deleted": 0.0, "variables": { "x": 1504.0, "flipX": 0.0, "y": 448.0, "flipY": 0.0 }, "object": 617.0 }, { "layer": 0.0, "deleted": 0.0, "variables": { "x": 1472.0, "flipX": 0.0, "y": 448.0, "flipY": 0.0 }, "object": 617.0 }, { "layer": 0.0, "deleted": 0.0, "variables": { "x": 736.0, "flipX": 1.0, "y": 433.0, "flipY": 0.0 }, "object": 659.0 }, { "layer": 0.0, "deleted": 0.0, "variables": { "x": 1312.0, "flipX": 0.0, "y": 145.0, "flipY": 0.0 }, "object": 646.0 }, { "layer": 0.0, "deleted": 0.0, "variables": { "x": 96.0, "flipX": 1.0, "y": 224.0, "flipY": 0.0 }, "object": 722.0 }, { "layer": 0.0, "deleted": 0.0, "variables": { "x": 64.0, "flipX": 1.0, "y": 224.0, "flipY": 0.0 }, "object": 722.0 }, { "layer": 0.0, "deleted": 0.0, "variables": { "x": 32.0, "flipX": 1.0, "y": 224.0, "flipY": 0.0 }, "object": 722.0 }, { "layer": 0.0, "deleted": 0.0, "variables": { "x": 0.0, "flipX": 1.0, "y": 224.0, "flipY": 0.0 }, "object": 722.0 }, { "layer": 0.0, "deleted": 0.0, "variables": { "x": -32.0, "flipX": 1.0, "y": 224.0, "flipY": 0.0 }, "object": 722.0 }, { "layer": 0.0, "deleted": 0.0, "variables": { "x": -64.0, "flipX": 1.0, "y": 224.0, "flipY": 0.0 }, "object": 722.0 }, { "layer": 0.0, "deleted": 0.0, "variables": { "x": 896.0, "flipX": 1.0, "y": 448.0, "flipY": 0.0 }, "object": 726.0 }, { "layer": 0.0, "deleted": 0.0, "variables": { "x": 928.0, "flipX": 1.0, "y": 448.0, "flipY": 0.0 }, "object": 726.0 }, { "layer": 0.0, "deleted": 0.0, "variables": { "x": 960.0, "flipX": 1.0, "y": 448.0, "flipY": 0.0 }, "object": 726.0 }, { "layer": 0.0, "deleted": 0.0, "variables": { "x": 896.0, "flipX": 1.0, "y": 448.0, "flipY": 0.0 }, "object": 752.0 }, { "layer": 0.0, "deleted": 0.0, "variables": { "x": 928.0, "flipX": 1.0, "y": 448.0, "flipY": 0.0 }, "object": 752.0 }, { "layer": 0.0, "deleted": 0.0, "variables": { "x": 960.0, "flipX": 1.0, "y": 448.0, "flipY": 0.0 }, "object": 752.0 } ], "tile_data": { "5": { "192_320": { "coord": [ 2.0, 1.0 ], "autotile_index": 0.0, "tileset": "tiles_GABEN", "autotile": 1.0 }, "160_-224": { "coord": [ 2.0, 2.0 ], "autotile_index": 0.0, "tileset": "tiles_GABEN", "autotile": 1.0 }, "1344_416": { "autotile": 1.0, "autotile_index": 0.0, "tileset": "tiles_GABEN", "coord": [ 3.0, 1.0 ] }, "1984_512": { "coord": [ 2.0, 1.0 ], "autotile_index": 0.0, "tileset": "tiles_GABEN", "autotile": 1.0 }, "1344_288": { "autotile": 1.0, "autotile_index": 0.0, "tileset": "tiles_GABEN", "coord": [ 3.0, 1.0 ] }, "1760_-256": { "coord": [ 2.0, 1.0 ], "autotile_index": 0.0, "tileset": "tiles_GABEN", "autotile": 1.0 }, "672_-256": { "coord": [ 2.0, 1.0 ], "autotile_index": 0.0, "tileset": "tiles_GABEN", "autotile": 1.0 }, "1984_32": { "coord": [ 2.0, 1.0 ], "autotile_index": 0.0, "tileset": "tiles_GABEN", "autotile": 1.0 }, "1024_0": { "coord": [ 2.0, 1.0 ], "autotile_index": 0.0, "tileset": "tiles_GABEN", "autotile": 1.0 }, "-192_480": { "coord": [ 2.0, 0.0 ], "autotile_index": 0.0, "tileset": "tiles_GABEN", "autotile": 1.0 }, "-288_-32": { "coord": [ 2.0, 1.0 ], "autotile_index": 0.0, "tileset": "tiles_GABEN", "autotile": 1.0 }, "1984_352": { "coord": [ 2.0, 1.0 ], "autotile_index": 0.0, "tileset": "tiles_GABEN", "autotile": 1.0 }, "1152_-224": { "coord": [ 4.0, 2.0 ], "autotile_index": 0.0, "tileset": "tiles_GABEN", "autotile": 1.0 }, "-288_384": { "coord": [ 2.0, 1.0 ], "autotile_index": 0.0, "tileset": "tiles_GABEN", "autotile": 1.0 }, "928_0": { "coord": [ 2.0, 1.0 ], "autotile_index": 0.0, "tileset": "tiles_GABEN", "autotile": 1.0 }, "1888_-256": { "coord": [ 2.0, 1.0 ], "autotile_index": 0.0, "tileset": "tiles_GABEN", "autotile": 1.0 }, "224_-256": { "coord": [ 2.0, 1.0 ], "autotile_index": 0.0, "tileset": "tiles_GABEN", "autotile": 1.0 }, "1472_32": { "autotile": 1.0, "autotile_index": 0.0, "tileset": "tiles_GABEN", "coord": [ 2.0, 2.0 ] }, "-256_-192": { "coord": [ 3.0, 1.0 ], "autotile_index": 0.0, "tileset": "tiles_GABEN", "autotile": 1.0 }, "1152_-64": { "autotile": 1.0, "autotile_index": 0.0, "tileset": "tiles_GABEN", "coord": [ 3.0, 1.0 ] }, "960_416": { "coord": [ 3.0, 2.0 ], "autotile_index": 0.0, "tileset": "tiles_GABEN", "autotile": 1.0 }, "736_-256": { "coord": [ 2.0, 1.0 ], "autotile_index": 0.0, "tileset": "tiles_GABEN", "autotile": 1.0 }, "1920_512": { "coord": [ 2.0, 1.0 ], "autotile_index": 0.0, "tileset": "tiles_GABEN", "autotile": 1.0 }, "896_0": { "coord": [ 1.0, 1.0 ], "autotile_index": 0.0, "tileset": "tiles_GABEN", "autotile": 1.0 }, "1024_-128": { "coord": [ 2.0, 1.0 ], "autotile_index": 0.0, "tileset": "tiles_GABEN", "autotile": 1.0 }, "416_-256": { "coord": [ 2.0, 1.0 ], "autotile_index": 0.0, "tileset": "tiles_GABEN", "autotile": 1.0 }, "1952_-128": { "coord": [ 1.0, 1.0 ], "autotile_index": 0.0, "tileset": "tiles_GABEN", "autotile": 1.0 }, "1248_448": { "autotile": 1.0, "autotile_index": 0.0, "tileset": "tiles_GABEN", "coord": [ 1.0, 1.0 ] }, "-256_416": { "coord": [ 3.0, 1.0 ], "autotile_index": 0.0, "tileset": "tiles_GABEN", "autotile": 1.0 }, "1248_-256": { "coord": [ 2.0, 1.0 ], "autotile_index": 0.0, "tileset": "tiles_GABEN", "autotile": 1.0 }, "-288_288": { "coord": [ 2.0, 1.0 ], "autotile_index": 0.0, "tileset": "tiles_GABEN", "autotile": 1.0 }, "1952_-32": { "coord": [ 1.0, 1.0 ], "autotile_index": 0.0, "tileset": "tiles_GABEN", "autotile": 1.0 }, "-256_192": { "coord": [ 3.0, 1.0 ], "autotile_index": 0.0, "tileset": "tiles_GABEN", "autotile": 1.0 }, "160_416": { "coord": [ 2.0, 1.0 ], "autotile_index": 0.0, "tileset": "tiles_GABEN", "autotile": 1.0 }, "1312_-32": { "autotile": 1.0, "autotile_index": 0.0, "tileset": "tiles_GABEN", "coord": [ 2.0, 0.0 ] }, "1984_288": { "coord": [ 2.0, 1.0 ], "autotile_index": 0.0, "tileset": "tiles_GABEN", "autotile": 1.0 }, "1088_-64": { "coord": [ 2.0, 1.0 ], "autotile_index": 0.0, "tileset": "tiles_GABEN", "autotile": 1.0 }, "896_-96": { "coord": [ 1.0, 1.0 ], "autotile_index": 0.0, "tileset": "tiles_GABEN", "autotile": 1.0 }, "1376_-224": { "coord": [ 2.0, 2.0 ], "autotile_index": 0.0, "tileset": "tiles_GABEN", "autotile": 1.0 }, "1280_0": { "autotile": 1.0, "autotile_index": 0.0, "tileset": "tiles_GABEN", "coord": [ 2.0, 1.0 ] }, "576_480": { "coord": [ 2.0, 0.0 ], "autotile_index": 0.0, "tileset": "tiles_GABEN", "autotile": 1.0 }, "192_448": { "coord": [ 2.0, 1.0 ], "autotile_index": 0.0, "tileset": "tiles_GABEN", "autotile": 1.0 }, "256_480": { "coord": [ 2.0, 1.0 ], "autotile_index": 0.0, "tileset": "tiles_GABEN", "autotile": 1.0 }, "224_512": { "coord": [ 2.0, 1.0 ], "autotile_index": 0.0, "tileset": "tiles_GABEN", "autotile": 1.0 }, "1152_-128": { "coord": [ 3.0, 1.0 ], "autotile_index": 0.0, "tileset": "tiles_GABEN", "autotile": 1.0 }, "416_512": { "coord": [ 2.0, 1.0 ], "autotile_index": 0.0, "tileset": "tiles_GABEN", "autotile": 1.0 }, "-288_0": { "coord": [ 2.0, 1.0 ], "autotile_index": 0.0, "tileset": "tiles_GABEN", "autotile": 1.0 }, "1248_288": { "autotile": 1.0, "autotile_index": 0.0, "tileset": "tiles_GABEN", "coord": [ 1.0, 1.0 ] }, "992_-128": { "coord": [ 2.0, 1.0 ], "autotile_index": 0.0, "tileset": "tiles_GABEN", "autotile": 1.0 }, "1312_256": { "autotile": 1.0, "autotile_index": 0.0, "tileset": "tiles_GABEN", "coord": [ 2.0, 1.0 ] }, "160_448": { "coord": [ 2.0, 1.0 ], "autotile_index": 0.0, "tileset": "tiles_GABEN", "autotile": 1.0 }, "512_-224": { "coord": [ 2.0, 2.0 ], "autotile_index": 0.0, "tileset": "tiles_GABEN", "autotile": 1.0 }, "480_-256": { "coord": [ 2.0, 1.0 ], "autotile_index": 0.0, "tileset": "tiles_GABEN", "autotile": 1.0 }, "1248_384": { "autotile": 1.0, "autotile_index": 0.0, "tileset": "tiles_GABEN", "coord": [ 1.0, 1.0 ] }, "1376_-32": { "autotile": 1.0, "autotile_index": 0.0, "tileset": "tiles_GABEN", "coord": [ 2.0, 0.0 ] }, "1824_512": { "coord": [ 2.0, 1.0 ], "autotile_index": 0.0, "tileset": "tiles_GABEN", "autotile": 1.0 }, "960_-224": { "coord": [ 2.0, 1.0 ], "autotile_index": 0.0, "tileset": "tiles_GABEN", "autotile": 1.0 }, "1216_512": { "coord": [ 2.0, 1.0 ], "autotile_index": 0.0, "tileset": "tiles_GABEN", "autotile": 1.0 }, "1856_-224": { "coord": [ 2.0, 2.0 ], "autotile_index": 0.0, "tileset": "tiles_GABEN", "autotile": 1.0 }, "928_160": { "coord": [ 2.0, 1.0 ], "autotile_index": 0.0, "tileset": "tiles_GABEN", "autotile": 1.0 }, "1312_416": { "autotile": 1.0, "autotile_index": 0.0, "tileset": "tiles_GABEN", "coord": [ 2.0, 1.0 ] }, "-64_480": { "coord": [ 2.0, 0.0 ], "autotile_index": 0.0, "tileset": "tiles_GABEN", "autotile": 1.0 }, "1856_-256": { "coord": [ 2.0, 1.0 ], "autotile_index": 0.0, "tileset": "tiles_GABEN", "autotile": 1.0 }, "1376_0": { "autotile": 1.0, "autotile_index": 0.0, "tileset": "tiles_GABEN", "coord": [ 2.0, 1.0 ] }, "-288_96": { "coord": [ 2.0, 1.0 ], "autotile_index": 0.0, "tileset": "tiles_GABEN", "autotile": 1.0 }, "0_-224": { "coord": [ 2.0, 2.0 ], "autotile_index": 0.0, "tileset": "tiles_GABEN", "autotile": 1.0 }, "1344_-32": { "autotile": 1.0, "autotile_index": 0.0, "tileset": "tiles_GABEN", "coord": [ 2.0, 0.0 ] }, "1088_480": { "autotile": 1.0, "autotile_index": 0.0, "tileset": "tiles_GABEN", "coord": [ 2.0, 0.0 ] }, "896_-192": { "coord": [ 1.0, 1.0 ], "autotile_index": 0.0, "tileset": "tiles_GABEN", "autotile": 1.0 }, "1056_-128": { "coord": [ 2.0, 1.0 ], "autotile_index": 0.0, "tileset": "tiles_GABEN", "autotile": 1.0 }, "-224_-256": { "coord": [ 2.0, 1.0 ], "autotile_index": 0.0, "tileset": "tiles_GABEN", "autotile": 1.0 }, "1152_32": { "autotile": 1.0, "autotile_index": 0.0, "tileset": "tiles_GABEN", "coord": [ 2.0, 2.0 ] }, "1248_352": { "autotile": 1.0, "autotile_index": 0.0, "tileset": "tiles_GABEN", "coord": [ 1.0, 1.0 ] }, "1408_480": { "autotile": 1.0, "autotile_index": 0.0, "tileset": "tiles_GABEN", "coord": [ 2.0, 0.0 ] }, "1120_-160": { "coord": [ 2.0, 1.0 ], "autotile_index": 0.0, "tileset": "tiles_GABEN", "autotile": 1.0 }, "320_512": { "coord": [ 2.0, 1.0 ], "autotile_index": 0.0, "tileset": "tiles_GABEN", "autotile": 1.0 }, "1568_512": { "coord": [ 2.0, 1.0 ], "autotile_index": 0.0, "tileset": "tiles_GABEN", "autotile": 1.0 }, "480_-224": { "coord": [ 2.0, 2.0 ], "autotile_index": 0.0, "tileset": "tiles_GABEN", "autotile": 1.0 }, "1792_480": { "coord": [ 2.0, 0.0 ], "autotile_index": 0.0, "tileset": "tiles_GABEN", "autotile": 1.0 }, "384_416": { "coord": [ 2.0, 0.0 ], "autotile_index": 0.0, "tileset": "tiles_GABEN", "autotile": 1.0 }, "896_512": { "autotile": 1.0, "autotile_index": 0.0, "tileset": "tiles_GABEN", "coord": [ 2.0, 1.0 ] }, "896_192": { "coord": [ 1.0, 1.0 ], "autotile_index": 0.0, "tileset": "tiles_GABEN", "autotile": 1.0 }, "1056_0": { "coord": [ 2.0, 1.0 ], "autotile_index": 0.0, "tileset": "tiles_GABEN", "autotile": 1.0 }, "1952_128": { "coord": [ 1.0, 1.0 ], "autotile_index": 0.0, "tileset": "tiles_GABEN", "autotile": 1.0 }, "1760_480": { "coord": [ 2.0, 0.0 ], "autotile_index": 0.0, "tileset": "tiles_GABEN", "autotile": 1.0 }, "1856_512": { "coord": [ 2.0, 1.0 ], "autotile_index": 0.0, "tileset": "tiles_GABEN", "autotile": 1.0 }, "1056_-256": { "coord": [ 2.0, 1.0 ], "autotile_index": 0.0, "tileset": "tiles_GABEN", "autotile": 1.0 }, "544_480": { "coord": [ 4.0, 4.0 ], "autotile_index": 0.0, "tileset": "tiles_GABEN", "autotile": 1.0 }, "-256_-96": { "coord": [ 3.0, 1.0 ], "autotile_index": 0.0, "tileset": "tiles_GABEN", "autotile": 1.0 }, "96_480": { "autotile": 1.0, "autotile_index": 0.0, "tileset": "tiles_GABEN", "coord": [ 2.0, 0.0 ] }, "1536_-32": { "autotile": 1.0, "autotile_index": 0.0, "tileset": "tiles_GABEN", "coord": [ 3.0, 0.0 ] }, "-96_-224": { "coord": [ 2.0, 2.0 ], "autotile_index": 0.0, "tileset": "tiles_GABEN", "autotile": 1.0 }, "1728_-256": { "coord": [ 2.0, 1.0 ], "autotile_index": 0.0, "tileset": "tiles_GABEN", "autotile": 1.0 }, "960_160": { "coord": [ 3.0, 1.0 ], "autotile_index": 0.0, "tileset": "tiles_GABEN", "autotile": 1.0 }, "960_448": { "autotile": 0.0, "autotile_index": 0.0, "tileset": "tiles_GABEN", "coord": [ 0.0, 1.0 ] }, "608_512": { "coord": [ 2.0, 1.0 ], "autotile_index": 0.0, "tileset": "tiles_GABEN", "autotile": 1.0 }, "-256_0": { "coord": [ 3.0, 1.0 ], "autotile_index": 0.0, "tileset": "tiles_GABEN", "autotile": 1.0 }, "128_448": { "coord": [ 1.0, 1.0 ], "autotile_index": 0.0, "tileset": "tiles_GABEN", "autotile": 1.0 }, "128_320": { "coord": [ 1.0, 1.0 ], "autotile_index": 0.0, "tileset": "tiles_GABEN", "autotile": 1.0 }, "832_512": { "autotile": 1.0, "autotile_index": 0.0, "tileset": "tiles_GABEN", "coord": [ 2.0, 1.0 ] }, "896_-224": { "coord": [ 6.0, 2.0 ], "autotile_index": 0.0, "tileset": "tiles_GABEN", "autotile": 1.0 }, "1984_-64": { "coord": [ 2.0, 1.0 ], "autotile_index": 0.0, "tileset": "tiles_GABEN", "autotile": 1.0 }, "1472_-224": { "coord": [ 2.0, 2.0 ], "autotile_index": 0.0, "tileset": "tiles_GABEN", "autotile": 1.0 }, "448_416": { "coord": [ 2.0, 4.0 ], "autotile_index": 0.0, "tileset": "tiles_GABEN", "autotile": 0.0 }, "1184_-224": { "coord": [ 2.0, 2.0 ], "autotile_index": 0.0, "tileset": "tiles_GABEN", "autotile": 1.0 }, "320_448": { "coord": [ 2.0, 1.0 ], "autotile_index": 0.0, "tileset": "tiles_GABEN", "autotile": 1.0 }, "-288_352": { "coord": [ 2.0, 1.0 ], "autotile_index": 0.0, "tileset": "tiles_GABEN", "autotile": 1.0 }, "1728_512": { "coord": [ 2.0, 1.0 ], "autotile_index": 0.0, "tileset": "tiles_GABEN", "autotile": 1.0 }, "704_-224": { "coord": [ 2.0, 2.0 ], "autotile_index": 0.0, "tileset": "tiles_GABEN", "autotile": 1.0 }, "1408_32": { "autotile": 1.0, "autotile_index": 0.0, "tileset": "tiles_GABEN", "coord": [ 2.0, 2.0 ] }, "1472_0": { "autotile": 1.0, "autotile_index": 0.0, "tileset": "tiles_GABEN", "coord": [ 2.0, 1.0 ] }, "-288_-192": { "coord": [ 2.0, 1.0 ], "autotile_index": 0.0, "tileset": "tiles_GABEN", "autotile": 1.0 }, "864_512": { "autotile": 1.0, "autotile_index": 0.0, "tileset": "tiles_GABEN", "coord": [ 2.0, 1.0 ] }, "768_-256": { "coord": [ 2.0, 1.0 ], "autotile_index": 0.0, "tileset": "tiles_GABEN", "autotile": 1.0 }, "-288_416": { "coord": [ 2.0, 1.0 ], "autotile_index": 0.0, "tileset": "tiles_GABEN", "autotile": 1.0 }, "1312_224": { "autotile": 1.0, "autotile_index": 0.0, "tileset": "tiles_GABEN", "coord": [ 2.0, 1.0 ] }, "320_-224": { "coord": [ 2.0, 2.0 ], "autotile_index": 0.0, "tileset": "tiles_GABEN", "autotile": 1.0 }, "1024_-64": { "coord": [ 2.0, 1.0 ], "autotile_index": 0.0, "tileset": "tiles_GABEN", "autotile": 1.0 }, "992_480": { "coord": [ 2.0, 0.0 ], "autotile_index": 0.0, "tileset": "tiles_GABEN", "autotile": 1.0 }, "0_224": { "autotile": 0.0, "autotile_index": 0.0, "tileset": "tiles_GABEN", "coord": [ 4.0, 0.0 ] }, "640_-224": { "coord": [ 2.0, 2.0 ], "autotile_index": 0.0, "tileset": "tiles_GABEN", "autotile": 1.0 }, "1408_0": { "autotile": 1.0, "autotile_index": 0.0, "tileset": "tiles_GABEN", "coord": [ 2.0, 1.0 ] }, "1280_416": { "autotile": 1.0, "autotile_index": 0.0, "tileset": "tiles_GABEN", "coord": [ 2.0, 1.0 ] }, "1408_-256": { "coord": [ 2.0, 1.0 ], "autotile_index": 0.0, "tileset": "tiles_GABEN", "autotile": 1.0 }, "-256_256": { "coord": [ 3.0, 1.0 ], "autotile_index": 0.0, "tileset": "tiles_GABEN", "autotile": 1.0 }, "768_512": { "coord": [ 2.0, 1.0 ], "autotile_index": 0.0, "tileset": "tiles_GABEN", "autotile": 1.0 }, "1248_-224": { "coord": [ 2.0, 2.0 ], "autotile_index": 0.0, "tileset": "tiles_GABEN", "autotile": 1.0 }, "128_480": { "coord": [ 6.0, 4.0 ], "autotile_index": 0.0, "tileset": "tiles_GABEN", "autotile": 1.0 }, "832_480": { "coord": [ 2.0, 0.0 ], "autotile_index": 0.0, "tileset": "tiles_GABEN", "autotile": 1.0 }, "512_448": { "coord": [ 2.0, 4.0 ], "autotile_index": 0.0, "tileset": "tiles_GABEN", "autotile": 0.0 }, "1344_256": { "autotile": 1.0, "autotile_index": 0.0, "tileset": "tiles_GABEN", "coord": [ 3.0, 1.0 ] }, "-256_160": { "coord": [ 3.0, 1.0 ], "autotile_index": 0.0, "tileset": "tiles_GABEN", "autotile": 1.0 }, "1408_-32": { "autotile": 1.0, "autotile_index": 0.0, "tileset": "tiles_GABEN", "coord": [ 2.0, 0.0 ] }, "1088_32": { "coord": [ 2.0, 2.0 ], "autotile_index": 0.0, "tileset": "tiles_GABEN", "autotile": 1.0 }, "-288_-224": { "coord": [ 2.0, 1.0 ], "autotile_index": 0.0, "tileset": "tiles_GABEN", "autotile": 1.0 }, "864_480": { "coord": [ 2.0, 0.0 ], "autotile_index": 0.0, "tileset": "tiles_GABEN", "autotile": 1.0 }, "1664_512": { "coord": [ 2.0, 1.0 ], "autotile_index": 0.0, "tileset": "tiles_GABEN", "autotile": 1.0 }, "928_128": { "coord": [ 2.0, 1.0 ], "autotile_index": 0.0, "tileset": "tiles_GABEN", "autotile": 1.0 }, "928_384": { "coord": [ 2.0, 1.0 ], "autotile_index": 0.0, "tileset": "tiles_GABEN", "autotile": 1.0 }, "1344_-224": { "coord": [ 2.0, 2.0 ], "autotile_index": 0.0, "tileset": "tiles_GABEN", "autotile": 1.0 }, "512_512": { "coord": [ 2.0, 1.0 ], "autotile_index": 0.0, "tileset": "tiles_GABEN", "autotile": 1.0 }, "672_480": { "coord": [ 2.0, 0.0 ], "autotile_index": 0.0, "tileset": "tiles_GABEN", "autotile": 1.0 }, "992_-160": { "coord": [ 2.0, 1.0 ], "autotile_index": 0.0, "tileset": "tiles_GABEN", "autotile": 1.0 }, "288_512": { "coord": [ 2.0, 1.0 ], "autotile_index": 0.0, "tileset": "tiles_GABEN", "autotile": 1.0 }, "1920_-224": { "coord": [ 2.0, 2.0 ], "autotile_index": 0.0, "tileset": "tiles_GABEN", "autotile": 1.0 }, "1984_192": { "coord": [ 2.0, 1.0 ], "autotile_index": 0.0, "tileset": "tiles_GABEN", "autotile": 1.0 }, "928_-160": { "coord": [ 2.0, 1.0 ], "autotile_index": 0.0, "tileset": "tiles_GABEN", "autotile": 1.0 }, "-192_512": { "coord": [ 2.0, 1.0 ], "autotile_index": 0.0, "tileset": "tiles_GABEN", "autotile": 1.0 }, "1952_416": { "coord": [ 1.0, 1.0 ], "autotile_index": 0.0, "tileset": "tiles_GABEN", "autotile": 1.0 }, "1120_0": { "autotile": 1.0, "autotile_index": 0.0, "tileset": "tiles_GABEN", "coord": [ 2.0, 1.0 ] }, "416_448": { "coord": [ 2.0, 1.0 ], "autotile_index": 0.0, "tileset": "tiles_GABEN", "autotile": 1.0 }, "992_-224": { "coord": [ 2.0, 1.0 ], "autotile_index": 0.0, "tileset": "tiles_GABEN", "autotile": 1.0 }, "416_-224": { "coord": [ 2.0, 2.0 ], "autotile_index": 0.0, "tileset": "tiles_GABEN", "autotile": 1.0 }, "960_0": { "coord": [ 2.0, 1.0 ], "autotile_index": 0.0, "tileset": "tiles_GABEN", "autotile": 1.0 }, "736_480": { "coord": [ 2.0, 0.0 ], "autotile_index": 0.0, "tileset": "tiles_GABEN", "autotile": 1.0 }, "1280_192": { "autotile": 1.0, "autotile_index": 0.0, "tileset": "tiles_GABEN", "coord": [ 2.0, 0.0 ] }, "1280_448": { "autotile": 1.0, "autotile_index": 0.0, "tileset": "tiles_GABEN", "coord": [ 2.0, 1.0 ] }, "-288_64": { "coord": [ 2.0, 1.0 ], "autotile_index": 0.0, "tileset": "tiles_GABEN", "autotile": 1.0 }, "1952_0": { "coord": [ 1.0, 1.0 ], "autotile_index": 0.0, "tileset": "tiles_GABEN", "autotile": 1.0 }, "1248_32": { "autotile": 1.0, "autotile_index": 0.0, "tileset": "tiles_GABEN", "coord": [ 2.0, 2.0 ] }, "1088_-128": { "coord": [ 2.0, 1.0 ], "autotile_index": 0.0, "tileset": "tiles_GABEN", "autotile": 1.0 }, "-192_-256": { "coord": [ 2.0, 1.0 ], "autotile_index": 0.0, "tileset": "tiles_GABEN", "autotile": 1.0 }, "1120_32": { "autotile": 1.0, "autotile_index": 0.0, "tileset": "tiles_GABEN", "coord": [ 2.0, 2.0 ] }, "-32_480": { "coord": [ 2.0, 0.0 ], "autotile_index": 0.0, "tileset": "tiles_GABEN", "autotile": 1.0 }, "864_-256": { "coord": [ 2.0, 1.0 ], "autotile_index": 0.0, "tileset": "tiles_GABEN", "autotile": 1.0 }, "1088_-160": { "coord": [ 2.0, 1.0 ], "autotile_index": 0.0, "tileset": "tiles_GABEN", "autotile": 1.0 }, "928_288": { "coord": [ 2.0, 1.0 ], "autotile_index": 0.0, "tileset": "tiles_GABEN", "autotile": 1.0 }, "192_256": { "coord": [ 2.0, 1.0 ], "autotile_index": 0.0, "tileset": "tiles_GABEN", "autotile": 1.0 }, "224_384": { "coord": [ 3.0, 1.0 ], "autotile_index": 0.0, "tileset": "tiles_GABEN", "autotile": 1.0 }, "1472_-32": { "autotile": 1.0, "autotile_index": 0.0, "tileset": "tiles_GABEN", "coord": [ 2.0, 0.0 ] }, "1632_480": { "coord": [ 2.0, 0.0 ], "autotile_index": 0.0, "tileset": "tiles_GABEN", "autotile": 1.0 }, "928_448": { "autotile": 0.0, "autotile_index": 0.0, "tileset": "tiles_GABEN", "coord": [ 0.0, 1.0 ] }, "352_416": { "coord": [ 2.0, 0.0 ], "autotile_index": 0.0, "tileset": "tiles_GABEN", "autotile": 1.0 }, "512_-256": { "coord": [ 2.0, 1.0 ], "autotile_index": 0.0, "tileset": "tiles_GABEN", "autotile": 1.0 }, "224_224": { "coord": [ 3.0, 0.0 ], "autotile_index": 0.0, "tileset": "tiles_GABEN", "autotile": 1.0 }, "928_512": { "autotile": 1.0, "autotile_index": 0.0, "tileset": "tiles_GABEN", "coord": [ 2.0, 1.0 ] }, "1792_-224": { "coord": [ 2.0, 2.0 ], "autotile_index": 0.0, "tileset": "tiles_GABEN", "autotile": 1.0 }, "1952_96": { "coord": [ 1.0, 1.0 ], "autotile_index": 0.0, "tileset": "tiles_GABEN", "autotile": 1.0 }, "1984_-256": { "coord": [ 2.0, 1.0 ], "autotile_index": 0.0, "tileset": "tiles_GABEN", "autotile": 1.0 }, "32_-224": { "coord": [ 2.0, 2.0 ], "autotile_index": 0.0, "tileset": "tiles_GABEN", "autotile": 1.0 }, "1088_-256": { "coord": [ 2.0, 1.0 ], "autotile_index": 0.0, "tileset": "tiles_GABEN", "autotile": 1.0 }, "192_224": { "coord": [ 2.0, 0.0 ], "autotile_index": 0.0, "tileset": "tiles_GABEN", "autotile": 1.0 }, "896_32": { "coord": [ 1.0, 1.0 ], "autotile_index": 0.0, "tileset": "tiles_GABEN", "autotile": 1.0 }, "-256_-128": { "coord": [ 3.0, 1.0 ], "autotile_index": 0.0, "tileset": "tiles_GABEN", "autotile": 1.0 }, "1248_320": { "autotile": 1.0, "autotile_index": 0.0, "tileset": "tiles_GABEN", "coord": [ 1.0, 1.0 ] }, "1568_-224": { "coord": [ 2.0, 2.0 ], "autotile_index": 0.0, "tileset": "tiles_GABEN", "autotile": 1.0 }, "1248_192": { "autotile": 1.0, "autotile_index": 0.0, "tileset": "tiles_GABEN", "coord": [ 1.0, 0.0 ] }, "1504_-32": { "autotile": 1.0, "autotile_index": 0.0, "tileset": "tiles_GABEN", "coord": [ 2.0, 0.0 ] }, "128_288": { "coord": [ 1.0, 1.0 ], "autotile_index": 0.0, "tileset": "tiles_GABEN", "autotile": 1.0 }, "288_416": { "coord": [ 2.0, 0.0 ], "autotile_index": 0.0, "tileset": "tiles_GABEN", "autotile": 1.0 }, "-64_-224": { "coord": [ 2.0, 2.0 ], "autotile_index": 0.0, "tileset": "tiles_GABEN", "autotile": 1.0 }, "128_416": { "coord": [ 1.0, 1.0 ], "autotile_index": 0.0, "tileset": "tiles_GABEN", "autotile": 1.0 }, "960_96": { "coord": [ 3.0, 1.0 ], "autotile_index": 0.0, "tileset": "tiles_GABEN", "autotile": 1.0 }, "224_352": { "coord": [ 3.0, 1.0 ], "autotile_index": 0.0, "tileset": "tiles_GABEN", "autotile": 1.0 }, "1888_512": { "coord": [ 2.0, 1.0 ], "autotile_index": 0.0, "tileset": "tiles_GABEN", "autotile": 1.0 }, "128_224": { "coord": [ 1.0, 0.0 ], "autotile_index": 0.0, "tileset": "tiles_GABEN", "autotile": 1.0 }, "1984_416": { "coord": [ 2.0, 1.0 ], "autotile_index": 0.0, "tileset": "tiles_GABEN", "autotile": 1.0 }, "1984_0": { "coord": [ 2.0, 1.0 ], "autotile_index": 0.0, "tileset": "tiles_GABEN", "autotile": 1.0 }, "480_416": { "coord": [ 3.0, 4.0 ], "autotile_index": 0.0, "tileset": "tiles_GABEN", "autotile": 0.0 }, "576_-224": { "coord": [ 2.0, 2.0 ], "autotile_index": 0.0, "tileset": "tiles_GABEN", "autotile": 1.0 }, "1984_-96": { "coord": [ 2.0, 1.0 ], "autotile_index": 0.0, "tileset": "tiles_GABEN", "autotile": 1.0 }, "1088_-32": { "coord": [ 2.0, 1.0 ], "autotile_index": 0.0, "tileset": "tiles_GABEN", "autotile": 1.0 }, "-256_448": { "coord": [ 3.0, 1.0 ], "autotile_index": 0.0, "tileset": "tiles_GABEN", "autotile": 1.0 }, "896_-32": { "coord": [ 1.0, 1.0 ], "autotile_index": 0.0, "tileset": "tiles_GABEN", "autotile": 1.0 }, "1216_-224": { "coord": [ 2.0, 2.0 ], "autotile_index": 0.0, "tileset": "tiles_GABEN", "autotile": 1.0 }, "1504_-256": { "coord": [ 2.0, 1.0 ], "autotile_index": 0.0, "tileset": "tiles_GABEN", "autotile": 1.0 }, "448_512": { "coord": [ 2.0, 1.0 ], "autotile_index": 0.0, "tileset": "tiles_GABEN", "autotile": 1.0 }, "-288_320": { "coord": [ 2.0, 1.0 ], "autotile_index": 0.0, "tileset": "tiles_GABEN", "autotile": 1.0 }, "480_512": { "coord": [ 2.0, 1.0 ], "autotile_index": 0.0, "tileset": "tiles_GABEN", "autotile": 1.0 }, "1248_512": { "autotile": 1.0, "autotile_index": 0.0, "tileset": "tiles_GABEN", "coord": [ 2.0, 1.0 ] }, "928_-256": { "coord": [ 2.0, 1.0 ], "autotile_index": 0.0, "tileset": "tiles_GABEN", "autotile": 1.0 }, "1312_480": { "autotile": 1.0, "autotile_index": 0.0, "tileset": "tiles_GABEN", "coord": [ 2.0, 1.0 ] }, "32_480": { "coord": [ 2.0, 0.0 ], "autotile_index": 0.0, "tileset": "tiles_GABEN", "autotile": 1.0 }, "800_-256": { "coord": [ 2.0, 1.0 ], "autotile_index": 0.0, "tileset": "tiles_GABEN", "autotile": 1.0 }, "960_-64": { "coord": [ 2.0, 1.0 ], "autotile_index": 0.0, "tileset": "tiles_GABEN", "autotile": 1.0 }, "928_192": { "coord": [ 2.0, 1.0 ], "autotile_index": 0.0, "tileset": "tiles_GABEN", "autotile": 1.0 }, "1728_-224": { "coord": [ 2.0, 2.0 ], "autotile_index": 0.0, "tileset": "tiles_GABEN", "autotile": 1.0 }, "-256_288": { "coord": [ 3.0, 1.0 ], "autotile_index": 0.0, "tileset": "tiles_GABEN", "autotile": 1.0 }, "448_-224": { "coord": [ 2.0, 2.0 ], "autotile_index": 0.0, "tileset": "tiles_GABEN", "autotile": 1.0 }, "1344_-256": { "coord": [ 2.0, 1.0 ], "autotile_index": 0.0, "tileset": "tiles_GABEN", "autotile": 1.0 }, "64_-224": { "coord": [ 2.0, 2.0 ], "autotile_index": 0.0, "tileset": "tiles_GABEN", "autotile": 1.0 }, "896_320": { "coord": [ 1.0, 1.0 ], "autotile_index": 0.0, "tileset": "tiles_GABEN", "autotile": 1.0 }, "1920_-256": { "coord": [ 2.0, 1.0 ], "autotile_index": 0.0, "tileset": "tiles_GABEN", "autotile": 1.0 }, "1472_-256": { "coord": [ 2.0, 1.0 ], "autotile_index": 0.0, "tileset": "tiles_GABEN", "autotile": 1.0 }, "1120_-128": { "coord": [ 2.0, 1.0 ], "autotile_index": 0.0, "tileset": "tiles_GABEN", "autotile": 1.0 }, "1536_480": { "coord": [ 2.0, 0.0 ], "autotile_index": 0.0, "tileset": "tiles_GABEN", "autotile": 1.0 }, "1344_192": { "autotile": 1.0, "autotile_index": 0.0, "tileset": "tiles_GABEN", "coord": [ 3.0, 0.0 ] }, "-256_128": { "coord": [ 3.0, 1.0 ], "autotile_index": 0.0, "tileset": "tiles_GABEN", "autotile": 1.0 }, "-128_512": { "coord": [ 2.0, 1.0 ], "autotile_index": 0.0, "tileset": "tiles_GABEN", "autotile": 1.0 }, "-256_-224": { "coord": [ 4.0, 2.0 ], "autotile_index": 0.0, "tileset": "tiles_GABEN", "autotile": 1.0 }, "96_224": { "autotile": 0.0, "autotile_index": 0.0, "tileset": "tiles_GABEN", "coord": [ 4.0, 0.0 ] }, "1536_-224": { "coord": [ 2.0, 2.0 ], "autotile_index": 0.0, "tileset": "tiles_GABEN", "autotile": 1.0 }, "192_-224": { "coord": [ 2.0, 2.0 ], "autotile_index": 0.0, "tileset": "tiles_GABEN", "autotile": 1.0 }, "896_160": { "coord": [ 1.0, 1.0 ], "autotile_index": 0.0, "tileset": "tiles_GABEN", "autotile": 1.0 }, "960_384": { "coord": [ 3.0, 1.0 ], "autotile_index": 0.0, "tileset": "tiles_GABEN", "autotile": 1.0 }, "992_-192": { "coord": [ 2.0, 1.0 ], "autotile_index": 0.0, "tileset": "tiles_GABEN", "autotile": 1.0 }, "-224_480": { "coord": [ 2.0, 0.0 ], "autotile_index": 0.0, "tileset": "tiles_GABEN", "autotile": 1.0 }, "640_480": { "coord": [ 2.0, 0.0 ], "autotile_index": 0.0, "tileset": "tiles_GABEN", "autotile": 1.0 }, "1984_160": { "coord": [ 2.0, 1.0 ], "autotile_index": 0.0, "tileset": "tiles_GABEN", "autotile": 1.0 }, "128_512": { "coord": [ 2.0, 1.0 ], "autotile_index": 0.0, "tileset": "tiles_GABEN", "autotile": 1.0 }, "704_-256": { "coord": [ 2.0, 1.0 ], "autotile_index": 0.0, "tileset": "tiles_GABEN", "autotile": 1.0 }, "1024_-224": { "coord": [ 2.0, 1.0 ], "autotile_index": 0.0, "tileset": "tiles_GABEN", "autotile": 1.0 }, "1312_0": { "autotile": 1.0, "autotile_index": 0.0, "tileset": "tiles_GABEN", "coord": [ 2.0, 1.0 ] }, "1600_-256": { "coord": [ 2.0, 1.0 ], "autotile_index": 0.0, "tileset": "tiles_GABEN", "autotile": 1.0 }, "-288_32": { "coord": [ 2.0, 1.0 ], "autotile_index": 0.0, "tileset": "tiles_GABEN", "autotile": 1.0 }, "1696_512": { "coord": [ 2.0, 1.0 ], "autotile_index": 0.0, "tileset": "tiles_GABEN", "autotile": 1.0 }, "928_256": { "coord": [ 2.0, 1.0 ], "autotile_index": 0.0, "tileset": "tiles_GABEN", "autotile": 1.0 }, "192_-256": { "coord": [ 2.0, 1.0 ], "autotile_index": 0.0, "tileset": "tiles_GABEN", "autotile": 1.0 }, "-160_-256": { "coord": [ 2.0, 1.0 ], "autotile_index": 0.0, "tileset": "tiles_GABEN", "autotile": 1.0 }, "352_480": { "coord": [ 2.0, 1.0 ], "autotile_index": 0.0, "tileset": "tiles_GABEN", "autotile": 1.0 }, "-32_512": { "coord": [ 2.0, 1.0 ], "autotile_index": 0.0, "tileset": "tiles_GABEN", "autotile": 1.0 }, "1056_-160": { "coord": [ 2.0, 1.0 ], "autotile_index": 0.0, "tileset": "tiles_GABEN", "autotile": 1.0 }, "-64_224": { "autotile": 0.0, "autotile_index": 0.0, "tileset": "tiles_GABEN", "coord": [ 4.0, 0.0 ] }, "960_320": { "coord": [ 3.0, 1.0 ], "autotile_index": 0.0, "tileset": "tiles_GABEN", "autotile": 1.0 }, "1952_448": { "coord": [ 1.0, 1.0 ], "autotile_index": 0.0, "tileset": "tiles_GABEN", "autotile": 1.0 }, "128_-224": { "coord": [ 2.0, 2.0 ], "autotile_index": 0.0, "tileset": "tiles_GABEN", "autotile": 1.0 }, "224_320": { "coord": [ 3.0, 1.0 ], "autotile_index": 0.0, "tileset": "tiles_GABEN", "autotile": 1.0 }, "256_416": { "coord": [ 2.0, 0.0 ], "autotile_index": 0.0, "tileset": "tiles_GABEN", "autotile": 1.0 }, "800_512": { "coord": [ 2.0, 1.0 ], "autotile_index": 0.0, "tileset": "tiles_GABEN", "autotile": 1.0 }, "544_-224": { "coord": [ 2.0, 2.0 ], "autotile_index": 0.0, "tileset": "tiles_GABEN", "autotile": 1.0 }, "1632_-224": { "coord": [ 2.0, 2.0 ], "autotile_index": 0.0, "tileset": "tiles_GABEN", "autotile": 1.0 }, "1952_64": { "coord": [ 1.0, 1.0 ], "autotile_index": 0.0, "tileset": "tiles_GABEN", "autotile": 1.0 }, "1024_-32": { "coord": [ 2.0, 1.0 ], "autotile_index": 0.0, "tileset": "tiles_GABEN", "autotile": 1.0 }, "1120_480": { "coord": [ 2.0, 0.0 ], "autotile_index": 0.0, "tileset": "tiles_GABEN", "autotile": 1.0 }, "896_480": { "coord": [ 2.0, 0.0 ], "autotile_index": 0.0, "tileset": "tiles_GABEN", "autotile": 1.0 }, "960_32": { "coord": [ 4.0, 2.0 ], "autotile_index": 0.0, "tileset": "tiles_GABEN", "autotile": 1.0 }, "1728_480": { "coord": [ 2.0, 0.0 ], "autotile_index": 0.0, "tileset": "tiles_GABEN", "autotile": 1.0 }, "1120_-256": { "coord": [ 2.0, 1.0 ], "autotile_index": 0.0, "tileset": "tiles_GABEN", "autotile": 1.0 }, "1920_480": { "coord": [ 2.0, 0.0 ], "autotile_index": 0.0, "tileset": "tiles_GABEN", "autotile": 1.0 }, "1568_-256": { "coord": [ 2.0, 1.0 ], "autotile_index": 0.0, "tileset": "tiles_GABEN", "autotile": 1.0 }, "-256_384": { "coord": [ 3.0, 1.0 ], "autotile_index": 0.0, "tileset": "tiles_GABEN", "autotile": 1.0 }, "1952_224": { "coord": [ 1.0, 1.0 ], "autotile_index": 0.0, "tileset": "tiles_GABEN", "autotile": 1.0 }, "896_128": { "coord": [ 1.0, 1.0 ], "autotile_index": 0.0, "tileset": "tiles_GABEN", "autotile": 1.0 }, "1504_32": { "autotile": 1.0, "autotile_index": 0.0, "tileset": "tiles_GABEN", "coord": [ 2.0, 2.0 ] }, "-256_-160": { "coord": [ 3.0, 1.0 ], "autotile_index": 0.0, "tileset": "tiles_GABEN", "autotile": 1.0 }, "1216_32": { "autotile": 1.0, "autotile_index": 0.0, "tileset": "tiles_GABEN", "coord": [ 2.0, 2.0 ] }, "960_480": { "coord": [ 2.0, 0.0 ], "autotile_index": 0.0, "tileset": "tiles_GABEN", "autotile": 1.0 }, "736_-224": { "coord": [ 2.0, 2.0 ], "autotile_index": 0.0, "tileset": "tiles_GABEN", "autotile": 1.0 }, "64_480": { "autotile": 1.0, "autotile_index": 0.0, "tileset": "tiles_GABEN", "coord": [ 2.0, 0.0 ] }, "-288_480": { "coord": [ 2.0, 1.0 ], "autotile_index": 0.0, "tileset": "tiles_GABEN", "autotile": 1.0 }, "1152_-32": { "autotile": 1.0, "autotile_index": 0.0, "tileset": "tiles_GABEN", "coord": [ 4.0, 4.0 ] }, "1024_-160": { "coord": [ 2.0, 1.0 ], "autotile_index": 0.0, "tileset": "tiles_GABEN", "autotile": 1.0 }, "160_256": { "coord": [ 2.0, 1.0 ], "autotile_index": 0.0, "tileset": "tiles_GABEN", "autotile": 1.0 }, "480_480": { "coord": [ 2.0, 1.0 ], "autotile_index": 0.0, "tileset": "tiles_GABEN", "autotile": 1.0 }, "1600_480": { "coord": [ 2.0, 0.0 ], "autotile_index": 0.0, "tileset": "tiles_GABEN", "autotile": 1.0 }, "96_-224": { "coord": [ 2.0, 2.0 ], "autotile_index": 0.0, "tileset": "tiles_GABEN", "autotile": 1.0 }, "1984_-128": { "coord": [ 2.0, 1.0 ], "autotile_index": 0.0, "tileset": "tiles_GABEN", "autotile": 1.0 }, "896_288": { "coord": [ 1.0, 1.0 ], "autotile_index": 0.0, "tileset": "tiles_GABEN", "autotile": 1.0 }, "1280_-256": { "coord": [ 2.0, 1.0 ], "autotile_index": 0.0, "tileset": "tiles_GABEN", "autotile": 1.0 }, "928_32": { "coord": [ 2.0, 1.0 ], "autotile_index": 0.0, "tileset": "tiles_GABEN", "autotile": 1.0 }, "1024_32": { "coord": [ 2.0, 2.0 ], "autotile_index": 0.0, "tileset": "tiles_GABEN", "autotile": 1.0 }, "192_384": { "coord": [ 2.0, 1.0 ], "autotile_index": 0.0, "tileset": "tiles_GABEN", "autotile": 1.0 }, "928_96": { "coord": [ 2.0, 1.0 ], "autotile_index": 0.0, "tileset": "tiles_GABEN", "autotile": 1.0 }, "-288_224": { "coord": [ 2.0, 1.0 ], "autotile_index": 0.0, "tileset": "tiles_GABEN", "autotile": 1.0 }, "384_480": { "coord": [ 2.0, 1.0 ], "autotile_index": 0.0, "tileset": "tiles_GABEN", "autotile": 1.0 }, "1120_-64": { "autotile": 1.0, "autotile_index": 0.0, "tileset": "tiles_GABEN", "coord": [ 2.0, 1.0 ] }, "1152_512": { "coord": [ 2.0, 1.0 ], "autotile_index": 0.0, "tileset": "tiles_GABEN", "autotile": 1.0 }, "1248_0": { "autotile": 1.0, "autotile_index": 0.0, "tileset": "tiles_GABEN", "coord": [ 2.0, 1.0 ] }, "1312_512": { "autotile": 1.0, "autotile_index": 0.0, "tileset": "tiles_GABEN", "coord": [ 2.0, 1.0 ] }, "1152_-96": { "autotile": 1.0, "autotile_index": 0.0, "tileset": "tiles_GABEN", "coord": [ 3.0, 1.0 ] }, "832_-256": { "coord": [ 2.0, 1.0 ], "autotile_index": 0.0, "tileset": "tiles_GABEN", "autotile": 1.0 }, "-32_224": { "autotile": 0.0, "autotile_index": 0.0, "tileset": "tiles_GABEN", "coord": [ 4.0, 0.0 ] }, "512_480": { "coord": [ 2.0, 1.0 ], "autotile_index": 0.0, "tileset": "tiles_GABEN", "autotile": 1.0 }, "1088_0": { "coord": [ 2.0, 1.0 ], "autotile_index": 0.0, "tileset": "tiles_GABEN", "autotile": 1.0 }, "608_-256": { "coord": [ 2.0, 1.0 ], "autotile_index": 0.0, "tileset": "tiles_GABEN", "autotile": 1.0 }, "960_-96": { "coord": [ 2.0, 1.0 ], "autotile_index": 0.0, "tileset": "tiles_GABEN", "autotile": 1.0 }, "928_224": { "coord": [ 2.0, 1.0 ], "autotile_index": 0.0, "tileset": "tiles_GABEN", "autotile": 1.0 }, "160_288": { "coord": [ 2.0, 1.0 ], "autotile_index": 0.0, "tileset": "tiles_GABEN", "autotile": 1.0 }, "928_-32": { "coord": [ 2.0, 1.0 ], "autotile_index": 0.0, "tileset": "tiles_GABEN", "autotile": 1.0 }, "576_512": { "coord": [ 2.0, 1.0 ], "autotile_index": 0.0, "tileset": "tiles_GABEN", "autotile": 1.0 }, "352_-256": { "coord": [ 2.0, 1.0 ], "autotile_index": 0.0, "tileset": "tiles_GABEN", "autotile": 1.0 }, "-64_512": { "coord": [ 2.0, 1.0 ], "autotile_index": 0.0, "tileset": "tiles_GABEN", "autotile": 1.0 }, "96_-256": { "coord": [ 2.0, 1.0 ], "autotile_index": 0.0, "tileset": "tiles_GABEN", "autotile": 1.0 }, "1312_-256": { "coord": [ 2.0, 1.0 ], "autotile_index": 0.0, "tileset": "tiles_GABEN", "autotile": 1.0 }, "224_416": { "coord": [ 4.0, 4.0 ], "autotile_index": 0.0, "tileset": "tiles_GABEN", "autotile": 1.0 }, "352_512": { "coord": [ 2.0, 1.0 ], "autotile_index": 0.0, "tileset": "tiles_GABEN", "autotile": 1.0 }, "1312_352": { "autotile": 1.0, "autotile_index": 0.0, "tileset": "tiles_GABEN", "coord": [ 2.0, 1.0 ] }, "1504_-224": { "coord": [ 2.0, 2.0 ], "autotile_index": 0.0, "tileset": "tiles_GABEN", "autotile": 1.0 }, "224_256": { "coord": [ 3.0, 1.0 ], "autotile_index": 0.0, "tileset": "tiles_GABEN", "autotile": 1.0 }, "192_480": { "coord": [ 2.0, 1.0 ], "autotile_index": 0.0, "tileset": "tiles_GABEN", "autotile": 1.0 }, "1632_-256": { "coord": [ 2.0, 1.0 ], "autotile_index": 0.0, "tileset": "tiles_GABEN", "autotile": 1.0 }, "288_-224": { "coord": [ 2.0, 2.0 ], "autotile_index": 0.0, "tileset": "tiles_GABEN", "autotile": 1.0 }, "256_512": { "coord": [ 2.0, 1.0 ], "autotile_index": 0.0, "tileset": "tiles_GABEN", "autotile": 1.0 }, "-256_96": { "coord": [ 3.0, 1.0 ], "autotile_index": 0.0, "tileset": "tiles_GABEN", "autotile": 1.0 }, "704_512": { "coord": [ 2.0, 1.0 ], "autotile_index": 0.0, "tileset": "tiles_GABEN", "autotile": 1.0 }, "928_-96": { "coord": [ 2.0, 1.0 ], "autotile_index": 0.0, "tileset": "tiles_GABEN", "autotile": 1.0 }, "1056_-96": { "coord": [ 2.0, 1.0 ], "autotile_index": 0.0, "tileset": "tiles_GABEN", "autotile": 1.0 }, "-224_-224": { "coord": [ 2.0, 2.0 ], "autotile_index": 0.0, "tileset": "tiles_GABEN", "autotile": 1.0 }, "-160_480": { "coord": [ 2.0, 0.0 ], "autotile_index": 0.0, "tileset": "tiles_GABEN", "autotile": 1.0 }, "1280_384": { "autotile": 1.0, "autotile_index": 0.0, "tileset": "tiles_GABEN", "coord": [ 2.0, 1.0 ] }, "1152_-192": { "coord": [ 3.0, 1.0 ], "autotile_index": 0.0, "tileset": "tiles_GABEN", "autotile": 1.0 }, "960_64": { "coord": [ 3.0, 1.0 ], "autotile_index": 0.0, "tileset": "tiles_GABEN", "autotile": 1.0 }, "1984_-160": { "coord": [ 2.0, 1.0 ], "autotile_index": 0.0, "tileset": "tiles_GABEN", "autotile": 1.0 }, "960_224": { "coord": [ 3.0, 1.0 ], "autotile_index": 0.0, "tileset": "tiles_GABEN", "autotile": 1.0 }, "-32_-224": { "coord": [ 2.0, 2.0 ], "autotile_index": 0.0, "tileset": "tiles_GABEN", "autotile": 1.0 }, "768_480": { "coord": [ 2.0, 0.0 ], "autotile_index": 0.0, "tileset": "tiles_GABEN", "autotile": 1.0 }, "384_448": { "coord": [ 2.0, 1.0 ], "autotile_index": 0.0, "tileset": "tiles_GABEN", "autotile": 1.0 }, "1280_480": { "autotile": 1.0, "autotile_index": 0.0, "tileset": "tiles_GABEN", "coord": [ 2.0, 1.0 ] }, "1984_128": { "coord": [ 2.0, 1.0 ], "autotile_index": 0.0, "tileset": "tiles_GABEN", "autotile": 1.0 }, "1280_-32": { "autotile": 1.0, "autotile_index": 0.0, "tileset": "tiles_GABEN", "coord": [ 2.0, 0.0 ] }, "-160_512": { "coord": [ 2.0, 1.0 ], "autotile_index": 0.0, "tileset": "tiles_GABEN", "autotile": 1.0 }, "1216_480": { "coord": [ 2.0, 0.0 ], "autotile_index": 0.0, "tileset": "tiles_GABEN", "autotile": 1.0 }, "960_-32": { "coord": [ 2.0, 1.0 ], "autotile_index": 0.0, "tileset": "tiles_GABEN", "autotile": 1.0 }, "896_96": { "coord": [ 1.0, 1.0 ], "autotile_index": 0.0, "tileset": "tiles_GABEN", "autotile": 1.0 }, "928_-192": { "coord": [ 2.0, 1.0 ], "autotile_index": 0.0, "tileset": "tiles_GABEN", "autotile": 1.0 }, "1056_-224": { "coord": [ 2.0, 1.0 ], "autotile_index": 0.0, "tileset": "tiles_GABEN", "autotile": 1.0 }, "448_-256": { "coord": [ 2.0, 1.0 ], "autotile_index": 0.0, "tileset": "tiles_GABEN", "autotile": 1.0 }, "1184_0": { "autotile": 1.0, "autotile_index": 0.0, "tileset": "tiles_GABEN", "coord": [ 2.0, 1.0 ] }, "1984_384": { "coord": [ 2.0, 1.0 ], "autotile_index": 0.0, "tileset": "tiles_GABEN", "autotile": 1.0 }, "160_352": { "coord": [ 2.0, 1.0 ], "autotile_index": 0.0, "tileset": "tiles_GABEN", "autotile": 1.0 }, "1952_512": { "coord": [ 2.0, 1.0 ], "autotile_index": 0.0, "tileset": "tiles_GABEN", "autotile": 1.0 }, "-288_-64": { "coord": [ 2.0, 1.0 ], "autotile_index": 0.0, "tileset": "tiles_GABEN", "autotile": 1.0 }, "1696_-256": { "coord": [ 2.0, 1.0 ], "autotile_index": 0.0, "tileset": "tiles_GABEN", "autotile": 1.0 }, "1952_384": { "coord": [ 1.0, 1.0 ], "autotile_index": 0.0, "tileset": "tiles_GABEN", "autotile": 1.0 }, "-128_-256": { "coord": [ 2.0, 1.0 ], "autotile_index": 0.0, "tileset": "tiles_GABEN", "autotile": 1.0 }, "960_192": { "coord": [ 3.0, 1.0 ], "autotile_index": 0.0, "tileset": "tiles_GABEN", "autotile": 1.0 }, "928_320": { "coord": [ 2.0, 1.0 ], "autotile_index": 0.0, "tileset": "tiles_GABEN", "autotile": 1.0 }, "1184_480": { "coord": [ 2.0, 0.0 ], "autotile_index": 0.0, "tileset": "tiles_GABEN", "autotile": 1.0 }, "288_480": { "coord": [ 2.0, 1.0 ], "autotile_index": 0.0, "tileset": "tiles_GABEN", "autotile": 1.0 }, "1984_-224": { "coord": [ 2.0, 1.0 ], "autotile_index": 0.0, "tileset": "tiles_GABEN", "autotile": 1.0 }, "1664_-256": { "coord": [ 2.0, 1.0 ], "autotile_index": 0.0, "tileset": "tiles_GABEN", "autotile": 1.0 }, "160_320": { "coord": [ 2.0, 1.0 ], "autotile_index": 0.0, "tileset": "tiles_GABEN", "autotile": 1.0 }, "736_512": { "coord": [ 2.0, 1.0 ], "autotile_index": 0.0, "tileset": "tiles_GABEN", "autotile": 1.0 }, "1952_32": { "coord": [ 1.0, 1.0 ], "autotile_index": 0.0, "tileset": "tiles_GABEN", "autotile": 1.0 }, "1952_480": { "coord": [ 6.0, 4.0 ], "autotile_index": 0.0, "tileset": "tiles_GABEN", "autotile": 1.0 }, "1344_384": { "autotile": 1.0, "autotile_index": 0.0, "tileset": "tiles_GABEN", "coord": [ 3.0, 1.0 ] }, "704_480": { "coord": [ 2.0, 0.0 ], "autotile_index": 0.0, "tileset": "tiles_GABEN", "autotile": 1.0 }, "1152_-256": { "coord": [ 2.0, 1.0 ], "autotile_index": 0.0, "tileset": "tiles_GABEN", "autotile": 1.0 }, "1248_416": { "autotile": 1.0, "autotile_index": 0.0, "tileset": "tiles_GABEN", "coord": [ 1.0, 1.0 ] }, "-256_352": { "coord": [ 3.0, 1.0 ], "autotile_index": 0.0, "tileset": "tiles_GABEN", "autotile": 1.0 }, "1376_512": { "autotile": 1.0, "autotile_index": 0.0, "tileset": "tiles_GABEN", "coord": [ 2.0, 1.0 ] }, "1440_32": { "autotile": 1.0, "autotile_index": 0.0, "tileset": "tiles_GABEN", "coord": [ 2.0, 2.0 ] }, "-288_-160": { "coord": [ 2.0, 1.0 ], "autotile_index": 0.0, "tileset": "tiles_GABEN", "autotile": 1.0 }, "288_-256": { "coord": [ 2.0, 1.0 ], "autotile_index": 0.0, "tileset": "tiles_GABEN", "autotile": 1.0 }, "768_-224": { "coord": [ 2.0, 2.0 ], "autotile_index": 0.0, "tileset": "tiles_GABEN", "autotile": 1.0 }, "1024_-96": { "coord": [ 2.0, 1.0 ], "autotile_index": 0.0, "tileset": "tiles_GABEN", "autotile": 1.0 }, "0_480": { "coord": [ 2.0, 0.0 ], "autotile_index": 0.0, "tileset": "tiles_GABEN", "autotile": 1.0 }, "1184_-32": { "autotile": 1.0, "autotile_index": 0.0, "tileset": "tiles_GABEN", "coord": [ 2.0, 0.0 ] }, "1536_512": { "coord": [ 2.0, 1.0 ], "autotile_index": 0.0, "tileset": "tiles_GABEN", "autotile": 1.0 }, "672_512": { "coord": [ 2.0, 1.0 ], "autotile_index": 0.0, "tileset": "tiles_GABEN", "autotile": 1.0 }, "352_-224": { "coord": [ 2.0, 2.0 ], "autotile_index": 0.0, "tileset": "tiles_GABEN", "autotile": 1.0 }, "256_-224": { "coord": [ 2.0, 2.0 ], "autotile_index": 0.0, "tileset": "tiles_GABEN", "autotile": 1.0 }, "1440_-256": { "coord": [ 2.0, 1.0 ], "autotile_index": 0.0, "tileset": "tiles_GABEN", "autotile": 1.0 }, "1888_-224": { "coord": [ 2.0, 2.0 ], "autotile_index": 0.0, "tileset": "tiles_GABEN", "autotile": 1.0 }, "256_448": { "coord": [ 2.0, 1.0 ], "autotile_index": 0.0, "tileset": "tiles_GABEN", "autotile": 1.0 }, "128_-256": { "coord": [ 2.0, 1.0 ], "autotile_index": 0.0, "tileset": "tiles_GABEN", "autotile": 1.0 }, "1280_-224": { "coord": [ 2.0, 2.0 ], "autotile_index": 0.0, "tileset": "tiles_GABEN", "autotile": 1.0 }, "-288_192": { "coord": [ 2.0, 1.0 ], "autotile_index": 0.0, "tileset": "tiles_GABEN", "autotile": 1.0 }, "800_480": { "coord": [ 2.0, 0.0 ], "autotile_index": 0.0, "tileset": "tiles_GABEN", "autotile": 1.0 }, "928_480": { "coord": [ 2.0, 0.0 ], "autotile_index": 0.0, "tileset": "tiles_GABEN", "autotile": 1.0 }, "1056_-64": { "coord": [ 2.0, 1.0 ], "autotile_index": 0.0, "tileset": "tiles_GABEN", "autotile": 1.0 }, "0_512": { "coord": [ 2.0, 1.0 ], "autotile_index": 0.0, "tileset": "tiles_GABEN", "autotile": 1.0 }, "1248_256": { "autotile": 1.0, "autotile_index": 0.0, "tileset": "tiles_GABEN", "coord": [ 1.0, 1.0 ] }, "96_512": { "autotile": 1.0, "autotile_index": 0.0, "tileset": "tiles_GABEN", "coord": [ 2.0, 1.0 ] }, "64_224": { "autotile": 0.0, "autotile_index": 0.0, "tileset": "tiles_GABEN", "coord": [ 4.0, 0.0 ] }, "320_-256": { "coord": [ 2.0, 1.0 ], "autotile_index": 0.0, "tileset": "tiles_GABEN", "autotile": 1.0 }, "1600_-224": { "coord": [ 2.0, 2.0 ], "autotile_index": 0.0, "tileset": "tiles_GABEN", "autotile": 1.0 }, "960_-128": { "coord": [ 2.0, 1.0 ], "autotile_index": 0.0, "tileset": "tiles_GABEN", "autotile": 1.0 }, "1312_448": { "autotile": 1.0, "autotile_index": 0.0, "tileset": "tiles_GABEN", "coord": [ 2.0, 1.0 ] }, "224_448": { "coord": [ 2.0, 1.0 ], "autotile_index": 0.0, "tileset": "tiles_GABEN", "autotile": 1.0 }, "896_-160": { "coord": [ 1.0, 1.0 ], "autotile_index": 0.0, "tileset": "tiles_GABEN", "autotile": 1.0 }, "1504_512": { "coord": [ 2.0, 1.0 ], "autotile_index": 0.0, "tileset": "tiles_GABEN", "autotile": 1.0 }, "1824_-256": { "coord": [ 2.0, 1.0 ], "autotile_index": 0.0, "tileset": "tiles_GABEN", "autotile": 1.0 }, "1376_480": { "autotile": 1.0, "autotile_index": 0.0, "tileset": "tiles_GABEN", "coord": [ 2.0, 0.0 ] }, "384_-256": { "coord": [ 2.0, 1.0 ], "autotile_index": 0.0, "tileset": "tiles_GABEN", "autotile": 1.0 }, "960_-256": { "coord": [ 2.0, 1.0 ], "autotile_index": 0.0, "tileset": "tiles_GABEN", "autotile": 1.0 }, "1696_480": { "coord": [ 2.0, 0.0 ], "autotile_index": 0.0, "tileset": "tiles_GABEN", "autotile": 1.0 }, "1088_512": { "autotile": 1.0, "autotile_index": 0.0, "tileset": "tiles_GABEN", "coord": [ 2.0, 1.0 ] }, "416_480": { "coord": [ 2.0, 1.0 ], "autotile_index": 0.0, "tileset": "tiles_GABEN", "autotile": 1.0 }, "-256_64": { "coord": [ 3.0, 1.0 ], "autotile_index": 0.0, "tileset": "tiles_GABEN", "autotile": 1.0 }, "1280_320": { "autotile": 1.0, "autotile_index": 0.0, "tileset": "tiles_GABEN", "coord": [ 2.0, 1.0 ] }, "1088_-96": { "coord": [ 2.0, 1.0 ], "autotile_index": 0.0, "tileset": "tiles_GABEN", "autotile": 1.0 }, "-192_-224": { "coord": [ 2.0, 2.0 ], "autotile_index": 0.0, "tileset": "tiles_GABEN", "autotile": 1.0 }, "896_352": { "coord": [ 1.0, 1.0 ], "autotile_index": 0.0, "tileset": "tiles_GABEN", "autotile": 1.0 }, "-128_480": { "coord": [ 2.0, 0.0 ], "autotile_index": 0.0, "tileset": "tiles_GABEN", "autotile": 1.0 }, "928_-128": { "coord": [ 2.0, 1.0 ], "autotile_index": 0.0, "tileset": "tiles_GABEN", "autotile": 1.0 }, "1120_-192": { "coord": [ 2.0, 1.0 ], "autotile_index": 0.0, "tileset": "tiles_GABEN", "autotile": 1.0 }, "960_288": { "coord": [ 3.0, 1.0 ], "autotile_index": 0.0, "tileset": "tiles_GABEN", "autotile": 1.0 }, "1344_320": { "autotile": 1.0, "autotile_index": 0.0, "tileset": "tiles_GABEN", "coord": [ 3.0, 1.0 ] }, "1472_480": { "coord": [ 2.0, 0.0 ], "autotile_index": 0.0, "tileset": "tiles_GABEN", "autotile": 1.0 }, "352_448": { "coord": [ 2.0, 1.0 ], "autotile_index": 0.0, "tileset": "tiles_GABEN", "autotile": 1.0 }, "192_288": { "coord": [ 2.0, 1.0 ], "autotile_index": 0.0, "tileset": "tiles_GABEN", "autotile": 1.0 }, "1184_512": { "coord": [ 2.0, 1.0 ], "autotile_index": 0.0, "tileset": "tiles_GABEN", "autotile": 1.0 }, "1984_96": { "coord": [ 2.0, 1.0 ], "autotile_index": 0.0, "tileset": "tiles_GABEN", "autotile": 1.0 }, "1600_512": { "coord": [ 2.0, 1.0 ], "autotile_index": 0.0, "tileset": "tiles_GABEN", "autotile": 1.0 }, "1088_-224": { "coord": [ 2.0, 1.0 ], "autotile_index": 0.0, "tileset": "tiles_GABEN", "autotile": 1.0 }, "1152_480": { "coord": [ 2.0, 0.0 ], "autotile_index": 0.0, "tileset": "tiles_GABEN", "autotile": 1.0 }, "896_416": { "coord": [ 1.0, 2.0 ], "autotile_index": 0.0, "tileset": "tiles_GABEN", "autotile": 1.0 }, "1216_-32": { "autotile": 1.0, "autotile_index": 0.0, "tileset": "tiles_GABEN", "coord": [ 2.0, 0.0 ] }, "-288_-96": { "coord": [ 2.0, 1.0 ], "autotile_index": 0.0, "tileset": "tiles_GABEN", "autotile": 1.0 }, "1984_320": { "coord": [ 2.0, 1.0 ], "autotile_index": 0.0, "tileset": "tiles_GABEN", "autotile": 1.0 }, "1024_480": { "coord": [ 2.0, 0.0 ], "autotile_index": 0.0, "tileset": "tiles_GABEN", "autotile": 1.0 }, "896_64": { "coord": [ 1.0, 1.0 ], "autotile_index": 0.0, "tileset": "tiles_GABEN", "autotile": 1.0 }, "-96_-256": { "coord": [ 2.0, 1.0 ], "autotile_index": 0.0, "tileset": "tiles_GABEN", "autotile": 1.0 }, "128_256": { "coord": [ 1.0, 1.0 ], "autotile_index": 0.0, "tileset": "tiles_GABEN", "autotile": 1.0 }, "1792_-256": { "coord": [ 2.0, 1.0 ], "autotile_index": 0.0, "tileset": "tiles_GABEN", "autotile": 1.0 }, "960_128": { "coord": [ 3.0, 1.0 ], "autotile_index": 0.0, "tileset": "tiles_GABEN", "autotile": 1.0 }, "-288_256": { "coord": [ 2.0, 1.0 ], "autotile_index": 0.0, "tileset": "tiles_GABEN", "autotile": 1.0 }, "928_416": { "coord": [ 2.0, 2.0 ], "autotile_index": 0.0, "tileset": "tiles_GABEN", "autotile": 1.0 }, "960_256": { "coord": [ 3.0, 1.0 ], "autotile_index": 0.0, "tileset": "tiles_GABEN", "autotile": 1.0 }, "160_224": { "coord": [ 2.0, 0.0 ], "autotile_index": 0.0, "tileset": "tiles_GABEN", "autotile": 1.0 }, "1952_-64": { "coord": [ 1.0, 1.0 ], "autotile_index": 0.0, "tileset": "tiles_GABEN", "autotile": 1.0 }, "1248_-32": { "autotile": 1.0, "autotile_index": 0.0, "tileset": "tiles_GABEN", "coord": [ 2.0, 0.0 ] }, "1280_32": { "autotile": 1.0, "autotile_index": 0.0, "tileset": "tiles_GABEN", "coord": [ 2.0, 2.0 ] }, "448_480": { "coord": [ 2.0, 1.0 ], "autotile_index": 0.0, "tileset": "tiles_GABEN", "autotile": 1.0 }, "0_-256": { "coord": [ 2.0, 1.0 ], "autotile_index": 0.0, "tileset": "tiles_GABEN", "autotile": 1.0 }, "1280_288": { "autotile": 1.0, "autotile_index": 0.0, "tileset": "tiles_GABEN", "coord": [ 2.0, 1.0 ] }, "1184_-256": { "coord": [ 2.0, 1.0 ], "autotile_index": 0.0, "tileset": "tiles_GABEN", "autotile": 1.0 }, "1856_480": { "coord": [ 2.0, 0.0 ], "autotile_index": 0.0, "tileset": "tiles_GABEN", "autotile": 1.0 }, "-96_512": { "coord": [ 2.0, 1.0 ], "autotile_index": 0.0, "tileset": "tiles_GABEN", "autotile": 1.0 }, "1248_224": { "autotile": 1.0, "autotile_index": 0.0, "tileset": "tiles_GABEN", "coord": [ 1.0, 1.0 ] }, "-256_320": { "coord": [ 3.0, 1.0 ], "autotile_index": 0.0, "tileset": "tiles_GABEN", "autotile": 1.0 }, "1952_-256": { "coord": [ 2.0, 1.0 ], "autotile_index": 0.0, "tileset": "tiles_GABEN", "autotile": 1.0 }, "640_512": { "coord": [ 2.0, 1.0 ], "autotile_index": 0.0, "tileset": "tiles_GABEN", "autotile": 1.0 }, "1120_-32": { "autotile": 1.0, "autotile_index": 0.0, "tileset": "tiles_GABEN", "coord": [ 2.0, 1.0 ] }, "1184_32": { "autotile": 1.0, "autotile_index": 0.0, "tileset": "tiles_GABEN", "coord": [ 2.0, 2.0 ] }, "32_224": { "autotile": 0.0, "autotile_index": 0.0, "tileset": "tiles_GABEN", "coord": [ 4.0, 0.0 ] }, "992_0": { "coord": [ 2.0, 1.0 ], "autotile_index": 0.0, "tileset": "tiles_GABEN", "autotile": 1.0 }, "1760_-224": { "coord": [ 2.0, 2.0 ], "autotile_index": 0.0, "tileset": "tiles_GABEN", "autotile": 1.0 }, "896_-128": { "coord": [ 1.0, 1.0 ], "autotile_index": 0.0, "tileset": "tiles_GABEN", "autotile": 1.0 }, "1120_-96": { "autotile": 1.0, "autotile_index": 0.0, "tileset": "tiles_GABEN", "coord": [ 2.0, 1.0 ] }, "800_-224": { "coord": [ 2.0, 2.0 ], "autotile_index": 0.0, "tileset": "tiles_GABEN", "autotile": 1.0 }, "1056_-32": { "coord": [ 2.0, 1.0 ], "autotile_index": 0.0, "tileset": "tiles_GABEN", "autotile": 1.0 }, "1312_384": { "autotile": 1.0, "autotile_index": 0.0, "tileset": "tiles_GABEN", "coord": [ 2.0, 1.0 ] }, "896_-256": { "coord": [ 2.0, 1.0 ], "autotile_index": 0.0, "tileset": "tiles_GABEN", "autotile": 1.0 }, "1440_480": { "coord": [ 2.0, 0.0 ], "autotile_index": 0.0, "tileset": "tiles_GABEN", "autotile": 1.0 }, "992_-64": { "coord": [ 2.0, 1.0 ], "autotile_index": 0.0, "tileset": "tiles_GABEN", "autotile": 1.0 }, "896_448": { "autotile": 0.0, "autotile_index": 0.0, "tileset": "tiles_GABEN", "coord": [ 0.0, 1.0 ] }, "64_-256": { "coord": [ 2.0, 1.0 ], "autotile_index": 0.0, "tileset": "tiles_GABEN", "autotile": 1.0 }, "1056_512": { "autotile": 1.0, "autotile_index": 0.0, "tileset": "tiles_GABEN", "coord": [ 2.0, 1.0 ] }, "192_352": { "coord": [ 2.0, 1.0 ], "autotile_index": 0.0, "tileset": "tiles_GABEN", "autotile": 1.0 }, "160_512": { "coord": [ 2.0, 1.0 ], "autotile_index": 0.0, "tileset": "tiles_GABEN", "autotile": 1.0 }, "1376_-256": { "coord": [ 2.0, 1.0 ], "autotile_index": 0.0, "tileset": "tiles_GABEN", "autotile": 1.0 }, "448_448": { "coord": [ 2.0, 1.0 ], "autotile_index": 0.0, "tileset": "tiles_GABEN", "autotile": 1.0 }, "1056_480": { "autotile": 1.0, "autotile_index": 0.0, "tileset": "tiles_GABEN", "coord": [ 2.0, 0.0 ] }, "896_224": { "coord": [ 1.0, 1.0 ], "autotile_index": 0.0, "tileset": "tiles_GABEN", "autotile": 1.0 }, "-256_512": { "coord": [ 2.0, 1.0 ], "autotile_index": 0.0, "tileset": "tiles_GABEN", "autotile": 1.0 }, "1152_0": { "autotile": 1.0, "autotile_index": 0.0, "tileset": "tiles_GABEN", "coord": [ 2.0, 1.0 ] }, "224_480": { "coord": [ 2.0, 1.0 ], "autotile_index": 0.0, "tileset": "tiles_GABEN", "autotile": 1.0 }, "1344_224": { "autotile": 1.0, "autotile_index": 0.0, "tileset": "tiles_GABEN", "coord": [ 3.0, 1.0 ] }, "-288_160": { "coord": [ 2.0, 1.0 ], "autotile_index": 0.0, "tileset": "tiles_GABEN", "autotile": 1.0 }, "896_256": { "coord": [ 1.0, 1.0 ], "autotile_index": 0.0, "tileset": "tiles_GABEN", "autotile": 1.0 }, "1056_32": { "coord": [ 2.0, 2.0 ], "autotile_index": 0.0, "tileset": "tiles_GABEN", "autotile": 1.0 }, "1312_320": { "autotile": 1.0, "autotile_index": 0.0, "tileset": "tiles_GABEN", "coord": [ 2.0, 1.0 ] }, "-288_-256": { "coord": [ 2.0, 1.0 ], "autotile_index": 0.0, "tileset": "tiles_GABEN", "autotile": 1.0 }, "1376_32": { "autotile": 1.0, "autotile_index": 0.0, "tileset": "tiles_GABEN", "coord": [ 2.0, 2.0 ] }, "1344_352": { "autotile": 1.0, "autotile_index": 0.0, "tileset": "tiles_GABEN", "coord": [ 3.0, 1.0 ] }, "992_512": { "autotile": 1.0, "autotile_index": 0.0, "tileset": "tiles_GABEN", "coord": [ 2.0, 1.0 ] }, "1280_224": { "autotile": 1.0, "autotile_index": 0.0, "tileset": "tiles_GABEN", "coord": [ 2.0, 1.0 ] }, "960_-160": { "coord": [ 2.0, 1.0 ], "autotile_index": 0.0, "tileset": "tiles_GABEN", "autotile": 1.0 }, "992_-32": { "coord": [ 2.0, 1.0 ], "autotile_index": 0.0, "tileset": "tiles_GABEN", "autotile": 1.0 }, "1280_512": { "autotile": 1.0, "autotile_index": 0.0, "tileset": "tiles_GABEN", "coord": [ 2.0, 1.0 ] }, "1952_192": { "coord": [ 1.0, 1.0 ], "autotile_index": 0.0, "tileset": "tiles_GABEN", "autotile": 1.0 }, "1440_-32": { "autotile": 1.0, "autotile_index": 0.0, "tileset": "tiles_GABEN", "coord": [ 2.0, 0.0 ] }, "992_-256": { "coord": [ 2.0, 1.0 ], "autotile_index": 0.0, "tileset": "tiles_GABEN", "autotile": 1.0 }, "544_512": { "coord": [ 2.0, 1.0 ], "autotile_index": 0.0, "tileset": "tiles_GABEN", "autotile": 1.0 }, "1280_256": { "autotile": 1.0, "autotile_index": 0.0, "tileset": "tiles_GABEN", "coord": [ 2.0, 1.0 ] }, "128_384": { "coord": [ 1.0, 1.0 ], "autotile_index": 0.0, "tileset": "tiles_GABEN", "autotile": 1.0 }, "1408_512": { "autotile": 1.0, "autotile_index": 0.0, "tileset": "tiles_GABEN", "coord": [ 2.0, 1.0 ] }, "-256_32": { "coord": [ 3.0, 1.0 ], "autotile_index": 0.0, "tileset": "tiles_GABEN", "autotile": 1.0 }, "1024_512": { "autotile": 1.0, "autotile_index": 0.0, "tileset": "tiles_GABEN", "coord": [ 2.0, 1.0 ] }, "1952_-160": { "coord": [ 1.0, 1.0 ], "autotile_index": 0.0, "tileset": "tiles_GABEN", "autotile": 1.0 }, "1504_0": { "autotile": 1.0, "autotile_index": 0.0, "tileset": "tiles_GABEN", "coord": [ 2.0, 1.0 ] }, "-160_-224": { "coord": [ 2.0, 2.0 ], "autotile_index": 0.0, "tileset": "tiles_GABEN", "autotile": 1.0 }, "-224_512": { "coord": [ 2.0, 1.0 ], "autotile_index": 0.0, "tileset": "tiles_GABEN", "autotile": 1.0 }, "1504_480": { "coord": [ 2.0, 0.0 ], "autotile_index": 0.0, "tileset": "tiles_GABEN", "autotile": 1.0 }, "192_416": { "coord": [ 2.0, 1.0 ], "autotile_index": 0.0, "tileset": "tiles_GABEN", "autotile": 1.0 }, "320_480": { "coord": [ 2.0, 1.0 ], "autotile_index": 0.0, "tileset": "tiles_GABEN", "autotile": 1.0 }, "1088_-192": { "coord": [ 2.0, 1.0 ], "autotile_index": 0.0, "tileset": "tiles_GABEN", "autotile": 1.0 }, "960_352": { "coord": [ 3.0, 1.0 ], "autotile_index": 0.0, "tileset": "tiles_GABEN", "autotile": 1.0 }, "-96_480": { "coord": [ 2.0, 0.0 ], "autotile_index": 0.0, "tileset": "tiles_GABEN", "autotile": 1.0 }, "1760_512": { "coord": [ 2.0, 1.0 ], "autotile_index": 0.0, "tileset": "tiles_GABEN", "autotile": 1.0 }, "224_-224": { "coord": [ 2.0, 2.0 ], "autotile_index": 0.0, "tileset": "tiles_GABEN", "autotile": 1.0 }, "320_416": { "coord": [ 2.0, 0.0 ], "autotile_index": 0.0, "tileset": "tiles_GABEN", "autotile": 1.0 }, "64_512": { "autotile": 1.0, "autotile_index": 0.0, "tileset": "tiles_GABEN", "coord": [ 2.0, 1.0 ] }, "672_-224": { "coord": [ 2.0, 2.0 ], "autotile_index": 0.0, "tileset": "tiles_GABEN", "autotile": 1.0 }, "32_-256": { "coord": [ 2.0, 1.0 ], "autotile_index": 0.0, "tileset": "tiles_GABEN", "autotile": 1.0 }, "1984_64": { "coord": [ 2.0, 1.0 ], "autotile_index": 0.0, "tileset": "tiles_GABEN", "autotile": 1.0 }, "1312_32": { "autotile": 1.0, "autotile_index": 0.0, "tileset": "tiles_GABEN", "coord": [ 2.0, 2.0 ] }, "1952_-224": { "coord": [ 6.0, 2.0 ], "autotile_index": 0.0, "tileset": "tiles_GABEN", "autotile": 1.0 }, "1440_0": { "autotile": 1.0, "autotile_index": 0.0, "tileset": "tiles_GABEN", "coord": [ 2.0, 1.0 ] }, "1120_-224": { "coord": [ 2.0, 1.0 ], "autotile_index": 0.0, "tileset": "tiles_GABEN", "autotile": 1.0 }, "1824_-224": { "coord": [ 2.0, 2.0 ], "autotile_index": 0.0, "tileset": "tiles_GABEN", "autotile": 1.0 }, "1568_480": { "coord": [ 2.0, 0.0 ], "autotile_index": 0.0, "tileset": "tiles_GABEN", "autotile": 1.0 }, "160_480": { "coord": [ 2.0, 1.0 ], "autotile_index": 0.0, "tileset": "tiles_GABEN", "autotile": 1.0 }, "544_-256": { "coord": [ 2.0, 1.0 ], "autotile_index": 0.0, "tileset": "tiles_GABEN", "autotile": 1.0 }, "1984_224": { "coord": [ 2.0, 1.0 ], "autotile_index": 0.0, "tileset": "tiles_GABEN", "autotile": 1.0 }, "640_-256": { "coord": [ 2.0, 1.0 ], "autotile_index": 0.0, "tileset": "tiles_GABEN", "autotile": 1.0 }, "1696_-224": { "coord": [ 2.0, 2.0 ], "autotile_index": 0.0, "tileset": "tiles_GABEN", "autotile": 1.0 }, "1952_320": { "coord": [ 1.0, 1.0 ], "autotile_index": 0.0, "tileset": "tiles_GABEN", "autotile": 1.0 }, "1536_32": { "autotile": 1.0, "autotile_index": 0.0, "tileset": "tiles_GABEN", "coord": [ 3.0, 2.0 ] }, "-288_-128": { "coord": [ 2.0, 1.0 ], "autotile_index": 0.0, "tileset": "tiles_GABEN", "autotile": 1.0 }, "-64_-256": { "coord": [ 2.0, 1.0 ], "autotile_index": 0.0, "tileset": "tiles_GABEN", "autotile": 1.0 }, "-288_512": { "coord": [ 2.0, 1.0 ], "autotile_index": 0.0, "tileset": "tiles_GABEN", "autotile": 1.0 }, "896_384": { "coord": [ 1.0, 1.0 ], "autotile_index": 0.0, "tileset": "tiles_GABEN", "autotile": 1.0 }, "160_384": { "coord": [ 2.0, 1.0 ], "autotile_index": 0.0, "tileset": "tiles_GABEN", "autotile": 1.0 }, "1536_0": { "autotile": 1.0, "autotile_index": 0.0, "tileset": "tiles_GABEN", "coord": [ 3.0, 1.0 ] }, "1024_-192": { "coord": [ 2.0, 1.0 ], "autotile_index": 0.0, "tileset": "tiles_GABEN", "autotile": 1.0 }, "1792_512": { "coord": [ 2.0, 1.0 ], "autotile_index": 0.0, "tileset": "tiles_GABEN", "autotile": 1.0 }, "1664_-224": { "coord": [ 2.0, 2.0 ], "autotile_index": 0.0, "tileset": "tiles_GABEN", "autotile": 1.0 }, "1984_448": { "coord": [ 2.0, 1.0 ], "autotile_index": 0.0, "tileset": "tiles_GABEN", "autotile": 1.0 }, "1344_448": { "autotile": 1.0, "autotile_index": 0.0, "tileset": "tiles_GABEN", "coord": [ 3.0, 1.0 ] }, "1248_480": { "autotile": 1.0, "autotile_index": 0.0, "tileset": "tiles_GABEN", "coord": [ 6.0, 4.0 ] }, "1120_512": { "coord": [ 2.0, 1.0 ], "autotile_index": 0.0, "tileset": "tiles_GABEN", "autotile": 1.0 }, "288_448": { "coord": [ 2.0, 1.0 ], "autotile_index": 0.0, "tileset": "tiles_GABEN", "autotile": 1.0 }, "416_416": { "coord": [ 2.0, 0.0 ], "autotile_index": 0.0, "tileset": "tiles_GABEN", "autotile": 1.0 }, "1952_-96": { "coord": [ 1.0, 1.0 ], "autotile_index": 0.0, "tileset": "tiles_GABEN", "autotile": 1.0 }, "1472_512": { "coord": [ 2.0, 1.0 ], "autotile_index": 0.0, "tileset": "tiles_GABEN", "autotile": 1.0 }, "224_288": { "coord": [ 3.0, 1.0 ], "autotile_index": 0.0, "tileset": "tiles_GABEN", "autotile": 1.0 }, "1216_-256": { "coord": [ 2.0, 1.0 ], "autotile_index": 0.0, "tileset": "tiles_GABEN", "autotile": 1.0 }, "1408_-224": { "coord": [ 2.0, 2.0 ], "autotile_index": 0.0, "tileset": "tiles_GABEN", "autotile": 1.0 }, "1664_480": { "coord": [ 2.0, 0.0 ], "autotile_index": 0.0, "tileset": "tiles_GABEN", "autotile": 1.0 }, "1344_512": { "autotile": 1.0, "autotile_index": 0.0, "tileset": "tiles_GABEN", "coord": [ 2.0, 1.0 ] }, "896_-64": { "coord": [ 1.0, 1.0 ], "autotile_index": 0.0, "tileset": "tiles_GABEN", "autotile": 1.0 }, "-256_224": { "coord": [ 3.0, 1.0 ], "autotile_index": 0.0, "tileset": "tiles_GABEN", "autotile": 1.0 }, "608_480": { "coord": [ 2.0, 0.0 ], "autotile_index": 0.0, "tileset": "tiles_GABEN", "autotile": 1.0 }, "384_-224": { "coord": [ 2.0, 2.0 ], "autotile_index": 0.0, "tileset": "tiles_GABEN", "autotile": 1.0 }, "544_448": { "coord": [ 3.0, 4.0 ], "autotile_index": 0.0, "tileset": "tiles_GABEN", "autotile": 0.0 }, "1952_-192": { "coord": [ 1.0, 1.0 ], "autotile_index": 0.0, "tileset": "tiles_GABEN", "autotile": 1.0 }, "1984_-32": { "coord": [ 2.0, 1.0 ], "autotile_index": 0.0, "tileset": "tiles_GABEN", "autotile": 1.0 }, "832_-224": { "coord": [ 2.0, 2.0 ], "autotile_index": 0.0, "tileset": "tiles_GABEN", "autotile": 1.0 }, "-256_-32": { "coord": [ 3.0, 1.0 ], "autotile_index": 0.0, "tileset": "tiles_GABEN", "autotile": 1.0 }, "1312_192": { "autotile": 1.0, "autotile_index": 0.0, "tileset": "tiles_GABEN", "coord": [ 2.0, 0.0 ] }, "928_-224": { "coord": [ 2.0, 1.0 ], "autotile_index": 0.0, "tileset": "tiles_GABEN", "autotile": 1.0 }, "992_-96": { "coord": [ 2.0, 1.0 ], "autotile_index": 0.0, "tileset": "tiles_GABEN", "autotile": 1.0 }, "128_352": { "coord": [ 1.0, 1.0 ], "autotile_index": 0.0, "tileset": "tiles_GABEN", "autotile": 1.0 }, "1440_512": { "coord": [ 2.0, 1.0 ], "autotile_index": 0.0, "tileset": "tiles_GABEN", "autotile": 1.0 }, "1440_-224": { "coord": [ 2.0, 2.0 ], "autotile_index": 0.0, "tileset": "tiles_GABEN", "autotile": 1.0 }, "1344_480": { "autotile": 1.0, "autotile_index": 0.0, "tileset": "tiles_GABEN", "coord": [ 4.0, 4.0 ] }, "1312_-224": { "coord": [ 2.0, 2.0 ], "autotile_index": 0.0, "tileset": "tiles_GABEN", "autotile": 1.0 }, "608_-224": { "coord": [ 2.0, 2.0 ], "autotile_index": 0.0, "tileset": "tiles_GABEN", "autotile": 1.0 }, "1952_288": { "coord": [ 1.0, 1.0 ], "autotile_index": 0.0, "tileset": "tiles_GABEN", "autotile": 1.0 }, "384_512": { "coord": [ 2.0, 1.0 ], "autotile_index": 0.0, "tileset": "tiles_GABEN", "autotile": 1.0 }, "1536_-256": { "coord": [ 2.0, 1.0 ], "autotile_index": 0.0, "tileset": "tiles_GABEN", "autotile": 1.0 }, "928_-64": { "coord": [ 2.0, 1.0 ], "autotile_index": 0.0, "tileset": "tiles_GABEN", "autotile": 1.0 }, "1216_0": { "autotile": 1.0, "autotile_index": 0.0, "tileset": "tiles_GABEN", "coord": [ 2.0, 1.0 ] }, "-256_480": { "coord": [ 4.0, 4.0 ], "autotile_index": 0.0, "tileset": "tiles_GABEN", "autotile": 1.0 }, "-288_128": { "coord": [ 2.0, 1.0 ], "autotile_index": 0.0, "tileset": "tiles_GABEN", "autotile": 1.0 }, "32_512": { "coord": [ 2.0, 1.0 ], "autotile_index": 0.0, "tileset": "tiles_GABEN", "autotile": 1.0 }, "1280_352": { "autotile": 1.0, "autotile_index": 0.0, "tileset": "tiles_GABEN", "coord": [ 2.0, 1.0 ] }, "-256_-256": { "coord": [ 2.0, 1.0 ], "autotile_index": 0.0, "tileset": "tiles_GABEN", "autotile": 1.0 }, "-288_448": { "coord": [ 2.0, 1.0 ], "autotile_index": 0.0, "tileset": "tiles_GABEN", "autotile": 1.0 }, "1344_32": { "autotile": 1.0, "autotile_index": 0.0, "tileset": "tiles_GABEN", "coord": [ 2.0, 2.0 ] }, "1824_480": { "coord": [ 2.0, 0.0 ], "autotile_index": 0.0, "tileset": "tiles_GABEN", "autotile": 1.0 }, "1984_480": { "coord": [ 2.0, 1.0 ], "autotile_index": 0.0, "tileset": "tiles_GABEN", "autotile": 1.0 }, "1152_-160": { "coord": [ 3.0, 1.0 ], "autotile_index": 0.0, "tileset": "tiles_GABEN", "autotile": 1.0 }, "992_32": { "coord": [ 2.0, 2.0 ], "autotile_index": 0.0, "tileset": "tiles_GABEN", "autotile": 1.0 }, "192_512": { "coord": [ 2.0, 1.0 ], "autotile_index": 0.0, "tileset": "tiles_GABEN", "autotile": 1.0 }, "-32_-256": { "coord": [ 2.0, 1.0 ], "autotile_index": 0.0, "tileset": "tiles_GABEN", "autotile": 1.0 }, "256_-256": { "coord": [ 2.0, 1.0 ], "autotile_index": 0.0, "tileset": "tiles_GABEN", "autotile": 1.0 }, "960_-192": { "coord": [ 2.0, 1.0 ], "autotile_index": 0.0, "tileset": "tiles_GABEN", "autotile": 1.0 }, "1952_256": { "coord": [ 1.0, 1.0 ], "autotile_index": 0.0, "tileset": "tiles_GABEN", "autotile": 1.0 }, "864_-224": { "coord": [ 2.0, 2.0 ], "autotile_index": 0.0, "tileset": "tiles_GABEN", "autotile": 1.0 }, "1952_160": { "coord": [ 1.0, 1.0 ], "autotile_index": 0.0, "tileset": "tiles_GABEN", "autotile": 1.0 }, "1952_352": { "coord": [ 1.0, 1.0 ], "autotile_index": 0.0, "tileset": "tiles_GABEN", "autotile": 1.0 }, "960_512": { "autotile": 1.0, "autotile_index": 0.0, "tileset": "tiles_GABEN", "coord": [ 2.0, 1.0 ] }, "928_64": { "coord": [ 2.0, 1.0 ], "autotile_index": 0.0, "tileset": "tiles_GABEN", "autotile": 1.0 }, "160_-256": { "coord": [ 2.0, 1.0 ], "autotile_index": 0.0, "tileset": "tiles_GABEN", "autotile": 1.0 }, "1024_-256": { "coord": [ 2.0, 1.0 ], "autotile_index": 0.0, "tileset": "tiles_GABEN", "autotile": 1.0 }, "1984_256": { "coord": [ 2.0, 1.0 ], "autotile_index": 0.0, "tileset": "tiles_GABEN", "autotile": 1.0 }, "1984_-192": { "coord": [ 2.0, 1.0 ], "autotile_index": 0.0, "tileset": "tiles_GABEN", "autotile": 1.0 }, "-256_-64": { "coord": [ 3.0, 1.0 ], "autotile_index": 0.0, "tileset": "tiles_GABEN", "autotile": 1.0 }, "1344_0": { "autotile": 1.0, "autotile_index": 0.0, "tileset": "tiles_GABEN", "coord": [ 2.0, 1.0 ] }, "1632_512": { "coord": [ 2.0, 1.0 ], "autotile_index": 0.0, "tileset": "tiles_GABEN", "autotile": 1.0 }, "1888_480": { "coord": [ 2.0, 0.0 ], "autotile_index": 0.0, "tileset": "tiles_GABEN", "autotile": 1.0 }, "480_448": { "coord": [ 4.0, 4.0 ], "autotile_index": 0.0, "tileset": "tiles_GABEN", "autotile": 1.0 }, "-128_-224": { "coord": [ 2.0, 2.0 ], "autotile_index": 0.0, "tileset": "tiles_GABEN", "autotile": 1.0 }, "576_-256": { "coord": [ 2.0, 1.0 ], "autotile_index": 0.0, "tileset": "tiles_GABEN", "autotile": 1.0 }, "1056_-192": { "coord": [ 2.0, 1.0 ], "autotile_index": 0.0, "tileset": "tiles_GABEN", "autotile": 1.0 }, "928_352": { "coord": [ 2.0, 1.0 ], "autotile_index": 0.0, "tileset": "tiles_GABEN", "autotile": 1.0 }, "1312_288": { "autotile": 1.0, "autotile_index": 0.0, "tileset": "tiles_GABEN", "coord": [ 2.0, 1.0 ] } } }, "backgrounds": { "5": { "x": 0.0, "scroll_x": 0.0, "tile_y": 1.0, "hspeed": 0.0, "scroll_y": 0.0, "y": 0.0, "sprite": "gaben", "tile_x": 1.0, "vspeed": 0.0, "image_speed": 15.0, "panic_sprite": -1.0 } }, "properties": { "songTransitionTime": 100.0, "roomX": -288.0, "levelWidth": 2016.0, "roomY": -256.0, "levelHeight": 540.0, "song": "stopgaben" } }