{ "editorVersion": 5.0, "instances": [ { "layer": 0.0, "deleted": 0.0, "variables": { "x": 192.0, "y": 320.0, "image_xscale": 1.0, "image_yscale": 1.0, "flipX": 0.0, "flipY": 0.0 }, "object": 248.0 }, { "layer": 0.0, "deleted": 0.0, "variables": { "x": 96.0, "flipX": 0.0, "y": 448.0, "flipY": 0.0 }, "object": 517.0 }, { "layer": 0.0, "deleted": 0.0, "variables": { "x": 96.0, "flipX": 0.0, "y": 416.0, "flipY": 0.0 }, "object": 517.0 }, { "layer": 0.0, "deleted": 0.0, "variables": { "x": 128.0, "flipX": 0.0, "y": 448.0, "flipY": 0.0 }, "object": 517.0 }, { "layer": 0.0, "deleted": 0.0, "variables": { "x": 160.0, "flipX": 0.0, "y": 448.0, "flipY": 0.0 }, "object": 517.0 }, { "layer": 0.0, "deleted": 0.0, "variables": { "x": 192.0, "flipX": 0.0, "y": 448.0, "flipY": 0.0 }, "object": 517.0 }, { "layer": 0.0, "deleted": 0.0, "variables": { "x": 224.0, "flipX": 0.0, "y": 448.0, "flipY": 0.0 }, "object": 517.0 }, { "layer": 0.0, "deleted": 0.0, "variables": { "x": 256.0, "flipX": 0.0, "y": 448.0, "flipY": 0.0 }, "object": 517.0 }, { "layer": 0.0, "deleted": 0.0, "variables": { "x": 256.0, "flipX": 0.0, "y": 416.0, "flipY": 0.0 }, "object": 517.0 }, { "layer": 0.0, "deleted": 0.0, "variables": { "x": 224.0, "flipX": 0.0, "y": 416.0, "flipY": 0.0 }, "object": 517.0 }, { "layer": 0.0, "deleted": 0.0, "variables": { "x": 192.0, "flipX": 0.0, "y": 416.0, "flipY": 0.0 }, "object": 517.0 }, { "layer": 0.0, "deleted": 0.0, "variables": { "x": 160.0, "flipX": 0.0, "y": 416.0, "flipY": 0.0 }, "object": 517.0 }, { "layer": 0.0, "deleted": 0.0, "variables": { "x": 128.0, "flipX": 0.0, "y": 416.0, "flipY": 0.0 }, "object": 517.0 }, { "layer": 0.0, "deleted": 0.0, "variables": { "x": 96.0, "flipX": 0.0, "y": 192.0, "flipY": 0.0 }, "object": 517.0 }, { "layer": 0.0, "deleted": 0.0, "variables": { "x": 128.0, "flipX": 0.0, "y": 192.0, "flipY": 0.0 }, "object": 517.0 }, { "layer": 0.0, "deleted": 0.0, "variables": { "x": 160.0, "flipX": 0.0, "y": 192.0, "flipY": 0.0 }, "object": 517.0 }, { "layer": 0.0, "deleted": 0.0, "variables": { "x": 192.0, "flipX": 0.0, "y": 192.0, "flipY": 0.0 }, "object": 517.0 }, { "layer": 0.0, "deleted": 0.0, "variables": { "x": 224.0, "flipX": 0.0, "y": 192.0, "flipY": 0.0 }, "object": 517.0 }, { "layer": 0.0, "deleted": 0.0, "variables": { "x": 256.0, "flipX": 0.0, "y": 192.0, "flipY": 0.0 }, "object": 517.0 }, { "layer": 0.0, "deleted": 0.0, "variables": { "x": 256.0, "flipX": 0.0, "y": 160.0, "flipY": 0.0 }, "object": 517.0 }, { "layer": 0.0, "deleted": 0.0, "variables": { "x": 224.0, "flipX": 0.0, "y": 160.0, "flipY": 0.0 }, "object": 517.0 }, { "layer": 0.0, "deleted": 0.0, "variables": { "x": 192.0, "flipX": 0.0, "y": 160.0, "flipY": 0.0 }, "object": 517.0 }, { "layer": 0.0, "deleted": 0.0, "variables": { "x": 160.0, "flipX": 0.0, "y": 160.0, "flipY": 0.0 }, "object": 517.0 }, { "layer": 0.0, "deleted": 0.0, "variables": { "x": 128.0, "flipX": 0.0, "y": 160.0, "flipY": 0.0 }, "object": 517.0 }, { "layer": 0.0, "deleted": 0.0, "variables": { "x": 96.0, "flipX": 0.0, "y": 160.0, "flipY": 0.0 }, "object": 517.0 }, { "layer": 0.0, "deleted": 0.0, "variables": { "x": 1472.0, "flipX": 0.0, "y": 384.0, "flipY": 0.0 }, "object": 517.0 }, { "layer": 0.0, "deleted": 0.0, "variables": { "x": 1472.0, "flipX": 0.0, "y": 352.0, "flipY": 0.0 }, "object": 517.0 }, { "layer": 0.0, "deleted": 0.0, "variables": { "x": 1472.0, "flipX": 0.0, "y": 320.0, "flipY": 0.0 }, "object": 517.0 }, { "layer": 0.0, "deleted": 0.0, "variables": { "x": 1472.0, "flipX": 0.0, "y": 288.0, "flipY": 0.0 }, "object": 517.0 }, { "layer": 0.0, "deleted": 0.0, "variables": { "x": 1472.0, "flipX": 0.0, "y": 256.0, "flipY": 0.0 }, "object": 517.0 }, { "layer": 0.0, "deleted": 0.0, "variables": { "x": 1472.0, "flipX": 0.0, "y": 224.0, "flipY": 0.0 }, "object": 517.0 }, { "layer": 0.0, "deleted": 0.0, "variables": { "x": 1472.0, "flipX": 0.0, "y": 192.0, "flipY": 0.0 }, "object": 517.0 }, { "layer": 0.0, "deleted": 0.0, "variables": { "x": 1472.0, "flipX": 0.0, "y": 160.0, "flipY": 0.0 }, "object": 517.0 }, { "layer": 0.0, "deleted": 0.0, "variables": { "x": 1472.0, "flipX": 0.0, "y": 128.0, "flipY": 0.0 }, "object": 517.0 }, { "layer": 0.0, "deleted": 0.0, "variables": { "x": 1472.0, "flipX": 0.0, "y": 96.0, "flipY": 0.0 }, "object": 517.0 }, { "layer": 0.0, "deleted": 0.0, "variables": { "x": 960.0, "flipX": 0.0, "y": 288.0, "flipY": 0.0 }, "object": 752.0 }, { "layer": 0.0, "deleted": 0.0, "variables": { "x": 928.0, "flipX": 0.0, "y": 288.0, "flipY": 0.0 }, "object": 752.0 }, { "layer": 0.0, "deleted": 0.0, "variables": { "x": 1440.0, "flipX": 0.0, "y": 96.0, "flipY": 0.0 }, "object": 517.0 }, { "layer": 0.0, "deleted": 0.0, "variables": { "x": 1440.0, "flipX": 0.0, "y": 128.0, "flipY": 0.0 }, "object": 517.0 }, { "layer": 0.0, "deleted": 0.0, "variables": { "x": 1440.0, "flipX": 0.0, "y": 160.0, "flipY": 0.0 }, "object": 517.0 }, { "layer": 0.0, "deleted": 0.0, "variables": { "x": 1440.0, "flipX": 0.0, "y": 192.0, "flipY": 0.0 }, "object": 517.0 }, { "layer": 0.0, "deleted": 0.0, "variables": { "x": 1440.0, "flipX": 0.0, "y": 224.0, "flipY": 0.0 }, "object": 517.0 }, { "layer": 0.0, "deleted": 0.0, "variables": { "x": 1440.0, "flipX": 0.0, "y": 256.0, "flipY": 0.0 }, "object": 517.0 }, { "layer": 0.0, "deleted": 0.0, "variables": { "x": 1440.0, "flipX": 0.0, "y": 288.0, "flipY": 0.0 }, "object": 517.0 }, { "layer": 0.0, "deleted": 0.0, "variables": { "x": 1440.0, "flipX": 0.0, "y": 320.0, "flipY": 0.0 }, "object": 517.0 }, { "layer": 0.0, "deleted": 0.0, "variables": { "x": 1440.0, "flipX": 0.0, "y": 352.0, "flipY": 0.0 }, "object": 517.0 }, { "layer": 0.0, "deleted": 0.0, "variables": { "x": 1440.0, "flipX": 0.0, "y": 384.0, "flipY": 0.0 }, "object": 517.0 }, { "layer": 0.0, "deleted": 0.0, "variables": { "x": 672.0, "flipX": 0.0, "y": 416.0, "flipY": 0.0 }, "object": 743.0 }, { "layer": 0.0, "deleted": 0.0, "variables": { "x": 640.0, "flipX": 0.0, "y": 416.0, "flipY": 0.0 }, "object": 743.0 }, { "layer": 0.0, "deleted": 0.0, "variables": { "x": 608.0, "flipX": 0.0, "y": 416.0, "flipY": 0.0 }, "object": 743.0 }, { "layer": 0.0, "deleted": 0.0, "variables": { "x": 576.0, "flipX": 0.0, "y": 416.0, "flipY": 0.0 }, "object": 743.0 }, { "layer": 0.0, "deleted": 0.0, "variables": { "x": 544.0, "flipX": 0.0, "y": 416.0, "flipY": 0.0 }, "object": 743.0 }, { "layer": 0.0, "deleted": 0.0, "variables": { "x": 512.0, "flipX": 0.0, "y": 416.0, "flipY": 0.0 }, "object": 743.0 }, { "layer": 0.0, "deleted": 0.0, "variables": { "x": 480.0, "flipX": 0.0, "y": 416.0, "flipY": 0.0 }, "object": 743.0 }, { "layer": 0.0, "deleted": 0.0, "variables": { "x": 448.0, "flipX": 0.0, "y": 416.0, "flipY": 0.0 }, "object": 743.0 }, { "layer": 0.0, "deleted": 0.0, "variables": { "x": 416.0, "flipX": 0.0, "y": 416.0, "flipY": 0.0 }, "object": 743.0 }, { "layer": 0.0, "deleted": 0.0, "variables": { "x": 384.0, "flipX": 0.0, "y": 416.0, "flipY": 0.0 }, "object": 743.0 }, { "layer": 0.0, "deleted": 0.0, "variables": { "x": 352.0, "flipX": 0.0, "y": 416.0, "flipY": 0.0 }, "object": 743.0 }, { "layer": 0.0, "deleted": 0.0, "variables": { "x": 320.0, "flipX": 0.0, "y": 416.0, "flipY": 0.0 }, "object": 743.0 }, { "layer": 0.0, "deleted": 0.0, "variables": { "x": 480.0, "flipX": 0.0, "y": 320.0, "flipY": 0.0 }, "object": 763.0 }, { "layer": 0.0, "deleted": 0.0, "variables": { "x": 896.0, "flipX": 0.0, "y": 320.0, "flipY": 0.0 }, "object": 752.0 }, { "layer": 0.0, "deleted": 1.0, "variables": { "x": 416.0, "flipX": 0.0, "y": 64.0, "flipY": 0.0 }, "object": 1136.0 }, { "layer": 0.0, "deleted": 0.0, "variables": { "x": 704.0, "flipX": 0.0, "y": 416.0, "flipY": 0.0 }, "object": 743.0 }, { "layer": 0.0, "deleted": 0.0, "variables": { "x": 736.0, "flipX": 0.0, "y": 416.0, "flipY": 0.0 }, "object": 743.0 }, { "layer": 0.0, "deleted": 0.0, "variables": { "x": 768.0, "flipX": 0.0, "y": 416.0, "flipY": 0.0 }, "object": 743.0 }, { "layer": 0.0, "deleted": 0.0, "variables": { "x": 800.0, "flipX": 0.0, "y": 416.0, "flipY": 0.0 }, "object": 743.0 }, { "layer": 0.0, "deleted": 0.0, "variables": { "x": 832.0, "flipX": 0.0, "y": 416.0, "flipY": 0.0 }, "object": 743.0 }, { "layer": 0.0, "deleted": 0.0, "variables": { "x": 864.0, "flipX": 0.0, "y": 416.0, "flipY": 0.0 }, "object": 743.0 }, { "layer": 0.0, "deleted": 0.0, "variables": { "x": 896.0, "flipX": 0.0, "y": 416.0, "flipY": 0.0 }, "object": 743.0 }, { "layer": 0.0, "deleted": 0.0, "variables": { "x": 928.0, "flipX": 0.0, "y": 416.0, "flipY": 0.0 }, "object": 743.0 }, { "layer": 0.0, "deleted": 0.0, "variables": { "x": 960.0, "flipX": 0.0, "y": 416.0, "flipY": 0.0 }, "object": 743.0 }, { "layer": 0.0, "deleted": 0.0, "variables": { "x": 992.0, "flipX": 0.0, "y": 416.0, "flipY": 0.0 }, "object": 743.0 }, { "layer": 0.0, "deleted": 0.0, "variables": { "x": 1024.0, "flipX": 0.0, "y": 416.0, "flipY": 0.0 }, "object": 743.0 }, { "layer": 0.0, "deleted": 0.0, "variables": { "x": 1056.0, "flipX": 0.0, "y": 416.0, "flipY": 0.0 }, "object": 743.0 }, { "layer": 0.0, "deleted": 0.0, "variables": { "x": 1088.0, "flipX": 0.0, "y": 416.0, "flipY": 0.0 }, "object": 743.0 }, { "layer": 0.0, "deleted": 0.0, "variables": { "x": 1120.0, "flipX": 0.0, "y": 416.0, "flipY": 0.0 }, "object": 743.0 }, { "layer": 0.0, "deleted": 0.0, "variables": { "x": 1152.0, "flipX": 0.0, "y": 416.0, "flipY": 0.0 }, "object": 743.0 }, { "layer": 0.0, "deleted": 0.0, "variables": { "x": 1184.0, "flipX": 0.0, "y": 416.0, "flipY": 0.0 }, "object": 743.0 }, { "layer": 0.0, "deleted": 0.0, "variables": { "x": 1216.0, "flipX": 0.0, "y": 416.0, "flipY": 0.0 }, "object": 743.0 }, { "layer": 0.0, "deleted": 0.0, "variables": { "x": 1248.0, "flipX": 0.0, "y": 416.0, "flipY": 0.0 }, "object": 743.0 }, { "layer": 0.0, "deleted": 0.0, "variables": { "x": 1280.0, "flipX": 0.0, "y": 416.0, "flipY": 0.0 }, "object": 743.0 }, { "layer": 0.0, "deleted": 0.0, "variables": { "x": 1312.0, "flipX": 0.0, "y": 416.0, "flipY": 0.0 }, "object": 743.0 }, { "layer": 0.0, "deleted": 0.0, "variables": { "x": 320.0, "flipX": 0.0, "y": 160.0, "flipY": 0.0 }, "object": 743.0 }, { "layer": 0.0, "deleted": 0.0, "variables": { "x": 352.0, "flipX": 0.0, "y": 160.0, "flipY": 0.0 }, "object": 743.0 }, { "layer": 0.0, "deleted": 0.0, "variables": { "x": 384.0, "flipX": 0.0, "y": 160.0, "flipY": 0.0 }, "object": 743.0 }, { "layer": 0.0, "deleted": 0.0, "variables": { "x": 416.0, "flipX": 0.0, "y": 160.0, "flipY": 0.0 }, "object": 743.0 }, { "layer": 0.0, "deleted": 0.0, "variables": { "x": 448.0, "flipX": 0.0, "y": 160.0, "flipY": 0.0 }, "object": 743.0 }, { "layer": 0.0, "deleted": 0.0, "variables": { "x": 480.0, "flipX": 0.0, "y": 160.0, "flipY": 0.0 }, "object": 743.0 }, { "layer": 0.0, "deleted": 0.0, "variables": { "x": 512.0, "flipX": 0.0, "y": 160.0, "flipY": 0.0 }, "object": 743.0 }, { "layer": 0.0, "deleted": 0.0, "variables": { "x": 544.0, "flipX": 0.0, "y": 160.0, "flipY": 0.0 }, "object": 743.0 }, { "layer": 0.0, "deleted": 0.0, "variables": { "x": 576.0, "flipX": 0.0, "y": 160.0, "flipY": 0.0 }, "object": 743.0 }, { "layer": 0.0, "deleted": 0.0, "variables": { "x": 608.0, "flipX": 0.0, "y": 160.0, "flipY": 0.0 }, "object": 743.0 }, { "layer": 0.0, "deleted": 0.0, "variables": { "x": 640.0, "flipX": 0.0, "y": 160.0, "flipY": 0.0 }, "object": 743.0 }, { "layer": 0.0, "deleted": 0.0, "variables": { "x": 672.0, "flipX": 0.0, "y": 160.0, "flipY": 0.0 }, "object": 743.0 }, { "layer": 0.0, "deleted": 0.0, "variables": { "x": 704.0, "flipX": 0.0, "y": 160.0, "flipY": 0.0 }, "object": 743.0 }, { "layer": 0.0, "deleted": 0.0, "variables": { "x": 736.0, "flipX": 0.0, "y": 160.0, "flipY": 0.0 }, "object": 743.0 }, { "layer": 0.0, "deleted": 0.0, "variables": { "x": 768.0, "flipX": 0.0, "y": 160.0, "flipY": 0.0 }, "object": 743.0 }, { "layer": 0.0, "deleted": 0.0, "variables": { "x": 800.0, "flipX": 0.0, "y": 160.0, "flipY": 0.0 }, "object": 743.0 }, { "layer": 0.0, "deleted": 0.0, "variables": { "x": 832.0, "flipX": 0.0, "y": 160.0, "flipY": 0.0 }, "object": 743.0 }, { "layer": 0.0, "deleted": 0.0, "variables": { "x": 864.0, "flipX": 0.0, "y": 160.0, "flipY": 0.0 }, "object": 743.0 }, { "layer": 0.0, "deleted": 0.0, "variables": { "x": 896.0, "flipX": 0.0, "y": 160.0, "flipY": 0.0 }, "object": 743.0 }, { "layer": 0.0, "deleted": 0.0, "variables": { "x": 928.0, "flipX": 0.0, "y": 160.0, "flipY": 0.0 }, "object": 743.0 }, { "layer": 0.0, "deleted": 0.0, "variables": { "x": 960.0, "flipX": 0.0, "y": 160.0, "flipY": 0.0 }, "object": 743.0 }, { "layer": 0.0, "deleted": 0.0, "variables": { "x": 992.0, "flipX": 0.0, "y": 160.0, "flipY": 0.0 }, "object": 743.0 }, { "layer": 0.0, "deleted": 0.0, "variables": { "x": 1024.0, "flipX": 0.0, "y": 160.0, "flipY": 0.0 }, "object": 743.0 }, { "layer": 0.0, "deleted": 0.0, "variables": { "x": 1056.0, "flipX": 0.0, "y": 160.0, "flipY": 0.0 }, "object": 743.0 }, { "layer": 0.0, "deleted": 0.0, "variables": { "x": 1088.0, "flipX": 0.0, "y": 160.0, "flipY": 0.0 }, "object": 743.0 }, { "layer": 0.0, "deleted": 0.0, "variables": { "x": 1120.0, "flipX": 0.0, "y": 160.0, "flipY": 0.0 }, "object": 743.0 }, { "layer": 0.0, "deleted": 0.0, "variables": { "x": 1152.0, "flipX": 0.0, "y": 160.0, "flipY": 0.0 }, "object": 743.0 }, { "layer": 0.0, "deleted": 0.0, "variables": { "x": 1184.0, "flipX": 0.0, "y": 160.0, "flipY": 0.0 }, "object": 743.0 }, { "layer": 0.0, "deleted": 0.0, "variables": { "x": 1216.0, "flipX": 0.0, "y": 160.0, "flipY": 0.0 }, "object": 743.0 }, { "layer": 0.0, "deleted": 0.0, "variables": { "x": 1248.0, "flipX": 0.0, "y": 160.0, "flipY": 0.0 }, "object": 743.0 }, { "layer": 0.0, "deleted": 0.0, "variables": { "x": 1280.0, "flipX": 0.0, "y": 160.0, "flipY": 0.0 }, "object": 743.0 }, { "layer": 0.0, "deleted": 0.0, "variables": { "x": 1312.0, "flipX": 0.0, "y": 160.0, "flipY": 0.0 }, "object": 743.0 }, { "layer": 0.0, "deleted": 0.0, "variables": { "x": 992.0, "flipX": 0.0, "y": 320.0, "flipY": 0.0 }, "object": 752.0 }, { "layer": 0.0, "deleted": 0.0, "variables": { "x": 1024.0, "flipX": 0.0, "y": 96.0, "flipY": 0.0 }, "object": 752.0 }, { "layer": 0.0, "deleted": 0.0, "variables": { "x": 992.0, "flipX": 0.0, "y": 96.0, "flipY": 0.0 }, "object": 752.0 }, { "layer": 0.0, "deleted": 0.0, "variables": { "x": 960.0, "flipX": 0.0, "y": 96.0, "flipY": 0.0 }, "object": 752.0 }, { "layer": 0.0, "deleted": 0.0, "variables": { "x": 928.0, "flipX": 0.0, "y": 96.0, "flipY": 0.0 }, "object": 752.0 }, { "layer": 0.0, "deleted": 0.0, "variables": { "x": 1408.0, "flipX": 0.0, "y": 256.0, "flipY": 0.0 }, "object": 763.0 }, { "layer": 0.0, "deleted": 0.0, "variables": { "x": 192.0, "y": 96.0, "targetRoom": "room1", "image_xscale": 1.0, "image_yscale": 1.0, "secret": "true", "flipX": 0.0, "flipY": 0.0 }, "object": 98.0 }, { "layer": 0.0, "deleted": 0.0, "variables": { "x": 480.0, "flipX": 0.0, "y": 64.0, "flipY": 0.0 }, "object": 763.0 } ], "tile_data": { "5": { "1152_416": { "coord": [ 3.0, 31.0 ], "autotile_index": 0.0, "tileset": "bg_tilefreezer", "autotile": 0.0 }, "608_160": { "autotile": 0.0, "autotile_index": 0.0, "tileset": "bg_tilefreezer", "coord": [ 4.0, 31.0 ] }, "128_448": { "autotile": 1.0, "autotile_index": 0.0, "tileset": "tile_secret", "coord": [ 2.0, 5.0 ] }, "544_416": { "autotile": 0.0, "autotile_index": 0.0, "tileset": "bg_tilefreezer", "coord": [ 5.0, 31.0 ] }, "1472_224": { "coord": [ 5.0, 4.0 ], "autotile_index": 0.0, "tileset": "tile_secret", "autotile": 1.0 }, "1472_320": { "coord": [ 5.0, 4.0 ], "autotile_index": 0.0, "tileset": "tile_secret", "autotile": 1.0 }, "96_192": { "coord": [ 1.0, 5.0 ], "autotile_index": 0.0, "tileset": "tile_secret", "autotile": 1.0 }, "1280_160": { "autotile": 0.0, "autotile_index": 0.0, "tileset": "bg_tilefreezer", "coord": [ 5.0, 31.0 ] }, "576_160": { "autotile": 0.0, "autotile_index": 0.0, "tileset": "bg_tilefreezer", "coord": [ 3.0, 31.0 ] }, "320_512": { "autotile": 0.0, "autotile_index": 0.0, "tileset": "bg_tilefreezer", "coord": [ 0.0, 36.0 ] }, "192_448": { "autotile": 1.0, "autotile_index": 0.0, "tileset": "tile_secret", "coord": [ 2.0, 5.0 ] }, "224_192": { "coord": [ 2.0, 5.0 ], "autotile_index": 0.0, "tileset": "tile_secret", "autotile": 1.0 }, "224_416": { "autotile": 1.0, "autotile_index": 0.0, "tileset": "tile_secret", "coord": [ 4.0, 1.0 ] }, "704_160": { "coord": [ 3.0, 31.0 ], "autotile_index": 0.0, "tileset": "bg_tilefreezer", "autotile": 0.0 }, "416_160": { "coord": [ 2.0, 31.0 ], "autotile_index": 0.0, "tileset": "bg_tilefreezer", "autotile": 0.0 }, "96_416": { "autotile": 1.0, "autotile_index": 0.0, "tileset": "tile_secret", "coord": [ 1.0, 1.0 ] }, "768_416": { "autotile": 0.0, "autotile_index": 0.0, "tileset": "bg_tilefreezer", "coord": [ 5.0, 31.0 ] }, "768_160": { "coord": [ 5.0, 31.0 ], "autotile_index": 0.0, "tileset": "bg_tilefreezer", "autotile": 0.0 }, "128_192": { "coord": [ 2.0, 5.0 ], "autotile_index": 0.0, "tileset": "tile_secret", "autotile": 1.0 }, "640_160": { "autotile": 0.0, "autotile_index": 0.0, "tileset": "bg_tilefreezer", "coord": [ 5.0, 31.0 ] }, "352_416": { "coord": [ 1.0, 31.0 ], "autotile_index": 0.0, "tileset": "bg_tilefreezer", "autotile": 0.0 }, "1472_160": { "coord": [ 5.0, 4.0 ], "autotile_index": 0.0, "tileset": "tile_secret", "autotile": 1.0 }, "384_416": { "autotile": 0.0, "autotile_index": 0.0, "tileset": "bg_tilefreezer", "coord": [ 4.0, 31.0 ] }, "96_160": { "coord": [ 1.0, 1.0 ], "autotile_index": 0.0, "tileset": "tile_secret", "autotile": 1.0 }, "1056_416": { "coord": [ 3.0, 31.0 ], "autotile_index": 0.0, "tileset": "bg_tilefreezer", "autotile": 0.0 }, "1184_160": { "coord": [ 3.0, 31.0 ], "autotile_index": 0.0, "tileset": "bg_tilefreezer", "autotile": 0.0 }, "320_384": { "autotile": 0.0, "autotile_index": 0.0, "tileset": "bg_tilefreezer", "coord": [ 0.0, 34.0 ] }, "1088_416": { "coord": [ 5.0, 31.0 ], "autotile_index": 0.0, "tileset": "bg_tilefreezer", "autotile": 0.0 }, "1024_160": { "coord": [ 5.0, 31.0 ], "autotile_index": 0.0, "tileset": "bg_tilefreezer", "autotile": 0.0 }, "896_416": { "coord": [ 1.0, 31.0 ], "autotile_index": 0.0, "tileset": "bg_tilefreezer", "autotile": 0.0 }, "96_448": { "autotile": 1.0, "autotile_index": 0.0, "tileset": "tile_secret", "coord": [ 1.0, 5.0 ] }, "512_160": { "autotile": 0.0, "autotile_index": 0.0, "tileset": "bg_tilefreezer", "coord": [ 5.0, 31.0 ] }, "544_160": { "autotile": 0.0, "autotile_index": 0.0, "tileset": "bg_tilefreezer", "coord": [ 1.0, 31.0 ] }, "1472_192": { "coord": [ 5.0, 4.0 ], "autotile_index": 0.0, "tileset": "tile_secret", "autotile": 1.0 }, "192_160": { "coord": [ 4.0, 1.0 ], "autotile_index": 0.0, "tileset": "tile_secret", "autotile": 1.0 }, "1440_288": { "coord": [ 1.0, 2.0 ], "autotile_index": 0.0, "tileset": "tile_secret", "autotile": 1.0 }, "128_160": { "coord": [ 4.0, 1.0 ], "autotile_index": 0.0, "tileset": "tile_secret", "autotile": 1.0 }, "832_416": { "autotile": 0.0, "autotile_index": 0.0, "tileset": "bg_tilefreezer", "coord": [ 3.0, 31.0 ] }, "1152_160": { "coord": [ 5.0, 31.0 ], "autotile_index": 0.0, "tileset": "bg_tilefreezer", "autotile": 0.0 }, "1472_128": { "autotile": 1.0, "autotile_index": 0.0, "tileset": "tile_secret", "coord": [ 5.0, 4.0 ] }, "1312_448": { "coord": [ 6.0, 33.0 ], "autotile_index": 0.0, "tileset": "bg_tilefreezer", "autotile": 0.0 }, "1312_192": { "autotile": 0.0, "autotile_index": 0.0, "tileset": "bg_tilefreezer", "coord": [ 6.0, 32.0 ] }, "320_256": { "autotile": 0.0, "autotile_index": 0.0, "tileset": "bg_tilefreezer", "coord": [ 0.0, 34.0 ] }, "320_288": { "coord": [ 0.0, 34.0 ], "autotile_index": 0.0, "tileset": "bg_tilefreezer", "autotile": 0.0 }, "256_448": { "autotile": 1.0, "autotile_index": 0.0, "tileset": "tile_secret", "coord": [ 5.0, 5.0 ] }, "928_416": { "coord": [ 5.0, 31.0 ], "autotile_index": 0.0, "tileset": "bg_tilefreezer", "autotile": 0.0 }, "1312_512": { "coord": [ 6.0, 36.0 ], "autotile_index": 0.0, "tileset": "bg_tilefreezer", "autotile": 0.0 }, "1312_224": { "autotile": 0.0, "autotile_index": 0.0, "tileset": "bg_tilefreezer", "coord": [ 6.0, 33.0 ] }, "1440_256": { "coord": [ 1.0, 2.0 ], "autotile_index": 0.0, "tileset": "tile_secret", "autotile": 1.0 }, "960_416": { "coord": [ 1.0, 31.0 ], "autotile_index": 0.0, "tileset": "bg_tilefreezer", "autotile": 0.0 }, "448_160": { "autotile": 0.0, "autotile_index": 0.0, "tileset": "bg_tilefreezer", "coord": [ 4.0, 31.0 ] }, "1312_256": { "autotile": 0.0, "autotile_index": 0.0, "tileset": "bg_tilefreezer", "coord": [ 6.0, 33.0 ] }, "224_160": { "coord": [ 4.0, 1.0 ], "autotile_index": 0.0, "tileset": "tile_secret", "autotile": 1.0 }, "1312_320": { "autotile": 0.0, "autotile_index": 0.0, "tileset": "bg_tilefreezer", "coord": [ 6.0, 34.0 ] }, "160_160": { "coord": [ 4.0, 1.0 ], "autotile_index": 0.0, "tileset": "tile_secret", "autotile": 1.0 }, "352_160": { "coord": [ 1.0, 31.0 ], "autotile_index": 0.0, "tileset": "bg_tilefreezer", "autotile": 0.0 }, "224_448": { "autotile": 1.0, "autotile_index": 0.0, "tileset": "tile_secret", "coord": [ 2.0, 5.0 ] }, "192_416": { "autotile": 1.0, "autotile_index": 0.0, "tileset": "tile_secret", "coord": [ 4.0, 1.0 ] }, "160_416": { "autotile": 1.0, "autotile_index": 0.0, "tileset": "tile_secret", "coord": [ 4.0, 1.0 ] }, "1216_160": { "coord": [ 4.0, 31.0 ], "autotile_index": 0.0, "tileset": "bg_tilefreezer", "autotile": 0.0 }, "1088_160": { "coord": [ 3.0, 31.0 ], "autotile_index": 0.0, "tileset": "bg_tilefreezer", "autotile": 0.0 }, "736_160": { "coord": [ 4.0, 31.0 ], "autotile_index": 0.0, "tileset": "bg_tilefreezer", "autotile": 0.0 }, "800_160": { "coord": [ 1.0, 31.0 ], "autotile_index": 0.0, "tileset": "bg_tilefreezer", "autotile": 0.0 }, "992_416": { "coord": [ 3.0, 31.0 ], "autotile_index": 0.0, "tileset": "bg_tilefreezer", "autotile": 0.0 }, "192_192": { "coord": [ 2.0, 5.0 ], "autotile_index": 0.0, "tileset": "tile_secret", "autotile": 1.0 }, "128_416": { "autotile": 1.0, "autotile_index": 0.0, "tileset": "tile_secret", "coord": [ 4.0, 1.0 ] }, "672_160": { "coord": [ 1.0, 31.0 ], "autotile_index": 0.0, "tileset": "bg_tilefreezer", "autotile": 0.0 }, "1184_416": { "coord": [ 4.0, 31.0 ], "autotile_index": 0.0, "tileset": "bg_tilefreezer", "autotile": 0.0 }, "448_416": { "coord": [ 3.0, 31.0 ], "autotile_index": 0.0, "tileset": "bg_tilefreezer", "autotile": 0.0 }, "1056_160": { "coord": [ 4.0, 31.0 ], "autotile_index": 0.0, "tileset": "bg_tilefreezer", "autotile": 0.0 }, "960_160": { "coord": [ 1.0, 31.0 ], "autotile_index": 0.0, "tileset": "bg_tilefreezer", "autotile": 0.0 }, "1312_384": { "autotile": 0.0, "autotile_index": 0.0, "tileset": "bg_tilefreezer", "coord": [ 6.0, 32.0 ] }, "864_416": { "autotile": 0.0, "autotile_index": 0.0, "tileset": "bg_tilefreezer", "coord": [ 4.0, 31.0 ] }, "1440_128": { "autotile": 1.0, "autotile_index": 0.0, "tileset": "tile_secret", "coord": [ 1.0, 2.0 ] }, "1312_160": { "autotile": 0.0, "autotile_index": 0.0, "tileset": "bg_tilefreezer", "coord": [ 6.0, 31.0 ] }, "320_480": { "autotile": 0.0, "autotile_index": 0.0, "tileset": "bg_tilefreezer", "coord": [ 0.0, 35.0 ] }, "1312_416": { "coord": [ 6.0, 31.0 ], "autotile_index": 0.0, "tileset": "bg_tilefreezer", "autotile": 0.0 }, "1472_288": { "coord": [ 5.0, 4.0 ], "autotile_index": 0.0, "tileset": "tile_secret", "autotile": 1.0 }, "1120_416": { "coord": [ 1.0, 31.0 ], "autotile_index": 0.0, "tileset": "bg_tilefreezer", "autotile": 0.0 }, "704_416": { "autotile": 0.0, "autotile_index": 0.0, "tileset": "bg_tilefreezer", "coord": [ 3.0, 31.0 ] }, "480_416": { "autotile": 0.0, "autotile_index": 0.0, "tileset": "bg_tilefreezer", "coord": [ 1.0, 31.0 ] }, "320_416": { "coord": [ 0.0, 31.0 ], "autotile_index": 0.0, "tileset": "bg_tilefreezer", "autotile": 0.0 }, "672_416": { "autotile": 0.0, "autotile_index": 0.0, "tileset": "bg_tilefreezer", "coord": [ 1.0, 31.0 ] }, "896_160": { "coord": [ 2.0, 31.0 ], "autotile_index": 0.0, "tileset": "bg_tilefreezer", "autotile": 0.0 }, "1120_160": { "coord": [ 1.0, 31.0 ], "autotile_index": 0.0, "tileset": "bg_tilefreezer", "autotile": 0.0 }, "384_160": { "coord": [ 3.0, 31.0 ], "autotile_index": 0.0, "tileset": "bg_tilefreezer", "autotile": 0.0 }, "1248_416": { "coord": [ 1.0, 31.0 ], "autotile_index": 0.0, "tileset": "bg_tilefreezer", "autotile": 0.0 }, "1472_96": { "autotile": 1.0, "autotile_index": 0.0, "tileset": "tile_secret", "coord": [ 5.0, 1.0 ] }, "928_160": { "coord": [ 3.0, 31.0 ], "autotile_index": 0.0, "tileset": "bg_tilefreezer", "autotile": 0.0 }, "1440_352": { "coord": [ 1.0, 2.0 ], "autotile_index": 0.0, "tileset": "tile_secret", "autotile": 1.0 }, "1312_480": { "coord": [ 6.0, 35.0 ], "autotile_index": 0.0, "tileset": "bg_tilefreezer", "autotile": 0.0 }, "320_192": { "autotile": 0.0, "autotile_index": 0.0, "tileset": "bg_tilefreezer", "coord": [ 0.0, 32.0 ] }, "1248_160": { "coord": [ 1.0, 31.0 ], "autotile_index": 0.0, "tileset": "bg_tilefreezer", "autotile": 0.0 }, "1472_384": { "coord": [ 5.0, 5.0 ], "autotile_index": 0.0, "tileset": "tile_secret", "autotile": 1.0 }, "1312_352": { "coord": [ 6.0, 33.0 ], "autotile_index": 0.0, "tileset": "bg_tilefreezer", "autotile": 0.0 }, "320_320": { "coord": [ 0.0, 32.0 ], "autotile_index": 0.0, "tileset": "bg_tilefreezer", "autotile": 0.0 }, "160_192": { "coord": [ 2.0, 5.0 ], "autotile_index": 0.0, "tileset": "tile_secret", "autotile": 1.0 }, "160_448": { "autotile": 1.0, "autotile_index": 0.0, "tileset": "tile_secret", "coord": [ 2.0, 5.0 ] }, "320_160": { "autotile": 0.0, "autotile_index": 0.0, "tileset": "bg_tilefreezer", "coord": [ 0.0, 31.0 ] }, "64_64": { "coord": [ 0.0, 0.0 ], "autotile_index": 0.0, "tileset": "bg_tilefreezer", "autotile": 0.0 }, "1440_96": { "autotile": 1.0, "autotile_index": 0.0, "tileset": "tile_secret", "coord": [ 1.0, 1.0 ] }, "640_416": { "autotile": 0.0, "autotile_index": 0.0, "tileset": "bg_tilefreezer", "coord": [ 5.0, 31.0 ] }, "480_160": { "autotile": 0.0, "autotile_index": 0.0, "tileset": "bg_tilefreezer", "coord": [ 3.0, 31.0 ] }, "1440_160": { "coord": [ 1.0, 2.0 ], "autotile_index": 0.0, "tileset": "tile_secret", "autotile": 1.0 }, "1440_224": { "coord": [ 1.0, 2.0 ], "autotile_index": 0.0, "tileset": "tile_secret", "autotile": 1.0 }, "608_416": { "autotile": 0.0, "autotile_index": 0.0, "tileset": "bg_tilefreezer", "coord": [ 3.0, 31.0 ] }, "1216_416": { "coord": [ 5.0, 31.0 ], "autotile_index": 0.0, "tileset": "bg_tilefreezer", "autotile": 0.0 }, "320_224": { "autotile": 0.0, "autotile_index": 0.0, "tileset": "bg_tilefreezer", "coord": [ 0.0, 33.0 ] }, "1312_288": { "autotile": 0.0, "autotile_index": 0.0, "tileset": "bg_tilefreezer", "coord": [ 6.0, 34.0 ] }, "1440_192": { "coord": [ 1.0, 2.0 ], "autotile_index": 0.0, "tileset": "tile_secret", "autotile": 1.0 }, "1440_384": { "coord": [ 1.0, 5.0 ], "autotile_index": 0.0, "tileset": "tile_secret", "autotile": 1.0 }, "736_416": { "autotile": 0.0, "autotile_index": 0.0, "tileset": "bg_tilefreezer", "coord": [ 4.0, 31.0 ] }, "256_160": { "coord": [ 5.0, 1.0 ], "autotile_index": 0.0, "tileset": "tile_secret", "autotile": 1.0 }, "864_160": { "coord": [ 3.0, 31.0 ], "autotile_index": 0.0, "tileset": "bg_tilefreezer", "autotile": 0.0 }, "1280_416": { "coord": [ 3.0, 31.0 ], "autotile_index": 0.0, "tileset": "bg_tilefreezer", "autotile": 0.0 }, "256_416": { "autotile": 1.0, "autotile_index": 0.0, "tileset": "tile_secret", "coord": [ 5.0, 1.0 ] }, "256_192": { "coord": [ 5.0, 5.0 ], "autotile_index": 0.0, "tileset": "tile_secret", "autotile": 1.0 }, "320_448": { "autotile": 0.0, "autotile_index": 0.0, "tileset": "bg_tilefreezer", "coord": [ 0.0, 33.0 ] }, "1024_416": { "coord": [ 4.0, 31.0 ], "autotile_index": 0.0, "tileset": "bg_tilefreezer", "autotile": 0.0 }, "832_160": { "coord": [ 4.0, 31.0 ], "autotile_index": 0.0, "tileset": "bg_tilefreezer", "autotile": 0.0 }, "1472_352": { "coord": [ 5.0, 4.0 ], "autotile_index": 0.0, "tileset": "tile_secret", "autotile": 1.0 }, "800_416": { "autotile": 0.0, "autotile_index": 0.0, "tileset": "bg_tilefreezer", "coord": [ 1.0, 31.0 ] }, "416_416": { "coord": [ 2.0, 31.0 ], "autotile_index": 0.0, "tileset": "bg_tilefreezer", "autotile": 0.0 }, "992_160": { "coord": [ 4.0, 31.0 ], "autotile_index": 0.0, "tileset": "bg_tilefreezer", "autotile": 0.0 }, "576_416": { "autotile": 0.0, "autotile_index": 0.0, "tileset": "bg_tilefreezer", "coord": [ 1.0, 31.0 ] }, "512_416": { "autotile": 0.0, "autotile_index": 0.0, "tileset": "bg_tilefreezer", "coord": [ 4.0, 31.0 ] }, "32_64": { "coord": [ 0.0, 0.0 ], "autotile_index": 0.0, "tileset": "bg_tilefreezer", "autotile": 0.0 }, "320_352": { "coord": [ 0.0, 33.0 ], "autotile_index": 0.0, "tileset": "bg_tilefreezer", "autotile": 0.0 }, "1440_320": { "coord": [ 1.0, 2.0 ], "autotile_index": 0.0, "tileset": "tile_secret", "autotile": 1.0 }, "1472_256": { "coord": [ 5.0, 4.0 ], "autotile_index": 0.0, "tileset": "tile_secret", "autotile": 1.0 } } }, "backgrounds": { "5": { "x": 0.0, "scroll_x": 0.69999999999999995559107901499374, "tile_y": 1.0, "hspeed": 1.0, "scroll_y": 0.69999999999999995559107901499374, "y": 0.0, "sprite": "bg_secret", "tile_x": 1.0, "vspeed": 1.0, "image_speed": 0.0, "panic_sprite": -1.0 } }, "properties": { "songTransitionTime": 100.0, "roomX": 0.0, "levelWidth": 1536.0, "roomY": -128.0, "levelHeight": 540.0, "song": "event:\/music\/w1\/entrancesecret" } }